latitude,longitude,depth,mag,magType,nst,gap,dmin,rms,net,id,updated,location,place,country,continent,type,timeAdded,timestamp,locationInferred,state,initialPosition,time_utc,time_mmt,state_region,nearest_city
26.28,95.73,110.0,3.8,ml,,,,,,in_THRjbGo2T1FiLytjVXlyQnBSTW9mQT09,2021-01-31T14:00:00.000Z,"Sagaing Region, Myanmar (Burma)","121km E of Mokokchung, Nagaland, India",MM,Asia,earthquake,1612101201,1612100765,0,,,2021-01-31 13:46:05,2021-01-31 20:16:05,Saigang,Myitkyina
15.155,96.509,10.0,4.0,ml,,,,,,th_7188,2021-01-29T19:25:48.000Z,Myanmar (Burma),Near South Coast of Myanmar,MM,Asia,earthquake,1611949104,1611948348,0,,,2021-01-29 19:25:48,2021-01-30 01:55:48,,Mawlamyine
25.96,95.66,16.0,3.8,ml,,,,,,in_Yk0wK2tXYTJzVHE0WGcxVmNlQ3BXUT09,2021-01-27T19:10:00.000Z,Chukat,Myanmar,MM,Asia,earthquake,1611774068,1611773785,1,,,2021-01-27 18:56:25,2021-01-28 01:26:25,Saigang,Myitkyina
26.3,95.85,61.0,3.9,ml,,,,,,in_b240SEhpaFdFazU1REF5RGRremNHdz09,2021-01-26T19:23:00.000Z,"Sagaing Region, Myanmar (Burma)",Myanmar-india Border Region,MM,Asia,earthquake,1611686598,1611686320,1,,,2021-01-26 18:38:40,2021-01-27 01:08:40,Saigang,Myitkyina
20.207,98.976,4.0,1.9,ml,,,,,,th_7185,2021-01-26T00:26:16.000Z,"Shan, Myanmar (Burma)",Myanmar,MM,Asia,earthquake,1611621432,1611620776,0,,,2021-01-26 00:26:16,2021-01-26 06:56:16,Shan,Kengtung
24.3721,95.0514,119.12,4.3,mb,,105.0,0.699,1.28,us,in_ZVNrUDBwRDQxczNYejBEeDE1ckwvdz09,2021-01-25T04:01:42.746Z,Shwe Htee Kone,"102km ESE of Wāngjing, India",MM,Asia,earthquake,1611350352,1611350083,1,,,2021-01-22 21:14:43,2021-01-23 03:44:43,Saigang,Kalay
28.84,94.72,10.0,2.8,ml,,,,,,in_aEo4V0ZCZEdkd0t2ZVozUnNuVEFKUT09,2021-01-21T16:50:15.000Z,,Myanmar,MM,Asia,earthquake,1611248371,1611247815,0,,,2021-01-21 16:50:15,2021-01-21 23:20:15,,Putao
24.84,94.72,10.0,2.8,ml,,,,,,in_bjErR01KYW5BSURqMjk0SUJNb2JrZz09,2021-01-21T17:00:00.000Z,"Sagaing Region, Myanmar (Burma)","24km ESE of Ukhrul, Manipur, India",MM,Asia,earthquake,1611248115,1611247815,0,,,2021-01-21 16:50:15,2021-01-21 23:20:15,Saigang,Kalay
19.526,95.847,5.0,2.9,ml,,,,,,th_7182,2021-01-21T13:35:04.000Z,"Naypyidaw Union Territory, Myanmar (Burma)",Myanmar,MM,Asia,earthquake,1611237912,1611236104,0,,,2021-01-21 13:35:04,2021-01-21 20:05:04,Mandalay,Naypyidaw
22.02,94.5,10.0,3.5,ml,,,,,,in_RndFblpVNFd5QitSZ2J4YVAzeUlCUT09,2021-01-20T22:33:15.000Z,"Sagaing Region, Myanmar (Burma)",Myanmar,MM,Asia,earthquake,1611183653,1611181995,0,,,2021-01-20 22:33:15,2021-01-21 05:03:15,Saigang,Monywa
24.51,97.06,10.0,4.3,mb,,,,,,in_T0VOZ21nL0tNaWJEdWdSMFh1dDBhUT09,2021-01-18T12:19:00.000Z,"Kachin, Myanmar (Burma)",Myanmar-china Border Region,MM,Asia,earthquake,1610891657,1610890971,1,,,2021-01-17 13:42:51,2021-01-17 20:12:51,Kachin,Bhamo
26.0,96.53,10.0,3.9,ml,,,,,,in_eWNLYStkcHBhSUhXNm1TL3FUQ0plUT09,2021-01-17T06:59:51.000Z,"Kachin, Myanmar (Burma)",Myanmar,MM,Asia,earthquake,1610867449,1610866791,0,,,2021-01-17 06:59:51,2021-01-17 13:29:51,Kachin,Myitkyina
21.664,99.53,10.0,4.2,ml,,,,,,th_7175,2021-01-17T04:45:21.000Z,"Shan, Myanmar (Burma)",Myanmar,MM,Asia,earthquake,1610860369,1610858721,0,,,2021-01-17 04:45:21,2021-01-17 11:15:21,Shan,Kengtung
23.62,93.5,25.0,3.3,ml,,,,,,in_TzNwc1grZDZ2dlFwVG05Q2ZYL05Pdz09,2021-01-16T21:40:00.000Z,"Chin State, Myanmar (Burma)","24km NE of Champhai, Mizoram, India",MM,Asia,earthquake,1610832794,1610832495,0,,,2021-01-16 21:28:15,2021-01-17 03:58:15,Chin,Kalay
23.63,93.5,52.0,4.4,mb,,,,,,th_7174,2021-01-17T16:03:00.000Z,"Chin State, Myanmar (Burma)","49km NE of Khawhai, India",MM,Asia,earthquake,1610830747,1610830091,0,,,2021-01-16 20:48:11,2021-01-17 03:18:11,Chin,Kalay
19.851,98.121,2.0,1.9,ml,,,,,,th_7171,2021-01-15T12:25:07.000Z,"Shan, Myanmar (Burma)",Myanmar,MM,Asia,earthquake,1610715090,1610713507,0,,,2021-01-15 12:25:07,2021-01-15 18:55:07,Shan,Loikaw
22.7558,94.5513,29.2,3.7,ml,,,,,,in_UmZNSG9ZOW9KT3pNN05RVElRWFM2dz09,2021-01-13T01:07:24.000Z,"Sagaing Region, Myanmar (Burma)","147km ESE of Champhai, Mizoram, India",MM,Asia,earthquake,1610500328,1610500044,0,,,2021-01-13 01:07:24,2021-01-13 07:37:24,Saigang,Kalay
17.965,97.65,1.0,2.3,ml,,,,,,th_7167,2021-01-12T16:04:06.000Z,"Kayin State, Myanmar (Burma)",Myanmar,MM,Asia,earthquake,1610468091,1610467446,0,,,2021-01-12 16:04:06,2021-01-12 22:34:06,Kayin,Hpa-An
20.621,98.118,1.0,2.9,ml,,,,,,th_7165,2021-01-11T09:25:01.000Z,"Shan, Myanmar (Burma)",Myanmar,MM,Asia,earthquake,1610357950,1610357101,0,,,2021-01-11 09:25:01,2021-01-11 15:55:01,Shan,Taunggyi
21.489,101.014,10.0,2.8,ml,,,,,,th_7164,2021-01-10T21:07:11.000Z,"Shan, Myanmar (Burma)",Myanmar,MM,Asia,earthquake,1610319394,1610312831,0,,,2021-01-10 21:07:11,2021-01-11 03:37:11,Shan,Kengtung
20.392,97.796,10.0,2.7,ml,,,,,,th_7163,2021-01-10T14:43:15.000Z,"Shan, Myanmar (Burma)",Myanmar,MM,Asia,earthquake,1610290639,1610289795,0,,,2021-01-10 14:43:15,2021-01-10 21:13:15,Shan,Taunggyi
20.14,98.354,10.0,2.2,ml,,,,,,th_7162,2021-01-10T14:38:06.000Z,"Shan, Myanmar (Burma)",Myanmar,MM,Asia,earthquake,1610290033,1610289486,0,,,2021-01-10 14:38:06,2021-01-10 21:08:06,Shan,Loikaw
22.524,98.76,10.0,3.5,ml,,,,,,th_7160,2021-01-10T00:33:13.000Z,Man Pat,Myanmar,MM,Asia,earthquake,1610239980,1610238793,0,,,2021-01-10 00:33:13,2021-01-10 07:03:13,Shan,Lashio
22.93,94.22,50.0,3.5,ml,,,,,,in_KzVlWWxUSVk4VVBtdHcyR2JaQjU1QT09,2021-01-09T17:50:00.000Z,"Sagaing Region, Myanmar (Burma)",Myanmar,MM,Asia,earthquake,1610214503,1610213568,0,,,2021-01-09 17:32:48,2021-01-10 00:02:48,Saigang,Kalay
22.9404,94.2235,45.9,2.9,ml,,,,,,in_dXlITldXTTNZNmNCUHpnb1pWOUdPUT09,2021-01-09T17:32:48.000Z,"Sagaing Region, Myanmar (Burma)","108km ESE of Champhai, Mizoram, India",MM,Asia,earthquake,1610213958,1610213568,0,,,2021-01-09 17:32:48,2021-01-10 00:02:48,Saigang,Kalay
23.06,94.26,32.0,3.7,ml,,,,,,in_S1E4eUxMUDJZVjQrMENwVTg3RWYzQT09,2021-01-06T15:20:00.000Z,"Sagaing Region, Myanmar (Burma)",Myanmar,MM,Asia,earthquake,1609946276,1609945722,1,,,2021-01-06 15:08:42,2021-01-06 21:38:42,Saigang,Kalay
17.921,96.225,10.0,3.6,ml,,,,,,th_7155,2021-01-05T09:24:25.000Z,"Bago Region, Myanmar (Burma)",Myanmar,MM,Asia,earthquake,1609839380,1609838665,0,,,2021-01-05 09:24:25,2021-01-05 15:54:25,Bago,Bago
19.979,97.91,1.0,2.6,ml,,,,,,th_7154,2021-01-03T06:15:51.000Z,"Shan, Myanmar (Burma)",Myanmar,MM,Asia,earthquake,1609655180,1609654551,0,,,2021-01-03 06:15:51,2021-01-03 12:45:51,Shan,Loikaw
23.03,94.04,10.0,3.2,ml,,,,,,in_ZWtqdk1DWC9yNld3OVNHdEtFd05Cdz09,2021-01-01T22:15:00.000Z,"Sagaing Region, Myanmar (Burma)",Myanmar,MM,Asia,earthquake,1609539277,1609538508,0,,,2021-01-01 22:01:48,2021-01-02 04:31:48,Saigang,Kalay
22.11,96.801,10.0,3.0,ml,,,,,,th_7149,2021-01-01T16:38:07.000Z,"Shan, Myanmar (Burma)",Myanmar,MM,Asia,earthquake,1609541378,1609519087,0,,,2021-01-01 16:38:07,2021-01-01 23:08:07,Shan,Pyin Oo Lwin
23.03,94.12,10.0,3.0,ml,,,,,,ems_202102_952786_a2394,2021-02-26T10:05:00.000Z,"Sagaing Region, Myanmar (Burma)",Myanmar,MM,Asia,earthquake,1614333960,1614331999,0,,,2021-02-26 09:33:19,2021-02-26 16:03:19,Saigang,Kalay
22.74,95.93,10.0,4.51,ml,,,,,,th_7251,2021-02-25T15:37:00.000Z,"Mandalay Region, Myanmar (Burma)",Myanmar,MM,Asia,earthquake,1614246748,1614245175,1,,,2021-02-25 09:26:15,2021-02-25 15:56:15,Saigang,Shwebo
22.688,95.897,10.0,4.1,ml,,,,,,th_7250,2021-02-25T09:00:08.000Z,Myanmar (Burma),Myanmar,MM,Asia,earthquake,1614245017,1614243608,0,,,2021-02-25 09:00:08,2021-02-25 15:30:08,Saigang,Shwebo
22.78,96.0,10.0,4.5,mb,,,,,,th_7249,2021-02-25T09:35:00.000Z,"Sagaing Region, Myanmar (Burma)",Myanmar,MM,Asia,earthquake,1614240009,1614239419,1,,,2021-02-25 07:50:19,2021-02-25 14:20:19,Mandalay,Shwebo
22.823,96.003,10.0,4.1,ml,,,,,,th_7248,2021-02-25T04:19:57.000Z,"Mandalay Region, Myanmar (Burma)",Myanmar,MM,Asia,earthquake,1614227817,1614226797,0,,,2021-02-25 04:19:57,2021-02-25 10:49:57,Mandalay,Shwebo
22.812,95.939,10.0,4.4,ml,,,,,,th_7246,2021-02-25T03:46:02.000Z,Thin-paung,Myanmar,MM,Asia,earthquake,1614225422,1614224762,0,,,2021-02-25 03:46:02,2021-02-25 10:16:02,Saigang,Shwebo
22.8436,95.9447,10.0,4.9,mb,,30.0,2.044,0.72,us,gfz2021dwrt,2021-02-28T23:28:23.414Z,Thin-paung,"39km NE of Shwebo, Myanmar",MM,Asia,earthquake,1614221021,1614220466,0,,,2021-02-25 02:34:26,2021-02-25 09:04:26,Saigang,Shwebo
26.02,95.45,83.0,4.2,ml,,,,,,ems_202102_952291_a2695,2021-02-24T15:35:00.000Z,Tsoniu,Myanmar-india Border Region,MM,Asia,earthquake,1614180972,1614179959,0,,,2021-02-24 15:19:19,2021-02-24 21:49:19,Saigang,Myitkyina
20.652,100.053,2.0,1.6,ml,,,,,,th_7244,2021-02-24T14:02:12.000Z,"Shan, Myanmar (Burma)",Myanmar,MM,Asia,earthquake,1614176052,1614175332,0,,,2021-02-24 14:02:12,2021-02-24 20:32:12,Shan,Kengtung
21.045,98.873,10.0,3.1,ml,,,,,,th_7242,2021-02-24T00:45:32.000Z,"Shan, Myanmar (Burma)",Myanmar,MM,Asia,earthquake,1614128737,1614127532,0,,,2021-02-24 00:45:32,2021-02-24 07:15:32,Shan,Kengtung
22.343,98.074,10.0,3.2,ml,,,,,,th_7241,2021-02-21T17:05:19.000Z,"Shan, Myanmar (Burma)",Myanmar,MM,Asia,earthquake,1613927842,1613927119,0,,,2021-02-21 17:05:19,2021-02-21 23:35:19,Shan,Lashio
22.594,97.856,10.0,3.2,ml,,,,,,th_7240,2021-02-21T13:44:28.000Z,"Shan, Myanmar (Burma)",Myanmar,MM,Asia,earthquake,1613917870,1613915068,0,,,2021-02-21 13:44:28,2021-02-21 20:14:28,Shan,Lashio
24.87,94.89,5.0,2.8,ml,,,,,,in_UDMrU05VTXVYOWZXQVFjQnVxUTJkUT09,2021-02-20T20:40:00.000Z,"Sagaing Region, Myanmar (Burma)",Myanmar,MM,Asia,earthquake,1613853431,1613851148,0,,,2021-02-20 19:59:08,2021-02-21 02:29:08,Saigang,Kalay
23.37,94.67,85.0,4.2,mb,,,,,,ems_202102_950875_a2394,2021-02-20T11:05:00.000Z,"Sagaing Region, Myanmar (Burma)",Myanmar,MM,Asia,earthquake,1613780166,1613779283,1,,,2021-02-20 00:01:23,2021-02-20 06:31:23,Saigang,Kalay
23.59,94.56,50.0,3.6,ml,,,,,,in_OExJUFhJTGVDd2l2L0JqTW9lakF4UT09,2021-02-18T22:50:00.000Z,"Sagaing Region, Myanmar (Burma)",Myanmar,MM,Asia,earthquake,1613688371,1613688084,1,,,2021-02-18 22:41:24,2021-02-19 05:11:24,Saigang,Kalay
22.0904,93.7672,5.0,3.7,ml,,,,,,in_TitsNXBiUW1YSS9sM3IxUFdLR0Qydz09,2021-02-18T22:18:30.000Z,"Chin State, Myanmar (Burma)","158km SSE of Champhai, Mizoram, India",MM,Asia,earthquake,1613686989,1613686710,0,,,2021-02-18 22:18:30,2021-02-19 04:48:30,Chin,Hakha
21.096,98.425,1.0,2.3,ml,,,,,,th_7235,2021-02-17T17:12:39.000Z,"Shan, Myanmar (Burma)",Myanmar,MM,Asia,earthquake,1613582783,1613581959,0,,,2021-02-17 17:12:39,2021-02-17 23:42:39,Shan,Kengtung
20.424,98.402,3.0,2.7,ml,,,,,,th_7232,2021-02-17T00:53:27.000Z,"Shan, Myanmar (Burma)",Myanmar,MM,Asia,earthquake,1613523763,1613523207,1,,,2021-02-17 00:53:27,2021-02-17 07:23:27,Shan,Taunggyi
21.243,98.214,2.0,2.9,ml,,,,,,th_7230,2021-02-16T19:53:12.000Z,ဝၢၼ်ႈၼွင်မူၼ်း,Myanmar,MM,Asia,earthquake,1613507403,1613505192,0,,,2021-02-16 19:53:12,2021-02-17 02:23:12,Shan,Taunggyi
14.952,97.389,1.0,2.4,ml,,,,,,th_7228,2021-02-16T10:04:04.000Z,Myanmar (Burma),Near South Coast of Myanmar,MM,Asia,earthquake,1613471566,1613469844,0,,,2021-02-16 10:04:04,2021-02-16 16:34:04,,Dawei
20.421,97.656,9.0,3.0,ml,,,,,,th_7227,2021-02-16T09:39:12.000Z,"Shan, Myanmar (Burma)",Myanmar,MM,Asia,earthquake,1613470085,1613468352,0,,,2021-02-16 09:39:12,2021-02-16 16:09:12,Shan,Taunggyi
12.52,98.12,8.0,3.5,ml,,,,,,th_7226,2021-02-16T09:35:00.000Z,Myanmar (Burma),Andaman Sea,MM,Asia,earthquake,1613467873,1613466099,0,,,2021-02-16 09:01:39,2021-02-16 15:31:39,,Dawei
17.556,96.664,4.0,3.5,ml,,,,,,th_7224,2021-02-15T03:38:35.000Z,"Bago Region, Myanmar (Burma)",Myanmar,MM,Asia,earthquake,1613361446,1613360315,0,,,2021-02-15 03:38:35,2021-02-15 10:08:35,Bago,Bago
18.27,96.392,10.0,3.2,ml,,,,,,th_7223,2021-02-15T00:57:48.000Z,"Bago Region, Myanmar (Burma)",Myanmar,MM,Asia,earthquake,1613351765,1613350668,0,,,2021-02-15 00:57:48,2021-02-15 07:27:48,Bago,Taungoo
22.02,93.79,10.0,3.5,ml,,,,,,th_7222,2021-02-14T23:55:26.000Z,"Magway Region, Myanmar (Burma)",Myanmar,MM,Asia,earthquake,1613348060,1613346926,1,,,2021-02-14 23:55:26,2021-02-15 06:25:26,Chin,Hakha
20.449,99.879,2.0,2.1,ml,,,,,,th_7221,2021-02-14T10:44:05.000Z,"Tachileik, Shan, Myanmar (Burma)",Myanmar,MM,Asia,earthquake,1613300860,1613299445,0,,,2021-02-14 10:44:05,2021-02-14 17:14:05,Shan,Kengtung
20.918,98.794,4.0,2.0,ml,,,,,,th_7220,2021-02-14T10:37:31.000Z,"Shan, Myanmar (Burma)",Myanmar,MM,Asia,earthquake,1613300222,1613299051,0,,,2021-02-14 10:37:31,2021-02-14 17:07:31,Shan,Kengtung
20.558,98.275,4.0,2.2,ml,,,,,,th_7218,2021-02-12T22:38:34.000Z,"Shan, Myanmar (Burma)",Myanmar,MM,Asia,earthquake,1613170112,1613169514,0,,,2021-02-12 22:38:34,2021-02-13 05:08:34,Shan,Taunggyi
20.973,97.777,2.0,2.6,ml,,,,,,th_7215,2021-02-11T16:06:02.000Z,"Shan, Myanmar (Burma)",Myanmar,MM,Asia,earthquake,1613060464,1613059562,0,,,2021-02-11 16:06:02,2021-02-11 22:36:02,Shan,Taunggyi
21.586,95.545,5.0,3.2,ml,,,,,,th_7214,2021-02-11T13:31:26.000Z,"Mandalay Region, Myanmar (Burma)",Myanmar,MM,Asia,earthquake,1613051527,1613050286,0,,,2021-02-11 13:31:26,2021-02-11 20:01:26,Mandalay,Myingyan
22.814,94.524,50.0,3.7,ml,,,,,,in_TDN6U1VzZW9Gd09YZ2ttcCsyNUJZZz09,2021-02-11T08:04:51.000Z,"Sagaing Region, Myanmar (Burma)",Myanmar,MM,Asia,earthquake,1613031454,1613030691,0,,,2021-02-11 08:04:51,2021-02-11 14:34:51,Saigang,Kalay
22.433,99.06,10.0,3.2,ml,,,,,,th_7213,2021-02-11T00:30:25.000Z,"Shan, Myanmar (Burma)",Myanmar,MM,Asia,earthquake,1613009307,1613003425,0,,,2021-02-11 00:30:25,2021-02-11 07:00:25,Shan,Kengtung
21.06,99.44,3.0,3.5,ml,,,,,,th_7212,2021-02-10T14:45:00.000Z,"Shan, Myanmar (Burma)",Myanmar,MM,Asia,earthquake,1612968031,1612967636,0,,,2021-02-10 14:33:56,2021-02-10 21:03:56,Shan,Kengtung
22.484,97.98,10.0,3.2,ml,,,,,,th_7209,2021-02-09T18:35:45.000Z,"Shan, Myanmar (Burma)",Myanmar,MM,Asia,earthquake,1612897072,1612895745,0,,,2021-02-09 18:35:45,2021-02-10 01:05:45,Shan,Lashio
20.971,97.566,5.0,2.4,ml,,,,,,th_7204,2021-02-06T23:06:02.000Z,"Shan, Myanmar (Burma)",Myanmar,MM,Asia,earthquake,1612656062,1612652762,0,,,2021-02-06 23:06:02,2021-02-07 05:36:02,Shan,Taunggyi
21.229,98.277,10.0,3.7,ml,,,,,,th_7203,2021-02-06T23:01:41.000Z,"Shan, Myanmar (Burma)",Myanmar,MM,Asia,earthquake,1612653388,1612652501,0,,,2021-02-06 23:01:41,2021-02-07 05:31:41,Shan,Taunggyi
19.886,98.617,1.0,1.8,ml,,,,,,th_7202,2021-02-06T20:34:43.000Z,"Shan, Myanmar (Burma)",Myanmar,MM,Asia,earthquake,1612644844,1612643683,0,,,2021-02-06 20:34:43,2021-02-07 03:04:43,Shan,Loikaw
20.23,97.987,2.0,2.4,ml,,,,,,th_7201,2021-02-06T18:30:25.000Z,"Shan, Myanmar (Burma)",Myanmar,MM,Asia,earthquake,1612636974,1612636225,0,,,2021-02-06 18:30:25,2021-02-07 01:00:25,Shan,Loikaw
15.884,95.758,4.0,3.4,ml,,,,,,th_7200,2021-02-06T17:36:06.000Z,Myanmar (Burma),Myanmar,MM,Asia,earthquake,1612635335,1612632966,0,,,2021-02-06 17:36:06,2021-02-07 00:06:06,,Yangon
20.307,99.36,3.0,1.7,ml,,,,,,th_7199,2021-02-05T22:43:27.000Z,"Shan, Myanmar (Burma)",Myanmar,MM,Asia,earthquake,1612567569,1612565007,0,,,2021-02-05 22:43:27,2021-02-06 05:13:27,Shan,Kengtung
20.984,97.727,10.0,4.1,ml,,,,,,th_7197,2021-02-05T11:50:34.000Z,"Shan, Myanmar (Burma)",Myanmar,MM,Asia,earthquake,1612557095,1612525834,0,,,2021-02-05 11:50:34,2021-02-05 18:20:34,Shan,Taunggyi
20.9734,97.8144,10.1,4.4,mwr,,42.0,0.757,0.57,us,th_7196,2021-02-06T14:58:17.165Z,"Shan, Myanmar (Burma)",Myanmar,MM,Asia,earthquake,1612526459,1612525667,1,,,2021-02-05 11:47:47,2021-02-05 18:17:47,Shan,Taunggyi
20.531,99.062,1.0,1.9,ml,,,,,,th_7195,2021-02-04T20:07:06.000Z,"Shan, Myanmar (Burma)",Myanmar,MM,Asia,earthquake,1612470479,1612469226,0,,,2021-02-04 20:07:06,2021-02-05 02:37:06,Shan,Kengtung
23.45,94.21,5.0,3.4,ml,,,,,,in_YmRZQ2RwL0plM0NlMzd5S09NMHRqdz09,2021-02-03T19:10:00.000Z,"Sagaing Region, Myanmar (Burma)",Myanmar,MM,Asia,earthquake,1612378941,1612378647,0,,,2021-02-03 18:57:27,2021-02-04 01:27:27,Saigang,Kalay
20.851,98.625,10.0,2.3,ml,,,,,,th_7317,2021-03-29T13:40:36.000Z,"Shan, Myanmar (Burma)",Myanmar,MM,Asia,earthquake,1617026232,1617025236,0,,"20.85,98.63",2021-03-29 13:40:36,2021-03-29 20:10:36,Shan,Kengtung
26.24,95.48,100.0,3.9,ml,,,,,,ems_202103_964434_a2695,2021-03-29T10:56:00.000Z,Laung Tan,Myanmar-india Border Region,MM,Asia,earthquake,1617015391,1617014716,0,,"26.24,95.48",2021-03-29 10:45:16,2021-03-29 17:15:16,Saigang,Myitkyina
15.934,96.517,10.0,3.2,ml,,,,,,th_7309,2021-03-27T21:44:19.000Z,Myanmar (Burma),Near South Coast of Myanmar,MM,Asia,earthquake,1616882869,1616881459,0,,"15.93,96.52",2021-03-27 21:44:19,2021-03-28 04:14:19,,Yangon
20.425,98.592,10.0,2.2,ml,,,,,,th_7306,2021-03-26T21:57:49.000Z,"Shan, Myanmar (Burma)",Myanmar,MM,Asia,earthquake,1616796504,1616795869,0,,"20.43,98.59",2021-03-26 21:57:49,2021-03-27 04:27:49,Shan,Kengtung
22.284,98.022,4.0,3.4,ml,,,,,,th_7305,2021-03-26T18:25:53.000Z,"Man Ngu-löm, ရှမ်းပြည်နယ်, Myanmar (Burma)",Myanmar,MM,Asia,earthquake,1616784234,1616783153,0,,"22.28,98.02",2021-03-26 18:25:53,2021-03-27 00:55:53,Shan,Lashio
20.091,98.409,5.0,2.3,ml,,,,,,th_7304,2021-03-25T00:53:30.000Z,"Shan, Myanmar (Burma)",Myanmar,MM,Asia,earthquake,1616634311,1616633610,0,,"20.09,98.41",2021-03-25 00:53:30,2021-03-25 07:23:30,Shan,Loikaw
17.756,94.348,84.0,3.8,ml,,,,,,th_7303,2021-03-25T00:28:59.000Z,Myanmar (Burma),Myanmar,MM,Asia,earthquake,1616632831,1616632139,0,,"17.76,94.35",2021-03-25 00:28:59,2021-03-25 06:58:59,,Pathein
17.629,95.207,10.0,3.5,ml,,,,,,th_7299,2021-03-23T19:41:42.000Z,"Ayeyarwady, Myanmar (Burma)",Myanmar,MM,Asia,earthquake,1616529183,1616528502,0,,"17.63,95.21",2021-03-23 19:41:42,2021-03-24 02:11:42,Ayeyarwady,Pathein
20.292,97.879,10.0,3.0,ml,,,,,,th_7297,2021-03-23T12:38:12.000Z,"Shan, Myanmar (Burma)",Myanmar,MM,Asia,earthquake,1616503591,1616503092,0,,"20.29,97.88",2021-03-23 12:38:12,2021-03-23 19:08:12,Shan,Loikaw
20.227,94.522,10.0,3.5,ml,,,,,,th_7296,2021-03-22T22:55:30.000Z,"Magway Region, Myanmar (Burma)",Myanmar,MM,Asia,earthquake,1616454498,1616453730,0,,"20.23,94.52",2021-03-22 22:55:30,2021-03-23 05:25:30,Magway,Magway
25.24,95.02,10.0,3.3,ml,,,,,,ems_202103_962328_a2595,2021-03-22T18:10:00.000Z,"Sagaing Region, Myanmar (Burma)",Myanmar,MM,Asia,earthquake,1616436665,1616435889,0,,"25.24,95.02",2021-03-22 17:58:09,2021-03-23 00:28:09,Saigang,Myitkyina
22.115,94.842,10.0,3.9,ml,,,,,,th_7293,2021-03-21T16:03:50.000Z,"Sagaing Region, Myanmar (Burma)",Myanmar,MM,Asia,earthquake,1616343871,1616342630,0,,"22.12,94.84",2021-03-21 16:03:50,2021-03-21 22:33:50,Saigang,Monywa
20.135,98.106,10.0,2.0,ml,,,,,,th_7291,2021-03-21T11:42:43.000Z,"Shan, Myanmar (Burma)",Myanmar,MM,Asia,earthquake,1616327775,1616326963,0,,"20.14,98.11",2021-03-21 11:42:43,2021-03-21 18:12:43,Shan,Loikaw
25.85,95.08,10.0,4.2,ml,,,,,,ems_202103_961827_a2595,2021-03-21T04:50:00.000Z,T B Zu Nu,Myanmar,MM,Asia,earthquake,1616302260,1616301392,0,,"25.85,95.08",2021-03-21 04:36:32,2021-03-21 11:06:32,Saigang,Myitkyina
20.768,99.304,5.0,2.7,ml,,,,,,th_7290,2021-03-20T15:59:06.000Z,"Shan, Myanmar (Burma)",Myanmar,MM,Asia,earthquake,1616257502,1616255946,0,,"20.77,99.30",2021-03-20 15:59:06,2021-03-20 22:29:06,Shan,Kengtung
15.194,97.818,10.0,2.6,ml,,,,,,th_7289,2021-03-20T02:03:50.000Z,ကအ်လှိုၚ်,Myanmar,MM,Asia,earthquake,1616206917,1616205830,0,,"15.19,97.82",2021-03-20 02:03:50,2021-03-20 08:33:50,,Dawei
15.96,96.82,10.0,3.7,ml,,,,,,th_7287,2021-03-17T13:36:00.000Z,Myanmar (Burma),Near South Coast of Myanmar,MM,Asia,earthquake,1615988035,1615987034,0,,"15.96,96.82",2021-03-17 13:17:14,2021-03-17 19:47:14,,Mawlamyine
19.223,96.001,10.0,4.0,ml,,,,,,th_7285,2021-03-16T18:24:25.000Z,"Bago Region, Myanmar (Burma)",Myanmar,MM,Asia,earthquake,1615920291,1615919065,0,,"19.22,96.00",2021-03-16 18:24:25,2021-03-17 00:54:25,Bago,Taungoo
17.28,95.667,10.0,3.7,ml,,,,,,th_7284,2021-03-16T16:12:10.000Z,"Ayeyarwady, Myanmar (Burma)",Myanmar,MM,Asia,earthquake,1615912230,1615911130,0,,"17.28,95.67",2021-03-16 16:12:10,2021-03-16 22:42:10,Ayeyarwady,Yangon
19.568,97.784,4.0,2.0,ml,,,,,,th_7282,2021-03-16T13:19:01.000Z,"Kayah State, Myanmar (Burma)",Myanmar,MM,Asia,earthquake,1615901875,1615900741,0,,"19.57,97.78",2021-03-16 13:19:01,2021-03-16 19:49:01,Kayah,Loikaw
19.443,97.538,13.0,2.8,ml,,,,,,th_7281,2021-03-16T10:55:52.000Z,"Kayah State, Myanmar (Burma)",Myanmar,MM,Asia,earthquake,1615892905,1615892152,0,,"19.44,97.54",2021-03-16 10:55:52,2021-03-16 17:25:52,Kayah,Loikaw
20.79,97.953,10.0,2.3,ml,,,,,,th_7280,2021-03-15T18:22:18.000Z,"Shan, Myanmar (Burma)",Myanmar,MM,Asia,earthquake,1615833885,1615832538,0,,"20.79,97.95",2021-03-15 18:22:18,2021-03-16 00:52:18,Shan,Taunggyi
19.46,96.119,10.0,3.3,ml,,,,,,th_7279,2021-03-15T15:35:39.000Z,Minye,Myanmar,MM,Asia,earthquake,1615823984,1615822539,0,,"19.46,96.12",2021-03-15 15:35:39,2021-03-15 22:05:39,Mandalay,Nay Pyi Taw
16.45,94.46,50.0,3.8,ml,,,,,,in_czRKdUpnOExmOFBsSGN0L1ZidjVZQT09,2021-03-14T00:18:40.000Z,"Ayeyarwady, Myanmar (Burma)",Myanmar,MM,Asia,earthquake,1617181179,1615681120,0,,"16.45,94.46",2021-03-14 00:18:40,2021-03-14 06:48:40,Ayeyarwady,Pathein
20.893,97.836,10.0,2.5,ml,,,,,,th_7278,2021-03-13T18:17:59.000Z,"Shan, Myanmar (Burma)",Myanmar,MM,Asia,earthquake,1615660304,1615659479,0,,"20.89,97.84",2021-03-13 18:17:59,2021-03-14 00:47:59,Shan,Taunggyi
18.338,95.094,17.0,3.3,ml,,,,,,th_7275,2021-03-12T21:36:57.000Z,"Ayeyarwady, Myanmar (Burma)",Myanmar,MM,Asia,earthquake,1615586030,1615585017,0,,"18.34,95.09",2021-03-12 21:36:57,2021-03-13 04:06:57,Ayeyarwady,Pyay
20.148,97.704,3.0,2.1,ml,,,,,,th_7272,2021-03-11T13:58:17.000Z,"Shan, Myanmar (Burma)",Myanmar,MM,Asia,earthquake,1615471810,1615471097,0,,"20.15,97.70",2021-03-11 13:58:17,2021-03-11 20:28:17,Shan,Loikaw
23.91,94.29,20.0,3.1,ml,,,,,,ems_202103_958185_a2394,2021-03-11T06:45:00.000Z,"Sagaing Region, Myanmar (Burma)",Myanmar,MM,Asia,earthquake,1615445189,1615444537,0,,"23.91,94.29",2021-03-11 06:35:37,2021-03-11 13:05:37,Saigang,Kalay
22.75,94.51,50.0,3.3,ml,,,,,,in_a2pWUVRPSGc1aTI0d2szSDhlajZpdz09,2021-03-11T02:34:17.000Z,"Sagaing Region, Myanmar (Burma)",Myanmar,MM,Asia,earthquake,1617181191,1615430057,0,,"22.75,94.51",2021-03-11 02:34:17,2021-03-11 09:04:17,Saigang,Kalay
26.25,95.23,80.0,3.2,ml,,,,,,ems_202103_957984_a2695,2021-03-10T16:40:00.000Z,"Sagaing Region, Myanmar (Burma)",Myanmar-india Border Region,MM,Asia,earthquake,1615394466,1615393722,0,,"26.25,95.23",2021-03-10 16:28:42,2021-03-10 22:58:42,Saigang,Myitkyina
26.38,95.98,110.0,3.6,ml,,,,,,ems_202103_957970_a2695,2021-03-10T15:15:00.000Z,"Sagaing Region, Myanmar (Burma)",Myanmar-india Border Region,MM,Asia,earthquake,1615389368,1615388613,0,,"26.38,95.98",2021-03-10 15:03:33,2021-03-10 21:33:33,Saigang,Putao
22.48,95.81,10.0,3.8,ml,,,,,,in_TjdudUZNK3c3L1phQktjRldDNU9pdz09,2021-03-10T07:31:38.000Z,"Sagaing Region, Myanmar (Burma)",Myanmar,MM,Asia,earthquake,1617181203,1615361498,0,,"22.48,95.81",2021-03-10 07:31:38,2021-03-10 14:01:38,Saigang,Shwebo
20.801,99.241,5.0,2.9,ml,,,,,,th_7270,2021-03-10T00:02:59.000Z,"Shan, Myanmar (Burma)",Myanmar,MM,Asia,earthquake,1615335446,1615334579,0,,"20.80,99.24",2021-03-10 00:02:59,2021-03-10 06:32:59,Shan,Kengtung
23.087,95.503,10.0,3.7,ml,,,,,,th_7268,2021-03-09T11:38:08.000Z,"Sagaing Region, Myanmar (Burma)",Myanmar,MM,Asia,earthquake,1615294741,1615289888,0,,"23.09,95.50",2021-03-09 11:38:08,2021-03-09 18:08:08,Saigang,Shwebo
25.39,94.95,80.0,4.6,mb,,,,,,ems_202103_957569_a2594,2021-03-09T13:02:00.000Z,"Sagaing Region, Myanmar (Burma)",Myanmar-india Border Region,MM,Asia,earthquake,1615289192,1615288500,1,,"25.36,94.74",2021-03-09 11:15:00,2021-03-09 17:45:00,Saigang,Myitkyina
25.29,94.97,97.0,4.0,ml,,,,,,ems_202103_957146_a2594,2021-03-08T10:45:00.000Z,"Sagaing Region, Myanmar (Burma)",Myanmar-india Border Region,MM,Asia,earthquake,1615200398,1615197900,0,,"25.29,94.97",2021-03-08 10:05:00,2021-03-08 16:35:00,Saigang,Myitkyina
20.873,99.156,2.0,2.6,ml,,,,,,th_7266,2021-03-07T11:12:17.000Z,"Shan, Myanmar (Burma)",Myanmar,MM,Asia,earthquake,1615116898,1615115537,0,,"20.87,99.16",2021-03-07 11:12:17,2021-03-07 17:42:17,Shan,Kengtung
20.42,98.134,10.0,3.4,ml,,,,,,th_7265,2021-03-06T00:18:48.000Z,"Shan, Myanmar (Burma)",Myanmar,MM,Asia,earthquake,1614990242,1614989928,0,,,2021-03-06 00:18:48,2021-03-06 06:48:48,Shan,Taunggyi
21.168,97.741,10.0,3.2,ml,,,,,,th_7258,2021-03-03T15:37:42.000Z,"Shan, Myanmar (Burma)",Myanmar,MM,Asia,earthquake,1614786556,1614785862,0,,,2021-03-03 15:37:42,2021-03-03 22:07:42,Shan,Taunggyi
25.17,95.31,10.0,2.6,ml,,,,,,ems_202103_954133_a2595,2021-03-02T18:00:00.000Z,"Sagaing Region, Myanmar (Burma)",Myanmar,MM,Asia,earthquake,1614708074,1614704293,0,,,2021-03-02 16:58:13,2021-03-02 23:28:13,Saigang,Myitkyina
20.445,98.058,1.0,2.2,ml,,,,,,th_7254,2021-03-02T01:41:24.000Z,"Shan, Myanmar (Burma)",Myanmar,MM,Asia,earthquake,1614652900,1614649284,0,,,2021-03-02 01:41:24,2021-03-02 08:11:24,Shan,Taunggyi
19.32,97.11,10.0,4.5,mb,,,,,,th_7400,2021-05-01T08:35:00.000Z,Htee Nee La Leh,"40km SSW of Loikaw, Myanmar",MM,Asia,earthquake,1619816415,1619815652,1,,"19.51,97.27",2021-04-30 20:47:32,2021-05-01 03:17:32,Kayah,Loikaw
24.38,94.65,34.0,3.6,ml,,,,,,ems_202104_977878_a2494,2021-04-30T13:50:00.000Z,"Sagaing Region, Myanmar (Burma)",Myanmar-india Border Region,MM,Asia,earthquake,1619790673,1619790006,0,,"24.38,94.65",2021-04-30 13:40:06,2021-04-30 20:10:06,Saigang,Kalay
17.978,96.487,10.0,2.7,ml,,,,,,th_7396,2021-04-27T12:39:27.000Z,"Bago Region, Myanmar (Burma)",Myanmar,MM,Asia,earthquake,1619527910,1619527167,0,,"17.98,96.49",2021-04-27 12:39:27,2021-04-27 19:09:27,Bago,Bago
18.211,96.536,3.0,2.7,ml,,,,,,th_7395,2021-04-27T12:12:48.000Z,"Bago Region, Myanmar (Burma)",Myanmar,MM,Asia,earthquake,1619526566,1619525568,0,,"18.21,96.54",2021-04-27 12:12:48,2021-04-27 18:42:48,Bago,Taungoo
17.947,96.682,4.0,3.6,ml,,,,,,th_7394,2021-04-27T12:07:20.000Z,"Bago Region, Myanmar (Burma)",Myanmar,MM,Asia,earthquake,1619526118,1619525240,0,,"17.95,96.68",2021-04-27 12:07:20,2021-04-27 18:37:20,Bago,Bago
18.195,96.467,10.0,2.5,ml,,,,,,th_7393,2021-04-26T18:36:55.000Z,"Bago Region, Myanmar (Burma)",Myanmar,MM,Asia,earthquake,1619462871,1619462215,0,,"18.20,96.47",2021-04-26 18:36:55,2021-04-27 01:06:55,Bago,Taungoo
21.051,98.892,10.0,2.4,ml,,,,,,th_7392,2021-04-26T17:12:03.000Z,"Shan, Myanmar (Burma)",Myanmar,MM,Asia,earthquake,1619457649,1619457123,0,,"21.05,98.89",2021-04-26 17:12:03,2021-04-26 23:42:03,Shan,Kengtung
18.189,97.605,6.0,2.8,ml,,,,,,th_7391,2021-04-26T15:23:15.000Z,"Kayin State, Myanmar (Burma)",Myanmar,MM,Asia,earthquake,1619451213,1619450595,0,,"18.19,97.61",2021-04-26 15:23:15,2021-04-26 21:53:15,Kayin,Hpa-An
21.076,99.047,3.0,2.5,ml,,,,,,th_7389,2021-04-25T11:13:53.000Z,"Shan, Myanmar (Burma)",Myanmar,MM,Asia,earthquake,1619349964,1619349233,0,,"21.08,99.05",2021-04-25 11:13:53,2021-04-25 17:43:53,Shan,Kengtung
18.39,96.23,14.0,3.1,ml,,,,,,th_7384,2021-04-23T20:41:09.000Z,"Bago Region, Myanmar (Burma)",Myanmar,MM,Asia,earthquake,1619211254,1619210469,0,,"18.39,96.23",2021-04-23 20:41:09,2021-04-24 03:11:09,Bago,Taungoo
20.828,99.045,2.0,1.7,ml,,,,,,th_7383,2021-04-23T18:46:15.000Z,"Shan, Myanmar (Burma)",Myanmar,MM,Asia,earthquake,1619204119,1619203575,0,,"20.83,99.05",2021-04-23 18:46:15,2021-04-24 01:16:15,Shan,Kengtung
20.045,94.537,60.0,3.4,ml,,,,,,th_7381,2021-04-23T09:45:54.000Z,"Magway Region, Myanmar (Burma)",Myanmar,MM,Asia,earthquake,1619174958,1619171154,0,,"20.05,94.54",2021-04-23 09:45:54,2021-04-23 16:15:54,Magway,Magway
21.07,98.349,10.0,2.8,ml,,,,,,th_7380,2021-04-22T23:15:56.000Z,"Shan, Myanmar (Burma)",Myanmar,MM,Asia,earthquake,1619133988,1619133356,0,,"21.07,98.35",2021-04-22 23:15:56,2021-04-23 05:45:56,Shan,Kengtung
20.745,98.567,7.0,1.8,ml,,,,,,th_7379,2021-04-22T20:57:37.000Z,"Shan, Myanmar (Burma)",Myanmar,MM,Asia,earthquake,1619125901,1619125057,0,,"20.75,98.57",2021-04-22 20:57:37,2021-04-23 03:27:37,Shan,Kengtung
20.543,99.973,2.0,1.7,ml,,,,,,th_7382,2021-04-22T16:45:35.000Z,"Shan, Myanmar (Burma)",Myanmar,MM,Asia,earthquake,1619199571,1619109935,0,,"20.54,99.97",2021-04-22 16:45:35,2021-04-22 23:15:35,Shan,Kengtung
19.746,96.12,10.0,2.7,ml,,,,,,th_7378,2021-04-22T13:02:30.000Z,Kyet Pyay,Myanmar,MM,Asia,earthquake,1619097895,1619096550,0,,"19.75,96.12",2021-04-22 13:02:30,2021-04-22 19:32:30,Mandalay,Nay Pyi Taw
18.077,96.112,4.0,2.8,ml,,,,,,th_7372,2021-04-21T18:15:51.000Z,"Bago Region, Myanmar (Burma)",Myanmar,MM,Asia,earthquake,1619029986,1619028951,0,,"18.08,96.11",2021-04-21 18:15:51,2021-04-22 00:45:51,Bago,Bago
18.332,95.531,10.0,3.7,ml,,,,,,th_7367,2021-04-19T13:23:45.000Z,"Bago Region, Myanmar (Burma)",Myanmar,MM,Asia,earthquake,1618839196,1618838625,0,,"18.33,95.53",2021-04-19 13:23:45,2021-04-19 19:53:45,Bago,Pyay
25.74,95.28,89.0,4.3,ml,,,,,,ems_202104_971970_w2595,2021-04-18T20:36:00.000Z,"Sagaing Region, Myanmar (Burma)",Myanmar,MM,Asia,earthquake,1618778209,1618777431,0,,"25.74,95.28",2021-04-18 20:23:51,2021-04-19 02:53:51,Saigang,Myitkyina
22.440409,94.214737,47.6,5.1,mww,,,,,,gfz2021honj,2021-04-22T00:10:57.000Z,"Magway Region, Myanmar (Burma)",Myanmar,MM,Asia,earthquake,1618752835,1618752275,0,,"22.39,94.07",2021-04-18 13:24:35,2021-04-18 19:54:35,Magway,Hakha
20.975,98.583,10.0,2.8,ml,,,,,,th_7363,2021-04-17T21:33:49.000Z,"Shan, Myanmar (Burma)",Myanmar,MM,Asia,earthquake,1618695626,1618695229,0,,"20.98,98.58",2021-04-17 21:33:49,2021-04-18 04:03:49,Shan,Kengtung
17.67,97.686,2.0,2.0,ml,,,,,,th_7361,2021-04-17T12:07:58.000Z,"Kayin State, Myanmar (Burma)",Myanmar,MM,Asia,earthquake,1618665039,1618661278,0,,"17.67,97.69",2021-04-17 12:07:58,2021-04-17 18:37:58,Kayin,Hpa-An
20.429,99.796,3.0,1.4,ml,,,,,,th_7356,2021-04-15T01:42:40.000Z,"Shan, Myanmar (Burma)",Myanmar,MM,Asia,earthquake,1618451360,1618450960,0,,"20.43,99.80",2021-04-15 01:42:40,2021-04-15 08:12:40,Shan,Kengtung
23.32,94.1,30.0,3.1,ml,,,,,,ems_202104_969934_a2394,2021-04-14T18:55:00.000Z,"Sagaing Region, Myanmar (Burma)",Myanmar,MM,Asia,earthquake,1618426615,1618425564,0,,"23.32,94.10",2021-04-14 18:39:24,2021-04-15 01:09:24,Saigang,Kalay
18.71,96.299,10.0,2.6,ml,,,,,,th_7354,2021-04-13T17:58:39.000Z,"Bago Region, Myanmar (Burma)",Myanmar,MM,Asia,earthquake,1618337241,1618336719,0,,"18.71,96.30",2021-04-13 17:58:39,2021-04-14 00:28:39,Bago,Taungoo
21.811,98.234,10.0,3.0,ml,,,,,,th_7353,2021-04-13T14:30:25.000Z,ဝၢၼ်ႈသေႃႉ,Myanmar,MM,Asia,earthquake,1618324835,1618324225,0,,"21.81,98.23",2021-04-13 14:30:25,2021-04-13 21:00:25,Shan,Hsipaw
21.943,96.451,10.0,3.3,ml,,,,,,th_7352,2021-04-13T12:52:46.000Z,"Mandalay Region, Myanmar (Burma)",Myanmar,MM,Asia,earthquake,1618319078,1618318366,0,,"21.94,96.45",2021-04-13 12:52:46,2021-04-13 19:22:46,Mandalay,Pyin Oo Lwin
20.177,98.99,10.0,1.2,ml,,,,,,th_7349,2021-04-12T21:16:56.000Z,"Shan, Myanmar (Burma)",Myanmar,MM,Asia,earthquake,1618263632,1618262216,0,,"20.18,98.99",2021-04-12 21:16:56,2021-04-13 03:46:56,Shan,Kengtung
19.174,97.178,10.0,2.0,ml,,,,,,th_7348,2021-04-12T17:49:30.000Z,Ka Law Du,Myanmar,MM,Asia,earthquake,1618250467,1618249770,0,,"19.17,97.18",2021-04-12 17:49:30,2021-04-13 00:19:30,Kayah,Loikaw
21.228,99.337,6.0,2.0,ml,,,,,,th_7347,2021-04-11T16:43:16.000Z,"Shan, Myanmar (Burma)",Myanmar,MM,Asia,earthquake,1618160073,1618159396,0,,"21.23,99.34",2021-04-11 16:43:16,2021-04-11 23:13:16,Shan,Kengtung
21.387,99.16,10.0,1.7,ml,,,,,,th_7345,2021-04-11T15:27:03.000Z,"Shan, Myanmar (Burma)",Myanmar,MM,Asia,earthquake,1618155454,1618154823,1,,"20.81,99.18",2021-04-11 15:27:03,2021-04-11 21:57:03,Shan,Kengtung
20.396,99.077,3.0,2.3,ml,,,,,,th_7338,2021-04-08T15:09:56.000Z,"Shan, Myanmar (Burma)",Myanmar,MM,Asia,earthquake,1617895021,1617894596,0,,"20.40,99.08",2021-04-08 15:09:56,2021-04-08 21:39:56,Shan,Kengtung
20.447,99.006,3.0,1.9,ml,,,,,,th_7336,2021-04-08T13:43:39.000Z,"Shan, Myanmar (Burma)",Myanmar,MM,Asia,earthquake,1617889770,1617889419,0,,"20.45,99.01",2021-04-08 13:43:39,2021-04-08 20:13:39,Shan,Kengtung
21.42,97.453,10.0,2.7,ml,,,,,,th_7335,2021-04-06T12:07:42.000Z,"Shan, Myanmar (Burma)",Myanmar,MM,Asia,earthquake,1617723980,1617710862,0,,"21.42,97.45",2021-04-06 12:07:42,2021-04-06 18:37:42,Shan,Taunggyi
20.435,96.361,10.0,2.8,ml,,,,,,th_7334,2021-04-06T10:29:36.000Z,"Mandalay Region, Myanmar (Burma)",Myanmar,MM,Asia,earthquake,1617706467,1617704976,0,,"20.44,96.36",2021-04-06 10:29:36,2021-04-06 16:59:36,Mandalay,Inle Lake
22.095,94.385,112.0,4.0,ml,,,,,,th_7333,2021-04-06T02:04:03.000Z,"Magway Region, Myanmar (Burma)",Myanmar,MM,Asia,earthquake,1617678785,1617674643,0,,"22.10,94.39",2021-04-06 02:04:03,2021-04-06 08:34:03,Magway,Monywa
21.807,99.242,4.0,3.0,ml,,,,,,th_7332,2021-04-05T20:17:47.000Z,"Shan, Myanmar (Burma)",Myanmar,MM,Asia,earthquake,1617654774,1617653867,0,,"21.81,99.24",2021-04-05 20:17:47,2021-04-06 02:47:47,Shan,Kengtung
22.288,98.01,10.0,3.5,ml,,,,,,th_7331,2021-04-04T23:09:38.000Z,"Shan, Myanmar (Burma)",Myanmar,MM,Asia,earthquake,1617579506,1617577778,0,,"22.29,98.01",2021-04-04 23:09:38,2021-04-05 05:39:38,Shan,Lashio
20.585,97.938,10.0,2.6,ml,,,,,,th_7328,2021-04-03T23:17:09.000Z,"Shan, Myanmar (Burma)",Myanmar,MM,Asia,earthquake,1617492449,1617491829,0,,"20.59,97.94",2021-04-03 23:17:09,2021-04-04 05:47:09,Shan,Taunggyi
20.635,98.076,10.0,2.2,ml,,,,,,th_7327,2021-04-03T17:29:34.000Z,"Shan, Myanmar (Burma)",Myanmar,MM,Asia,earthquake,1617471665,1617470974,0,,"20.64,98.08",2021-04-03 17:29:34,2021-04-03 23:59:34,Shan,Taunggyi
19.709,96.202,10.0,2.8,ml,,,,,,th_7325,2021-04-01T16:00:39.000Z,"Naypyidaw Union Territory, Myanmar (Burma)",Myanmar,MM,Asia,earthquake,1617293518,1617292839,0,,"19.71,96.20",2021-04-01 16:00:39,2021-04-01 22:30:39,Mandalay,Nay Pyi Taw
20.392,98.227,3.0,2.9,ml,,,,,,th_7324,2021-04-01T12:03:47.000Z,"Shan, Myanmar (Burma)",Myanmar,MM,Asia,earthquake,1617279038,1617278627,0,,"20.39,98.23",2021-04-01 12:03:47,2021-04-01 18:33:47,Shan,Taunggyi
20.941,98.785,10.0,2.5,ml,,,,,,th_7323,2021-04-01T12:01:31.000Z,"Shan, Myanmar (Burma)",Myanmar,MM,Asia,earthquake,1617278985,1617278491,0,,"20.94,98.79",2021-04-01 12:01:31,2021-04-01 18:31:31,Shan,Kengtung
23.12,94.64,102.0,4.2,ml,,,,,,th_7474,2021-05-31T20:14:00.000Z,"Sagaing Region, Myanmar (Burma)",Myanmar,MM,Asia,earthquake,1622491744,1622490574,1,,"23.12,94.83",2021-05-31 19:49:34,2021-06-01 02:19:34,Saigang,Kalay
24.65,94.77,24.0,3.4,ml,,,,,,ems_202105_990821_a2494,2021-05-30T20:40:00.000Z,"Sagaing Region, Myanmar (Burma)",Myanmar-india Border Region,MM,Asia,earthquake,1622407278,1622406636,0,,"24.65,94.77",2021-05-30 20:30:36,2021-05-31 03:00:36,Saigang,Kalay
24.51,94.69,16.0,4.1,ml,,,,,,th_7470,2021-05-29T13:50:00.000Z,"Sagaing Region, Myanmar (Burma)",Myanmar-india Border Region,MM,Asia,earthquake,1622296158,1622295496,1,,"24.79,94.81",2021-05-29 13:38:16,2021-05-29 20:08:16,Saigang,Kalay
22.54,94.74,116.0,4.4,mb,,,,,,ems_202105_989985_a2294,2021-05-29T06:31:00.000Z,"Sagaing Region, Myanmar (Burma)",Myanmar,MM,Asia,earthquake,1622221786,1622220681,1,,"22.51,94.63",2021-05-28 16:51:21,2021-05-28 23:21:21,Saigang,Monywa
16.45,95.817,13.6,3.6,ml,,,,,,th_7465,2021-05-27T05:11:24.000Z,"Ayeyarwady, Myanmar (Burma)",Myanmar,MM,Asia,earthquake,1622093592,1622092284,0,,"16.45,95.82",2021-05-27 05:11:24,2021-05-27 11:41:24,Ayeyarwady,Yangon
23.5937,94.5911,99.45,4.2,mb,,102.0,0.686,0.74,us,ems_202105_988903_a2394,2021-05-25T21:38:39.040Z,"Mawlaik, Myanmar","19km ESE of Mawlaik, Myanmar",MM,Asia,earthquake,1621971391,1621970587,1,,"23.55,94.58",2021-05-25 19:23:07,2021-05-26 01:53:07,Saigang,Kalay
20.699,99.985,1.0,1.9,ml,,,,,,th_7460,2021-05-25T11:43:05.000Z,"Shan, Myanmar (Burma)",Myanmar,MM,Asia,earthquake,1621945175,1621942985,0,,"20.70,99.99",2021-05-25 11:43:05,2021-05-25 18:13:05,Shan,Kengtung
24.65,95.09,105.0,4.3,mb,,,,,,us7000e5ej,2021-05-23T16:37:00.000Z,"Sagaing Region, Myanmar (Burma)",Myanmar,MM,Asia,earthquake,1621734317,1621733200,0,,"24.80,95.17",2021-05-23 01:26:40,2021-05-23 07:56:40,Saigang,Kalay
21.113,98.485,12.0,3.0,ml,,,,,,th_7453,2021-05-22T03:22:51.000Z,"Shan, Myanmar (Burma)",Myanmar,MM,Asia,earthquake,1621654563,1621653771,0,,"21.11,98.49",2021-05-22 03:22:51,2021-05-22 09:52:51,Shan,Kengtung
20.05,95.7,10.0,4.3,mb,,,,,,th_7451,2021-05-22T08:22:00.000Z,"Magway Region, Myanmar (Burma)",Myanmar,MM,Asia,earthquake,1621645477,1621643911,1,,"20.13,95.75",2021-05-22 00:38:31,2021-05-22 07:08:31,Magway,Naypyidaw
20.414,98.566,4.0,2.3,ml,,,,,,th_7454,2021-05-22T00:37:46.000Z,"Shan, Myanmar (Burma)",Myanmar,MM,Asia,earthquake,1621657974,1621643866,1,,"20.44,98.43",2021-05-22 00:37:46,2021-05-22 07:07:46,Shan,Kengtung
22.747,95.532,10.0,4.1,ml,,,,,,th_7438,2021-05-18T05:55:19.000Z,"Sagaing Region, Myanmar (Burma)",Myanmar,MM,Asia,earthquake,1621318339,1621317319,0,,"22.75,95.53",2021-05-18 05:55:19,2021-05-18 12:25:19,Saigang,Shwebo
14.5393,93.7329,25.9,4.1,mb,,130.0,3.023,1.03,us,th_7435,2021-05-24T03:21:25.040Z,"Mawlamyinegyunn, Myanmar","261km SW of Mawlamyinegyunn, Myanmar",MM,Asia,earthquake,1621293055,1621292074,0,,"14.52,94.01",2021-05-17 22:54:34,2021-05-18 05:24:34,,Pathein
26.4997,95.5071,71.08,4.1,mb,,137.0,2.51,0.84,us,us7000e38n,2021-05-16T03:45:47.040Z,,"51km ESE of Mon, India",MM,Asia,earthquake,1621036511,1621035591,0,,"26.48,95.55",2021-05-14 23:39:51,2021-05-15 06:09:51,Saigang,Putao
22.85,93.75,30.0,3.1,ml,,,,,,ems_202105_984570_a2293,2021-05-14T19:51:00.000Z,"Chin State, Myanmar (Burma)",Myanmar-india Border Region,MM,Asia,earthquake,1621021897,1621020755,0,,"22.85,93.75",2021-05-14 19:32:35,2021-05-15 02:02:35,Chin,Kalay
20.004,98.271,1.0,3.0,ml,,,,,,th_7432,2021-05-14T17:10:54.000Z,"Shan, Myanmar (Burma)",Myanmar,MM,Asia,earthquake,1621012826,1621012254,0,,"20.00,98.27",2021-05-14 17:10:54,2021-05-14 23:40:54,Shan,Loikaw
24.96,95.17,100.0,4.4,mb,,,,,,th_7431,2021-05-14T23:13:00.000Z,"Sagaing Region, Myanmar (Burma)",Myanmar,MM,Asia,earthquake,1621011183,1621010523,0,,"25.10,95.17",2021-05-14 16:42:03,2021-05-14 23:12:03,Saigang,Bhamo
20.952,98.471,1.0,2.2,ml,,,,,,th_7429,2021-05-13T22:28:44.000Z,"Shan, Myanmar (Burma)",Myanmar,MM,Asia,earthquake,1620945554,1620944924,0,,"20.95,98.47",2021-05-13 22:28:44,2021-05-14 04:58:44,Shan,Kengtung
15.966,95.01,10.0,3.5,ml,,,,,,th_7418,2021-05-09T17:02:53.000Z,"Danizeik Kangon, Ayeyarwady, Myanmar (Burma)",Myanmar,MM,Asia,earthquake,1620580484,1620579773,0,,"15.97,95.01",2021-05-09 17:02:53,2021-05-09 23:32:53,Ayeyarwady,Pathein
20.501,99.856,6.0,1.8,ml,,,,,,th_7415,2021-05-08T14:00:41.000Z,"Shan, Myanmar (Burma)",Myanmar,MM,Asia,earthquake,1620482798,1620482441,0,,"20.50,99.86",2021-05-08 14:00:41,2021-05-08 20:30:41,Shan,Kengtung
19.027,96.469,10.0,2.9,ml,,,,,,th_7414,2021-05-08T02:52:01.000Z,Yone Min Aing,Myanmar,MM,Asia,earthquake,1620443611,1620442321,0,,"19.03,96.47",2021-05-08 02:52:01,2021-05-08 09:22:01,Bago,Taungoo
20.771,98.673,12.0,3.8,ml,,,,,,th_7412,2021-05-07T00:23:39.000Z,"Shan, Myanmar (Burma)",Myanmar,MM,Asia,earthquake,1620347600,1620347019,0,,"20.77,98.67",2021-05-07 00:23:39,2021-05-07 06:53:39,Shan,Kengtung
21.559,98.582,10.0,2.7,ml,,,,,,th_7411,2021-05-05T18:16:10.000Z,"Shan, Myanmar (Burma)",Myanmar,MM,Asia,earthquake,1620239792,1620238570,0,,"21.56,98.58",2021-05-05 18:16:10,2021-05-06 00:46:10,Shan,Kengtung
25.13,94.87,50.0,3.9,ml,,,,,,ems_202105_980048_a2594,2021-05-05T07:40:00.000Z,"Sagaing Region, Myanmar (Burma)",Myanmar-india Border Region,MM,Asia,earthquake,1620200488,1620199191,0,,"25.13,94.87",2021-05-05 07:19:51,2021-05-05 13:49:51,Saigang,Kalay
23.79,93.92,10.0,3.2,ml,,,,,,ems_202105_979894_a2393,2021-05-04T21:00:00.000Z,"Chin State, Myanmar (Burma)",Myanmar-india Border Region,MM,Asia,earthquake,1620162092,1620161388,0,,"23.79,93.92",2021-05-04 20:49:48,2021-05-05 03:19:48,Chin,Kalay
23.43,94.11,93.0,3.9,ml,,,,,,ems_202105_979502_a2394,2021-05-04T02:55:00.000Z,"Sagaing Region, Myanmar (Burma)",Myanmar,MM,Asia,earthquake,1620096981,1620081888,0,,"23.43,94.11",2021-05-03 22:44:48,2021-05-04 05:14:48,Saigang,Kalay
25.9,95.21,54.0,3.5,ml,,,,,,ems_202105_979280_a2595,2021-05-03T10:56:00.000Z,Ning Shet,Myanmar,MM,Asia,earthquake,1620039398,1620038489,0,,"25.90,95.21",2021-05-03 10:41:29,2021-05-03 17:11:29,Saigang,Myitkyina
20.629,99.917,1.0,1.8,ml,,,,,,th_7407,2021-05-03T06:08:53.000Z,"Shan, Myanmar (Burma)",Myanmar,MM,Asia,earthquake,1620022777,1620022133,0,,"20.63,99.92",2021-05-03 06:08:53,2021-05-03 12:38:53,Shan,Kengtung
14.474,98.05,7.0,2.1,ml,,,,,,th_7404,2021-05-02T02:54:56.000Z,"Tanintharyi Region, Myanmar (Burma)",Myanmar,MM,Asia,earthquake,1619932574,1619924096,0,,"14.47,98.05",2021-05-02 02:54:56,2021-05-02 09:24:56,Tanitharyi,Dawei
15.76,96.58,12.0,4.1,ml,,,,,,th_7403,2021-05-01T08:15:28.000Z,Myanmar (Burma),Near South Coast of Myanmar,MM,Asia,earthquake,1619857801,1619856928,0,,"15.76,96.58",2021-05-01 08:15:28,2021-05-01 14:45:28,,Yangon
15.485,96.198,10.0,3.4,ml,,,,,,th_7402,2021-05-01T00:27:45.000Z,Myanmar (Burma),์Near South Coast of Myanmar,MM,Asia,earthquake,1619831396,1619828865,0,,"15.49,96.20",2021-05-01 00:27:45,2021-05-01 06:57:45,,Yangon
15.659,96.02,10.0,3.9,ml,,,,,,th_7401,2021-05-01T00:25:43.000Z,Myanmar (Burma),์Near South Coast of Myanmar,MM,Asia,earthquake,1619830487,1619828743,0,,"15.66,96.02",2021-05-01 00:25:43,2021-05-01 06:55:43,,Yangon
20.66,99.112,4.0,1.5,ml,,,,,,th_7551,2021-06-30T16:42:01.000Z,"Shan, Myanmar (Burma)",Myanmar,MM,Asia,earthquake,1625072828,1625071321,0,,"20.66,99.11",2021-06-30 16:42:01,2021-06-30 23:12:01,Shan,Kengtung
15.43,97.859,5.0,3.3,ml,,,,,,th_7549,2021-06-30T07:35:28.000Z,Taungbon,Myanmar,MM,Asia,earthquake,1625039252,1625038528,0,,"15.43,97.86",2021-06-30 07:35:28,2021-06-30 14:05:28,Mon,Mawlamyine
15.466,97.925,6.0,3.2,ml,,,,,,th_7548,2021-06-30T06:23:33.000Z,"Mon State, Myanmar (Burma)",Myanmar,MM,Asia,earthquake,1625034899,1625034213,0,,"15.47,97.93",2021-06-30 06:23:33,2021-06-30 12:53:33,Mon,Mawlamyine
20.346,99.469,2.0,1.8,ml,,,,,,th_7547,2021-06-29T02:58:14.000Z,"Shan, Myanmar (Burma)",Myanmar,MM,Asia,earthquake,1624936275,1624935494,0,,"20.35,99.47",2021-06-29 02:58:14,2021-06-29 09:28:14,Shan,Kengtung
19.563,94.373,55.0,3.5,ml,,,,,,th_7540,2021-06-27T21:03:38.000Z,"Magway Region, Myanmar (Burma)",Myanmar,MM,Asia,earthquake,1624830163,1624827818,0,,"19.56,94.37",2021-06-27 21:03:38,2021-06-28 03:33:38,Magway,Magway
20.604,99.868,5.0,2.4,ml,,,,,,th_7538,2021-06-26T09:54:56.000Z,"Shan, Myanmar (Burma)",Myanmar,MM,Asia,earthquake,1624702030,1624701296,0,,"20.60,99.87",2021-06-26 09:54:56,2021-06-26 16:24:56,Shan,Kengtung
17.69,97.75,2.0,2.2,ml,,,,,,th_7537,2021-06-25T21:44:17.000Z,"Kayin State, Myanmar (Burma)",Myanmar,MM,Asia,earthquake,1624658034,1624657457,0,,"17.69,97.75",2021-06-25 21:44:17,2021-06-26 04:14:17,Kayin,Hpa-An
20.993,98.002,10.0,2.8,ml,,,,,,th_7534,2021-06-22T06:02:38.000Z,"Shan, Myanmar (Burma)",Myanmar,MM,Asia,earthquake,1624343038,1624341758,0,,"20.99,98.00",2021-06-22 06:02:38,2021-06-22 12:32:38,Shan,Taunggyi
20.334,99.49,3.0,1.7,ml,,,,,,th_7531,2021-06-20T20:38:00.000Z,"Shan, Myanmar (Burma)",Myanmar,MM,Asia,earthquake,1624221834,1624221480,0,,"20.33,99.49",2021-06-20 20:38:00,2021-06-21 03:08:00,Shan,Kengtung
17.14,98.198,5.0,2.2,ml,,,,,,th_7529,2021-06-20T06:10:09.000Z,"Kayin State, Myanmar (Burma)",Myanmar,MM,Asia,earthquake,1624170281,1624169409,0,,"17.14,98.20",2021-06-20 06:10:09,2021-06-20 12:40:09,Kayin,Hpa-An
21.853,99.573,1.0,2.1,ml,,,,,,th_7523,2021-06-18T16:53:19.000Z,"Shan, Myanmar (Burma)",Myanmar,MM,Asia,earthquake,1624036982,1624035199,0,,"21.85,99.57",2021-06-18 16:53:19,2021-06-18 23:23:19,Shan,Kengtung
20.46,99.137,5.0,1.8,ml,,,,,,th_7517,2021-06-17T18:38:58.000Z,"Shan, Myanmar (Burma)",Myanmar,MM,Asia,earthquake,1623956536,1623955138,0,,"20.46,99.14",2021-06-17 18:38:58,2021-06-18 01:08:58,Shan,Kengtung
20.596,93.964,10.0,3.9,ml,,,,,,th_7516,2021-06-17T02:05:43.000Z,"Magway Region, Myanmar (Burma)",Myanmar,MM,Asia,earthquake,1623896570,1623895543,0,,"20.60,93.96",2021-06-17 02:05:43,2021-06-17 08:35:43,Magway,Magway
18.91,96.383,2.0,2.8,ml,,,,,,th_7512,2021-06-16T01:30:55.000Z,"Bago Region, Myanmar (Burma)",Myanmar,MM,Asia,earthquake,1623809250,1623807055,0,,"18.91,96.38",2021-06-16 01:30:55,2021-06-16 08:00:55,Bago,Taungoo
23.83,94.0,15.0,2.7,ml,,,,,,ems_202106_998966_a2394,2021-06-15T21:05:00.000Z,"Chin State, Myanmar (Burma)",Myanmar,MM,Asia,earthquake,1623791182,1623790485,0,,"23.83,94.00",2021-06-15 20:54:45,2021-06-16 03:24:45,Chin,Kalay
26.6187,97.0854,36.12,4.8,mb,,57.0,3.464,0.48,us,gfz2021lqpg,2021-06-21T18:48:14.040Z,,"53km NNE of Sarupathar, India",MM,Asia,earthquake,1623769006,1623768368,1,,"26.67,97.10",2021-06-15 14:46:08,2021-06-15 21:16:08,Kachin,Putao
18.981,97.444,2.0,2.0,ml,,,,,,th_7508,2021-06-13T19:15:31.000Z,"Kayah State, Myanmar (Burma)",Myanmar,MM,Asia,earthquake,1623612267,1623611731,0,,"18.98,97.44",2021-06-13 19:15:31,2021-06-14 01:45:31,Kayah,Loikaw
18.991,97.435,3.0,2.1,ml,,,,,,th_7507,2021-06-13T18:16:26.000Z,"Kayah State, Myanmar (Burma)",Myanmar,MM,Asia,earthquake,1623608621,1623608186,0,,"18.99,97.44",2021-06-13 18:16:26,2021-06-14 00:46:26,Kayah,Loikaw
17.842,96.28,5.0,3.0,ml,,,,,,th_7504,2021-06-13T06:17:41.000Z,"Bago Region, Myanmar (Burma)",Myanmar,MM,Asia,earthquake,1623566592,1623565061,0,,"17.84,96.28",2021-06-13 06:17:41,2021-06-13 12:47:41,Bago,Bago
20.679,99.976,2.0,2.4,ml,,,,,,th_7503,2021-06-13T04:17:18.000Z,"Shan, Myanmar (Burma)",Myanmar,MM,Asia,earthquake,1623560771,1623557838,0,,"20.68,99.98",2021-06-13 04:17:18,2021-06-13 10:47:18,Shan,Kengtung
21.279,98.427,3.0,2.6,ml,,,,,,th_7502,2021-06-13T01:51:05.000Z,"Shan, Myanmar (Burma)",Myanmar,MM,Asia,earthquake,1623550113,1623549065,0,,"21.28,98.43",2021-06-13 01:51:05,2021-06-13 08:21:05,Shan,Kengtung
17.795,95.519,10.0,3.9,ml,,,,,,th_7501,2021-06-12T21:38:21.000Z,"Bago Region, Myanmar (Burma)",Myanmar,MM,Asia,earthquake,1623534950,1623533901,0,,"17.80,95.52",2021-06-12 21:38:21,2021-06-13 04:08:21,Bago,Bago
17.744,95.404,10.0,3.6,ml,,,,,,th_7499,2021-06-12T02:25:33.000Z,"Ayeyarwady, Myanmar (Burma)",Myanmar,MM,Asia,earthquake,1623465383,1623464733,0,,"17.74,95.40",2021-06-12 02:25:33,2021-06-12 08:55:33,Ayeyarwady,Pyay
20.03,97.807,10.0,2.9,ml,,,,,,th_7496,2021-06-11T09:55:43.000Z,"Shan, Myanmar (Burma)",Myanmar,MM,Asia,earthquake,1623405907,1623405343,0,,"20.03,97.81",2021-06-11 09:55:43,2021-06-11 16:25:43,Shan,Loikaw
20.244,98.606,1.0,2.3,ml,,,,,,th_7491,2021-06-09T23:49:52.000Z,"Shan, Myanmar (Burma)",Myanmar,MM,Asia,earthquake,1623285207,1623282592,0,,"20.24,98.61",2021-06-09 23:49:52,2021-06-10 06:19:52,Shan,Kengtung
21.495,98.7,10.0,3.5,ml,,,,,,th_7488,2021-06-07T23:33:27.000Z,"Shan, Myanmar (Burma)",Myanmar,MM,Asia,earthquake,1623109336,1623108807,0,,"21.50,98.70",2021-06-07 23:33:27,2021-06-08 06:03:27,Shan,Kengtung
24.48,94.48,47.0,2.6,ml,,,,,,ems_202106_993018_a2494,2021-06-05T18:50:00.000Z,"Sagaing Region, Myanmar (Burma)",Myanmar-india Border Region,MM,Asia,earthquake,1622919161,1622918235,0,,"24.48,94.48",2021-06-05 18:37:15,2021-06-06 01:07:15,Saigang,Kalay
25.29,94.68,10.0,3.1,ml,,,,,,ems_202106_992691_a2594,2021-06-04T19:35:00.000Z,"Sagaing Region, Myanmar (Burma)",Myanmar-india Border Region,MM,Asia,earthquake,1622835384,1622834237,0,,"25.29,94.68",2021-06-04 19:17:17,2021-06-05 01:47:17,Saigang,Kalay
24.97,94.96,80.0,3.6,ml,,,,,,ems_202106_992572_a2494,2021-06-04T09:50:00.000Z,"Sagaing Region, Myanmar (Burma)",Myanmar-india Border Region,MM,Asia,earthquake,1622800277,1622799133,0,,"24.97,94.96",2021-06-04 09:32:13,2021-06-04 16:02:13,Saigang,Kalay
20.114,97.594,10.0,3.3,ml,,,,,,th_7482,2021-06-03T21:57:47.000Z,"Shan, Myanmar (Burma)",Myanmar,MM,Asia,earthquake,1622757973,1622757467,0,,"20.11,97.59",2021-06-03 21:57:47,2021-06-04 04:27:47,Shan,Loikaw
19.088,96.544,10.0,2.5,ml,,,,,,th_7483,2021-06-03T21:40:43.000Z,"Kayin State, Myanmar (Burma)",Myanmar,MM,Asia,earthquake,1622758410,1622756443,0,,"19.09,96.54",2021-06-03 21:40:43,2021-06-04 04:10:43,Kayin,Taungoo
20.252,95.097,10.0,3.3,ml,,,,,,th_7479,2021-06-02T19:56:56.000Z,"Magway Region, Myanmar (Burma)",Myanmar,MM,Asia,earthquake,1622665726,1622663816,0,,"20.25,95.10",2021-06-02 19:56:56,2021-06-03 02:26:56,Magway,Magway
26.55,96.05,10.0,3.6,ml,,,,,,ems_202106_991789_a2696,2021-06-02T04:20:00.000Z,"Sagaing Region, Myanmar (Burma)",Myanmar,MM,Asia,earthquake,1622607680,1622606905,0,,"26.55,96.05",2021-06-02 04:08:25,2021-06-02 10:38:25,Saigang,Putao
15.774,96.261,10.0,4.3,ml,,,,,,th_7478,2021-06-01T17:45:51.000Z,Myanmar (Burma),Near South Coast of Myanmar,MM,Asia,earthquake,1622570466,1622569551,0,,"15.77,96.26",2021-06-01 17:45:51,2021-06-02 00:15:51,,Yangon
21.499,101.085,10.0,2.6,ml,,,,,,th_7477,2021-06-01T13:49:45.000Z,"Shan, Myanmar (Burma)",Myanmar,MM,Asia,earthquake,1622556069,1622555385,0,,"21.50,101.09",2021-06-01 13:49:45,2021-06-01 20:19:45,Shan,Kengtung
22.948635,95.939613,10.0,5.52,mb,,,,,,gfz2021osnh,2021-08-02T04:29:24.000Z,"Sagaing Region, Myanmar (Burma)",Myanmar,MM,Asia,earthquake,1627548415,1627547968,0,,"22.86,95.94",2021-07-29 08:39:28,2021-07-29 15:09:28,Saigang,Shwebo
19.34,94.73,10.0,3.3,ml,,,,,,th_7630,2021-07-28T19:28:25.000Z,"Magway Region, Myanmar (Burma)",Myanmar,MM,Asia,earthquake,1627501707,1627500505,0,,"19.34,94.73",2021-07-28 19:28:25,2021-07-29 01:58:25,Magway,Pyay
19.858,98.08,2.0,2.3,ml,,,,,,th_7627,2021-07-27T19:12:45.000Z,"Shan, Myanmar (Burma)",Myanmar,MM,Asia,earthquake,1627413680,1627413165,0,,"19.86,98.08",2021-07-27 19:12:45,2021-07-28 01:42:45,Shan,Loikaw
20.575,99.932,5.0,2.2,ml,,,,,,th_7623,2021-07-26T10:47:08.000Z,"Shan, Myanmar (Burma)",Myanmar,MM,Asia,earthquake,1627296835,1627296428,0,,"20.58,99.93",2021-07-26 10:47:08,2021-07-26 17:17:08,Shan,Kengtung
24.5629,94.4303,66.8,4.9,mb,,32.0,0.352,0.73,us,gfz2021omtq,2021-07-26T14:54:18.141Z,"Wāngjing, India","37km E of Wāngjing, India",MM,Asia,earthquake,1627276358,1627275810,1,,"24.57,94.51",2021-07-26 05:03:30,2021-07-26 11:33:30,,Kalay
17.832,96.012,10.0,3.8,ml,,,,,,th_7616,2021-07-22T10:12:05.000Z,"Bago Region, Myanmar (Burma)",Myanmar,MM,Asia,earthquake,1626949619,1626948725,0,,"17.83,96.01",2021-07-22 10:12:05,2021-07-22 16:42:05,Bago,Bago
20.535,99.344,2.0,1.9,ml,,,,,,th_7615,2021-07-21T22:34:30.000Z,"Shan, Myanmar (Burma)",Myanmar,MM,Asia,earthquake,1626907357,1626906870,0,,"20.54,99.34",2021-07-21 22:34:30,2021-07-22 05:04:30,Shan,Kengtung
20.511,99.994,1.0,1.8,ml,,,,,,th_7606,2021-07-21T03:27:27.000Z,"Shan, Myanmar (Burma)",Myanmar,MM,Asia,earthquake,1626839037,1626838047,0,,"20.51,99.99",2021-07-21 03:27:27,2021-07-21 09:57:27,Shan,Kengtung
20.971,98.571,10.0,3.1,ml,,,,,,th_7605,2021-07-20T09:54:48.000Z,"Shan, Myanmar (Burma)",Myanmar,MM,Asia,earthquake,1626775500,1626774888,0,,"20.97,98.57",2021-07-20 09:54:48,2021-07-20 16:24:48,Shan,Kengtung
20.526,99.995,1.0,2.2,ml,,,,,,th_7603,2021-07-18T15:56:03.000Z,"Shan, Myanmar (Burma)",Myanmar,MM,Asia,earthquake,1626624833,1626623763,0,,"20.53,100.00",2021-07-18 15:56:03,2021-07-18 22:26:03,Shan,Kengtung
20.342,99.481,3.0,1.5,ml,,,,,,th_7601,2021-07-16T18:55:28.000Z,"Shan, Myanmar (Burma)",Myanmar,MM,Asia,earthquake,1626462399,1626461728,0,,"20.34,99.48",2021-07-16 18:55:28,2021-07-17 01:25:28,Shan,Kengtung
22.48,94.42,10.0,3.1,ml,,,,,,in_TWdPSDdTUENTc0QreEd0UWU4S1JEQT09,2021-07-15T19:21:46.000Z,"Sagaing Region, Myanmar (Burma)",Myanmar,MM,Asia,earthquake,1627639309,1626376906,0,,"22.48,94.42",2021-07-15 19:21:46,2021-07-16 01:51:46,Saigang,Kalay
23.54,94.8,100.0,4.5,mb,,,,,,th_7600,2021-07-15T06:30:00.000Z,"Sagaing Region, Myanmar (Burma)",Myanmar,MM,Asia,earthquake,1626295450,1626294890,0,,"23.56,94.78",2021-07-14 20:34:50,2021-07-15 03:04:50,Saigang,Kalay
22.34,94.03,44.0,4.2,mb,,,,,,us7000elzr,2021-07-15T06:28:00.000Z,"Chin State, Myanmar (Burma)",Myanmar,MM,Asia,earthquake,1626294451,1626293452,0,,"22.41,94.11",2021-07-14 20:10:52,2021-07-15 02:40:52,Magway,Hakha
22.652,94.336,10.0,3.7,ml,,,,,,th_7597,2021-07-13T23:40:48.000Z,"Sagaing Region, Myanmar (Burma)",Myanmar,MM,Asia,earthquake,1626220521,1626219648,0,,"22.65,94.34",2021-07-13 23:40:48,2021-07-14 06:10:48,Saigang,Kalay
20.441,98.272,6.0,2.7,ml,,,,,,th_7596,2021-07-13T23:24:50.000Z,"Shan, Myanmar (Burma)",Myanmar,MM,Asia,earthquake,1626219495,1626218690,0,,"20.44,98.27",2021-07-13 23:24:50,2021-07-14 05:54:50,Shan,Taunggyi
21.148,98.425,10.0,2.7,ml,,,,,,th_7595,2021-07-13T08:20:40.000Z,"Shan, Myanmar (Burma)",Myanmar,MM,Asia,earthquake,1626165275,1626164440,0,,"21.15,98.43",2021-07-13 08:20:40,2021-07-13 14:50:40,Shan,Kengtung
19.627,96.442,10.0,2.7,ml,,,,,,th_7594,2021-07-13T03:25:41.000Z,"Naypyidaw Union Territory, Myanmar (Burma)",Myanmar,MM,Asia,earthquake,1626148596,1626146741,0,,"19.63,96.44",2021-07-13 03:25:41,2021-07-13 09:55:41,Mandalay,Nay Pyi Taw
20.383,98.349,1.0,2.4,ml,,,,,,th_7592,2021-07-12T11:38:44.000Z,"Shan, Myanmar (Burma)",Myanmar,MM,Asia,earthquake,1626090921,1626089924,0,,"20.38,98.35",2021-07-12 11:38:44,2021-07-12 18:08:44,Shan,Loikaw
23.759,95.225,7.0,3.9,ml,,,,,,th_7588,2021-07-10T12:49:30.000Z,"Sagaing Region, Myanmar (Burma)",Myanmar,MM,Asia,earthquake,1625922612,1625921370,0,,"23.76,95.23",2021-07-10 12:49:30,2021-07-10 19:19:30,Saigang,Kalay
19.203,95.718,10.0,3.5,ml,,,,,,th_7587,2021-07-10T12:34:53.000Z,"Magway Region, Myanmar (Burma)",Myanmar,MM,Asia,earthquake,1625921984,1625920493,0,,"19.20,95.72",2021-07-10 12:34:53,2021-07-10 19:04:53,Magway,Pyay
25.12,95.24,89.0,4.6,mb,,,,,,ems_202107_1007601_a2494,2021-07-09T14:48:00.000Z,"Sagaing Region, Myanmar (Burma)",Myanmar,MM,Asia,earthquake,1625791026,1625790385,1,,"24.70,94.99",2021-07-09 00:26:25,2021-07-09 06:56:25,Saigang,Myitkyina
20.826,100.009,2.0,1.5,ml,,,,,,th_7580,2021-07-08T19:14:56.000Z,Hse Hkon,Myanmar,MM,Asia,earthquake,1625783997,1625771696,0,,"20.83,100.01",2021-07-08 19:14:56,2021-07-09 01:44:56,Shan,Kengtung
18.876,96.139,10.0,2.4,ml,,,,,,th_7576,2021-07-07T18:21:48.000Z,"Bago Region, Myanmar (Burma)",Myanmar,MM,Asia,earthquake,1625683450,1625682108,0,,"18.88,96.14",2021-07-07 18:21:48,2021-07-08 00:51:48,Bago,Taungoo
20.407,98.218,5.0,2.0,ml,,,,,,th_7572,2021-07-07T15:39:01.000Z,"Shan, Myanmar (Burma)",Myanmar,MM,Asia,earthquake,1625672928,1625672341,0,,"20.41,98.22",2021-07-07 15:39:01,2021-07-07 22:09:01,Shan,Taunggyi
15.802,94.014,17.0,4.1,ml,,,,,,th_7559,2021-07-06T23:24:18.000Z,,ืNear South Coast of Myanmar,MM,Asia,earthquake,1625616979,1625613858,0,,"15.80,94.01",2021-07-06 23:24:18,2021-07-07 05:54:18,,Pathein
18.062,96.542,10.0,2.5,ml,,,,,,th_7558,2021-07-05T20:15:49.000Z,"Bago Region, Myanmar (Burma)",Myanmar,MM,Asia,earthquake,1625518152,1625516149,0,,"18.06,96.54",2021-07-05 20:15:49,2021-07-06 02:45:49,Bago,Bago
22.46,93.64,10.0,3.5,ml,,,,,,ems_202107_1006601_a2293,2021-07-05T11:26:00.000Z,"Chin State, Myanmar (Burma)",Myanmar-india Border Region,MM,Asia,earthquake,1625484396,1625483177,0,,"22.46,93.64",2021-07-05 11:06:17,2021-07-05 17:36:17,Chin,Hakha
26.22,96.31,45.0,3.8,ml,,,,,,ems_202107_1006389_a2696,2021-07-04T17:11:00.000Z,"Kachin, Myanmar (Burma)",Myanmar,MM,Asia,earthquake,1625418743,1625417835,0,,"26.22,96.31",2021-07-04 16:57:15,2021-07-04 23:27:15,Kachin,Myitkyina
18.035,96.621,5.0,2.7,ml,,,,,,th_7552,2021-07-01T20:44:29.000Z,"Bago Region, Myanmar (Burma)",Myanmar,MM,Asia,earthquake,1625173254,1625172269,0,,"18.04,96.62",2021-07-01 20:44:29,2021-07-02 03:14:29,Bago,Bago
20.47,99.12,1.0,1.8,ml,,,,,,th_7808,2021-09-30T20:05:08.000Z,"Shan, Myanmar (Burma)",Myanmar,MM,Asia,earthquake,1633032916,1633032308,0,,"20.47,99.12",2021-09-30 20:05:08,2021-10-01 02:35:08,Shan,Kengtung
19.927,97.904,2.0,2.1,ml,,,,,,th_7806,2021-09-30T17:12:54.000Z,"Shan, Myanmar (Burma)",Myanmar,MM,Asia,earthquake,1633022942,1633021974,0,,"19.91,97.92",2021-09-30 17:12:54,2021-09-30 23:42:54,Shan,Loikaw
19.832,98.123,10.0,2.0,ml,,,,,,th_7805,2021-09-30T15:18:05.000Z,"Shan, Myanmar (Burma)",Myanmar,MM,Asia,earthquake,1633016440,1633015085,0,,"19.83,98.12",2021-09-30 15:18:05,2021-09-30 21:48:05,Shan,Loikaw
23.02,93.82,10.0,3.8,ml,,,,,,in_MjhURzFaRlJVcDd0RTVydU10bnVyQT09,2021-09-26T11:41:00.000Z,"Chin State, Myanmar (Burma)",Myanmar-india Border Region,MM,Asia,earthquake,1632655932,1632655602,0,,"23.09,93.86",2021-09-26 11:26:42,2021-09-26 17:56:42,Chin,Kalay
23.9,93.8,30.0,3.4,ml,,,,,,in_ZFltK3NrdVRqRUtrMFZsY2F0TjA0dz09,2021-09-26T06:55:00.000Z,"Khuangkhan, Chin State, Myanmar (Burma)",Myanmar,MM,Asia,earthquake,1632639225,1632637721,0,,"23.90,93.80",2021-09-26 06:28:41,2021-09-26 12:58:41,Chin,Kalay
18.512,97.479,1.0,2.3,ml,,,,,,th_7793,2021-09-25T09:03:23.000Z,"Pakyiko, Kayah State, Myanmar (Burma)",Myanmar,MM,Asia,earthquake,1632561447,1632560603,0,,"18.51,97.48",2021-09-25 09:03:23,2021-09-25 15:33:23,Kayah,Taungoo
20.162,97.72,1.0,2.4,ml,,,,,,th_7792,2021-09-25T06:37:47.000Z,"Shan, Myanmar (Burma)",Myanmar,MM,Asia,earthquake,1632552637,1632551867,0,,"20.16,97.72",2021-09-25 06:37:47,2021-09-25 13:07:47,Shan,Loikaw
20.644,99.879,1.0,2.2,ml,,,,,,th_7791,2021-09-24T23:38:34.000Z,"Shan, Myanmar (Burma)",Myanmar,MM,Asia,earthquake,1632529049,1632526714,0,,"20.64,99.88",2021-09-24 23:38:34,2021-09-25 06:08:34,Shan,Kengtung
20.488,99.487,3.0,1.3,ml,,,,,,th_7790,2021-09-24T20:30:34.000Z,"Shan, Myanmar (Burma)",Myanmar,MM,Asia,earthquake,1632515938,1632515434,0,,"20.49,99.49",2021-09-24 20:30:34,2021-09-25 03:00:34,Shan,Kengtung
20.15,97.785,1.0,2.4,ml,,,,,,th_7788,2021-09-24T01:43:06.000Z,"Shan, Myanmar (Burma)",Myanmar,MM,Asia,earthquake,1632449858,1632447786,0,,"20.15,97.79",2021-09-24 01:43:06,2021-09-24 08:13:06,Shan,Loikaw
20.171,97.699,1.0,3.0,ml,,,,,,th_7787,2021-09-23T05:34:36.000Z,Nam Lut Village,Myanmar,MM,Asia,earthquake,1632375834,1632375276,0,,"20.17,97.70",2021-09-23 05:34:36,2021-09-23 12:04:36,Shan,Loikaw
20.005,97.827,1.0,2.7,ml,,,,,,th_7786,2021-09-23T04:00:13.000Z,"Shan, Myanmar (Burma)",Myanmar,MM,Asia,earthquake,1632370366,1632369613,0,,"20.01,97.83",2021-09-23 04:00:13,2021-09-23 10:30:13,Shan,Loikaw
20.179,97.787,10.0,2.8,ml,,,,,,th_7785,2021-09-23T01:08:47.000Z,"Shan, Myanmar (Burma)",Myanmar,MM,Asia,earthquake,1632360288,1632359327,0,,"20.18,97.79",2021-09-23 01:08:47,2021-09-23 07:38:47,Shan,Loikaw
21.08,99.871,10.0,1.7,ml,,,,,,th_7784,2021-09-22T21:47:16.000Z,"Shan, Myanmar (Burma)",Myanmar,MM,Asia,earthquake,1632348459,1632347236,0,,"21.08,99.87",2021-09-22 21:47:16,2021-09-23 04:17:16,Shan,Kengtung
20.148,97.704,3.0,2.7,ml,,,,,,th_7783,2021-09-22T21:06:20.000Z,"Shan, Myanmar (Burma)",Myanmar,MM,Asia,earthquake,1632345122,1632344780,1,,"20.15,97.70",2021-09-22 21:06:20,2021-09-23 03:36:20,Shan,Loikaw
20.193,97.729,8.0,4.0,ml,,,,,,th_7782,2021-09-22T20:56:56.000Z,"Shan, Myanmar (Burma)",Myanmar,MM,Asia,earthquake,1632344524,1632344216,0,,"20.19,97.73",2021-09-22 20:56:56,2021-09-23 03:26:56,Shan,Loikaw
20.099,97.887,1.0,2.7,ml,,,,,,th_7780,2021-09-22T15:02:37.000Z,"Shan, Myanmar (Burma)",Myanmar,MM,Asia,earthquake,1632323405,1632322957,0,,"20.10,97.89",2021-09-22 15:02:37,2021-09-22 21:32:37,Shan,Loikaw
20.181,97.967,10.0,3.0,ml,,,,,,th_7779,2021-09-22T13:24:46.000Z,"Shan, Myanmar (Burma)",Myanmar,MM,Asia,earthquake,1632317440,1632317086,0,,"20.18,97.97",2021-09-22 13:24:46,2021-09-22 19:54:46,Shan,Loikaw
21.076,97.126,10.0,2.9,ml,,,,,,th_7778,2021-09-22T06:46:34.000Z,"Shan, Myanmar (Burma)",Myanmar,MM,Asia,earthquake,1632294061,1632293194,0,,"21.08,97.13",2021-09-22 06:46:34,2021-09-22 13:16:34,Shan,Taunggyi
25.2231,94.8718,79.04,5.1,mb,,89.0,1.117,0.67,us,gfz2021skis,2021-09-20T10:16:46.758Z,,"61km SE of Phek, India",MM,Asia,earthquake,1632080099,1632079444,1,,"25.19,94.89",2021-09-19 19:24:04,2021-09-20 01:54:04,Saigang,Kalay
20.5437,93.9428,7.8,3.7,ml,,,,,,in_VHZ2aDl5SENEQ21XMHhOelFEVUUxQT09,2021-09-19T18:17:41.000Z,"Magway Region, Myanmar (Burma)","257km SW of Burma, Myanmar",MM,Asia,earthquake,1632075795,1632075461,0,,"20.54,93.94",2021-09-19 18:17:41,2021-09-20 00:47:41,Magway,Magway
20.508,94.008,40.0,3.8,ml,,,,,,th_7772,2021-09-19T17:30:50.000Z,"Magway Region, Myanmar (Burma)",Myanmar,MM,Asia,earthquake,1632073189,1632072650,0,,"20.51,94.01",2021-09-19 17:30:50,2021-09-20 00:00:50,Magway,Magway
20.389,100.096,4.0,1.8,ml,,,,,,th_7771,2021-09-19T09:55:01.000Z,"Shan, Myanmar (Burma)",Myanmar,MM,Asia,earthquake,1632047090,1632045301,0,,"20.39,100.10",2021-09-19 09:55:01,2021-09-19 16:25:01,Shan,Kengtung
19.855,98.315,10.0,1.4,ml,,,,,,th_7769,2021-09-18T20:01:45.000Z,"Shan, Myanmar (Burma)",Myanmar,MM,Asia,earthquake,1632001386,1631995305,0,,"19.86,98.32",2021-09-18 20:01:45,2021-09-19 02:31:45,Shan,Loikaw
20.14,97.719,6.0,2.2,ml,,,,,,th_7768,2021-09-17T23:17:36.000Z,"Shan, Myanmar (Burma)",Myanmar,MM,Asia,earthquake,1631921547,1631920656,0,,"20.14,97.72",2021-09-17 23:17:36,2021-09-18 05:47:36,Shan,Loikaw
18.013,97.701,1.0,2.5,ml,,,,,,th_7766,2021-09-16T15:18:22.000Z,"Kayin State, Myanmar (Burma)",Myanmar,MM,Asia,earthquake,1631806116,1631805502,0,,"18.01,97.70",2021-09-16 15:18:22,2021-09-16 21:48:22,Kayin,Hpa-An
23.6514,94.5667,92.11,4.3,mb,,106.0,0.625,0.51,us,th_7765,2021-09-17T01:43:09.040Z,"Mawlaik, Myanmar","16km E of Mawlaik, Myanmar",MM,Asia,earthquake,1631768234,1631767783,0,,"23.50,94.70",2021-09-16 04:49:43,2021-09-16 11:19:43,Saigang,Kalay
23.98,94.42,70.0,3.8,ml,,,,,,in_VGlzb3BoaGd1M3BXRU5SY3gzNkNRdz09,2021-09-15T02:45:00.000Z,"Sagaing Region, Myanmar (Burma)",Myanmar,MM,Asia,earthquake,1631673619,1631673314,0,,"23.82,94.28",2021-09-15 02:35:14,2021-09-15 09:05:14,Saigang,Kalay
20.61,99.433,1.0,2.1,ml,,,,,,th_7761,2021-09-14T23:20:16.000Z,"Shan, Myanmar (Burma)",Myanmar,MM,Asia,earthquake,1631663222,1631661616,0,,"20.61,99.43",2021-09-14 23:20:16,2021-09-15 05:50:16,Shan,Kengtung
20.768,98.418,18.0,3.0,ml,,,,,,th_7757,2021-09-14T11:24:18.000Z,"Shan, Myanmar (Burma)",Myanmar,MM,Asia,earthquake,1631619260,1631618658,0,,"20.77,98.42",2021-09-14 11:24:18,2021-09-14 17:54:18,Shan,Kengtung
18.467,94.78,10.0,3.4,ml,,,,,,th_7754,2021-09-13T22:16:41.000Z,"Bago Region, Myanmar (Burma)",Myanmar,MM,Asia,earthquake,1631572204,1631571401,0,,"18.47,94.78",2021-09-13 22:16:41,2021-09-14 04:46:41,Bago,Pyay
24.88,95.1,10.0,3.4,ml,,,,,,in_M1lXdFg4aHNPQklMYjJSYndEemxudz09,2021-09-12T19:50:00.000Z,"Sagaing Region, Myanmar (Burma)",Myanmar,MM,Asia,earthquake,1631475734,1631475381,0,,"24.83,95.32",2021-09-12 19:36:21,2021-09-13 02:06:21,Saigang,Kalay
16.116,96.414,4.0,3.8,ml,,,,,,th_7748,2021-09-12T05:23:03.000Z,Myanmar (Burma),Near South Coast of Myanmar,MM,Asia,earthquake,1631426072,1631424183,0,,"16.12,96.41",2021-09-12 05:23:03,2021-09-12 11:53:03,,Yangon
19.374,97.13,9.0,2.4,ml,,,,,,th_7744,2021-09-10T03:48:51.000Z,"Kayah State, Myanmar (Burma)",Myanmar,MM,Asia,earthquake,1631246257,1631245731,0,,"19.37,97.13",2021-09-10 03:48:51,2021-09-10 10:18:51,Kayah,Loikaw
16.806,94.867,10.0,3.5,ml,,,,,,th_7739,2021-09-07T20:43:16.000Z,"Ayeyarwady, Myanmar (Burma)",Near South Coast of Myanmar,MM,Asia,earthquake,1631048073,1631047396,0,,"16.81,94.87",2021-09-07 20:43:16,2021-09-08 03:13:16,Ayeyarwady,Pathein
20.662,99.31,1.0,2.2,ml,,,,,,th_7737,2021-09-07T08:01:20.000Z,"Shan, Myanmar (Burma)",Myanmar,MM,Asia,earthquake,1631002132,1631001680,0,,"20.66,99.31",2021-09-07 08:01:20,2021-09-07 14:31:20,Shan,Kengtung
21.627,100.885,10.0,2.6,ml,,,,,,th_7735,2021-09-06T00:53:38.000Z,"Shan, Myanmar (Burma)",Myanmar - China Border Region,MM,Asia,earthquake,1630891378,1630889618,1,,"21.43,100.55",2021-09-06 00:53:38,2021-09-06 07:23:38,Shan,Kengtung
20.693,100.069,1.0,1.8,ml,,,,,,th_7730,2021-09-04T17:39:11.000Z,"Mong Lin, Shan, Myanmar (Burma)",Myanmar,MM,Asia,earthquake,1630777691,1630777151,1,,"20.69,100.07",2021-09-04 17:39:11,2021-09-05 00:09:11,Shan,Kengtung
26.49,96.5,111.0,4.5,mb,,,,,,ems_202109_1031753_a2696,2021-09-05T12:14:00.000Z,"Kachin, Myanmar (Burma)",Myanmar,MM,Asia,earthquake,1630758093,1630757116,0,,"26.62,96.40",2021-09-04 12:05:16,2021-09-04 18:35:16,Kachin,Putao
20.9,96.015,10.0,3.3,ml,,,,,,th_7724,2021-09-02T08:31:32.000Z,"Mandalay Region, Myanmar (Burma)",Myanmar,MM,Asia,earthquake,1630572570,1630571492,0,,"20.90,96.02",2021-09-02 08:31:32,2021-09-02 15:01:32,Mandalay,Meiktila
20.962,98.049,10.0,2.3,ml,,,,,,th_7721,2021-09-01T20:55:28.000Z,"Shan, Myanmar (Burma)",Myanmar,MM,Asia,earthquake,1630530404,1630529728,0,,"20.96,98.05",2021-09-01 20:55:28,2021-09-02 03:25:28,Shan,Taunggyi
22.208,97.74,10.0,3.5,ml,,,,,,th_7719,2021-09-01T04:09:42.000Z,"Shan, Myanmar (Burma)",Myanmar,MM,Asia,earthquake,1630470594,1630469382,0,,"22.21,97.74",2021-09-01 04:09:42,2021-09-01 10:39:42,Shan,Hsipaw
24.376,95.716,10.0,4.1,ml,,,,,,th_7716,2021-08-31T11:00:57.000Z,"Sagaing Region, Myanmar (Burma)",Myanmar,MM,Asia,earthquake,1630409238,1630407657,0,,"24.38,95.72",2021-08-31 11:00:57,2021-08-31 17:30:57,Saigang,Bhamo
16.976,94.922,10.0,3.4,ml,,,,,,th_7713,2021-08-30T16:36:10.000Z,"Ayeyarwady, Myanmar (Burma)",Myanmar,MM,Asia,earthquake,1630342082,1630341370,0,,"16.98,94.92",2021-08-30 16:36:10,2021-08-30 23:06:10,Ayeyarwady,Pathein
20.296,98.049,10.0,2.3,ml,,,,,,th_7706,2021-08-27T18:56:24.000Z,"Shan, Myanmar (Burma)",Myanmar,MM,Asia,earthquake,1630091053,1630090584,0,,"20.30,98.05",2021-08-27 18:56:24,2021-08-28 01:26:24,Shan,Loikaw
18.048,97.486,1.0,2.2,ml,,,,,,th_7704,2021-08-27T14:04:35.000Z,"Kayin State, Myanmar (Burma)",Myanmar,MM,Asia,earthquake,1630073822,1630073075,0,,"18.05,97.49",2021-08-27 14:04:35,2021-08-27 20:34:35,Kayin,Hpa-An
20.731,97.118,9.0,4.7,ml,,,,,,th_7698,2021-08-25T06:06:14.000Z,"Shan, Myanmar (Burma)",Myanmar,MM,Asia,earthquake,1629872117,1629871574,0,,"20.73,97.12",2021-08-25 06:06:14,2021-08-25 12:36:14,Shan,Taunggyi
25.1097,96.2564,10.0,4.6,mb,,73.0,1.983,0.59,us,gfz2021qnnr,2021-08-24T21:26:59.040Z,He pan,"118km WSW of Myitkyina, Myanmar",MM,Asia,earthquake,1629772014,1629771310,1,,"25.08,96.36",2021-08-24 02:15:10,2021-08-24 08:45:10,Kachin,Myitkyina
26.0766,95.5367,208.0,3.9,ml,,,,,,in_ZHRoTEdtaFJTd09ScVV2bVZiMU00UT09,2021-08-23T10:59:47.000Z,Khoungkhao nok,"105km ESE of Mokokchung, Nagaland, India",MM,Asia,earthquake,1629717067,1629716387,0,,"26.08,95.54",2021-08-23 10:59:47,2021-08-23 17:29:47,Saigang,Myitkyina
22.27,94.81,118.0,4.5,ml,,,,,,th_7693,2021-08-22T17:14:00.000Z,"Sagaing Region, Myanmar (Burma)",Myanmar,MM,Asia,earthquake,1629635556,1629634923,0,,"22.25,94.69",2021-08-22 12:22:03,2021-08-22 18:52:03,Saigang,Monywa
21.037,98.604,5.0,2.3,ml,,,,,,th_7688,2021-08-20T18:09:35.000Z,"Shan, Myanmar (Burma)",Myanmar,MM,Asia,earthquake,1629483620,1629482975,0,,"21.04,98.60",2021-08-20 18:09:35,2021-08-21 00:39:35,Shan,Kengtung
20.443,97.916,5.0,2.9,ml,,,,,,th_7687,2021-08-20T16:51:22.000Z,"Shan, Myanmar (Burma)",Myanmar,MM,Asia,earthquake,1629479010,1629478282,0,,"20.44,97.92",2021-08-20 16:51:22,2021-08-20 23:21:22,Shan,Taunggyi
23.72,94.52,10.0,2.9,ml,,,,,,in_c3Y4aVRMbHM1bU0xOUg4R1BiVXBXZz09,2021-08-20T16:20:00.000Z,"Sagaing Region, Myanmar (Burma)",Myanmar,MM,Asia,earthquake,1629475686,1629475404,1,,"23.77,94.54",2021-08-20 16:03:24,2021-08-20 22:33:24,Saigang,Kalay
21.017,98.876,10.0,2.2,ml,,,,,,th_7686,2021-08-20T02:03:56.000Z,"Shan, Myanmar (Burma)",Myanmar,MM,Asia,earthquake,1629425845,1629425036,0,,"21.02,98.88",2021-08-20 02:03:56,2021-08-20 08:33:56,Shan,Kengtung
21.383,100.731,10.0,2.5,ml,,,,,,th_7685,2021-08-19T20:28:30.000Z,"Shan, Myanmar (Burma)",Myanmar,MM,Asia,earthquake,1629405687,1629404910,0,,"21.38,100.73",2021-08-19 20:28:30,2021-08-20 02:58:30,Shan,Kengtung
21.597,98.645,10.0,2.9,ml,,,,,,th_7684,2021-08-18T22:27:34.000Z,"Shan, Myanmar (Burma)",Myanmar,MM,Asia,earthquake,1629327275,1629325654,0,,"21.60,98.65",2021-08-18 22:27:34,2021-08-19 04:57:34,Shan,Kengtung
21.34,98.639,4.0,2.4,ml,,,,,,th_7682,2021-08-18T12:20:37.000Z,"Shan, Myanmar (Burma)",Myanmar,MM,Asia,earthquake,1629291141,1629289237,0,,"21.34,98.64",2021-08-18 12:20:37,2021-08-18 18:50:37,Shan,Kengtung
21.315,98.639,4.0,3.2,ml,,,,,,th_7681,2021-08-18T11:26:29.000Z,"Shan, Myanmar (Burma)",Myanmar,MM,Asia,earthquake,1629286567,1629285989,0,,"21.32,98.64",2021-08-18 11:26:29,2021-08-18 17:56:29,Shan,Kengtung
24.56,94.49,80.0,4.9,mb,,,,,,gfz2021qbtl,2021-08-18T06:33:00.000Z,"Sagaing Region, Myanmar (Burma)",Myanmar-india Border Region,MM,Asia,earthquake,1629215022,1629214345,1,,"24.51,94.53",2021-08-17 15:32:25,2021-08-17 22:02:25,Saigang,Kalay
20.692,100.072,3.0,2.0,ml,,,,,,th_7677,2021-08-16T20:24:25.000Z,"Mong Lin, Shan, Myanmar (Burma)",Myanmar,MM,Asia,earthquake,1629147940,1629145465,0,,"20.69,100.07",2021-08-16 20:24:25,2021-08-17 02:54:25,Shan,Kengtung
16.537,98.437,1.0,2.8,ml,,,,,,th_7676,2021-08-15T00:29:56.000Z,"Kayin State, Myanmar (Burma)",์Near South Coast of Myanmar,MM,Asia,earthquake,1628988302,1628987396,0,,"16.54,98.44",2021-08-15 00:29:56,2021-08-15 06:59:56,Kayin,Mawlamyine
20.768,100.162,1.0,2.1,ml,,,,,,th_7674,2021-08-14T14:23:46.000Z,Wan Long,Myanmar,MM,Asia,earthquake,1628951911,1628951026,0,,"20.77,100.16",2021-08-14 14:23:46,2021-08-14 20:53:46,Shan,Kengtung
17.936,96.517,10.0,3.1,ml,,,,,,th_7672,2021-08-11T21:02:28.000Z,"Hle Ku, Bago Region, Myanmar (Burma)",Myanmar,MM,Asia,earthquake,1628716417,1628715748,0,,"17.94,96.52",2021-08-11 21:02:28,2021-08-12 03:32:28,Bago,Bago
17.866,96.588,10.0,3.4,ml,,,,,,th_7673,2021-08-11T20:58:34.000Z,"Doe Tan, Bago Region, Myanmar (Burma)",Myanmar,MM,Asia,earthquake,1628716934,1628715514,0,,"17.87,96.59",2021-08-11 20:58:34,2021-08-12 03:28:34,Bago,Bago
18.974,95.315,49.0,3.7,ml,,,,,,th_7671,2021-08-11T02:17:18.000Z,Kyawtha,Myanmar,MM,Asia,earthquake,1628648945,1628648238,0,,"18.97,95.32",2021-08-11 02:17:18,2021-08-11 08:47:18,Bago,Pyay
16.416,94.008,10.0,3.8,ml,,,,,,th_7670,2021-08-10T05:50:16.000Z,Myanmar (Burma),Near South Coast of Myanmar,MM,Asia,earthquake,1628575698,1628574616,0,,"16.42,94.01",2021-08-10 05:50:16,2021-08-10 12:20:16,,Pathein
22.4193,95.825,22.02,4.8,mb,,44.0,1.991,0.45,us,th_7669,2021-08-12T00:41:11.040Z,"Shwebo, Myanmar","21km SE of Shwebo, Myanmar",MM,Asia,earthquake,1628566068,1628565493,1,,"22.41,96.14",2021-08-10 03:18:13,2021-08-10 09:48:13,Saigang,Shwebo
20.565,99.295,3.0,1.7,ml,,,,,,th_7668,2021-08-09T21:27:49.000Z,"Shan, Myanmar (Burma)",Myanmar,MM,Asia,earthquake,1628548878,1628544469,0,,"20.57,99.30",2021-08-09 21:27:49,2021-08-10 03:57:49,Shan,Kengtung
22.8311,94.4477,18.3,3.0,ml,,,,,,in_N1JLWXBzM2R6eWlRSkw4R083ZWNoUT09,2021-08-09T19:58:06.000Z,"Sagaing Region, Myanmar (Burma)","133km ESE of Champhai, Mizoram, India",MM,Asia,earthquake,1628539456,1628539086,0,,"22.83,94.45",2021-08-09 19:58:06,2021-08-10 02:28:06,Saigang,Kalay
22.445,98.938,10.0,3.3,ml,,,,,,th_7667,2021-08-09T18:29:18.000Z,Kawng Hkar,Myanmar,MM,Asia,earthquake,1628540180,1628533758,0,,"22.45,98.94",2021-08-09 18:29:18,2021-08-10 00:59:18,Shan,Lashio
20.44,92.32,10.0,4.5,ml,,,,,,th_7666,2021-08-10T09:17:00.000Z,Dar Paing Ywar Haung,Myanmar,MM,Asia,earthquake,1628524935,1628524110,1,,"20.17,92.84",2021-08-09 15:48:30,2021-08-09 22:18:30,,Sittwe
20.772,98.495,5.0,2.3,ml,,,,,,th_7664,2021-08-08T19:06:51.000Z,"Shan, Myanmar (Burma)",Myanmar,MM,Asia,earthquake,1628451760,1628449611,0,,"20.77,98.50",2021-08-08 19:06:51,2021-08-09 01:36:51,Shan,Kengtung
20.71,100.116,1.0,1.9,ml,,,,,,th_7663,2021-08-08T16:21:50.000Z,Wan Wein,Myanmar,MM,Asia,earthquake,1628442051,1628439710,0,,"20.71,100.12",2021-08-08 16:21:50,2021-08-08 22:51:50,Shan,Kengtung
20.08,97.763,2.0,2.3,ml,,,,,,th_7658,2021-08-07T10:41:20.000Z,"Shan, Myanmar (Burma)",Myanmar,MM,Asia,earthquake,1628333810,1628332880,0,,"20.08,97.76",2021-08-07 10:41:20,2021-08-07 17:11:20,Shan,Loikaw
21.42,94.72,110.0,4.5,mb,,,,,,th_7657,2021-08-07T16:16:00.000Z,"Magway Region, Myanmar (Burma)","38km WNW of Pakokku, Myanmar",MM,Asia,earthquake,1628324502,1628280966,1,,"21.38,94.69",2021-08-06 20:16:06,2021-08-07 02:46:06,Magway,Bagan
20.71,100.128,3.0,2.7,ml,,,,,,th_7656,2021-08-06T19:58:01.000Z,Tar Kyant,Myanmar,MM,Asia,earthquake,1628324483,1628279881,1,,"20.71,100.13",2021-08-06 19:58:01,2021-08-07 02:28:01,Shan,Kengtung
22.42,94.36,10.0,3.4,ml,,,,,,in_ODA2M3pUNGRXNjdrcjRwSE54OFBmdz09,2021-08-06T18:49:56.000Z,"Magway Region, Myanmar (Burma)",Myanmar,MM,Asia,earthquake,1628276110,1628275796,1,,"22.44,94.27",2021-08-06 18:49:56,2021-08-07 01:19:56,Saigang,Kalay
23.2138,94.1458,101.38,4.4,mb,,51.0,0.759,0.84,us,in_WUJQZTlYUTJheXl5bko4bjQwaGFhQT09,2021-08-07T13:09:47.040Z,,"54km SSW of Mawlaik, Myanmar",MM,Asia,earthquake,1628254945,1628254067,1,,"23.11,94.17",2021-08-06 12:47:47,2021-08-06 19:17:47,Saigang,Kalay
19.609,94.403,55.0,4.0,ml,,,,,,th_7650,2021-08-05T11:04:58.000Z,"Magway Region, Myanmar (Burma)",Myanmar,MM,Asia,earthquake,1628162789,1628161498,0,,"19.61,94.40",2021-08-05 11:04:58,2021-08-05 17:34:58,Magway,Magway
25.1147,94.9855,94.92,4.4,mb,,75.0,1.079,0.96,us,in_K05CcVRrMVh3MmkrSFRZc0tYb05OZz09,2021-08-08T03:40:03.040Z,,"78km SE of Phek, India",MM,Asia,earthquake,1628115245,1628115002,1,,"25.14,95.08",2021-08-04 22:10:02,2021-08-05 04:40:02,Saigang,Kalay
15.612,95.835,5.0,3.7,ml,,,,,,th_7645,2021-08-03T11:36:14.000Z,Myanmar (Burma),Near South Coast of Myanmar,MM,Asia,earthquake,1627993393,1627990574,0,,"15.61,95.84",2021-08-03 11:36:14,2021-08-03 18:06:14,,Yangon
21.331,98.662,10.0,2.4,ml,,,,,,th_7639,2021-08-02T21:37:25.000Z,"Shan, Myanmar (Burma)",Myanmar,MM,Asia,earthquake,1627941057,1627940245,0,,"21.33,98.66",2021-08-02 21:37:25,2021-08-03 04:07:25,Shan,Kengtung
17.087,96.727,10.0,3.2,ml,,,,,,th_7907,2021-10-31T22:44:42.000Z,Aung Pin Thar,Myanmar,MM,Asia,earthquake,1635725162,1635720282,0,,"17.09,96.73",2021-10-31 22:44:42,2021-11-01 05:14:42,Bago,Bago
18.046,96.629,10.0,3.2,ml,,,,,,th_7900,2021-10-30T21:52:13.000Z,"Pein Za Loke, Bago Region, Myanmar (Burma)",Myanmar,MM,Asia,earthquake,1635631544,1635630733,0,,"18.05,96.63",2021-10-30 21:52:13,2021-10-31 04:22:13,Bago,Bago
20.006,97.988,2.0,2.2,ml,,,,,,th_7899,2021-10-30T20:56:36.000Z,"Wan Konlang, Shan, Myanmar (Burma)",Myanmar,MM,Asia,earthquake,1635627797,1635627396,0,,"20.01,97.99",2021-10-30 20:56:36,2021-10-31 03:26:36,Shan,Loikaw
20.839,98.336,10.0,2.4,ml,,,,,,th_7892,2021-10-29T16:04:16.000Z,"Ta-kun, Shan, Myanmar (Burma)",Myanmar,MM,Asia,earthquake,1635523946,1635523456,0,,"20.84,98.34",2021-10-29 16:04:16,2021-10-29 22:34:16,Shan,Taunggyi
20.72,100.197,5.0,1.6,ml,,,,,,th_7889,2021-10-29T14:59:21.000Z,"Makka, Shan, Myanmar (Burma)",Myanmar,MM,Asia,earthquake,1635520106,1635519561,0,,"20.72,100.20",2021-10-29 14:59:21,2021-10-29 21:29:21,Shan,Kengtung
20.223,97.731,4.0,2.4,ml,,,,,,th_7884,2021-10-26T23:03:08.000Z,"Mawkmai, Shan, Myanmar (Burma)",Myanmar,MM,Asia,earthquake,1635290573,1635289388,0,,"20.22,97.73",2021-10-26 23:03:08,2021-10-27 05:33:08,Shan,Loikaw
20.59,99.521,10.0,1.7,ml,,,,,,th_7883,2021-10-26T20:02:54.000Z,"Pungtak, Shan, Myanmar (Burma)",Myanmar,MM,Asia,earthquake,1635279439,1635278574,0,,"20.59,99.52",2021-10-26 20:02:54,2021-10-27 02:32:54,Shan,Kengtung
18.83,94.331,10.0,4.0,ml,,,,,,th_7881,2021-10-26T15:51:11.000Z,Za Ywet Khon,Myanmar,MM,Asia,earthquake,1635264261,1635263471,0,,"18.83,94.33",2021-10-26 15:51:11,2021-10-26 22:21:11,Rakhine,Pyay
20.205,97.834,3.0,2.1,ml,,,,,,th_7882,2021-10-26T15:37:11.000Z,"Wan Hat, Shan, Myanmar (Burma)",Myanmar,MM,Asia,earthquake,1635266511,1635262631,0,,"20.21,97.83",2021-10-26 15:37:11,2021-10-26 22:07:11,Shan,Loikaw
24.29,96.2,10.0,3.8,ml,,,,,,in_UUg0NHZvT0Z3L04vQnpNN29xbWFXdz09,2021-10-26T11:19:53.000Z,"Na Bar, Sagaing Region, Myanmar (Burma)",Myanmar,MM,Asia,earthquake,1635247864,1635247193,0,,"24.29,96.20",2021-10-26 11:19:53,2021-10-26 17:49:53,Saigang,Bhamo
20.18,97.744,1.0,2.4,ml,,,,,,th_7872,2021-10-23T22:23:44.000Z,"Mawkmai, Shan, Myanmar (Burma)",Myanmar,MM,Asia,earthquake,1635028573,1635027824,1,,"20.18,97.74",2021-10-23 22:23:44,2021-10-24 04:53:44,Shan,Loikaw
20.126,97.801,3.0,2.3,ml,,,,,,th_7871,2021-10-23T07:13:30.000Z,"Wan Hat, Shan, Myanmar (Burma)",Myanmar,MM,Asia,earthquake,1634974249,1634973210,0,,"20.13,97.80",2021-10-23 07:13:30,2021-10-23 13:43:30,Shan,Loikaw
24.7088,96.5644,564.8,3.4,ml,,,,,,in_bUNRcE1TRUNrVFJNbExJUUpKNEFYdz09,2021-10-22T17:42:33.000Z,"Naihtu, Kachin, Myanmar (Burma)","211km E of Ukhrul, Manipur, India",MM,Asia,earthquake,1634925012,1634924553,0,,"24.71,96.56",2021-10-22 17:42:33,2021-10-23 00:12:33,Kachin,Bhamo
20.71,100.117,1.0,2.0,ml,,,,,,th_7860,2021-10-20T20:55:07.000Z,Wan Wein,Myanmar,MM,Asia,earthquake,1634763725,1634763307,1,,"20.71,100.12",2021-10-20 20:55:07,2021-10-21 03:25:07,Shan,Kengtung
21.14,99.909,10.0,1.9,ml,,,,,,th_7855,2021-10-19T22:46:34.000Z,"Wan Hsenlong, Shan, Myanmar (Burma)",Myanmar,MM,Asia,earthquake,1634683953,1634683594,0,,"21.14,99.91",2021-10-19 22:46:34,2021-10-20 05:16:34,Shan,Kengtung
19.728,97.559,2.0,2.6,ml,,,,,,th_7854,2021-10-19T15:06:38.000Z,"Daw Hsawgio, Kayah State, Myanmar (Burma)",Myanmar,MM,Asia,earthquake,1634656480,1634655998,0,,"19.73,97.56",2021-10-19 15:06:38,2021-10-19 21:36:38,Kayah,Loikaw
20.706,100.056,1.0,1.6,ml,,,,,,th_7853,2021-10-19T05:30:30.000Z,Wan Wein,Myanmar,MM,Asia,earthquake,1634622239,1634621430,0,,"20.71,100.06",2021-10-19 05:30:30,2021-10-19 12:00:30,Shan,Kengtung
19.14,96.26,23.0,3.7,ml,,,,,,th_7851,2021-10-19T00:16:10.000Z,"Kanbaukkyi, Bago Region, Myanmar (Burma)",Myanmar,MM,Asia,earthquake,1634603079,1634602570,1,,"18.96,96.28",2021-10-19 00:16:10,2021-10-19 06:46:10,Bago,Taungoo
18.038,97.469,10.0,2.3,ml,,,,,,th_7842,2021-10-17T17:40:41.000Z,"Hpapun, Kayin State, Myanmar (Burma)",Myanmar,MM,Asia,earthquake,1634493245,1634492441,0,,"18.04,97.47",2021-10-17 17:40:41,2021-10-18 00:10:41,Kayin,Hpa-An
20.665,99.046,10.0,2.0,ml,,,,,,th_7838,2021-10-17T08:19:30.000Z,"Wan Loi-hkawk, Shan, Myanmar (Burma)",Myanmar,MM,Asia,earthquake,1634459490,1634458770,0,,"20.67,99.05",2021-10-17 08:19:30,2021-10-17 14:49:30,Shan,Kengtung
19.1,96.647,10.0,2.5,ml,,,,,,th_7839,2021-10-17T08:06:29.000Z,Taw Pyar Gale,Myanmar,MM,Asia,earthquake,1634460004,1634457989,0,,"19.10,96.65",2021-10-17 08:06:29,2021-10-17 14:36:29,Kayin,Taungoo
26.77,96.3,80.0,3.7,ml,,,,,,in_WkpqWU82eWNzSTBKQjhyd0xXeHZDQT09,2021-10-16T20:20:00.000Z,"Shin Bway Yang, Kachin, Myanmar (Burma)","114km SSW of Changlang, Arunachal Pradesh, India",MM,Asia,earthquake,1634415071,1634414750,0,,"26.76,96.28",2021-10-16 20:05:50,2021-10-17 02:35:50,Kachin,Putao
20.183,97.741,1.0,2.3,ml,,,,,,th_7836,2021-10-13T18:57:47.000Z,"Mawkmai, Shan, Myanmar (Burma)",Myanmar,MM,Asia,earthquake,1634152320,1634151467,0,,"20.18,97.74",2021-10-13 18:57:47,2021-10-14 01:27:47,Shan,Loikaw
20.155,97.748,2.0,3.4,ml,,,,,,th_7835,2021-10-13T18:54:00.000Z,"Mawkmai, Shan, Myanmar (Burma)",Myanmar,MM,Asia,earthquake,1634151531,1634151240,0,,"20.16,97.75",2021-10-13 18:54:00,2021-10-14 01:24:00,Shan,Loikaw
14.51,96.82,10.0,3.7,ml,,,,,,th_7829,2021-10-11T04:55:00.000Z,Myanmar (Burma),"Andaman Islands, India Region",MM,Asia,earthquake,1633928109,1633926512,0,,"14.51,96.82",2021-10-11 04:28:32,2021-10-11 10:58:32,,Dawei
18.044,97.588,8.0,2.9,ml,,,,,,th_7828,2021-10-10T11:07:51.000Z,"Kayin State, Myanmar (Burma)",Myanmar,MM,Asia,earthquake,1633864802,1633864071,0,,"18.04,97.59",2021-10-10 11:07:51,2021-10-10 17:37:51,Kayin,Hpa-An
16.018,95.985,7.0,3.4,ml,,,,,,th_7827,2021-10-10T08:35:28.000Z,Myanmar (Burma),Near South Coast of Myanmar,MM,Asia,earthquake,1633856465,1633854928,0,,"16.02,95.99",2021-10-10 08:35:28,2021-10-10 15:05:28,,Yangon
19.257,97.499,2.0,2.4,ml,,,,,,th_7826,2021-10-10T00:33:11.000Z,Paw Khi Ta,Myanmar,MM,Asia,earthquake,1633826799,1633825991,0,,"19.26,97.50",2021-10-10 00:33:11,2021-10-10 07:03:11,Kayah,Loikaw
21.11,93.22,71.0,3.9,ml,,,,,,in_NzZPM0xhbFhIK3BEYndZeDNmckttdz09,2021-10-09T16:05:17.000Z,Ei Wa,Myanmar,MM,Asia,earthquake,1633796311,1633795517,0,,"21.11,93.22",2021-10-09 16:05:17,2021-10-09 22:35:17,Chin,Hakha
18.981,97.637,1.0,1.9,ml,,,,,,th_7821,2021-10-08T16:54:49.000Z,,Myanmar,MM,Asia,earthquake,1633712737,1633712089,0,,"18.98,97.64",2021-10-08 16:54:49,2021-10-08 23:24:49,Kayah,Loikaw
22.3148,94.7755,110.0,5.5,mww,,23.0,1.135,0.8,us,ems_202110_1045346_w2294,2021-10-09T17:45:07.935Z,,"43km WNW of Monywa, Myanmar",MM,Asia,earthquake,1633631843,1633631283,1,,"22.25,94.72",2021-10-07 18:28:03,2021-10-08 00:58:03,Saigang,Monywa
21.022,98.041,10.0,2.3,ml,,,,,,th_7818,2021-10-06T21:14:25.000Z,"Tatpük, Shan, Myanmar (Burma)",Myanmar,MM,Asia,earthquake,1633556131,1633554865,0,,"21.02,98.04",2021-10-06 21:14:25,2021-10-07 03:44:25,Shan,Taunggyi
20.412,98.21,1.0,2.4,ml,,,,,,th_7817,2021-10-06T12:13:49.000Z,"Shan, Myanmar (Burma)",Myanmar,MM,Asia,earthquake,1633523571,1633522429,0,,"20.41,98.21",2021-10-06 12:13:49,2021-10-06 18:43:49,Shan,Taunggyi
24.887,96.34,10.0,3.7,ml,,,,,,th_7815,2021-10-05T22:13:52.000Z,"Kachin, Myanmar (Burma)",Myanmar,MM,Asia,earthquake,1633472988,1633472032,0,,"24.89,96.34",2021-10-05 22:13:52,2021-10-06 04:43:52,Kachin,Bhamo
25.23,95.03,10.0,3.8,ml,,,,,,in_T2FwMVhXMUJSd1k3blkrSmRDSWRrdz09,2021-10-05T08:06:00.000Z,"Sagaing Region, Myanmar (Burma)",Myanmar,MM,Asia,earthquake,1633420944,1633420190,0,,"25.23,95.03",2021-10-05 07:49:50,2021-10-05 14:19:50,Saigang,Myitkyina
20.589,99.854,1.0,1.9,ml,,,,,,th_7812,2021-10-04T14:38:08.000Z,"Pang Hsi-li-hkam, Shan, Myanmar (Burma)",Myanmar,MM,Asia,earthquake,1633358740,1633358288,0,,"20.59,99.85",2021-10-04 14:38:08,2021-10-04 21:08:08,Shan,Kengtung
24.9292,96.3874,10.0,4.1,mb,,164.0,2.023,0.25,us,in_cWY1dVBjNmYvOExtMm9WRDJSeHB1dz09,2021-10-02T22:27:02.040Z,"Kangon, Kachin, Myanmar (Burma)","113km WSW of Myitkyina, Myanmar",MM,Asia,earthquake,1633212797,1633212102,0,,"24.71,96.59",2021-10-02 22:01:42,2021-10-03 04:31:42,Kachin,Bhamo
21.62,94.37,55.0,3.9,ml,,,,,,in_KzhrWU8zeExzeFowbFJhcTkrWTVWdz09,2021-10-02T11:03:14.000Z,"Zee Pyar, Magway Region, Myanmar (Burma)",Myanmar,MM,Asia,earthquake,1633173251,1633172594,0,,"21.62,94.37",2021-10-02 11:03:14,2021-10-02 17:33:14,Magway,Bagan
25.46,95.3,10.0,3.8,ml,,,,,,in_R1ozaTMzczhEVXZIVGw1RXF1QmRvdz09,2021-10-01T05:10:00.000Z,"Minsin, Sagaing Region, Myanmar (Burma)",Myanmar,MM,Asia,earthquake,1633064955,1633064251,0,,"25.46,95.30",2021-10-01 04:57:31,2021-10-01 11:27:31,Saigang,Myitkyina
20.5276,94.0807,57.69,4.4,mb,,160.0,2.071,0.68,us,us6000g7qn,2021-11-29T21:41:32.040Z,,"82km W of Yenangyaung, Myanmar",MM,Asia,earthquake,1638222111,1638220926,0,,"20.53,94.08",2021-11-29 21:22:06,2021-11-30 03:52:06,Magway,Magway
22.8125,93.4533,55.11,4.4,mb,,72.0,1.677,0.47,us,ems_202111_1067836_a2293,2021-12-05T19:48:50.040Z,"Hakha, Myanmar","24km NW of Hakha, Myanmar",MM,Asia,earthquake,1638192958,1638192266,1,,"22.83,93.29",2021-11-29 13:24:26,2021-11-29 19:54:26,Chin,Kalay
24.2,94.69,91.0,4.5,mb,,,,,,th_7975,2021-11-29T09:53:00.000Z,"Sawkaw, Sagaing Region, Myanmar (Burma)",Myanmar-india Border Region,MM,Asia,earthquake,1638120714,1638120082,1,,"24.17,94.59",2021-11-28 17:21:22,2021-11-28 23:51:22,Saigang,Kalay
26.9941,96.5108,10.0,4.3,mb,,96.0,6.216,0.99,us,in_b1NmTDlzQThydFZiTDlUNjF1S25hdz09,2021-11-28T19:53:11.040Z,"Ngalung Ga, Sagaing Region, Myanmar (Burma)","89km ESE of Margherita, India",MM,Asia,earthquake,1638119365,1638118941,1,,"27.05,96.45",2021-11-28 17:02:21,2021-11-28 23:32:21,Saigang,Putao
23.5533,94.0667,69.24,4.3,mb,,97.0,0.706,0.96,us,in_ZEk5NUlyQWVGN3pwellVNXJYbkphQT09,2021-12-02T23:55:39.040Z,"Mawlaik, Myanmar","35km WSW of Mawlaik, Myanmar",MM,Asia,earthquake,1638066260,1638065934,1,,"23.64,94.03",2021-11-28 02:18:54,2021-11-28 08:48:54,Saigang,Kalay
27.03,96.24,10.0,4.6,mb,,,,,,ems_202111_1067186_a2796,2021-11-28T11:35:00.000Z,Yaung Ngway,Myanmar-india Border Region,MM,Asia,earthquake,1638064304,1638063170,1,,"27.09,96.26",2021-11-28 01:32:50,2021-11-28 08:02:50,Saigang,Putao
22.77,93.38,46.0,3.6,ml,,,,,,in_UHQ5aUNEQkpZUWxNQjFyaWJEdGtadz09,2021-11-27T21:35:00.000Z,"Khua Fo, Chin State, Myanmar (Burma)",Myanmar,MM,Asia,earthquake,1638048313,1638048028,0,,"22.85,93.70",2021-11-27 21:20:28,2021-11-28 03:50:28,Chin,Kalay
22.82,93.42,28.0,3.2,ml,,,,,,in_czAzV2hBeEpSR1RqTzFiUGtzMzU4Zz09,2021-11-27T20:45:00.000Z,,"70km S of Champhai, Mizoram, India",MM,Asia,earthquake,1638045371,1638045039,0,,"22.83,93.41",2021-11-27 20:30:39,2021-11-28 03:00:39,Chin,Kalay
22.8,93.31,53.0,4.2,ml,,,,,,ems_202111_1066974_a2293,2021-11-27T10:05:00.000Z,"Hmunlipi, Chin State, Myanmar (Burma)",Myanmar-india Border Region,MM,Asia,earthquake,1638007578,1638006436,0,,"22.80,93.31",2021-11-27 09:47:16,2021-11-27 16:17:16,Chin,Kalay
20.618,99.855,1.0,1.9,ml,,,,,,th_7970,2021-11-26T21:39:07.000Z,"Wan Hsenhkampeng, Shan, Myanmar (Burma)",Myanmar,MM,Asia,earthquake,1637964174,1637962747,0,,"20.62,99.86",2021-11-26 21:39:07,2021-11-27 04:09:07,Shan,Kengtung
22.7112,93.4183,31.5,2.9,ml,,,,,,in_Q25vNXp3cGJYcERtZ2I2TEdRWlZFZz09,2021-11-26T21:29:54.000Z,,"83km S of Champhai, Mizoram, India",MM,Asia,earthquake,1637962567,1637962194,0,,"22.71,93.42",2021-11-26 21:29:54,2021-11-27 03:59:54,Chin,Hakha
21.043,98.464,10.0,2.6,ml,,,,,,th_7969,2021-11-26T19:26:39.000Z,"Keng Hkam, Shan, Myanmar (Burma)",Myanmar,MM,Asia,earthquake,1637961962,1637954799,0,,"21.04,98.46",2021-11-26 19:26:39,2021-11-27 01:56:39,Shan,Kengtung
21.154,98.399,10.0,3.0,ml,,,,,,th_7968,2021-11-26T03:38:23.000Z,"Wan Lao, Shan, Myanmar (Burma)",Myanmar,MM,Asia,earthquake,1637903121,1637897903,0,,"21.15,98.40",2021-11-26 03:38:23,2021-11-26 10:08:23,Shan,Kengtung
22.63,93.42,10.0,3.3,ml,,,,,,in_OGxiNmwwNjNkS1lnRjIrdkNHV09yUT09,2021-11-26T02:45:00.000Z,"Thantlang, Chin State, Myanmar (Burma)",Myanmar,MM,Asia,earthquake,1637894687,1637893857,0,,"22.63,93.42",2021-11-26 02:30:57,2021-11-26 09:00:57,Chin,Hakha
22.89,93.52,12.0,3.1,ml,,,,,,in_UXlPa0hVOERETHVOalN5N1lST2RUZz09,2021-11-26T00:40:00.000Z,bomba,Myanmar-india Border Region,MM,Asia,earthquake,1637886486,1637886219,0,,"23.03,93.52",2021-11-26 00:23:39,2021-11-26 06:53:39,Chin,Kalay
22.81,93.5248,42.45,6.2,mww,,21.0,3.842,0.83,us,gfz2021xdca,2021-12-02T16:38:58.310Z,"Falam, Myanmar","19km SW of Falam, Myanmar",MM,Asia,earthquake,1637884374,1637883941,1,,"22.75,93.44",2021-11-25 23:45:41,2021-11-26 06:15:41,Chin,Kalay
20.358,97.982,1.0,2.3,ml,,,,,,th_7966,2021-11-25T22:26:04.000Z,"Langkho, Shan, Myanmar (Burma)",Myanmar,MM,Asia,earthquake,1637879991,1637879164,0,,"20.36,97.98",2021-11-25 22:26:04,2021-11-26 04:56:04,Shan,Taunggyi
23.7,94.1,10.0,2.6,ml,,,,,,in_NGxZMUIwamxGcU10L2RBeFZRV1duQT09,2021-11-24T18:11:00.000Z,"Leikan, Chin State, Myanmar (Burma)",Myanmar,MM,Asia,earthquake,1637776987,1637776713,0,,"23.63,94.13",2021-11-24 17:58:33,2021-11-25 00:28:33,Chin,Kalay
20.5077,94.6536,162.4,3.8,ml,,,,,,in_T012MnlRZ2RaUDh2bU1XRWk3SGRNQT09,2021-11-24T15:35:22.000Z,တောစိမ့် ကျေးရွာ,"199km WSW of Ywangan, Myanmar",MM,Asia,earthquake,1637768412,1637768122,0,,"20.51,94.65",2021-11-24 15:35:22,2021-11-24 22:05:22,Magway,Magway
21.687,98.38,10.0,3.1,ml,,,,,,th_7962,2021-11-21T22:52:01.000Z,"Mongsan, Shan, Myanmar (Burma)",Myanmar,MM,Asia,earthquake,1637535571,1637535121,0,,"21.69,98.38",2021-11-21 22:52:01,2021-11-22 05:22:01,Shan,Kengtung
20.608,99.567,1.0,2.1,ml,,,,,,th_7961,2021-11-21T21:00:24.000Z,"Pungtak, Shan, Myanmar (Burma)",Myanmar,MM,Asia,earthquake,1637529372,1637528424,0,,"20.61,99.57",2021-11-21 21:00:24,2021-11-22 03:30:24,Shan,Kengtung
20.573,99.907,2.0,2.3,ml,,,,,,th_7960,2021-11-21T02:28:55.000Z,"Tachileik, Shan, Myanmar (Burma)",Myanmar,MM,Asia,earthquake,1637462462,1637461735,0,,"20.57,99.91",2021-11-21 02:28:55,2021-11-21 08:58:55,Shan,Kengtung
24.6,95.16,131.0,4.5,mb,,,,,,th_7958,2021-11-20T16:42:00.000Z,"Nawnghkun, Sagaing Region, Myanmar (Burma)",Myanmar,MM,Asia,earthquake,1637407155,1637406738,1,,"24.76,95.12",2021-11-20 11:12:18,2021-11-20 17:42:18,Saigang,Kalay
22.72,93.39,20.0,3.7,ml,,,,,,in_OFU3WnU2TWtFNDNveHF1VEIremIzZz09,2021-11-17T15:16:00.000Z,"Thantlang, Chin State, Myanmar (Burma)",Myanmar,MM,Asia,earthquake,1637162016,1637161495,0,,"22.72,93.39",2021-11-17 15:04:55,2021-11-17 21:34:55,Chin,Hakha
24.75,94.95,10.0,3.2,ml,,,,,,in_VGJDZ2hXbVRacm0zMXl5dHB1K2RhZz09,2021-11-15T19:40:00.000Z,"Nawngsansaing, Sagaing Region, Myanmar (Burma)",Myanmar,MM,Asia,earthquake,1637004981,1637004261,0,,"24.75,94.95",2021-11-15 19:24:21,2021-11-16 01:54:21,Saigang,Kalay
21.102,100.421,1.0,2.1,ml,,,,,,th_7939,2021-11-15T18:20:26.000Z,Wān Tawng,Myanmar,MM,Asia,earthquake,1637001165,1637000426,0,,"21.10,100.42",2021-11-15 18:20:26,2021-11-16 00:50:26,Shan,Kengtung
20.619,99.9,1.0,1.6,ml,,,,,,th_7938,2021-11-15T14:34:23.000Z,"Tachileik, Shan, Myanmar (Burma)",Myanmar,MM,Asia,earthquake,1636987502,1636986863,0,,"20.62,99.90",2021-11-15 14:34:23,2021-11-15 21:04:23,Shan,Kengtung
24.9298,96.3244,10.0,3.6,ml,,,,,,in_NDNZcnY1d1JsZml2MzNOSE5yVkxzZz09,2021-11-15T13:53:33.000Z,"Nam Mun, Kachin, Myanmar (Burma)","186km E of Ukhrul, Manipur, India",MM,Asia,earthquake,1636984761,1636984413,0,,"24.93,96.32",2021-11-15 13:53:33,2021-11-15 20:23:33,Kachin,Bhamo
15.314,96.464,27.0,4.1,ml,,,,,,th_7937,2021-11-15T08:30:49.000Z,,Near South Coast of Myanmar,MM,Asia,earthquake,1636965710,1636965049,0,,"15.31,96.46",2021-11-15 08:30:49,2021-11-15 15:00:49,,Yangon
20.499,99.512,2.0,1.8,ml,,,,,,th_7936,2021-11-14T15:52:52.000Z,"Möng Tum, Shan, Myanmar (Burma)",Myanmar,MM,Asia,earthquake,1636905548,1636905172,0,,"20.50,99.51",2021-11-14 15:52:52,2021-11-14 22:22:52,Shan,Kengtung
20.166,97.941,2.0,2.7,ml,,,,,,th_7935,2021-11-14T12:59:43.000Z,"Wan Hwè-ning, Shan, Myanmar (Burma)",Myanmar,MM,Asia,earthquake,1636895265,1636894783,0,,"20.17,97.94",2021-11-14 12:59:43,2021-11-14 19:29:43,Shan,Loikaw
26.58,95.61,30.0,3.4,ml,,,,,,in_a3MvSXFueGc3RG9BT3pkbEU2WXMvdz09,2021-11-13T00:51:00.000Z,Taw Ke,Myanmar,MM,Asia,earthquake,1636764429,1636764147,0,,"26.59,95.38",2021-11-13 00:42:27,2021-11-13 07:12:27,Saigang,Putao
25.4131,96.6119,21.46,4.3,mb,,88.0,4.3,0.57,us,th_7933,2021-11-12T19:41:43.040Z,,"79km W of Myitkyina, Myanmar",MM,Asia,earthquake,1636740983,1636739297,1,,"25.13,96.81",2021-11-12 17:48:17,2021-11-13 00:18:17,Kachin,Myitkyina
20.041,97.821,3.0,2.8,ml,,,,,,th_7930,2021-11-11T19:46:28.000Z,"Wan Kongpao, Shan, Myanmar (Burma)",Myanmar,MM,Asia,earthquake,1636660439,1636659988,0,,"20.04,97.82",2021-11-11 19:46:28,2021-11-12 02:16:28,Shan,Loikaw
26.79,96.26,105.0,4.4,ml,,,,,,ems_202111_1060303_a2696,2021-11-10T06:25:00.000Z,"Shin Bway Yang, Kachin, Myanmar (Burma)",Myanmar,MM,Asia,earthquake,1636525580,1636524839,0,,"26.79,96.26",2021-11-10 06:13:59,2021-11-10 12:43:59,Kachin,Putao
21.058,98.447,10.0,2.6,ml,,,,,,th_7925,2021-11-09T13:16:05.000Z,"Keng Hkam, Shan, Myanmar (Burma)",Myanmar,MM,Asia,earthquake,1636472346,1636463765,0,,"21.06,98.45",2021-11-09 13:16:05,2021-11-09 19:46:05,Shan,Kengtung
25.29,94.8,74.0,4.3,mb,,,,,,in_SjVSaXFtUE45QWg3cG0rTGRYRzRSQT09,2021-11-09T14:27:00.000Z,"Kawlkang, Sagaing Region, Myanmar (Burma)",Myanmar-india Border Region,MM,Asia,earthquake,1636431730,1636431443,1,,"25.34,95.03",2021-11-09 04:17:23,2021-11-09 10:47:23,Saigang,Kalay
18.843,97.213,3.0,2.6,ml,,,,,,th_7923,2021-11-09T02:45:44.000Z,"Mawchi, Kayah State, Myanmar (Burma)",Myanmar,MM,Asia,earthquake,1636426500,1636425944,0,,"18.84,97.21",2021-11-09 02:45:44,2021-11-09 09:15:44,Kayah,Taungoo
24.74,95.2,121.0,4.5,mb,,,,,,th_7921,2021-11-08T09:18:00.000Z,"Wāngjing, India",Myanmar,MM,Asia,earthquake,1636338571,1636337913,1,,"24.80,95.06",2021-11-08 02:18:33,2021-11-08 08:48:33,Saigang,Kalay
20.617,99.883,4.0,3.1,ml,,,,,,th_7919,2021-11-07T22:37:55.000Z,"Tachileik, Shan, Myanmar (Burma)",Myanmar,MM,Asia,earthquake,1636325271,1636324675,0,,"20.62,99.88",2021-11-07 22:37:55,2021-11-08 05:07:55,Shan,Kengtung
23.57,94.5,30.0,3.3,ml,,,,,,in_N1BKejNGbzJHRjlYWER2ZnJ3aXhrZz09,2021-11-07T12:11:00.000Z,Thickaegyin Village,Myanmar,MM,Asia,earthquake,1636286108,1636285777,1,,"23.64,94.62",2021-11-07 11:49:37,2021-11-07 18:19:37,Saigang,Kalay
24.2243,94.8334,107.01,4.4,mb,,106.0,0.486,0.9,us,th_7916,2021-11-06T17:21:38.040Z,,"77km NE of Mawlaik, Myanmar",MM,Asia,earthquake,1636204719,1636204156,0,,"23.92,95.03",2021-11-06 13:09:16,2021-11-06 19:39:16,Saigang,Kalay
20.884,99.895,1.0,2.9,ml,,,,,,th_7915,2021-11-06T08:44:28.000Z,Wān Hwè,Myanmar,MM,Asia,earthquake,1636188708,1636188268,0,,"20.88,99.90",2021-11-06 08:44:28,2021-11-06 15:14:28,Shan,Kengtung
21.179,98.51,5.0,2.5,ml,,,,,,th_7914,2021-11-04T16:17:47.000Z,"Nar Keng, Shan, Myanmar (Burma)",Myanmar,MM,Asia,earthquake,1636043694,1636042667,0,,"21.18,98.51",2021-11-04 16:17:47,2021-11-04 22:47:47,Shan,Kengtung
24.4359,97.4489,108.0,3.9,ml,,,,,,in_YzliU0FzalVRM0Z5WGxwUjhQT3phQT09,2021-11-04T08:11:52.000Z,"Myo Thit, Kachin, Myanmar (Burma)","305km E of Ukhrul, Manipur, India",MM,Asia,earthquake,1636019830,1636013512,0,,"24.44,97.45",2021-11-04 08:11:52,2021-11-04 14:41:52,Kachin,Bhamo
17.373,98.098,7.0,2.4,ml,,,,,,th_7913,2021-11-03T17:01:26.000Z,"Khaledi, Kayin State, Myanmar (Burma)",Myanmar,MM,Asia,earthquake,1635959505,1635958886,0,,"17.37,98.10",2021-11-03 17:01:26,2021-11-03 23:31:26,Kayin,Hpa-An
19.13,96.737,5.0,3.1,ml,,,,,,th_7912,2021-11-03T13:26:40.000Z,"Kalamuchi, Kayin State, Myanmar (Burma)",Myanmar,MM,Asia,earthquake,1635946469,1635946000,0,,"19.13,96.74",2021-11-03 13:26:40,2021-11-03 19:56:40,Kayin,Taungoo
26.6453,96.7986,10.0,4.8,mb,,39.0,3.299,0.48,us,gfz2021vmhd,2021-11-07T19:16:57.566Z,,"48km N of Sarupathar, India",MM,Asia,earthquake,1635860420,1635859771,1,,"26.68,96.74",2021-11-02 13:29:31,2021-11-02 19:59:31,Kachin,Putao
24.77,95.08,73.0,3.6,ml,,,,,,in_ZUw4ZDNvM1ZWOFFYNkhWeHNsMCtxQT09,2021-11-02T12:56:00.000Z,"Nawngpu-Awng, Sagaing Region, Myanmar (Burma)",Myanmar,MM,Asia,earthquake,1635857478,1635857157,0,,"24.79,95.12",2021-11-02 12:45:57,2021-11-02 19:15:57,Saigang,Kalay
22.098,99.157,10.0,3.1,ml,,,,,,th_8129_202112312334,2021-12-31T23:34:52.000Z,"Man Pangkun, Shan, Myanmar (Burma)",Myanmar,MM,Asia,earthquake,1640994589,1640993692,0,,"22.10,99.16",2021-12-31 23:34:52,2022-01-01 06:04:52,Shan,Kengtung
21.301,100.977,10.0,2.6,ml,,,,,,th_8127_202112311934,2021-12-31T19:34:15.000Z,,Myanmar - Laos Border Region,MM,Asia,earthquake,1640980349,1640979255,0,,"21.30,100.98",2021-12-31 19:34:15,2022-01-01 02:04:15,,Kengtung
20.107,97.874,2.0,2.0,ml,,,,,,th_8115_202112292204,2021-12-29T22:04:24.000Z,,Myanmar,MM,Asia,earthquake,1640816428,1640815464,0,,"20.11,97.87",2021-12-29 22:04:24,2021-12-30 04:34:24,Shan,Loikaw
20.046,97.857,1.0,2.1,ml,,,,,,th_8114_202112292202,2021-12-29T22:02:16.000Z,,Myanmar,MM,Asia,earthquake,1640815886,1640815336,0,,"20.05,97.86",2021-12-29 22:02:16,2021-12-30 04:32:16,Shan,Loikaw
23.1544,93.9417,166.6,3.5,ml,,,,,,in_Sk8xaEk2RmVOZ2wrS0VIcXdqdGEydz09,2021-12-29T13:15:54.000Z,,"71km ESE of Champhai, Mizoram, India",MM,Asia,earthquake,1640784193,1640783754,0,,"23.15,93.94",2021-12-29 13:15:54,2021-12-29 19:45:54,Chin,Kalay
19.925,97.871,5.0,2.4,ml,,,,,,th_8105_202112281318,2021-12-28T13:18:23.000Z,"Ta Öngmu, Shan, Myanmar (Burma)",Myanmar,MM,Asia,earthquake,1640698044,1640697503,0,,"19.93,97.87",2021-12-28 13:18:23,2021-12-28 19:48:23,Shan,Loikaw
22.92,94.08,10.0,4.7,mb,,,,,,gfz2021zjhd,2021-12-28T09:37:00.000Z,"Thangphu, Sagaing Region, Myanmar (Burma)",Myanmar,MM,Asia,earthquake,1640636736,1640635993,0,,"22.76,93.90",2021-12-27 20:13:13,2021-12-28 02:43:13,Saigang,Kalay
19.633,96.126,1.0,2.7,ml,,,,,,th_8099_202112271600,2021-12-27T16:00:19.000Z,"Yae-o-Zin, Naypyidaw Union Territory, Myanmar (Burma)",Myanmar,MM,Asia,earthquake,1640621270,1640620819,0,,"19.63,96.13",2021-12-27 16:00:19,2021-12-27 22:30:19,Mandalay,Nay Pyi Taw
19.592,96.094,7.0,2.8,ml,,,,,,th_8098_202112271527,2021-12-27T15:27:24.000Z,Inbintha,Myanmar,MM,Asia,earthquake,1640619409,1640618844,0,,"19.59,96.09",2021-12-27 15:27:24,2021-12-27 21:57:24,Mandalay,Naypyidaw
23.09,94.27,10.0,2.9,ml,,,,,,in_eUlSQk5vNVZQNlZ2eUVuN1R5cXBGUT09,2021-12-26T17:30:00.000Z,"Kalewa, Sagaing Region, Myanmar (Burma)",Myanmar,MM,Asia,earthquake,1640539510,1640539201,1,,"23.16,94.28",2021-12-26 17:20:01,2021-12-26 23:50:01,Saigang,Kalay
18.469,96.263,10.0,2.8,ml,,,,,,th_8087_202112251515,2021-12-25T15:15:51.000Z,"Kayuchaung, Bago Region, Myanmar (Burma)",Myanmar,MM,Asia,earthquake,1640448130,1640445351,0,,"18.47,96.26",2021-12-25 15:15:51,2021-12-25 21:45:51,Bago,Taungoo
21.113,98.47,10.0,3.4,ml,,,,,,th_8080_202112250553,2021-12-25T05:53:29.000Z,,Myanmar,MM,Asia,earthquake,1640412528,1640411609,0,,"21.11,98.47",2021-12-25 05:53:29,2021-12-25 12:23:29,Shan,Kengtung
18.568,96.531,3.0,3.0,ml,,,,,,th_8067_202112241620,2021-12-24T16:20:21.000Z,"Oakphyat, Bago Region, Myanmar (Burma)",Myanmar,MM,Asia,earthquake,1640363402,1640362821,0,,"18.57,96.53",2021-12-24 16:20:21,2021-12-24 22:50:21,Bago,Taungoo
22.54,94.55,65.0,3.6,ml,,,,,,in_V256VDJEaldSVllWTy9EdUZpOHgyQT09,2021-12-24T13:22:31.000Z,,Myanmar,MM,Asia,earthquake,1640352718,1640352151,0,,"22.54,94.55",2021-12-24 13:22:31,2021-12-24 19:52:31,Saigang,Kalay
18.4855,96.2654,10.0,4.2,mb,,158.0,1.291,0.48,us,us6000gf1u,2021-12-24T13:10:16.040Z,"Pyu, Myanmar","18km W of Pyu, Myanmar",MM,Asia,earthquake,1640351428,1640350049,0,,"18.49,96.27",2021-12-24 12:47:29,2021-12-24 19:17:29,Bago,Taungoo
19.826,98.189,5.0,2.1,ml,,,,,,th_8054_202112231504,2021-12-23T15:04:18.000Z,,Myanmar,MM,Asia,earthquake,1640272311,1640271858,0,,"19.83,98.19",2021-12-23 15:04:18,2021-12-23 21:34:18,Shan,Loikaw
19.784,98.219,3.0,2.0,ml,,,,,,th_8050_202112221459,2021-12-22T14:59:26.000Z,"Loi Tai Leng, Shan, Myanmar (Burma)",Myanmar,MM,Asia,earthquake,1640186003,1640185166,1,,"19.78,98.22",2021-12-22 14:59:26,2021-12-22 21:29:26,Shan,Loikaw
20.53,98.77,10.0,3.5,ml,,,,,,th_8046_202112212226,2021-12-21T22:45:00.000Z,"Kang Nai, Shan, Myanmar (Burma)",Myanmar,MM,Asia,earthquake,1640126613,1640125598,0,,"20.53,98.77",2021-12-21 22:26:38,2021-12-22 04:56:38,Shan,Kengtung
19.788,98.221,1.0,2.0,ml,,,,,,th_8043_202112212119,2021-12-21T21:19:15.000Z,"Loi Tai Leng, Shan, Myanmar (Burma)",Myanmar,MM,Asia,earthquake,1640122216,1640121555,0,,"19.79,98.22",2021-12-21 21:19:15,2021-12-22 03:49:15,Shan,Loikaw
19.822,98.236,1.0,3.0,ml,,,,,,th_8041_202112212058,2021-12-21T20:58:34.000Z,"Loi Tai Leng, Shan, Myanmar (Burma)",Myanmar,MM,Asia,earthquake,1640121108,1640120314,0,,"19.82,98.24",2021-12-21 20:58:34,2021-12-22 03:28:34,Shan,Loikaw
18.652,97.469,10.0,2.7,ml,,,,,,th_8038_202112211450,2021-12-21T14:50:55.000Z,"Mei Se Nan, Kayah State, Myanmar (Burma)",Myanmar,MM,Asia,earthquake,1640099067,1640098255,0,,"18.65,97.47",2021-12-21 14:50:55,2021-12-21 21:20:55,Kayah,Taungoo
20.166,97.799,10.0,2.3,ml,,,,,,th_8037_202112211047,2021-12-21T10:47:55.000Z,"Wan Hat, Shan, Myanmar (Burma)",Myanmar,MM,Asia,earthquake,1640084300,1640083675,0,,"20.17,97.80",2021-12-21 10:47:55,2021-12-21 17:17:55,Shan,Loikaw
27.55,97.0,35.0,4.6,mb,,,,,,ems_202112_1079508_a2797,2021-12-21T08:09:00.000Z,"Ziradum, Kachin, Myanmar (Burma)",Myanmar-india Border Region,MM,Asia,earthquake,1640063815,1640063054,0,,"27.64,97.08",2021-12-21 05:04:14,2021-12-21 11:34:14,Kachin,Putao
21.308,99.308,10.0,2.4,ml,,,,,,th_8035_202112210119,2021-12-21T01:19:33.000Z,"Tong Tar, Shan, Myanmar (Burma)",Myanmar,MM,Asia,earthquake,1640050383,1640049573,0,,"21.31,99.31",2021-12-21 01:19:33,2021-12-21 07:49:33,Shan,Kengtung
24.36,94.53,76.0,3.3,ml,,,,,,in_NEdQV1pZNTFCL2JFVTY3eFFqak5Rdz09,2021-12-20T18:20:00.000Z,"Naungketsha, Sagaing Region, Myanmar (Burma)",Myanmar-india Border Region,MM,Asia,earthquake,1640022620,1640022331,0,,"24.25,94.47",2021-12-20 17:45:31,2021-12-21 00:15:31,Saigang,Kalay
17.978,96.172,10.0,3.7,ml,,,,,,th_8028_202112201444,2021-12-20T14:44:46.000Z,"Foucar's, Bago Region, Myanmar (Burma)",Myanmar,MM,Asia,earthquake,1640012232,1640011486,0,,"17.98,96.17",2021-12-20 14:44:46,2021-12-20 21:14:46,Bago,Bago
18.735,96.612,10.0,2.3,ml,,,,,,th_8018_202112171827,2021-12-17T18:27:16.000Z,,Myanmar,MM,Asia,earthquake,1639779394,1639765636,0,,"18.74,96.61",2021-12-17 18:27:16,2021-12-18 00:57:16,Kayin,Taungoo
23.18,93.85,60.0,4.2,ml,,,,,,ems_202112_1078001_a2393,2021-12-17T07:40:00.000Z,"Theizang, Chin State, Myanmar (Burma)",Myanmar-india Border Region,MM,Asia,earthquake,1639686704,1639685599,1,,"23.14,93.76",2021-12-16 20:13:19,2021-12-17 02:43:19,Chin,Kalay
15.173,95.562,10.0,3.2,ml,,,,,,th_8012_202112152013,2021-12-15T20:13:34.000Z,,Near South Coast of Myanmar,MM,Asia,earthquake,1639600304,1639599214,0,,"15.17,95.56",2021-12-15 20:13:34,2021-12-16 02:43:34,,Pathein
20.55,99.873,2.0,2.1,ml,,,,,,th_8010_202112141707,2021-12-14T17:07:19.000Z,,Myanmar,MM,Asia,earthquake,1639502153,1639501639,0,,"20.55,99.87",2021-12-14 17:07:19,2021-12-14 23:37:19,Shan,Kengtung
20.705,100.038,6.0,2.3,ml,,,,,,th_8008_202112141321,2021-12-14T13:21:42.000Z,"Tarlay, Shan, Myanmar (Burma)",Myanmar,MM,Asia,earthquake,1639488656,1639488102,0,,"20.71,100.04",2021-12-14 13:21:42,2021-12-14 19:51:42,Shan,Kengtung
23.7,94.78,113.0,4.5,mb,,,,,,us6000gbmv,2021-12-13T08:13:00.000Z,"Makalagon, Sagaing Region, Myanmar (Burma)",Myanmar,MM,Asia,earthquake,1639312004,1639310904,0,,"23.67,94.76",2021-12-12 12:08:24,2021-12-12 18:38:24,Saigang,Kalay
25.63,95.53,35.0,4.3,mb,,,,,,us6000gb2m,2021-12-10T04:29:00.000Z,,"99km SE of Tuensang, India",MM,Asia,earthquake,1639110555,1639109692,0,,"25.63,95.53",2021-12-10 04:14:52,2021-12-10 10:44:52,Saigang,Myitkyina
19.008,97.296,3.0,2.6,ml,,,,,,th_8000,2021-12-10T00:54:09.000Z,"Htuchaung, Kayah State, Myanmar (Burma)",Myanmar,MM,Asia,earthquake,1639098341,1639097649,0,,"19.01,97.30",2021-12-10 00:54:09,2021-12-10 07:24:09,Kayah,Loikaw
20.243,98.775,10.0,1.9,ml,,,,,,th_7999,2021-12-08T19:31:11.000Z,"Hsuphang, Shan, Myanmar (Burma)",Myanmar,MM,Asia,earthquake,1638993118,1638991871,0,,"20.24,98.78",2021-12-08 19:31:11,2021-12-09 02:01:11,Shan,Kengtung
20.686,99.591,1.0,2.2,ml,,,,,,th_7998,2021-12-08T14:31:40.000Z,"Wan Ho-möng, Shan, Myanmar (Burma)",Myanmar,MM,Asia,earthquake,1638974581,1638973900,0,,"20.69,99.59",2021-12-08 14:31:40,2021-12-08 21:01:40,Shan,Kengtung
20.68,100.2,5.0,1.5,ml,,,,,,th_7995,2021-12-07T15:03:44.000Z,"Makka, Shan, Myanmar (Burma)",Myanmar,MM,Asia,earthquake,1638889859,1638889424,0,,"20.68,100.20",2021-12-07 15:03:44,2021-12-07 21:33:44,Shan,Kengtung
23.4414,96.1089,10.0,5.0,mb,,46.0,2.794,0.8,us,gfz2021xvkk,2021-12-11T23:21:07.040Z,,"71km NW of Mogok, Myanmar",MM,Asia,earthquake,1638750955,1638750339,1,,"23.36,96.12",2021-12-06 00:25:39,2021-12-06 06:55:39,Mandalay,Mogok
21.293,98.615,3.0,2.3,ml,,,,,,th_7989,2021-12-03T20:47:52.000Z,"Namlan, Shan, Myanmar (Burma)",Myanmar,MM,Asia,earthquake,1638565554,1638564472,0,,"21.29,98.62",2021-12-03 20:47:52,2021-12-04 03:17:52,Shan,Kengtung
20.203,97.753,6.0,3.0,ml,,,,,,th_7984,2021-12-02T00:49:00.000Z,"Mawkmai, Shan, Myanmar (Burma)",Myanmar,MM,Asia,earthquake,1638406643,1638406140,0,,"20.20,97.75",2021-12-02 00:49:00,2021-12-02 07:19:00,Shan,Loikaw
20.572,99.832,1.0,1.3,ml,,,,,,th_7983,2021-12-01T19:56:12.000Z,"Pang Hsi-li-hkam, Shan, Myanmar (Burma)",Myanmar,MM,Asia,earthquake,1638400201,1638388572,0,,"20.57,99.83",2021-12-01 19:56:12,2021-12-02 02:26:12,Shan,Kengtung
19.974,97.917,10.0,2.0,ml,,,,,,th_7982,2021-12-01T17:47:04.000Z,"Ta Ho-pong, Shan, Myanmar (Burma)",Myanmar,MM,Asia,earthquake,1638399172,1638380824,0,,"19.97,97.92",2021-12-01 17:47:04,2021-12-02 00:17:04,Shan,Loikaw
