latitude,longitude,depth,mag,magType,nst,gap,dmin,rms,net,id,updated,location,place,country,continent,type,timeAdded,timestamp,locationInferred,state,initialPosition,time_utc,time_mmt,state_region,nearest_city
21.097,99.942,1.0,2.1,ml,,,,,,th_10635_202301312226,2023-01-31T22:26:40.000Z,"Wan Hsenlong, Shan, Myanmar (Burma)",Myanmar,MM,Asia,earthquake,1675204886,1675204000,1,,"21.10,99.94",2023-01-31 22:26:40,2023-02-01 04:56:40,Shan,Kengtung
21.083,99.934,1.0,2.0,ml,,,,,,th_10634_202301312111,2023-01-31T21:11:11.000Z,"Wan Hkang Ho-paw, Shan, Myanmar (Burma)",Myanmar,MM,Asia,earthquake,1675200147,1675199471,1,,"21.08,99.93",2023-01-31 21:11:11,2023-02-01 03:41:11,Shan,Kengtung
19.908,97.918,1.0,2.3,ml,,,,,,th_10633_202301311359,2023-01-31T13:59:53.000Z,"Ta Ho-pong, Shan, Myanmar (Burma)",Myanmar,MM,Asia,earthquake,1675183232,1675173593,0,,"19.91,97.92",2023-01-31 13:59:53,2023-01-31 20:29:53,Shan,Loikaw
19.857,98.006,5.0,2.1,ml,,,,,,th_10632_202301311357,2023-01-31T13:57:36.000Z,"Pang Tae Waet, Shan, Myanmar (Burma)",Myanmar,MM,Asia,earthquake,1675182941,1675173456,0,,"19.86,98.01",2023-01-31 13:57:36,2023-01-31 20:27:36,Shan,Loikaw
21.11,99.877,1.0,1.9,ml,,,,,,th_10631_202301311125,2023-01-31T11:25:41.000Z,"Yangka, Shan, Myanmar (Burma)",Myanmar,MM,Asia,earthquake,1675164740,1675164341,1,,"21.11,99.88",2023-01-31 11:25:41,2023-01-31 17:55:41,Shan,Kengtung
21.23,99.758,6.0,2.5,ml,,,,,,th_10626_202301291722,2023-01-29T17:22:56.000Z,"Loi Mwe Hill Station, Shan, Myanmar (Burma)",Myanmar,MM,Asia,earthquake,1675013534,1675012976,0,,"21.23,99.76",2023-01-29 17:22:56,2023-01-29 23:52:56,Shan,Kengtung
20.99,99.937,1.0,2.9,ml,,,,,,th_10625_202301290304,2023-01-29T03:04:54.000Z,"Wan Hkang Ho-paw, Shan, Myanmar (Burma)",Myanmar,MM,Asia,earthquake,1674962869,1674961494,1,,"20.99,99.94",2023-01-29 03:04:54,2023-01-29 09:34:54,Shan,Kengtung
22.404,95.904,10.0,3.0,ml,,,,,,th_10624_202301282223,2023-01-28T22:23:38.000Z,"Thitseingyi, Sagaing Region, Myanmar (Burma)",Myanmar,MM,Asia,earthquake,1674945872,1674944618,0,,"22.40,95.90",2023-01-28 22:23:38,2023-01-29 04:53:38,Saigang,Shwebo
19.72,98.395,5.0,2.7,ml,,,,,,th_10622_202301280352,2023-01-28T03:52:03.000Z,"Wan Hsenlong, Shan, Myanmar (Burma)",Myanmar,MM,Asia,earthquake,1674878624,1674877923,1,,"19.72,98.40",2023-01-28 03:52:03,2023-01-28 10:22:03,Shan,Loikaw
20.009,97.875,3.0,2.3,ml,,,,,,th_10621_202301271922,2023-01-27T19:22:27.000Z,"Wan Kongpao, Shan, Myanmar (Burma)",Myanmar,MM,Asia,earthquake,1674848031,1674847347,0,,"20.01,97.88",2023-01-27 19:22:27,2023-01-28 01:52:27,Shan,Loikaw
20.088,97.92,4.0,2.1,ml,,,,,,th_10620_202301271834,2023-01-27T18:34:55.000Z,"Wan Kongpao, Shan, Myanmar (Burma)",Myanmar,MM,Asia,earthquake,1674846013,1674844495,0,,"20.09,97.92",2023-01-27 18:34:55,2023-01-28 01:04:55,Shan,Loikaw
21.122,99.932,4.0,2.2,ml,,,,,,th_10619_202301271826,2023-01-27T18:26:54.000Z,"Wan Hsenlong, Shan, Myanmar (Burma)",Myanmar,MM,Asia,earthquake,1674845964,1674844014,1,,"21.12,99.93",2023-01-27 18:26:54,2023-01-28 00:56:54,Shan,Kengtung
20.16,98.916,1.0,1.8,ml,,,,,,th_10616_202301271206,2023-01-27T12:06:02.000Z,"Wan Mè-kin, Shan, Myanmar (Burma)",Myanmar,MM,Asia,earthquake,1674821800,1674821162,1,,"20.16,98.92",2023-01-27 12:06:02,2023-01-27 18:36:02,Shan,Kengtung
20.124,98.046,10.0,2.5,ml,,,,,,th_10615_202301271012,2023-01-27T10:12:32.000Z,"Üng-yao, Shan, Myanmar (Burma)",Myanmar,MM,Asia,earthquake,1674815093,1674814352,0,,"20.12,98.05",2023-01-27 10:12:32,2023-01-27 16:42:32,Shan,Loikaw
23.88,94.42,29.0,3.9,ml,,,,,,in_U2ltR0s3RXgvV1hzK1dMWkdSb2trQT09,2023-01-27T06:00:00.000Z,"Dathwekyauk Auk, Sagaing Region, Myanmar (Burma)",Myanmar,MM,Asia,earthquake,1674799166,1674798692,0,,"23.88,94.42",2023-01-27 05:51:32,2023-01-27 12:21:32,Saigang,Kalay
21.073,99.939,3.0,2.2,ml,,,,,,th_10611_202301242200,2023-01-24T22:00:45.000Z,"Wan Hkang Ho-paw, Shan, Myanmar (Burma)",Myanmar,MM,Asia,earthquake,1674598733,1674597645,1,,"21.07,99.94",2023-01-24 22:00:45,2023-01-25 04:30:45,Shan,Kengtung
19.747,98.403,2.0,2.7,ml,,,,,,th_10610_202301241814,2023-01-24T18:14:51.000Z,"Wan Punglong, Shan, Myanmar (Burma)",Myanmar,MM,Asia,earthquake,1674584688,1674584091,0,,"19.75,98.40",2023-01-24 18:14:51,2023-01-25 00:44:51,Shan,Loikaw
21.06,99.886,1.0,1.7,ml,,,,,,th_10609_202301241719,2023-01-24T17:19:31.000Z,"Wan Hkang Ho-paw, Shan, Myanmar (Burma)",Myanmar,MM,Asia,earthquake,1674581342,1674580771,1,,"21.06,99.89",2023-01-24 17:19:31,2023-01-24 23:49:31,Shan,Kengtung
20.649,95.991,1.0,2.4,ml,,,,,,th_10605_202301222216,2023-01-22T22:16:18.000Z,"Pyawbwe, Mandalay Region, Myanmar (Burma)",Myanmar,MM,Asia,earthquake,1674427222,1674425778,0,,"20.65,95.99",2023-01-22 22:16:18,2023-01-23 04:46:18,Mandalay,Meiktila
20.033,97.946,1.0,2.1,ml,,,,,,th_10604_202301221253,2023-01-22T12:53:49.000Z,"Wan Konlang, Shan, Myanmar (Burma)",Myanmar,MM,Asia,earthquake,1674392540,1674392029,0,,"20.03,97.95",2023-01-22 12:53:49,2023-01-22 19:23:49,Shan,Loikaw
19.555,94.321,10.0,3.4,ml,,,,,,th_10603_202301220416,2023-01-22T04:16:39.000Z,"Khamoung, Rakhine, Myanmar (Burma)",Myanmar,MM,Asia,earthquake,1674362654,1674360999,0,,"19.56,94.32",2023-01-22 04:16:39,2023-01-22 10:46:39,Rakhine,Magway
20.569,98.403,1.0,2.1,ml,,,,,,th_10602_202301220319,2023-01-22T03:19:55.000Z,"Wan Namma, Shan, Myanmar (Burma)",Myanmar,MM,Asia,earthquake,1674359861,1674357595,0,,"20.57,98.40",2023-01-22 03:19:55,2023-01-22 09:49:55,Shan,Taunggyi
20.67,100.03,2.0,2.7,ml,,,,,,th_10598_202301211748,2023-01-21T17:48:13.000Z,"Tarlay, Shan, Myanmar (Burma)",Myanmar,MM,Asia,earthquake,1674324079,1674323293,0,,"20.67,100.03",2023-01-21 17:48:13,2023-01-22 00:18:13,Shan,Kengtung
20.6,99.858,1.0,2.0,ml,,,,,,th_10600_202301211725,2023-01-21T17:25:02.000Z,"Tachileik, Shan, Myanmar (Burma)",Myanmar,MM,Asia,earthquake,1674358507,1674321902,0,,"20.60,99.86",2023-01-21 17:25:02,2023-01-21 23:55:02,Shan,Kengtung
21.016,99.896,1.0,1.9,ml,,,,,,th_10596_202301201943,2023-01-20T19:43:09.000Z,"Wan Mu-hsö Hsensawmawng, Shan, Myanmar (Burma)",Myanmar,MM,Asia,earthquake,1674261039,1674243789,1,,"21.02,99.90",2023-01-20 19:43:09,2023-01-21 02:13:09,Shan,Kengtung
21.104,99.957,2.0,2.1,ml,,,,,,th_10595_202301201940,2023-01-20T19:40:47.000Z,"Wan Hsenlong, Shan, Myanmar (Burma)",Myanmar,MM,Asia,earthquake,1674261046,1674243647,1,,"21.10,99.96",2023-01-20 19:40:47,2023-01-21 02:10:47,Shan,Kengtung
21.072,99.926,2.0,2.2,ml,,,,,,th_10594_202301201403,2023-01-20T14:03:58.000Z,"Wan Hkang Ho-paw, Shan, Myanmar (Burma)",Myanmar,MM,Asia,earthquake,1674261051,1674223438,1,,"21.07,99.93",2023-01-20 14:03:58,2023-01-20 20:33:58,Shan,Kengtung
21.034,99.816,1.0,2.0,ml,,,,,,th_10593_202301201210,2023-01-20T12:10:06.000Z,"Yangka, Shan, Myanmar (Burma)",Myanmar,MM,Asia,earthquake,1674219584,1674216606,0,,"21.03,99.82",2023-01-20 12:10:06,2023-01-20 18:40:06,Shan,Kengtung
21.107,99.969,1.0,2.0,ml,,,,,,th_10592_202301192025,2023-01-19T20:25:32.000Z,"Wan Hsenlong, Shan, Myanmar (Burma)",Myanmar,MM,Asia,earthquake,1674160433,1674159932,0,,"21.11,99.97",2023-01-19 20:25:32,2023-01-20 02:55:32,Shan,Kengtung
21.14,99.952,1.0,3.2,ml,,,,,,th_10590_202301190646,2023-01-19T06:46:11.000Z,"Wan Hsenlong, Shan, Myanmar (Burma)",Myanmar,MM,Asia,earthquake,1674111604,1674110771,1,,"21.14,99.95",2023-01-19 06:46:11,2023-01-19 13:16:11,Shan,Kengtung
20.921,99.178,1.0,2.6,ml,,,,,,th_10589_202301190126,2023-01-19T01:26:54.000Z,"Wan Hsen-hpawngmai, Shan, Myanmar (Burma)",Myanmar,MM,Asia,earthquake,1674092265,1674091614,0,,"20.92,99.18",2023-01-19 01:26:54,2023-01-19 07:56:54,Shan,Kengtung
25.25,94.88,15.0,3.7,ml,,,,,,in_ZXVXekZxTUw3d3J6c1hxQ2dPNnBiQT09,2023-01-19T02:10:00.000Z,"Kawlkang, Sagaing Region, Myanmar (Burma)",Myanmar,MM,Asia,earthquake,1674093939,1674090482,0,,"25.25,94.88",2023-01-19 01:08:02,2023-01-19 07:38:02,Saigang,Kalay
20.917,97.847,10.0,1.9,ml,,,,,,th_10588_202301181846,2023-01-18T18:46:53.000Z,"Nawnghe, Shan, Myanmar (Burma)",Myanmar,MM,Asia,earthquake,1674076591,1674067613,0,,"20.92,97.85",2023-01-18 18:46:53,2023-01-19 01:16:53,Shan,Taunggyi
21.549,98.719,5.0,2.6,ml,,,,,,th_10587_202301181232,2023-01-18T12:32:30.000Z,"Wan Ta-sing, Shan, Myanmar (Burma)",Myanmar,MM,Asia,earthquake,1674045642,1674045150,0,,"21.55,98.72",2023-01-18 12:32:30,2023-01-18 19:02:30,Shan,Kengtung
23.43,94.54,120.0,3.4,ml,,,,,,in_eG9VeS91bnlEaTZxbmJFOHQvVFFUZz09,2023-01-18T04:45:00.000Z,"Thickegyin, Sagaing Region, Myanmar (Burma)",Myanmar,MM,Asia,earthquake,1674016610,1674016441,1,,"23.30,94.57",2023-01-18 04:34:01,2023-01-18 11:04:01,Saigang,Kalay
21.088,99.992,1.0,2.7,ml,,,,,,th_10586_202301172227,2023-01-17T22:27:46.000Z,"Wan Hsenlong, Shan, Myanmar (Burma)",Myanmar,MM,Asia,earthquake,1673994920,1673994466,1,,"21.09,99.99",2023-01-17 22:27:46,2023-01-18 04:57:46,Shan,Kengtung
21.22,99.96,1.0,4.5,ml,,,,,,ems_202301_1211348,2023-01-16T22:15:00.000Z,"Wan Hkang, Shan, Myanmar (Burma)",Myanmar,MM,Asia,earthquake,1673907374,1673906221,1,,"21.22,99.96",2023-01-16 21:57:01,2023-01-17 04:27:01,Shan,Kengtung
15.295,96.464,10.0,3.3,ml,,,,,,th_10574_202301142132,2023-01-14T21:32:37.000Z,,Near South Coast of Myanmar,MM,Asia,earthquake,1673732910,1673731957,0,,"15.30,96.46",2023-01-14 21:32:37,2023-01-15 04:02:37,,Yangon
15.292,96.416,10.0,3.2,ml,,,,,,th_10573_202301142103,2023-01-14T21:03:53.000Z,,Near South Coast of Myanmar,MM,Asia,earthquake,1673731078,1673730233,0,,"15.29,96.42",2023-01-14 21:03:53,2023-01-15 03:33:53,,Yangon
21.047,99.969,1.0,2.3,ml,,,,,,th_10572_202301142053,2023-01-14T20:53:34.000Z,"Wan Hkang Ho-paw, Shan, Myanmar (Burma)",Myanmar,MM,Asia,earthquake,1673730068,1673729614,1,,"21.05,99.97",2023-01-14 20:53:34,2023-01-15 03:23:34,Shan,Kengtung
21.107,99.915,1.0,2.2,ml,,,,,,th_10571_202301141642,2023-01-14T16:42:23.000Z,"Wan Hsenlong, Shan, Myanmar (Burma)",Myanmar,MM,Asia,earthquake,1673715160,1673714543,1,,"21.11,99.92",2023-01-14 16:42:23,2023-01-14 23:12:23,Shan,Kengtung
22.436,97.148,10.0,3.0,ml,,,,,,th_10569_202301131306,2023-01-13T13:06:21.000Z,"Mankat, Shan, Myanmar (Burma)",Myanmar,MM,Asia,earthquake,1673615608,1673615181,0,,"22.44,97.15",2023-01-13 13:06:21,2023-01-13 19:36:21,Shan,Hsipaw
21.126,99.943,1.0,2.1,ml,,,,,,th_10568_202301130619,2023-01-13T06:19:58.000Z,"Wan Hsenlong, Shan, Myanmar (Burma)",Myanmar,MM,Asia,earthquake,1673594201,1673590798,1,,"21.13,99.94",2023-01-13 06:19:58,2023-01-13 12:49:58,Shan,Kengtung
21.21,99.859,2.0,3.3,ml,,,,,,th_10567_202301122354,2023-01-12T23:54:10.000Z,"Wan Hpaya-hkè, Shan, Myanmar (Burma)",Myanmar,MM,Asia,earthquake,1673568530,1673567650,0,,"21.21,99.86",2023-01-12 23:54:10,2023-01-13 06:24:10,Shan,Kengtung
20.512,100.032,3.0,2.4,ml,,,,,,th_10566_202301122323,2023-01-12T23:23:07.000Z,"Tachileik, Shan, Myanmar (Burma)",Myanmar,MM,Asia,earthquake,1673566333,1673565787,0,,"20.51,100.03",2023-01-12 23:23:07,2023-01-13 05:53:07,Shan,Kengtung
26.56,96.56,30.0,3.6,ml,,,,,,in_SXdYZmp1U3NFdng3Nm1ndmdHUVNmZz09,2023-01-12T04:20:00.000Z,"Shin Lon Ga, Kachin, Myanmar (Burma)",Myanmar,MM,Asia,earthquake,1673497134,1673465651,0,,"26.56,96.56",2023-01-11 19:34:11,2023-01-12 02:04:11,Kachin,Putao
18.041,97.7,3.0,2.1,ml,,,,,,th_10565_202301111900,2023-01-11T19:00:15.000Z,"Aulawsaukhi, Kayin State, Myanmar (Burma)",Myanmar,MM,Asia,earthquake,1673464524,1673463615,0,,"18.04,97.70",2023-01-11 19:00:15,2023-01-12 01:30:15,Kayin,Hpa-An
25.69,96.65,30.0,3.6,ml,,,,,,in_S1ZZSSt3dW5UQ0hjUVlBdyt2VzJ6UT09,2023-01-10T06:37:58.000Z,"Malakawng, Kachin, Myanmar (Burma)",Myanmar,MM,Asia,earthquake,1673333162,1673332678,0,,"25.69,96.65",2023-01-10 06:37:58,2023-01-10 13:07:58,Kachin,Myitkyina
26.8008,96.4856,12.719,4.6,mb,58.0,114.0,7.45,0.36,us,in_bFc0YUl1Zk4vaWdxZ2kwUFQ3TlFvZz09,2023-01-10T22:25:28.744Z,,"73km NNW of Sarupathar, India",MM,Asia,earthquake,1673315123,1673314978,0,,"26.43,95.14",2023-01-10 01:42:58,2023-01-10 08:12:58,Kachin,Putao
21.053,99.874,1.0,1.7,ml,,,,,,th_10564_202301092125,2023-01-09T21:25:10.000Z,"Wan Mu-hsö Hsensawmawng, Shan, Myanmar (Burma)",Myanmar,MM,Asia,earthquake,1673299964,1673299510,1,,"21.05,99.87",2023-01-09 21:25:10,2023-01-10 03:55:10,Shan,Kengtung
21.131,100.013,1.0,1.7,ml,,,,,,th_10563_202301092108,2023-01-09T21:08:33.000Z,"Wan Hsenlong, Shan, Myanmar (Burma)",Myanmar,MM,Asia,earthquake,1673298789,1673298513,1,,"21.13,100.01",2023-01-09 21:08:33,2023-01-10 03:38:33,Shan,Kengtung
21.107,99.941,5.0,2.9,ml,,,,,,th_10562_202301091733,2023-01-09T17:33:17.000Z,"Wan Hsenlong, Shan, Myanmar (Burma)",Myanmar,MM,Asia,earthquake,1673286245,1673285597,1,,"21.11,99.94",2023-01-09 17:33:17,2023-01-10 00:03:17,Shan,Kengtung
20.12,97.899,1.0,3.4,ml,,,,,,th_10560_202301091025,2023-01-09T10:25:24.000Z,"Wan Kongpao, Shan, Myanmar (Burma)",Myanmar,MM,Asia,earthquake,1673260246,1673259924,0,,"20.12,97.90",2023-01-09 10:25:24,2023-01-09 16:55:24,Shan,Loikaw
22.15,94.94,10.0,3.7,ml,,,,,,in_NG1hdjB1OEU1bUNRTDdxa3Zqc0U0UT09,2023-01-08T19:14:54.000Z,"Okkan, Sagaing Region, Myanmar (Burma)",Myanmar,MM,Asia,earthquake,1673206044,1673205294,0,,"22.15,94.94",2023-01-08 19:14:54,2023-01-09 01:44:54,Saigang,Monywa
20.402,98.126,4.0,2.1,ml,,,,,,th_10558_202301081426,2023-01-08T14:26:39.000Z,"Hangna, Shan, Myanmar (Burma)",Myanmar,MM,Asia,earthquake,1673188527,1673187999,0,,"20.40,98.13",2023-01-08 14:26:39,2023-01-08 20:56:39,Shan,Taunggyi
20.535,99.86,2.0,1.8,ml,,,,,,th_10559_202301081031,2023-01-08T10:31:12.000Z,"Pang Hsi-li-hkam, Shan, Myanmar (Burma)",Myanmar,MM,Asia,earthquake,1673189084,1673173872,0,,"20.54,99.86",2023-01-08 10:31:12,2023-01-08 17:01:12,Shan,Kengtung
25.98,95.72,45.0,3.8,ml,,,,,,in_MytyeGRBOG8zVjJUaVBwaHNrL2hhUT09,2023-01-07T22:30:00.000Z,Zeepyugone,Myanmar,MM,Asia,earthquake,1673130563,1673129948,0,,"25.98,95.72",2023-01-07 22:19:08,2023-01-08 04:49:08,Saigang,Myitkyina
21.072,99.899,1.0,1.6,ml,,,,,,th_10556_202301071941,2023-01-07T19:41:40.000Z,"Wan Hkang Ho-paw, Shan, Myanmar (Burma)",Myanmar,MM,Asia,earthquake,1673121568,1673120500,0,,"21.07,99.90",2023-01-07 19:41:40,2023-01-08 02:11:40,Shan,Kengtung
21.049,99.969,4.0,2.1,ml,,,,,,th_10555_202301071653,2023-01-07T16:53:40.000Z,"Wan Hkang Ho-paw, Shan, Myanmar (Burma)",Myanmar,MM,Asia,earthquake,1673113140,1673110420,0,,"21.05,99.97",2023-01-07 16:53:40,2023-01-07 23:23:40,Shan,Kengtung
21.041,99.908,1.0,1.9,ml,,,,,,th_10553_202301070450,2023-01-07T04:50:25.000Z,"Wan Hkang Ho-paw, Shan, Myanmar (Burma)",Myanmar,MM,Asia,earthquake,1673067471,1673067025,1,,"21.04,99.91",2023-01-07 04:50:25,2023-01-07 11:20:25,Shan,Kengtung
21.22,100.049,1.0,1.8,ml,,,,,,th_10551_202301062031,2023-01-06T20:31:56.000Z,"Wan Hkang A-hko, Shan, Myanmar (Burma)",Myanmar,MM,Asia,earthquake,1673037687,1673037116,0,,"21.22,100.05",2023-01-06 20:31:56,2023-01-07 03:01:56,Shan,Kengtung
21.093,99.901,1.0,1.8,ml,,,,,,th_10550_202301061942,2023-01-06T19:42:29.000Z,"Wan Hkang Ho-paw, Shan, Myanmar (Burma)",Myanmar,MM,Asia,earthquake,1673034645,1673034149,1,,"21.09,99.90",2023-01-06 19:42:29,2023-01-07 02:12:29,Shan,Kengtung
21.12,99.907,1.0,2.9,ml,,,,,,th_10549_202301061811,2023-01-06T18:11:40.000Z,"Wan Hsenlong, Shan, Myanmar (Burma)",Myanmar,MM,Asia,earthquake,1673029090,1673028700,1,,"21.12,99.91",2023-01-06 18:11:40,2023-01-07 00:41:40,Shan,Kengtung
21.055,99.911,1.0,1.7,ml,,,,,,th_10548_202301061554,2023-01-06T15:54:21.000Z,"Wan Hkang Ho-paw, Shan, Myanmar (Burma)",Myanmar,MM,Asia,earthquake,1673020964,1673020461,1,,"21.06,99.91",2023-01-06 15:54:21,2023-01-06 22:24:21,Shan,Kengtung
19.943,96.224,10.0,3.1,ml,,,,,,th_10546_202301051641,2023-01-05T16:41:12.000Z,"Pyokkwe, Naypyidaw Union Territory, Myanmar (Burma)",Myanmar,MM,Asia,earthquake,1672937660,1672936872,0,,"19.94,96.22",2023-01-05 16:41:12,2023-01-05 23:11:12,Mandalay,Nay Pyi Taw
19.614,96.024,10.0,3.0,ml,,,,,,th_10545_202301051538,2023-01-05T15:38:22.000Z,"Kantha, Naypyidaw Union Territory, Myanmar (Burma)",Myanmar,MM,Asia,earthquake,1672934218,1672933102,0,,"19.61,96.02",2023-01-05 15:38:22,2023-01-05 22:08:22,Mandalay,Naypyidaw
24.12,95.95,40.0,4.6,mb,,,,,,us7000j28c,2023-01-05T11:02:00.000Z,"Bhamo, Myanmar",Myanmar,MM,Asia,earthquake,1672900093,1672897888,1,,"24.14,95.92",2023-01-05 05:51:28,2023-01-05 12:21:28,Saigang,Bhamo
20.207,97.96,3.0,2.1,ml,,,,,,th_10543_202301042231,2023-01-04T22:31:03.000Z,"Wan Mawngkawk, Shan, Myanmar (Burma)",Myanmar,MM,Asia,earthquake,1672872046,1672871463,0,,"20.21,97.96",2023-01-04 22:31:03,2023-01-05 05:01:03,Shan,Loikaw
19.053,96.243,10.0,2.8,ml,,,,,,th_10541_202301041327,2023-01-04T13:27:54.000Z,Thetkegyin,Myanmar,MM,Asia,earthquake,1672840466,1672838874,0,,"19.05,96.24",2023-01-04 13:27:54,2023-01-04 19:57:54,Bago,Taungoo
21.131,99.969,1.0,1.7,ml,,,,,,th_10540_202301032009,2023-01-03T20:09:47.000Z,"Wan Hsenlong, Shan, Myanmar (Burma)",Myanmar,MM,Asia,earthquake,1672777164,1672776587,1,,"21.13,99.97",2023-01-03 20:09:47,2023-01-04 02:39:47,Shan,Kengtung
21.016,99.992,2.0,2.4,ml,,,,,,th_10539_202301031654,2023-01-03T16:54:30.000Z,"Wan Hkang Ho-paw, Shan, Myanmar (Burma)",Myanmar,MM,Asia,earthquake,1672765627,1672764870,1,,"21.02,99.99",2023-01-03 16:54:30,2023-01-03 23:24:30,Shan,Kengtung
21.148,99.987,1.0,1.9,ml,,,,,,th_10538_202301030734,2023-01-03T07:34:51.000Z,"Wan Hsenlong, Shan, Myanmar (Burma)",Myanmar,MM,Asia,earthquake,1672731683,1672731291,1,,"21.15,99.99",2023-01-03 07:34:51,2023-01-03 14:04:51,Shan,Kengtung
21.095,99.909,1.0,1.8,ml,,,,,,th_10536_202301030359,2023-01-03T03:59:11.000Z,"Wan Hkang Ho-paw, Shan, Myanmar (Burma)",Myanmar,MM,Asia,earthquake,1672728686,1672718351,1,,"21.10,99.91",2023-01-03 03:59:11,2023-01-03 10:29:11,Shan,Kengtung
19.654,94.416,10.0,3.6,ml,,,,,,th_10535_202301030336,2023-01-03T03:36:39.000Z,"Kyeindan, Magway Region, Myanmar (Burma)",Myanmar,MM,Asia,earthquake,1672717495,1672716999,0,,"19.65,94.42",2023-01-03 03:36:39,2023-01-03 10:06:39,Magway,Magway
21.069,99.948,3.0,1.8,ml,,,,,,th_10530_202301021217,2023-01-02T12:17:35.000Z,"Wan Hkang Ho-paw, Shan, Myanmar (Burma)",Myanmar,MM,Asia,earthquake,1672663067,1672661855,1,,"21.07,99.95",2023-01-02 12:17:35,2023-01-02 18:47:35,Shan,Kengtung
18.04,96.795,3.0,2.3,ml,,,,,,th_10527_202301011337,2023-01-01T13:37:27.000Z,Khamone Village,Myanmar,MM,Asia,earthquake,1672582012,1672580247,0,,"18.04,96.80",2023-01-01 13:37:27,2023-01-01 20:07:27,Bago,Bago
21.195,100.036,1.0,2.5,ml,,,,,,th_10524_202301010709,2023-01-01T07:09:57.000Z,"Wan Hkang, Shan, Myanmar (Burma)",Myanmar,MM,Asia,earthquake,1672557441,1672556997,0,,"21.20,100.04",2023-01-01 07:09:57,2023-01-01 13:39:57,Shan,Kengtung
20.41,94.2,10.0,4.73,ml,,,,,,gfz2023aaku,2023-01-01T05:39:00.000Z,"Sidoktaya, Magway Region, Myanmar (Burma)",Myanmar,MM,Asia,earthquake,1672551593,1672550848,0,,"20.41,94.20",2023-01-01 05:27:28,2023-01-01 11:57:28,Magway,Magway
21.172,99.959,1.0,2.1,ml,,,,,,th_10735_202302282149,2023-02-28T21:49:21.000Z,"Wan Hsenlong, Shan, Myanmar (Burma)",Myanmar,MM,Asia,earthquake,1677623684,1677620961,1,,"21.17,99.96",2023-02-28 21:49:21,2023-03-01 04:19:21,Shan,Kengtung
18.963,96.291,10.0,3.2,ml,,,,,,th_10729_202302251256,2023-02-25T12:56:49.000Z,"Kanbaukkyi, Bago Region, Myanmar (Burma)",Myanmar,MM,Asia,earthquake,1677330661,1677329809,0,,"18.96,96.29",2023-02-25 12:56:49,2023-02-25 19:26:49,Bago,Taungoo
20.94,92.33,10.0,4.1,ml,,,,,,ems_202302_1228733,2023-02-25T10:55:00.000Z,Dar Gyi Zar,Myanmar,MM,Asia,earthquake,1677322578,1677321586,0,,"20.94,92.33",2023-02-25 10:39:46,2023-02-25 17:09:46,Rakhine,Sittwe
21.034,99.877,1.0,2.3,ml,,,,,,th_10727_202302241437,2023-02-24T14:37:28.000Z,"Wan Mu-hsö Hsensawmawng, Shan, Myanmar (Burma)",Myanmar,MM,Asia,earthquake,1677250563,1677249448,0,,"21.03,99.88",2023-02-24 14:37:28,2023-02-24 21:07:28,Shan,Kengtung
21.033,99.915,1.0,3.0,ml,,,,,,th_10726_202302240607,2023-02-24T06:07:33.000Z,"Wan Hkang Ho-paw, Shan, Myanmar (Burma)",Myanmar,MM,Asia,earthquake,1677220617,1677218853,1,,"21.03,99.92",2023-02-24 06:07:33,2023-02-24 12:37:33,Shan,Kengtung
20.031,98.408,1.0,2.2,ml,,,,,,th_10725_202302231910,2023-02-23T19:10:14.000Z,"Wan Umlong, Shan, Myanmar (Burma)",Myanmar,MM,Asia,earthquake,1677179851,1677179414,0,,"20.03,98.41",2023-02-23 19:10:14,2023-02-24 01:40:14,Shan,Loikaw
19.81,98.427,2.0,2.0,ml,,,,,,th_10718_202302211413,2023-02-21T14:13:41.000Z,"Wan Punglong, Shan, Myanmar (Burma)",Myanmar,MM,Asia,earthquake,1676990886,1676988821,0,,"19.81,98.43",2023-02-21 14:13:41,2023-02-21 20:43:41,Shan,Loikaw
19.844,98.368,1.0,2.3,ml,,,,,,th_10716_202302211406,2023-02-21T14:06:56.000Z,"Wan Punglong, Shan, Myanmar (Burma)",Myanmar,MM,Asia,earthquake,1676989452,1676988416,0,,"19.84,98.37",2023-02-21 14:06:56,2023-02-21 20:36:56,Shan,Loikaw
19.807,98.437,1.0,2.1,ml,,,,,,th_10717_202302211404,2023-02-21T14:04:50.000Z,"Wan Punglong, Shan, Myanmar (Burma)",Myanmar,MM,Asia,earthquake,1676990804,1676988290,0,,"19.81,98.44",2023-02-21 14:04:50,2023-02-21 20:34:50,Shan,Loikaw
19.821,98.368,1.0,3.0,ml,,,,,,th_10715_202302211402,2023-02-21T14:02:05.000Z,"Wan Punglong, Shan, Myanmar (Burma)",Myanmar,MM,Asia,earthquake,1676988680,1676988125,0,,"19.82,98.37",2023-02-21 14:02:05,2023-02-21 20:32:05,Shan,Loikaw
19.805,98.385,1.0,3.1,ml,,,,,,th_10714_202302211110,2023-02-21T11:10:58.000Z,"Wan Punglong, Shan, Myanmar (Burma)",Myanmar,MM,Asia,earthquake,1676978309,1676977858,0,,"19.81,98.39",2023-02-21 11:10:58,2023-02-21 17:40:58,Shan,Loikaw
20.204,98.232,1.0,2.4,ml,,,,,,th_10713_202302210146,2023-02-21T01:46:20.000Z,"Pongsan, Shan, Myanmar (Burma)",Myanmar,MM,Asia,earthquake,1676944437,1676943980,0,,"20.20,98.23",2023-02-21 01:46:20,2023-02-21 08:16:20,Shan,Loikaw
20.074,97.844,1.0,2.3,ml,,,,,,th_10712_202302210015,2023-02-21T00:15:13.000Z,"Wan Kongpao, Shan, Myanmar (Burma)",Myanmar,MM,Asia,earthquake,1676939685,1676938513,0,,"20.07,97.84",2023-02-21 00:15:13,2023-02-21 06:45:13,Shan,Loikaw
21.116,99.974,1.0,2.1,ml,,,,,,th_10711_202302202059,2023-02-20T20:59:43.000Z,"Wan Hsenlong, Shan, Myanmar (Burma)",Myanmar,MM,Asia,earthquake,1676927448,1676926783,1,,"21.12,99.97",2023-02-20 20:59:43,2023-02-21 03:29:43,Shan,Kengtung
21.131,99.952,1.0,2.4,ml,,,,,,th_10710_202302202024,2023-02-20T20:24:41.000Z,"Wan Hsenlong, Shan, Myanmar (Burma)",Myanmar,MM,Asia,earthquake,1676926201,1676924681,1,,"21.13,99.95",2023-02-20 20:24:41,2023-02-21 02:54:41,Shan,Kengtung
21.104,99.922,1.0,2.5,ml,,,,,,th_10709_202302202021,2023-02-20T20:21:08.000Z,"Wan Hsenlong, Shan, Myanmar (Burma)",Myanmar,MM,Asia,earthquake,1676926183,1676924468,1,,"21.10,99.92",2023-02-20 20:21:08,2023-02-21 02:51:08,Shan,Kengtung
21.133,99.969,1.0,2.6,ml,,,,,,th_10707_202302201729,2023-02-20T17:29:52.000Z,"Wan Hsenlong, Shan, Myanmar (Burma)",Myanmar,MM,Asia,earthquake,1676915356,1676914192,1,,"21.13,99.97",2023-02-20 17:29:52,2023-02-20 23:59:52,Shan,Kengtung
21.131,99.946,1.0,2.9,ml,,,,,,th_10706_202302201654,2023-02-20T16:54:49.000Z,"Wan Hsenlong, Shan, Myanmar (Burma)",(Myanmar),MM,Asia,earthquake,1676913095,1676912089,1,,"21.13,99.95",2023-02-20 16:54:49,2023-02-20 23:24:49,Shan,Kengtung
21.142,99.914,3.0,2.6,ml,,,,,,th_10705_202302201617,2023-02-20T16:17:54.000Z,"Wan Hsenlong, Shan, Myanmar (Burma)",Myanmar,MM,Asia,earthquake,1676910700,1676909874,1,,"21.14,99.91",2023-02-20 16:17:54,2023-02-20 22:47:54,Shan,Kengtung
21.129,99.973,1.0,2.6,ml,,,,,,th_10704_202302201614,2023-02-20T16:14:33.000Z,"Wan Hsenlong, Shan, Myanmar (Burma)",Myanmar,MM,Asia,earthquake,1676910180,1676909673,1,,"21.13,99.97",2023-02-20 16:14:33,2023-02-20 22:44:33,Shan,Kengtung
21.174,99.968,1.0,2.7,ml,,,,,,th_10703_202302190750,2023-02-19T07:50:08.000Z,"Wan Hsenlong, Shan, Myanmar (Burma)",Myanmar,MM,Asia,earthquake,1676794060,1676793008,1,,"21.17,99.97",2023-02-19 07:50:08,2023-02-19 14:20:08,Shan,Kengtung
19.816,98.398,1.0,1.9,ml,,,,,,th_10702_202302182042,2023-02-18T20:42:00.000Z,,Myanmar,MM,Asia,earthquake,1676754109,1676752920,0,,"19.82,98.40",2023-02-18 20:42:00,2023-02-19 03:12:00,Shan,Loikaw
20.96,100.0,15.0,3.5,ml,,,,,,th_10699_202302181703,2023-02-18T17:15:00.000Z,,Myanmar,MM,Asia,earthquake,1676740480,1676739797,0,,"20.96,100.00",2023-02-18 17:03:17,2023-02-18 23:33:17,Shan,Kengtung
20.02,97.83,4.0,2.5,ml,,,,,,th_10698_202302181431,2023-02-18T14:31:10.000Z,,Myanmar,MM,Asia,earthquake,1676731198,1676730670,0,,"20.02,97.83",2023-02-18 14:31:10,2023-02-18 21:01:10,Shan,Loikaw
21.087,99.972,1.0,2.1,ml,,,,,,th_10697_202302172137,2023-02-17T21:37:13.000Z,"Wan Hsenlong, Shan, Myanmar (Burma)",Myanmar,MM,Asia,earthquake,1676672122,1676669833,1,,"21.09,99.97",2023-02-17 21:37:13,2023-02-18 04:07:13,Shan,Kengtung
20.251,97.868,2.0,2.7,ml,,,,,,th_10696_202302172122,2023-02-17T21:22:16.000Z,"ဝၢၼ်ႈသွင်ေၵး, ရှမ်းပြည်နယ်, Myanmar (Burma)",Myanmar,MM,Asia,earthquake,1676669714,1676668936,0,,"20.25,97.87",2023-02-17 21:22:16,2023-02-18 03:52:16,Shan,Loikaw
20.285,97.986,1.0,3.4,ml,,,,,,th_10695_202302172119,2023-02-17T21:19:45.000Z,"Wan Kun, Shan, Myanmar (Burma)",Myanmar,MM,Asia,earthquake,1676669516,1676668785,0,,"20.29,97.99",2023-02-17 21:19:45,2023-02-18 03:49:45,Shan,Loikaw
21.121,99.973,3.0,2.8,ml,,,,,,th_10693_202302171726,2023-02-17T17:26:22.000Z,"Wan Hsenlong, Shan, Myanmar (Burma)",Myanmar,MM,Asia,earthquake,1676660286,1676654782,0,,"21.12,99.97",2023-02-17 17:26:22,2023-02-17 23:56:22,Shan,Kengtung
21.18,99.96,3.0,3.8,ml,,,,,,th_10691_202302171334,2023-02-17T13:45:00.000Z,"Wan Hsenlong, Shan, Myanmar (Burma)",Myanmar,MM,Asia,earthquake,1676641397,1676640874,1,,"21.18,99.96",2023-02-17 13:34:34,2023-02-17 20:04:34,Shan,Kengtung
19.785,98.433,3.0,2.7,ml,,,,,,th_10690_202302170332,2023-02-17T03:32:05.000Z,"Wan Punglong, Shan, Myanmar (Burma)",Myanmar,MM,Asia,earthquake,1676605627,1676604725,0,,"19.79,98.43",2023-02-17 03:32:05,2023-02-17 10:02:05,Shan,Loikaw
21.123,99.902,1.0,2.7,ml,,,,,,th_10689_202302162326,2023-02-16T23:26:18.000Z,"Wan Hsenlong, Shan, Myanmar (Burma)",Myanmar,MM,Asia,earthquake,1676591649,1676589978,1,,"21.12,99.90",2023-02-16 23:26:18,2023-02-17 05:56:18,Shan,Kengtung
21.104,99.919,2.0,3.1,ml,,,,,,th_10686_202302160325,2023-02-16T03:25:19.000Z,"Wan Hsenlong, Shan, Myanmar (Burma)",Myanmar,MM,Asia,earthquake,1676519072,1676517919,1,,"21.10,99.92",2023-02-16 03:25:19,2023-02-16 09:55:19,Shan,Kengtung
21.106,99.912,1.0,2.5,ml,,,,,,th_10685_202302160313,2023-02-16T03:13:52.000Z,"Wan Hsenlong, Shan, Myanmar (Burma)",Myanmar,MM,Asia,earthquake,1676518341,1676517232,1,,"21.11,99.91",2023-02-16 03:13:52,2023-02-16 09:43:52,Shan,Kengtung
21.19,99.97,1.0,3.9,ml,,,,,,in_TzBBdzA0U0tseWUwM2FhWUFGOFVZdz09,2023-02-16T02:05:00.000Z,Akka Village,Myanmar,MM,Asia,earthquake,1676511315,1676509202,1,,"21.13,99.71",2023-02-16 01:00:02,2023-02-16 07:30:02,Shan,Kengtung
24.91,95.06,10.0,3.6,ml,,,,,,in_YnNmeC81TmFqc3gvWGJ4eTR4VXZpUT09,2023-02-15T21:35:00.000Z,"Homalin, Sagaing Region, Myanmar (Burma)",Myanmar,MM,Asia,earthquake,1676496897,1676496335,0,,"24.91,95.06",2023-02-15 21:25:35,2023-02-16 03:55:35,Saigang,Kalay
19.86,98.35,1.0,3.7,ml,,,,,,th_10682_202302150850,2023-02-15T09:00:00.000Z,"Wan Punglong, Shan, Myanmar (Burma)",Myanmar,MM,Asia,earthquake,1676451550,1676451047,1,,"19.86,98.35",2023-02-15 08:50:47,2023-02-15 15:20:47,Shan,Loikaw
19.857,98.348,1.0,3.2,ml,,,,,,th_10681_202302150709,2023-02-15T07:09:03.000Z,"Wan Punglong, Shan, Myanmar (Burma)",Myanmar,MM,Asia,earthquake,1676445370,1676444943,0,,"19.86,98.35",2023-02-15 07:09:03,2023-02-15 13:39:03,Shan,Loikaw
21.496,99.944,1.0,2.0,ml,,,,,,th_10679_202302141317,2023-02-14T13:17:34.000Z,"Wan Hpi, Shan, Myanmar (Burma)",Myanmar,MM,Asia,earthquake,1676381094,1676380654,0,,"21.50,99.94",2023-02-14 13:17:34,2023-02-14 19:47:34,Shan,Kengtung
20.563,98.657,1.0,2.6,ml,,,,,,th_10678_202302141045,2023-02-14T10:45:11.000Z,"Wan Hsa-twai, Shan, Myanmar (Burma)",Myanmar,MM,Asia,earthquake,1676371771,1676371511,0,,"20.56,98.66",2023-02-14 10:45:11,2023-02-14 17:15:11,Shan,Kengtung
21.091,99.926,1.0,2.2,ml,,,,,,th_10677_202302140639,2023-02-14T06:39:15.000Z,"Wan Hkang Ho-paw, Shan, Myanmar (Burma)",Myanmar,MM,Asia,earthquake,1676357108,1676356755,1,,"21.09,99.93",2023-02-14 06:39:15,2023-02-14 13:09:15,Shan,Kengtung
19.836,98.377,1.0,2.3,ml,,,,,,th_10675_202302140306,2023-02-14T03:06:34.000Z,"Wan Punglong, Shan, Myanmar (Burma)",Myanmar,MM,Asia,earthquake,1676344438,1676343994,1,,"19.84,98.38",2023-02-14 03:06:34,2023-02-14 09:36:34,Shan,Loikaw
19.823,98.444,10.0,2.2,ml,,,,,,th_10676_202302140249,2023-02-14T02:49:35.000Z,"Wan Punglong, Shan, Myanmar (Burma)",Myanmar,MM,Asia,earthquake,1676351676,1676342975,0,,"19.82,98.44",2023-02-14 02:49:35,2023-02-14 09:19:35,Shan,Loikaw
19.86,98.341,1.0,3.0,ml,,,,,,th_10674_202302140237,2023-02-14T02:37:33.000Z,"Wan Punglong, Shan, Myanmar (Burma)",Myanmar,MM,Asia,earthquake,1676343034,1676342253,0,,"19.86,98.34",2023-02-14 02:37:33,2023-02-14 09:07:33,Shan,Loikaw
21.581,99.827,3.0,3.8,ml,,,,,,th_10673_202302132310,2023-02-13T23:10:03.000Z,Wān Pungho-möng,Myanmar,MM,Asia,earthquake,1676330584,1676329803,0,,"21.58,99.83",2023-02-13 23:10:03,2023-02-14 05:40:03,Shan,Kengtung
23.18,94.53,10.0,3.9,ml,,,,,,in_SHlweEh2N0NPY1dKdUpXRTdUSGFEQT09,2023-02-12T23:01:15.000Z,"Thickegyin, Sagaing Region, Myanmar (Burma)",Myanmar,MM,Asia,earthquake,1676249641,1676242875,0,,"23.18,94.53",2023-02-12 23:01:15,2023-02-13 05:31:15,Saigang,Kalay
21.151,99.895,2.0,2.1,ml,,,,,,th_10668_202302120926,2023-02-12T09:26:29.000Z,"Wan Hsenlong, Shan, Myanmar (Burma)",Myanmar,MM,Asia,earthquake,1676194933,1676193989,1,,"21.15,99.90",2023-02-12 09:26:29,2023-02-12 15:56:29,Shan,Kengtung
21.091,99.927,1.0,2.2,ml,,,,,,th_10667_202302120138,2023-02-12T01:38:43.000Z,"Wan Hkang Ho-paw, Shan, Myanmar (Burma)",Myanmar,MM,Asia,earthquake,1676166963,1676165923,1,,"21.09,99.93",2023-02-12 01:38:43,2023-02-12 08:08:43,Shan,Kengtung
21.033,99.856,1.0,1.8,ml,,,,,,th_10666_202302111956,2023-02-11T19:56:25.000Z,"Wan Mu-hsö Hsensawmawng, Shan, Myanmar (Burma)",Myanmar,MM,Asia,earthquake,1676145692,1676145385,1,,"21.03,99.86",2023-02-11 19:56:25,2023-02-12 02:26:25,Shan,Kengtung
19.946,96.17,7.0,3.9,ml,,,,,,th_10665_202302110425,2023-02-11T04:25:09.000Z,"Nyaunglu, Naypyidaw Union Territory, Myanmar (Burma)",Myanmar,MM,Asia,earthquake,1676090309,1676089509,0,,"19.95,96.17",2023-02-11 04:25:09,2023-02-11 10:55:09,Mandalay,Nay Pyi Taw
20.978,99.868,1.0,2.0,ml,,,,,,th_10664_202302102001,2023-02-10T20:01:07.000Z,"Wan Mu-hsö Hsensawmawng, Shan, Myanmar (Burma)",Myanmar,MM,Asia,earthquake,1676059568,1676059267,0,,"20.98,99.87",2023-02-10 20:01:07,2023-02-11 02:31:07,Shan,Kengtung
21.361,99.067,12.0,2.5,ml,,,,,,th_10663_202302101809,2023-02-10T18:09:26.000Z,"Mongping, Shan, Myanmar (Burma)",Myanmar,MM,Asia,earthquake,1676052974,1676052566,0,,"21.36,99.07",2023-02-10 18:09:26,2023-02-11 00:39:26,Shan,Kengtung
20.132,94.831,10.0,3.1,ml,,,,,,th_10662_202302101546,2023-02-10T15:46:29.000Z,ChaungPhyu,Myanmar,MM,Asia,earthquake,1676044534,1676043989,0,,"20.13,94.83",2023-02-10 15:46:29,2023-02-10 22:16:29,Magway,Magway
21.094,99.946,1.0,2.6,ml,,,,,,th_10661_202302101136,2023-02-10T11:36:00.000Z,"Wan Hsenlong, Shan, Myanmar (Burma)",Myanmar,MM,Asia,earthquake,1676029251,1676028960,1,,"21.09,99.95",2023-02-10 11:36:00,2023-02-10 18:06:00,Shan,Kengtung
19.863,98.334,1.0,2.9,ml,,,,,,th_10660_202302100450,2023-02-10T04:50:28.000Z,"Wan Punglong, Shan, Myanmar (Burma)",Myanmar,MM,Asia,earthquake,1676005173,1676004628,0,,"19.86,98.33",2023-02-10 04:50:28,2023-02-10 11:20:28,Shan,Loikaw
19.84,98.378,3.0,2.6,ml,,,,,,th_10659_202302100449,2023-02-10T04:49:06.000Z,"Wan Punglong, Shan, Myanmar (Burma)",Myanmar,MM,Asia,earthquake,1676005040,1676004546,0,,"19.84,98.38",2023-02-10 04:49:06,2023-02-10 11:19:06,Shan,Loikaw
20.639,97.97,1.0,2.3,ml,,,,,,th_10658_202302091801,2023-02-09T18:01:00.000Z,"Nawngleng, Shan, Myanmar (Burma)",Myanmar,MM,Asia,earthquake,1675966489,1675965660,0,,"20.64,97.97",2023-02-09 18:01:00,2023-02-10 00:31:00,Shan,Taunggyi
21.158,99.95,1.0,1.7,ml,,,,,,th_10657_202302091731,2023-02-09T17:31:28.000Z,"Wan Hsenlong, Shan, Myanmar (Burma)",Myanmar,MM,Asia,earthquake,1675964296,1675963888,1,,"21.16,99.95",2023-02-09 17:31:28,2023-02-10 00:01:28,Shan,Kengtung
21.144,99.901,3.0,1.6,ml,,,,,,th_10655_202302081356,2023-02-08T13:56:51.000Z,"Wan Hsenlong, Shan, Myanmar (Burma)",Myanmar,MM,Asia,earthquake,1675864899,1675864611,1,,"21.14,99.90",2023-02-08 13:56:51,2023-02-08 20:26:51,Shan,Kengtung
19.82,98.388,5.0,2.3,ml,,,,,,th_10654_202302072109,2023-02-07T21:09:51.000Z,"Wan Punglong, Shan, Myanmar (Burma)",Myanmar,MM,Asia,earthquake,1675804753,1675804191,0,,"19.82,98.39",2023-02-07 21:09:51,2023-02-08 03:39:51,Shan,Loikaw
20.531,98.474,2.0,2.4,ml,,,,,,th_10653_202302072050,2023-02-07T20:50:19.000Z,"Wan Namma, Shan, Myanmar (Burma)",Myanmar,MM,Asia,earthquake,1675803446,1675803019,0,,"20.53,98.47",2023-02-07 20:50:19,2023-02-08 03:20:19,Shan,Kengtung
19.828,98.392,5.0,2.0,ml,,,,,,th_10652_202302071946,2023-02-07T19:46:39.000Z,"Wan Punglong, Shan, Myanmar (Burma)",Myanmar,MM,Asia,earthquake,1675799516,1675799199,0,,"19.83,98.39",2023-02-07 19:46:39,2023-02-08 02:16:39,Shan,Loikaw
21.06,99.948,2.0,2.9,ml,,,,,,th_10651_202302071218,2023-02-07T12:18:42.000Z,"Wan Hkang Ho-paw, Shan, Myanmar (Burma)",Myanmar,MM,Asia,earthquake,1675772791,1675772322,1,,"21.06,99.95",2023-02-07 12:18:42,2023-02-07 18:48:42,Shan,Kengtung
21.049,99.907,1.0,3.2,ml,,,,,,th_10649_202302060133,2023-02-06T01:33:19.000Z,"Wan Hkang Ho-paw, Shan, Myanmar (Burma)",Myanmar,MM,Asia,earthquake,1675648919,1675647199,1,,"21.05,99.91",2023-02-06 01:33:19,2023-02-06 08:03:19,Shan,Kengtung
21.167,99.853,2.0,3.2,ml,,,,,,th_10648_202302052050,2023-02-05T20:50:28.000Z,"Wan Hpaya-hkè, Shan, Myanmar (Burma)",Myanmar,MM,Asia,earthquake,1675632292,1675630228,0,,"21.17,99.85",2023-02-05 20:50:28,2023-02-06 03:20:28,Shan,Kengtung
20.518,98.374,5.0,2.4,ml,,,,,,th_10647_202302051258,2023-02-05T12:58:26.000Z,"Wan Namhok, Shan, Myanmar (Burma)",Myanmar,MM,Asia,earthquake,1675603451,1675601906,0,,"20.52,98.37",2023-02-05 12:58:26,2023-02-05 19:28:26,Shan,Taunggyi
21.115,99.872,1.0,2.3,ml,,,,,,th_10645_202302050607,2023-02-05T06:07:15.000Z,"Yangka, Shan, Myanmar (Burma)",Myanmar,MM,Asia,earthquake,1675578251,1675577235,1,,"21.12,99.87",2023-02-05 06:07:15,2023-02-05 12:37:15,Shan,Kengtung
20.634,100.047,1.0,1.9,ml,,,,,,th_10644_202302042200,2023-02-04T22:00:04.000Z,"Wan Munnanta, Shan, Myanmar (Burma)",Myanmar,MM,Asia,earthquake,1675548597,1675548004,0,,"20.63,100.05",2023-02-04 22:00:04,2023-02-05 04:30:04,Shan,Kengtung
21.062,99.882,1.0,2.0,ml,,,,,,th_10643_202302042117,2023-02-04T21:17:23.000Z,"Wan Hkang Ho-paw, Shan, Myanmar (Burma)",Myanmar,MM,Asia,earthquake,1675548580,1675545443,1,,"21.06,99.88",2023-02-04 21:17:23,2023-02-05 03:47:23,Shan,Kengtung
21.05,99.884,1.0,2.0,ml,,,,,,th_10642_202302041825,2023-02-04T18:25:14.000Z,"Wan Hkang Ho-paw, Shan, Myanmar (Burma)",Myanmar,MM,Asia,earthquake,1675541572,1675535114,1,,"21.05,99.88",2023-02-04 18:25:14,2023-02-05 00:55:14,Shan,Kengtung
22.76,95.95,10.0,4.3,mb,,,,,,us6000jlcr,2023-02-04T17:28:00.000Z,"Gyenbinsho, Sagaing Region, Myanmar (Burma)",Myanmar,MM,Asia,earthquake,1675498003,1675496081,0,,"22.73,95.94",2023-02-04 07:34:41,2023-02-04 14:04:41,Saigang,Shwebo
21.168,99.918,1.0,2.8,ml,,,,,,th_10639_202302032134,2023-02-03T21:34:58.000Z,"Wan Hsenlong, Shan, Myanmar (Burma)",Myanmar,MM,Asia,earthquake,1675460835,1675460098,1,,"21.17,99.92",2023-02-03 21:34:58,2023-02-04 04:04:58,Shan,Kengtung
19.9884,94.1371,35.0,4.5,mb,25.0,163.0,1.894,0.71,us,us6000jkwa,2023-02-03T00:38:31.040Z,,"80km WSW of Minbu, Myanmar",MM,Asia,earthquake,1675300694,1675299891,1,,"19.94,94.27",2023-02-02 01:04:51,2023-02-02 07:34:51,Rakhine,Magway
19.828,98.383,1.0,2.2,ml,,,,,,th_10813_202303311452,2023-03-31T14:52:06.000Z,"Wan Punglong, Shan, Myanmar (Burma)",Myanmar,MM,Asia,earthquake,1680274802,1680274326,0,,"19.83,98.38",2023-03-31 14:52:06,2023-03-31 21:22:06,Shan,Loikaw
19.2,96.589,4.0,2.6,ml,,,,,,th_10810_202303300256,2023-03-30T02:56:14.000Z,Alel Chaung (Upper) Village,Myanmar,MM,Asia,earthquake,1680145821,1680144974,0,,"19.20,96.59",2023-03-30 02:56:14,2023-03-30 09:26:14,Kayin,Taungoo
21.254,98.91,6.0,3.2,ml,,,,,,th_10808_202303291821,2023-03-29T18:21:11.000Z,"Wan Ho-len, Shan, Myanmar (Burma)",Myanmar,MM,Asia,earthquake,1680115099,1680114071,0,,"21.25,98.91",2023-03-29 18:21:11,2023-03-30 00:51:11,Shan,Kengtung
18.72,96.652,5.0,2.3,ml,,,,,,th_10807_202303291327,2023-03-29T13:27:21.000Z,"Alesengyaung, Kayin State, Myanmar (Burma)",Myanmar,MM,Asia,earthquake,1680097929,1680096441,0,,"18.72,96.65",2023-03-29 13:27:21,2023-03-29 19:57:21,Kayin,Taungoo
21.182,99.86,2.0,2.9,ml,,,,,,th_10806_202303290000,2023-03-29T00:00:34.000Z,"Wan Hpaya-hkè, Shan, Myanmar (Burma)",Myanmar,MM,Asia,earthquake,1680049373,1680048034,0,,"21.18,99.86",2023-03-29 00:00:34,2023-03-29 06:30:34,Shan,Kengtung
21.043,95.968,6.0,3.0,ml,,,,,,th_10805_202303281703,2023-03-28T17:03:21.000Z,Pe Khin Kyaw,Myanmar,MM,Asia,earthquake,1680024925,1680023001,0,,"21.04,95.97",2023-03-28 17:03:21,2023-03-28 23:33:21,Mandalay,Meiktila
16.9813,95.8836,10.0,3.5,ml,8.0,225.0,2.793,0.33,us,th_10804_202303280652,2023-03-29T15:38:34.278Z,Neik Ban,"26km ESE of Nyaungdon, Myanmar",MM,Asia,earthquake,1679987493,1679986345,1,,"17.16,96.55",2023-03-28 06:52:25,2023-03-28 13:22:25,Yangon,Yangon
19.777,97.425,5.0,3.0,ml,,,,,,th_10802_202303252220,2023-03-25T22:20:43.000Z,"Hsu-hpè-law, Kayah State, Myanmar (Burma)",Myanmar,MM,Asia,earthquake,1679783674,1679782843,0,,"19.78,97.43",2023-03-25 22:20:43,2023-03-26 04:50:43,Kayah,Loikaw
22.6673,95.3275,9.98,4.3,mb,18.0,136.0,2.467,0.38,us,ems_202303_1241895,2023-03-25T12:24:08.040Z,"Tabayin, Sagaing Region, Myanmar (Burma)","39km WNW of Shwebo, Myanmar",MM,Asia,earthquake,1679747103,1679745824,0,,"22.67,95.33",2023-03-25 12:03:44,2023-03-25 18:33:44,Saigang,Shwebo
22.489,99.151,10.0,3.4,ml,,,,,,th_10800_202303251031,2023-03-25T10:31:33.000Z,"Hsana, Shan, Myanmar (Burma)",Myanmar - China Border Region,MM,Asia,earthquake,1679742118,1679740293,0,,"22.49,99.15",2023-03-25 10:31:33,2023-03-25 17:01:33,Shan,Kengtung
18.47,95.22,10.0,3.5,ml,,,,,,in_NHZ3QWRSdUI4QTY2TFliT2dIS29qdz09,2023-03-25T06:51:48.000Z,"Tarokmaw, Bago Region, Myanmar (Burma)",Myanmar,MM,Asia,earthquake,1679727664,1679727108,0,,"18.47,95.22",2023-03-25 06:51:48,2023-03-25 13:21:48,Bago,Pyay
21.186,100.03,1.0,3.0,ml,,,,,,th_10795_202303222001,2023-03-22T20:01:04.000Z,"Wan Hkang, Shan, Myanmar (Burma)",Myanmar,MM,Asia,earthquake,1679515499,1679515264,0,,"21.19,100.03",2023-03-22 20:01:04,2023-03-23 02:31:04,Shan,Kengtung
20.622,98.185,5.0,2.4,ml,,,,,,th_10791_202303202036,2023-03-20T20:36:05.000Z,,Myanmar,MM,Asia,earthquake,1679345729,1679344565,0,,"20.62,98.19",2023-03-20 20:36:05,2023-03-21 03:06:05,Shan,Taunggyi
18.795,96.261,10.0,3.1,ml,,,,,,th_10790_202303191215,2023-03-19T12:15:06.000Z,"Letpangon, Bago Region, Myanmar (Burma)",Myanmar,MM,Asia,earthquake,1679231454,1679228106,0,,"18.80,96.26",2023-03-19 12:15:06,2023-03-19 18:45:06,Bago,Taungoo
21.142,99.893,2.0,2.2,ml,,,,,,th_10789_202303190536,2023-03-19T05:36:06.000Z,"Wan Hsenlong, Shan, Myanmar (Burma)",Myanmar,MM,Asia,earthquake,1679206549,1679204166,0,,"21.14,99.89",2023-03-19 05:36:06,2023-03-19 12:06:06,Shan,Kengtung
21.115,99.931,1.0,2.2,ml,,,,,,th_10788_202303181556,2023-03-18T15:56:22.000Z,"Wan Hsenlong, Shan, Myanmar (Burma)",Myanmar,MM,Asia,earthquake,1679156141,1679154982,1,,"21.12,99.93",2023-03-18 15:56:22,2023-03-18 22:26:22,Shan,Kengtung
20.05,97.916,1.0,2.6,ml,,,,,,th_10787_202303181135,2023-03-18T11:35:15.000Z,"Wan Kongpao, Shan, Myanmar (Burma)",Myanmar,MM,Asia,earthquake,1679140872,1679139315,0,,"20.05,97.92",2023-03-18 11:35:15,2023-03-18 18:05:15,Shan,Loikaw
23.39,93.64,24.0,3.5,ml,,,,,,in_anlXNEt2eHJITFYxM2ljc2FtM0hhdz09,2023-03-17T14:50:00.000Z,Lailo,Myanmar,MM,Asia,earthquake,1679064414,1679063646,0,,"23.39,93.64",2023-03-17 14:34:06,2023-03-17 21:04:06,Chin,Kalay
21.168,99.943,1.0,2.5,ml,,,,,,th_10784_202303170549,2023-03-17T05:49:20.000Z,"Wan Hsenlong, Shan, Myanmar (Burma)",Myanmar,MM,Asia,earthquake,1679033034,1679032160,1,,"21.17,99.94",2023-03-17 05:49:20,2023-03-17 12:19:20,Shan,Kengtung
21.169,99.907,4.0,2.0,ml,,,,,,th_10782_202303161308,2023-03-16T13:08:09.000Z,"Wan Hpaya-hkè, Shan, Myanmar (Burma)",Myanmar,MM,Asia,earthquake,1678973004,1678972089,1,,"21.17,99.91",2023-03-16 13:08:09,2023-03-16 19:38:09,Shan,Kengtung
21.207,99.926,1.0,2.4,ml,,,,,,th_10780_202303152250,2023-03-15T22:50:50.000Z,"Wan Hpaya-hkè, Shan, Myanmar (Burma)",Myanmar,MM,Asia,earthquake,1678923050,1678920650,1,,"21.21,99.93",2023-03-15 22:50:50,2023-03-16 05:20:50,Shan,Kengtung
21.19,99.967,1.0,2.7,ml,,,,,,th_10779_202303150137,2023-03-15T01:37:16.000Z,"Wan Hkang, Shan, Myanmar (Burma)",Myanmar,MM,Asia,earthquake,1678844565,1678844236,1,,"21.19,99.97",2023-03-15 01:37:16,2023-03-15 08:07:16,Shan,Kengtung
20.686,100.032,1.0,2.3,ml,,,,,,th_10778_202303142102,2023-03-14T21:02:44.000Z,"Tarlay, Shan, Myanmar (Burma)",Myanmar,MM,Asia,earthquake,1678828302,1678827764,0,,"20.69,100.03",2023-03-14 21:02:44,2023-03-15 03:32:44,Shan,Kengtung
19.025,95.508,10.0,3.0,ml,,,,,,th_10776_202303131747,2023-03-13T17:47:25.000Z,Kawma,Myanmar,MM,Asia,earthquake,1678730468,1678729645,0,,"19.03,95.51",2023-03-13 17:47:25,2023-03-14 00:17:25,Bago,Pyay
21.19,99.96,4.0,3.2,ml,,,,,,th_10773_202303121437,2023-03-12T14:37:57.000Z,"Wan Hkang, Shan, Myanmar (Burma)",Myanmar,MM,Asia,earthquake,1678632793,1678631877,1,,"21.19,99.96",2023-03-12 14:37:57,2023-03-12 21:07:57,Shan,Kengtung
24.32,94.73,107.0,4.8,mb,,,,,,ems_202303_1235806,2023-03-12T20:06:00.000Z,Thet Kei Kyin,Myanmar-india Border Region,MM,Asia,earthquake,1678622304,1678621423,1,,"24.24,94.66",2023-03-12 11:43:43,2023-03-12 18:13:43,Saigang,Kalay
21.128,99.93,1.0,2.8,ml,,,,,,th_10767_202303102301,2023-03-10T23:01:34.000Z,"Wan Hsenlong, Shan, Myanmar (Burma)",Myanmar,MM,Asia,earthquake,1678489935,1678489294,1,,"21.13,99.93",2023-03-10 23:01:34,2023-03-11 05:31:34,Shan,Kengtung
23.64,94.46,90.0,4.0,ml,,,,,,ems_202303_1234398,2023-03-09T13:30:00.000Z,"Mawlaik, Sagaing Region, Myanmar (Burma)",Myanmar,MM,Asia,earthquake,1678368663,1678367948,0,,"23.64,94.46",2023-03-09 13:19:08,2023-03-09 19:49:08,Saigang,Kalay
20.329,99.217,1.0,1.7,ml,,,,,,th_10762_202303082307,2023-03-08T23:07:59.000Z,"Wan Mai-omlau, Shan, Myanmar (Burma)",Myanmar,MM,Asia,earthquake,1678317394,1678316879,0,,"20.33,99.22",2023-03-08 23:07:59,2023-03-09 05:37:59,Shan,Kengtung
20.659,99.316,1.0,1.7,ml,,,,,,th_10761_202303081723,2023-03-08T17:23:39.000Z,"Ai-hkam, Shan, Myanmar (Burma)",Myanmar,MM,Asia,earthquake,1678296837,1678296219,0,,"20.66,99.32",2023-03-08 17:23:39,2023-03-08 23:53:39,Shan,Kengtung
24.08,94.76,10.0,3.9,ml,,,,,,in_YW12VHpqbXJOOU5QTWMzY2dBYWxaUT09,2023-03-08T18:25:00.000Z,"Sawkaw, Sagaing Region, Myanmar (Burma)",Myanmar,MM,Asia,earthquake,1678295920,1678295757,0,,"24.69,93.32",2023-03-08 17:15:57,2023-03-08 23:45:57,Saigang,Kalay
19.655,97.688,1.0,3.0,ml,,,,,,th_10759_202303080753,2023-03-08T07:53:12.000Z,"Daw Pawtu, Kayah State, Myanmar (Burma)",Myanmar,MM,Asia,earthquake,1678263039,1678261992,0,,"19.66,97.69",2023-03-08 07:53:12,2023-03-08 14:23:12,Kayah,Loikaw
24.76,94.72,82.0,3.9,ml,,,,,,in_MGVRUEc3a05IUXh4RldYOFRiS0xSQT09,2023-03-08T07:21:00.000Z,"Dansagu, Sagaing Region, Myanmar (Burma)",Myanmar-india Border Region,MM,Asia,earthquake,1678253019,1678252138,1,,"24.91,94.78",2023-03-08 05:08:58,2023-03-08 11:38:58,Saigang,Kalay
21.105,99.965,1.0,2.4,ml,,,,,,th_10758_202303071917,2023-03-07T19:17:47.000Z,"Wan Hsenlong, Shan, Myanmar (Burma)",Myanmar,MM,Asia,earthquake,1678216975,1678216667,1,,"21.11,99.97",2023-03-07 19:17:47,2023-03-08 01:47:47,Shan,Kengtung
19.769,98.513,5.0,1.5,ml,,,,,,th_10756_202303071302,2023-03-07T13:02:38.000Z,"Wan Hsenlong, Shan, Myanmar (Burma)",Myanmar,MM,Asia,earthquake,1678195353,1678194158,0,,"19.77,98.51",2023-03-07 13:02:38,2023-03-07 19:32:38,Shan,Loikaw
19.784,98.472,5.0,1.9,ml,,,,,,th_10754_202303070515,2023-03-07T05:15:02.000Z,"Wan Punglong, Shan, Myanmar (Burma)",Myanmar,MM,Asia,earthquake,1678166616,1678166102,0,,"19.78,98.47",2023-03-07 05:15:02,2023-03-07 11:45:02,Shan,Loikaw
21.174,99.947,1.0,2.2,ml,,,,,,th_10751_202303051554,2023-03-05T15:54:07.000Z,"Wan Hsenlong, Shan, Myanmar (Burma)",Myanmar,MM,Asia,earthquake,1678038572,1678031647,1,,"21.17,99.95",2023-03-05 15:54:07,2023-03-05 22:24:07,Shan,Kengtung
21.1,99.973,3.0,2.5,ml,,,,,,th_10748_202303041900,2023-03-04T19:00:01.000Z,"Wan Hsenlong, Shan, Myanmar (Burma)",Myanmar,MM,Asia,earthquake,1677957623,1677956401,1,,"21.10,99.97",2023-03-04 19:00:01,2023-03-05 01:30:01,Shan,Kengtung
21.106,99.937,1.0,2.7,ml,,,,,,th_10746_202303041333,2023-03-04T13:33:11.000Z,"Wan Hsenlong, Shan, Myanmar (Burma)",Myanmar,MM,Asia,earthquake,1677938426,1677936791,1,,"21.11,99.94",2023-03-04 13:33:11,2023-03-04 20:03:11,Shan,Kengtung
21.09,99.96,1.0,3.6,ml,,,,,,th_10745_202303041328,2023-03-04T13:50:00.000Z,"Wan Hsenlong, Shan, Myanmar (Burma)",Myanmar,MM,Asia,earthquake,1677937538,1677936495,1,,"21.09,99.96",2023-03-04 13:28:15,2023-03-04 19:58:15,Shan,Kengtung
21.1,99.97,1.0,3.8,ml,,,,,,th_10744_202303041326,2023-03-04T13:40:00.000Z,"Wan Hsenlong, Shan, Myanmar (Burma)",Myanmar,MM,Asia,earthquake,1677937244,1677936400,1,,"21.10,99.97",2023-03-04 13:26:40,2023-03-04 19:56:40,Shan,Kengtung
21.186,99.945,1.0,2.8,ml,,,,,,th_10743_202303040245,2023-03-04T02:45:31.000Z,"Wan Hsenlong, Shan, Myanmar (Burma)",Myanmar,MM,Asia,earthquake,1677898281,1677897931,1,,"21.19,99.95",2023-03-04 02:45:31,2023-03-04 09:15:31,Shan,Kengtung
24.073,98.794,5.0,3.9,ml,,,,,,th_10737_202303021152,2023-03-02T11:52:05.000Z,,Myanmar,MM,Asia,earthquake,1677758948,1677757925,0,,"24.07,98.79",2023-03-02 11:52:05,2023-03-02 18:22:05,Shan,Bhamo
21.288,99.847,1.0,2.7,ml,,,,,,th_10736_202303011644,2023-03-01T16:44:25.000Z,"Wan Kaw Namhsu, Shan, Myanmar (Burma)",Myanmar,MM,Asia,earthquake,1677691643,1677689065,0,,"21.29,99.85",2023-03-01 16:44:25,2023-03-01 23:14:25,Shan,Kengtung
20.953,99.99,1.0,1.9,ml,,,,,,th_10983_202305311738,2023-05-31T17:38:12.000Z,"Wan Ta-ma, Shan, Myanmar (Burma)",Myanmar,MM,Asia,earthquake,1685567621,1685554692,0,,"20.95,99.99",2023-05-31 17:38:12,2023-06-01 00:08:12,Shan,Kengtung
25.3622,95.8554,10.0,3.3,ml,,,,,,in_dGthSzQ5WDlDOVUzRDhENDUyVkRHZz09,2023-05-31T14:44:53.000Z,"Nawnghena, Sagaing Region, Myanmar (Burma)","146km ENE of Ukhrul, Manipur, India",MM,Asia,earthquake,1685544505,1685544293,0,,"25.36,95.86",2023-05-31 14:44:53,2023-05-31 21:14:53,Saigang,Myitkyina
25.23,95.77,10.0,3.5,ml,,,,,,in_YVlsZXNPQkdwbXBGWjRsTHZKWGordz09,2023-05-31T12:35:00.000Z,"Yebawmi, Sagaing Region, Myanmar (Burma)",Myanmar,MM,Asia,earthquake,1685536369,1685535730,0,,"25.23,95.77",2023-05-31 12:22:10,2023-05-31 18:52:10,Saigang,Myitkyina
25.1168,96.1871,10.0,5.8,mww,109.0,63.0,4.398,0.5,us,gfz2023koxx,2023-06-01T11:27:46.301Z,He pan,"125km WSW of Myitkyina, Myanmar",MM,Asia,earthquake,1685532524,1685532013,0,,"25.12,96.21",2023-05-31 11:20:13,2023-05-31 17:50:13,Kachin,Myitkyina
21.161,99.952,1.0,2.4,ml,,,,,,th_10980_202305310701,2023-05-31T07:01:28.000Z,"Wan Hsenlong, Shan, Myanmar (Burma)",Myanmar,MM,Asia,earthquake,1685523318,1685516488,1,,"21.16,99.95",2023-05-31 07:01:28,2023-05-31 13:31:28,Shan,Kengtung
23.56,94.58,10.0,3.6,ml,,,,,,in_Nml3cDMxSjk5dDVpS2UvclY0ZTczQT09,2023-05-29T23:41:00.000Z,"Kaunggwe, Sagaing Region, Myanmar (Burma)",Myanmar,MM,Asia,earthquake,1685403574,1685403193,0,,"23.56,94.58",2023-05-29 23:33:13,2023-05-30 06:03:13,Saigang,Kalay
23.78,93.79,30.0,2.6,ml,,,,,,in_NDd6a1NKcHg4MU8xTmhBK2wyd3lYQT09,2023-05-29T15:25:00.000Z,"Anlung, Chin State, Myanmar (Burma)",Myanmar,MM,Asia,earthquake,1685373735,1685373004,0,,"23.78,93.79",2023-05-29 15:10:04,2023-05-29 21:40:04,Chin,Kalay
21.178,100.031,1.0,2.3,ml,,,,,,th_10976_202305291409,2023-05-29T14:09:15.000Z,"Wan Hkang, Shan, Myanmar (Burma)",Myanmar,MM,Asia,earthquake,1685369873,1685369355,0,,"21.18,100.03",2023-05-29 14:09:15,2023-05-29 20:39:15,Shan,Kengtung
21.226,99.928,1.0,2.5,ml,,,,,,th_10974_202305290010,2023-05-29T00:10:09.000Z,"Wan Hkang, Shan, Myanmar (Burma)",Myanmar,MM,Asia,earthquake,1685320159,1685319009,0,,"21.23,99.93",2023-05-29 00:10:09,2023-05-29 06:40:09,Shan,Kengtung
25.32,95.53,10.0,3.6,ml,,,,,,in_OEYyQWtkOXNnNmt1NVJ4eDcrYWlnQT09,2023-05-27T02:25:00.000Z,,Myanmar,MM,Asia,earthquake,1685154290,1685153534,0,,"25.32,95.53",2023-05-27 02:12:14,2023-05-27 08:42:14,Saigang,Myitkyina
21.034,99.876,1.0,2.0,ml,,,,,,th_10971_202305251726,2023-05-25T17:26:26.000Z,"Wan Mu-hsö Hsensawmawng, Shan, Myanmar (Burma)",Myanmar,MM,Asia,earthquake,1685035824,1685035586,1,,"21.03,99.88",2023-05-25 17:26:26,2023-05-25 23:56:26,Shan,Kengtung
18.21,96.856,5.0,3.2,ml,,,,,,th_10969_202305240005,2023-05-24T00:05:48.000Z,"Bogata Auk, Bago Region, Myanmar (Burma)",Myanmar,MM,Asia,earthquake,1684887696,1684886748,0,,"18.21,96.86",2023-05-24 00:05:48,2023-05-24 06:35:48,Bago,Taungoo
19.976,97.956,1.0,2.5,ml,,,,,,th_10968_202305231726,2023-05-23T17:26:22.000Z,"Ta Ho-pong, Shan, Myanmar (Burma)",Myanmar,MM,Asia,earthquake,1684863416,1684862782,0,,"19.98,97.96",2023-05-23 17:26:22,2023-05-23 23:56:22,Shan,Loikaw
26.92,97.07,10.0,5.0,mb,,,,,,gfz2023jxvk,2023-05-22T06:51:00.000Z,,Myanmar,MM,Asia,earthquake,1684724201,1684723536,0,,"26.97,97.00",2023-05-22 02:45:36,2023-05-22 09:15:36,Kachin,Putao
20.207,92.4403,123.2,3.6,ml,,,,,,in_MmMzbHBhZG5EcXVHK0V3YURYVitrUT09,2023-05-21T21:22:56.000Z,,"343km S of Thenzawl, Mizoram, India",MM,Asia,earthquake,1684704500,1684704176,0,,"20.21,92.44",2023-05-21 21:22:56,2023-05-22 03:52:56,,Sittwe
24.74,94.77,85.0,4.2,mb,,,,,,in_UE55Y3RXNTlJSWdRTE8rRzk2cDNBQT09,2023-05-21T19:42:00.000Z,"Shwe Pyi Aye, Sagaing Region, Myanmar (Burma)",Myanmar-india Border Region,MM,Asia,earthquake,1684678033,1684676853,1,,"24.88,94.68",2023-05-21 13:47:33,2023-05-21 20:17:33,Saigang,Kalay
22.9072,93.6574,10.0,2.8,ml,,,,,,in_Q0lLR0orcThDSjlXN3JNQWJkWHAydz09,2023-05-21T00:15:40.000Z,,"69km SSE of Champhai, Mizoram, India",MM,Asia,earthquake,1684628710,1684628140,0,,"22.91,93.66",2023-05-21 00:15:40,2023-05-21 06:45:40,Chin,Kalay
21.407,98.575,4.0,3.4,ml,,,,,,th_10966_202305202239,2023-05-20T22:39:10.000Z,"Holung, Shan, Myanmar (Burma)",Myanmar,MM,Asia,earthquake,1684623134,1684622350,0,,"21.41,98.58",2023-05-20 22:39:10,2023-05-21 05:09:10,Shan,Kengtung
20.195,97.828,1.0,2.4,ml,,,,,,th_10965_202305202154,2023-05-20T21:54:30.000Z,"Wan Hat, Shan, Myanmar (Burma)",Myanmar,MM,Asia,earthquake,1684621258,1684619670,1,,"20.20,97.83",2023-05-20 21:54:30,2023-05-21 04:24:30,Shan,Loikaw
20.16,98.236,1.0,2.3,ml,,,,,,th_10963_202305192304,2023-05-19T23:04:04.000Z,"Hkonglong, Shan, Myanmar (Burma)",Myanmar,MM,Asia,earthquake,1684538303,1684537444,0,,"20.16,98.24",2023-05-19 23:04:04,2023-05-20 05:34:04,Shan,Loikaw
22.96,94.56,30.0,3.0,ml,,,,,,in_UVRxcFlFYkt2ejU3akxCeFBsUWh2UT09,2023-05-19T19:50:00.000Z,"Pyindaw, Sagaing Region, Myanmar (Burma)",Myanmar,MM,Asia,earthquake,1684526863,1684525800,0,,"22.96,94.56",2023-05-19 19:50:00,2023-05-20 02:20:00,Saigang,Kalay
19.766,96.784,10.0,2.8,ml,,,,,,th_10962_202305181407,2023-05-18T14:07:20.000Z,"Paunglaung, Shan, Myanmar (Burma)",Myanmar,MM,Asia,earthquake,1684419375,1684418840,0,,"19.77,96.78",2023-05-18 14:07:20,2023-05-18 20:37:20,Shan,Loikaw
23.3546,98.4203,10.0,4.7,mb,30.0,81.0,2.326,1.25,us,us6000kcik,2023-05-17T19:52:39.118Z,,"82km NE of Lashio, Myanmar",MM,Asia,earthquake,1684342755,1684337033,1,,"23.35,98.42",2023-05-17 15:23:53,2023-05-17 21:53:53,Shan,Lashio
17.075,96.138,10.0,3.4,ml,,,,,,th_10958_202305151807,2023-05-15T18:07:04.000Z,"Yangon, Yangon Region, Myanmar (Burma)",Myanmar,MM,Asia,earthquake,1684174645,1684174024,0,,"17.08,96.14",2023-05-15 18:07:04,2023-05-16 00:37:04,Yangon,Yangon
21.087,99.96,1.0,2.5,ml,,,,,,th_10957_202305151623,2023-05-15T16:23:22.000Z,"Wan Hkang Ho-paw, Shan, Myanmar (Burma)",Myanmar,MM,Asia,earthquake,1684168161,1684167802,1,,"21.09,99.96",2023-05-15 16:23:22,2023-05-15 22:53:22,Shan,Kengtung
20.639,99.885,3.0,2.3,ml,,,,,,th_10955_202305151518,2023-05-15T15:18:36.000Z,"Wan Hsenhkampeng, Shan, Myanmar (Burma)",Myanmar,MM,Asia,earthquake,1684164311,1684163916,0,,"20.64,99.89",2023-05-15 15:18:36,2023-05-15 21:48:36,Shan,Kengtung
21.861,98.565,10.0,3.5,ml,,,,,,th_10947_202305132143,2023-05-13T21:43:07.000Z,"Wan Pan, Shan, Myanmar (Burma)",Myanmar,MM,Asia,earthquake,1684016873,1684014187,0,,"21.86,98.57",2023-05-13 21:43:07,2023-05-14 04:13:07,Shan,Kengtung
20.65,98.335,10.0,2.9,ml,,,,,,th_10946_202305131803,2023-05-13T18:03:37.000Z,"Wan Kengh Kam, Shan, Myanmar (Burma)",Myanmar,MM,Asia,earthquake,1684001726,1684001017,1,,"20.65,98.34",2023-05-13 18:03:37,2023-05-14 00:33:37,Shan,Taunggyi
21.154,99.872,1.0,2.0,ml,,,,,,th_10944_202305121503,2023-05-12T15:03:39.000Z,"Wan Hpaya-hkè, Shan, Myanmar (Burma)",Myanmar,MM,Asia,earthquake,1683904537,1683903819,1,,"21.15,99.87",2023-05-12 15:03:39,2023-05-12 21:33:39,Shan,Kengtung
23.4659,93.9333,32.7,2.3,ml,,,,,,in_VC9YaWFiM2tpNHN6OEp6bmo4STg0dz09,2023-05-11T22:25:30.000Z,,"61km E of Champhai, Mizoram, India",MM,Asia,earthquake,1683844102,1683843930,0,,"23.47,93.93",2023-05-11 22:25:30,2023-05-12 04:55:30,Chin,Kalay
21.72,93.13,10.0,4.7,ml,,,,,,ems_202305_1260255,2023-05-12T06:11:00.000Z,"Patsi, Chin State, Myanmar (Burma)",Myanmar,MM,Asia,earthquake,1683838876,1683837892,1,,"21.59,93.09",2023-05-11 20:44:52,2023-05-12 03:14:52,Chin,Hakha
25.16,96.37,10.0,3.5,ml,,,,,,th_10942_202305111915,2023-05-11T19:15:16.000Z,Nat Mauk Kan Su See,Myanmar,MM,Asia,earthquake,1683838160,1683832516,1,,"24.95,96.45",2023-05-11 19:15:16,2023-05-12 01:45:16,Kachin,Myitkyina
26.5,96.31,107.0,3.4,ml,,,,,,in_N044dFhKZVpGakhWOGtya0ErUk03QT09,2023-05-10T06:50:00.000Z,"Jagun, Kachin, Myanmar (Burma)",Myanmar,MM,Asia,earthquake,1683701128,1683700095,0,,"26.50,96.31",2023-05-10 06:28:15,2023-05-10 12:58:15,Kachin,Putao
21.149,99.908,1.0,3.0,ml,,,,,,th_10940_202305092018,2023-05-09T20:18:34.000Z,"Wan Hsenlong, Shan, Myanmar (Burma)",Myanmar,MM,Asia,earthquake,1683663751,1683663514,1,,"21.15,99.91",2023-05-09 20:18:34,2023-05-10 02:48:34,Shan,Kengtung
21.155,99.899,1.0,3.0,ml,,,,,,th_10939_202305091904,2023-05-09T19:04:43.000Z,"Wan Hsenlong, Shan, Myanmar (Burma)",Myanmar,MM,Asia,earthquake,1683659336,1683659083,1,,"21.16,99.90",2023-05-09 19:04:43,2023-05-10 01:34:43,Shan,Kengtung
24.54,94.6,10.0,3.7,ml,,,,,,in_emdLSmZzVlR3OEkzYTJ3bHBDMENNQT09,2023-05-09T06:40:00.000Z,"Thanan, Sagaing Region, Myanmar (Burma)",Myanmar,MM,Asia,earthquake,1683614148,1683612622,0,,"24.54,94.60",2023-05-09 06:10:22,2023-05-09 12:40:22,Saigang,Kalay
23.39,94.21,30.0,2.7,ml,,,,,,in_TW55QU12ZDNwMzlmL0VXZVkvZUhtZz09,2023-05-08T00:05:00.000Z,"Thayagon, Sagaing Region, Myanmar (Burma)",Myanmar,MM,Asia,earthquake,1683504170,1683503157,0,,"23.39,94.21",2023-05-07 23:45:57,2023-05-08 06:15:57,Saigang,Kalay
20.617,99.976,1.0,1.8,ml,,,,,,th_10934_202305071122,2023-05-07T11:22:45.000Z,"Hsentong, Shan, Myanmar (Burma)",Myanmar,MM,Asia,earthquake,1683460083,1683458565,0,,"20.62,99.98",2023-05-07 11:22:45,2023-05-07 17:52:45,Shan,Kengtung
20.988,100.017,1.0,3.2,ml,,,,,,th_10933_202305052018,2023-05-05T20:18:26.000Z,"Wan Ta-ma, Shan, Myanmar (Burma)",Myanmar,MM,Asia,earthquake,1683318370,1683317906,0,,"20.99,100.02",2023-05-05 20:18:26,2023-05-06 02:48:26,Shan,Kengtung
25.3,94.81,90.0,3.4,ml,,,,,,in_amg3LzNhajlJNXcxK2phNnBJYUQzZz09,2023-05-05T04:30:00.000Z,"Somra, Sagaing Region, Myanmar (Burma)",Myanmar,MM,Asia,earthquake,1683260949,1683260542,0,,"25.30,94.81",2023-05-05 04:22:22,2023-05-05 10:52:22,Saigang,Kalay
27.34,97.04,10.0,4.6,mb,,,,,,us6000k9cr,2023-05-04T06:14:00.000Z,"Lisu Fishing Village, Kachin, Myanmar (Burma)",Myanmar-india Border Region,MM,Asia,earthquake,1683158632,1683157734,1,,"27.39,97.03",2023-05-03 23:48:54,2023-05-04 06:18:54,Kachin,Putao
21.176,99.902,2.0,2.3,ml,,,,,,th_10930_202305032328,2023-05-03T23:28:16.000Z,"Wan Hpaya-hkè, Shan, Myanmar (Burma)",Myanmar,MM,Asia,earthquake,1683157856,1683156496,1,,"21.18,99.90",2023-05-03 23:28:16,2023-05-04 05:58:16,Shan,Kengtung
24.98,95.05,125.0,3.0,ml,,,,,,in_bUhGWmJkcS9ZMjAwbVc4OVZVdjZtUT09,2023-05-03T23:30:00.000Z,"Kwaya, Sagaing Region, Myanmar (Burma)",Myanmar,MM,Asia,earthquake,1683156618,1683155974,0,,"24.98,95.05",2023-05-03 23:19:34,2023-05-04 05:49:34,Saigang,Kalay
21.204,99.998,1.0,3.1,ml,,,,,,th_10928_202305031019,2023-05-03T10:19:09.000Z,"Wan Hkang, Shan, Myanmar (Burma)",Myanmar,MM,Asia,earthquake,1683110438,1683109149,1,,"21.20,100.00",2023-05-03 10:19:09,2023-05-03 16:49:09,Shan,Kengtung
21.206,99.993,1.0,3.3,ml,,,,,,th_10927_202305030845,2023-05-03T08:45:14.000Z,"Wan Hkang, Shan, Myanmar (Burma)",Myanmar,MM,Asia,earthquake,1683103873,1683103514,1,,"21.21,99.99",2023-05-03 08:45:14,2023-05-03 15:15:14,Shan,Kengtung
20.97,94.44,20.0,3.2,ml,,,,,,in_UTYybHFJc2w2RTV4TEVkd2Rtdk9lUT09,2023-05-03T03:37:01.000Z,"Magyisu, Magway Region, Myanmar (Burma)",Myanmar,MM,Asia,earthquake,1683086381,1683085021,0,,"20.97,94.44",2023-05-03 03:37:01,2023-05-03 10:07:01,Magway,Bagan
21.136,99.932,1.0,2.1,ml,,,,,,th_10926_202305021415,2023-05-02T14:15:13.000Z,"Wan Hsenlong, Shan, Myanmar (Burma)",Myanmar,MM,Asia,earthquake,1683042339,1683036913,1,,"21.14,99.93",2023-05-02 14:15:13,2023-05-02 20:45:13,Shan,Kengtung
23.04,94.38,95.0,4.7,mb,,,,,,gfz2023ijyq,2023-04-30T15:27:00.000Z,"Ywaba, Sagaing Region, Myanmar (Burma)",Myanmar,MM,Asia,earthquake,1682838494,1682837817,0,,"22.99,94.46",2023-04-30 06:56:57,2023-04-30 13:26:57,Saigang,Kalay
17.475,95.986,10.0,2.6,ml,,,,,,th_10911_202304271839,2023-04-27T18:39:00.000Z,"Kinpadi, Yangon Region, Myanmar (Burma)",Myanmar,MM,Asia,earthquake,1682621644,1682620740,0,,"17.48,95.99",2023-04-27 18:39:00,2023-04-28 01:09:00,Yangon,Bago
21.117,99.9,1.0,1.9,ml,,,,,,th_10909_202304261938,2023-04-26T19:38:44.000Z,"Wan Hsenlong, Shan, Myanmar (Burma)",Myanmar,MM,Asia,earthquake,1682538136,1682537924,1,,"21.12,99.90",2023-04-26 19:38:44,2023-04-27 02:08:44,Shan,Kengtung
21.104,99.867,1.0,2.4,ml,,,,,,th_10907_202304260317,2023-04-26T03:17:54.000Z,"Yangka, Shan, Myanmar (Burma)",Myanmar,MM,Asia,earthquake,1682479383,1682479074,1,,"21.10,99.87",2023-04-26 03:17:54,2023-04-26 09:47:54,Shan,Kengtung
19.617,97.862,4.0,2.0,ml,,,,,,th_10905_202304251436,2023-04-25T14:36:55.000Z,"Kiu-neng, Shan, Myanmar (Burma)",Myanmar,MM,Asia,earthquake,1682434992,1682433415,0,,"19.62,97.86",2023-04-25 14:36:55,2023-04-25 21:06:55,Shan,Loikaw
25.34,95.13,115.0,2.8,ml,,,,,,in_Nnc2OVhabndMWDZ0RFNzS3MybHJSUT09,2023-04-24T23:25:00.000Z,"Manpa, Sagaing Region, Myanmar (Burma)",Myanmar,MM,Asia,earthquake,1682369677,1682368937,0,,"25.34,95.13",2023-04-24 20:42:17,2023-04-25 03:12:17,Saigang,Myitkyina
21.187,99.921,1.0,2.7,ml,,,,,,th_10902_202304231743,2023-04-23T17:43:26.000Z,"Wan Hpaya-hkè, Shan, Myanmar (Burma)",Myanmar,MM,Asia,earthquake,1682281413,1682271806,1,,"21.19,99.92",2023-04-23 17:43:26,2023-04-24 00:13:26,Shan,Kengtung
21.155,100.027,1.0,2.9,ml,,,,,,th_10898_202304211124,2023-04-21T11:24:09.000Z,"Wan Hsenlong, Shan, Myanmar (Burma)",Myanmar,MM,Asia,earthquake,1682076520,1682076249,1,,"21.16,100.03",2023-04-21 11:24:09,2023-04-21 17:54:09,Shan,Kengtung
21.069,99.949,1.0,2.7,ml,,,,,,th_10897_202304210024,2023-04-21T00:24:32.000Z,"Wan Hkang Ho-paw, Shan, Myanmar (Burma)",Myanmar,MM,Asia,earthquake,1682037286,1682036672,1,,"21.07,99.95",2023-04-21 00:24:32,2023-04-21 06:54:32,Shan,Kengtung
20.518,98.373,1.0,2.3,ml,,,,,,th_10896_202304201854,2023-04-20T18:54:09.000Z,"Wan Namhok, Shan, Myanmar (Burma)",Myanmar,MM,Asia,earthquake,1682017881,1682016849,1,,"20.52,98.37",2023-04-20 18:54:09,2023-04-21 01:24:09,Shan,Taunggyi
21.094,99.913,1.0,2.6,ml,,,,,,th_10895_202304201403,2023-04-20T14:03:29.000Z,"Wan Hkang Ho-paw, Shan, Myanmar (Burma)",Myanmar,MM,Asia,earthquake,1682000087,1681999409,1,,"21.09,99.91",2023-04-20 14:03:29,2023-04-20 20:33:29,Shan,Kengtung
18.324,96.523,10.0,3.0,ml,,,,,,th_10894_202304200444,2023-04-20T04:44:20.000Z,"Ka Nyut Kwin, Bago Region, Myanmar (Burma)",Myanmar,MM,Asia,earthquake,1681966646,1681965860,0,,"18.32,96.52",2023-04-20 04:44:20,2023-04-20 11:14:20,Bago,Taungoo
21.054,99.952,1.0,2.7,ml,,,,,,th_10892_202304191701,2023-04-19T17:01:44.000Z,"Wan Hkang Ho-paw, Shan, Myanmar (Burma)",Myanmar,MM,Asia,earthquake,1681924224,1681923704,1,,"21.05,99.95",2023-04-19 17:01:44,2023-04-19 23:31:44,Shan,Kengtung
21.12,99.914,1.0,2.3,ml,,,,,,th_10890_202304190551,2023-04-19T05:51:08.000Z,"Wan Hsenlong, Shan, Myanmar (Burma)",Myanmar,MM,Asia,earthquake,1681884674,1681883468,1,,"21.12,99.91",2023-04-19 05:51:08,2023-04-19 12:21:08,Shan,Kengtung
20.547,99.093,1.0,2.1,ml,,,,,,th_10888_202304182033,2023-04-18T20:33:01.000Z,"Wan Hsinkaho, Shan, Myanmar (Burma)",Myanmar,MM,Asia,earthquake,1681850314,1681849981,0,,"20.55,99.09",2023-04-18 20:33:01,2023-04-19 03:03:01,Shan,Kengtung
20.563,99.088,1.0,2.8,ml,,,,,,th_10887_202304182011,2023-04-18T20:11:09.000Z,"Wan Hsinkaho, Shan, Myanmar (Burma)",Myanmar,MM,Asia,earthquake,1681848905,1681848669,0,,"20.56,99.09",2023-04-18 20:11:09,2023-04-19 02:41:09,Shan,Kengtung
20.181,98.571,3.0,2.3,ml,,,,,,th_10886_202304170028,2023-04-17T00:28:37.000Z,"Wan Hsumpoi, Shan, Myanmar (Burma)",Myanmar,MM,Asia,earthquake,1681692342,1681691317,0,,"20.18,98.57",2023-04-17 00:28:37,2023-04-17 06:58:37,Shan,Loikaw
26.43,96.17,10.0,3.5,ml,,,,,,in_NHVJV05FQno5SnI1SitveFVWY21aQT09,2023-04-16T01:10:00.000Z,"Ngajatzup, Kachin, Myanmar (Burma)",Myanmar,MM,Asia,earthquake,1681607194,1681606559,0,,"26.43,96.17",2023-04-16 00:55:59,2023-04-16 07:25:59,Kachin,Putao
19.729,96.831,10.0,2.2,ml,,,,,,th_10885_202304152051,2023-04-15T20:51:19.000Z,"Shan, Myanmar (Burma)",Myanmar,MM,Asia,earthquake,1681593833,1681591879,0,,"19.73,96.83",2023-04-15 20:51:19,2023-04-16 03:21:19,Shan,Loikaw
21.592,97.595,4.0,3.3,ml,,,,,,th_10878_202304140556,2023-04-14T05:56:18.000Z,"Hsam-pun, Shan, Myanmar (Burma)",Myanmar,MM,Asia,earthquake,1681452831,1681451778,0,,"21.59,97.60",2023-04-14 05:56:18,2023-04-14 12:26:18,Shan,Taunggyi
21.181,99.984,1.0,2.4,ml,,,,,,th_10872_202304112124,2023-04-11T21:24:39.000Z,"Wan Hkang, Shan, Myanmar (Burma)",Myanmar,MM,Asia,earthquake,1681249356,1681248279,1,,"21.18,99.98",2023-04-11 21:24:39,2023-04-12 03:54:39,Shan,Kengtung
16.778,95.949,10.0,3.3,ml,,,,,,th_10870_202304110528,2023-04-11T05:28:48.000Z,"Yangon, Yangon Region, Myanmar (Burma)",Myanmar,MM,Asia,earthquake,1681193149,1681190928,0,,"16.78,95.95",2023-04-11 05:28:48,2023-04-11 11:58:48,Yangon,Yangon
21.836,98.993,1.0,2.6,ml,,,,,,th_10868_202304101606,2023-04-10T16:06:05.000Z,"Wan Hsi-hsaw, Shan, Myanmar (Burma)",Myanmar,MM,Asia,earthquake,1681148798,1681142765,0,,"21.84,98.99",2023-04-10 16:06:05,2023-04-10 22:36:05,Shan,Kengtung
21.114,99.937,1.0,3.0,ml,,,,,,th_10863_202304100747,2023-04-10T07:47:17.000Z,"Wan Hsenlong, Shan, Myanmar (Burma)",Myanmar,MM,Asia,earthquake,1681113546,1681112837,1,,"21.11,99.94",2023-04-10 07:47:17,2023-04-10 14:17:17,Shan,Kengtung
22.9862,94.8602,141.001,4.6,mb,56.0,50.0,2.991,0.43,us,us6000k36y,2023-04-11T05:36:07.274Z,,"86km SSE of Mawlaik, Myanmar",MM,Asia,earthquake,1681088583,1681087597,1,,"23.01,94.86",2023-04-10 00:46:37,2023-04-10 07:16:37,Saigang,Kalay
21.207,99.971,2.0,2.0,ml,,,,,,th_10855_202304091730,2023-04-09T17:30:33.000Z,"Wan Hkang, Shan, Myanmar (Burma)",Myanmar,MM,Asia,earthquake,1681061726,1681061433,1,,"21.21,99.97",2023-04-09 17:30:33,2023-04-10 00:00:33,Shan,Kengtung
19.271,96.428,10.0,3.3,ml,,,,,,th_10854_202304091545,2023-04-09T15:45:45.000Z,"Sibaing, Bago Region, Myanmar (Burma)",Myanmar,MM,Asia,earthquake,1681055723,1681055145,0,,"19.27,96.43",2023-04-09 15:45:45,2023-04-09 22:15:45,Bago,Taungoo
21.167,99.914,2.0,2.5,ml,,,,,,th_10841_202304090412,2023-04-09T04:12:49.000Z,"Wan Hsenlong, Shan, Myanmar (Burma)",Myanmar,MM,Asia,earthquake,1681014081,1681013569,1,,"21.17,99.91",2023-04-09 04:12:49,2023-04-09 10:42:49,Shan,Kengtung
25.23,96.37,10.0,4.2,mb,,,,,,in_enY1QVVXYmVFZXJwNTdZTW5rTW95QT09,2023-04-08T16:54:00.000Z,Ywa thit,Myanmar,MM,Asia,earthquake,1680955407,1680954760,0,,"25.13,96.42",2023-04-08 11:52:40,2023-04-08 18:22:40,Kachin,Myitkyina
21.117,99.897,1.0,2.2,ml,,,,,,th_10835_202304080259,2023-04-08T02:59:02.000Z,"Wan Hsenlong, Shan, Myanmar (Burma)",Myanmar,MM,Asia,earthquake,1680922957,1680922742,1,,"21.12,99.90",2023-04-08 02:59:02,2023-04-08 09:29:02,Shan,Kengtung
21.235,99.971,1.0,3.4,ml,,,,,,th_10834_202304072142,2023-04-07T21:42:02.000Z,"Wan Hkang, Shan, Myanmar (Burma)",Myanmar,MM,Asia,earthquake,1680904210,1680903722,1,,"21.24,99.97",2023-04-07 21:42:02,2023-04-08 04:12:02,Shan,Kengtung
21.102,99.944,1.0,3.4,ml,,,,,,th_10833_202304071111,2023-04-07T11:11:39.000Z,"Wan Hsenlong, Shan, Myanmar (Burma)",Myanmar,MM,Asia,earthquake,1680866139,1680865899,0,,"21.10,99.94",2023-04-07 11:11:39,2023-04-07 17:41:39,Shan,Kengtung
21.418,100.253,1.0,2.5,ml,,,,,,th_10832_202304070118,2023-04-07T01:18:29.000Z,"Wan Nawnghok, Shan, Myanmar (Burma)",Myanmar - China Border Region,MM,Asia,earthquake,1680832352,1680830309,0,,"21.42,100.25",2023-04-07 01:18:29,2023-04-07 07:48:29,Shan,Kengtung
21.283,99.504,5.0,2.6,ml,,,,,,th_10831_202304062237,2023-04-06T22:37:53.000Z,Wān Panghsang,Myanmar,MM,Asia,earthquake,1680821502,1680820673,0,,"21.28,99.50",2023-04-06 22:37:53,2023-04-07 05:07:53,Shan,Kengtung
20.352,97.917,2.0,2.2,ml,,,,,,th_10830_202304062050,2023-04-06T20:50:15.000Z,"Kehkwang, Shan, Myanmar (Burma)",Myanmar,MM,Asia,earthquake,1680815317,1680814215,0,,"20.35,97.92",2023-04-06 20:50:15,2023-04-07 03:20:15,Shan,Taunggyi
19.275,96.046,10.0,3.9,ml,,,,,,th_10829_202304061757,2023-04-06T17:57:34.000Z,Myaungtha,Myanmar,MM,Asia,earthquake,1680807099,1680803854,0,,"19.28,96.05",2023-04-06 17:57:34,2023-04-07 00:27:34,Bago,Naypyidaw
20.29,97.92,4.0,4.6,ml,,,,,,ems_202304_1246517,2023-04-06T00:50:00.000Z,"Wan Nalin, Shan, Myanmar (Burma)",Myanmar,MM,Asia,earthquake,1680742255,1680741740,0,,"20.29,97.92",2023-04-06 00:42:20,2023-04-06 07:12:20,Shan,Loikaw
15.496,96.23,32.0,3.6,ml,,,,,,th_10826_202304051954,2023-04-05T19:54:59.000Z,,Near South Coast of Myanmar,MM,Asia,earthquake,1680725363,1680724499,0,,"15.50,96.23",2023-04-05 19:54:59,2023-04-06 02:24:59,,Yangon
20.807,99.832,3.0,2.3,ml,,,,,,th_10825_202304051126,2023-04-05T11:26:54.000Z,"Möng Hai, Shan, Myanmar (Burma)",Myanmar,MM,Asia,earthquake,1680695697,1680694014,0,,"20.81,99.83",2023-04-05 11:26:54,2023-04-05 17:56:54,Shan,Kengtung
21.076,99.876,1.0,2.3,ml,,,,,,th_10821_202304041553,2023-04-04T15:53:57.000Z,"Shan, Myanmar (Burma)",Myanmar,MM,Asia,earthquake,1680624000,1680623637,1,,"21.08,99.88",2023-04-04 15:53:57,2023-04-04 22:23:57,Shan,Kengtung
21.054,99.927,3.0,2.2,ml,,,,,,th_10820_202304041543,2023-04-04T15:43:22.000Z,"Wan Hkang Ho-paw, Shan, Myanmar (Burma)",Myanmar,MM,Asia,earthquake,1680623213,1680623002,1,,"21.05,99.93",2023-04-04 15:43:22,2023-04-04 22:13:22,Shan,Kengtung
21.147,100.029,1.0,2.8,ml,,,,,,th_10819_202304031751,2023-04-03T17:51:57.000Z,"Wan Möngtinno, Shan, Myanmar (Burma)",Myanmar,MM,Asia,earthquake,1680544773,1680544317,0,,"21.15,100.03",2023-04-03 17:51:57,2023-04-04 00:21:57,Shan,Kengtung
15.374,96.117,10.0,3.4,ml,,,,,,th_11203_202307302143,2023-07-30T21:43:52.000Z,,Near South Coast of Myanmar,MM,Asia,earthquake,1690754884,1690753432,0,,"15.37,96.12",2023-07-30 21:43:52,2023-07-31 04:13:52,,Yangon
15.037,96.199,10.0,3.4,ml,,,,,,th_11202_202307302139,2023-07-30T21:39:49.000Z,,Near South Coast of Myanmar,MM,Asia,earthquake,1690754029,1690753189,0,,"15.04,96.20",2023-07-30 21:39:49,2023-07-31 04:09:49,,Yangon
18.17,97.465,5.0,2.4,ml,,,,,,th_11200_202307301810,2023-07-30T18:10:32.000Z,"Kaukpok, Kayin State, Myanmar (Burma)",Myanmar,MM,Asia,earthquake,1690741057,1690740632,0,,"18.17,97.47",2023-07-30 18:10:32,2023-07-31 00:40:32,Kayin,Taungoo
21.142,99.964,2.0,1.9,ml,,,,,,th_11198_202307301626,2023-07-30T16:26:36.000Z,"Wan Hsenlong, Shan, Myanmar (Burma)",Myanmar,MM,Asia,earthquake,1690736536,1690734396,1,,"21.14,99.96",2023-07-30 16:26:36,2023-07-30 22:56:36,Shan,Kengtung
21.101,99.973,1.0,2.0,ml,,,,,,th_11196_202307301145,2023-07-30T11:45:54.000Z,"Wan Hsenlong, Shan, Myanmar (Burma)",Myanmar,MM,Asia,earthquake,1690717974,1690717554,1,,"21.10,99.97",2023-07-30 11:45:54,2023-07-30 18:15:54,Shan,Kengtung
20.1422,94.0558,45.5,4.5,mb,,,,,,us6000kwkm,2023-07-30T16:45:54.000Z,"Peinwa, Rakhine, Myanmar (Burma)",Myanmar,MM,Asia,earthquake,1690671455,1690669772,1,,"20.11,94.01",2023-07-29 22:29:32,2023-07-30 04:59:32,Rakhine,Magway
17.464,97.994,2.0,2.8,ml,,,,,,th_11193_202307281240,2023-07-28T12:40:08.000Z,"Khaledi, Kayin State, Myanmar (Burma)",Myanmar,MM,Asia,earthquake,1690548590,1690548008,0,,"17.46,97.99",2023-07-28 12:40:08,2023-07-28 19:10:08,Kayin,Hpa-An
20.613,98.831,1.0,2.3,ml,,,,,,th_11191_202307272116,2023-07-27T21:16:59.000Z,"Wan Hwè-mi, Shan, Myanmar (Burma)",Myanmar,MM,Asia,earthquake,1690493117,1690492619,0,,"20.61,98.83",2023-07-27 21:16:59,2023-07-28 03:46:59,Shan,Kengtung
21.082,99.43,1.0,2.5,ml,,,,,,th_11190_202307271723,2023-07-27T17:23:20.000Z,"Wan Na-hsai, Shan, Myanmar (Burma)",Myanmar,MM,Asia,earthquake,1690490816,1690478600,0,,"21.08,99.43",2023-07-27 17:23:20,2023-07-27 23:53:20,Shan,Kengtung
24.86,95.16,143.0,3.8,ml,,,,,,in_WGhMMW52clAwcnd3eVd3Q2FzcUQ0UT09,2023-07-25T04:35:26.000Z,"Malon, Sagaing Region, Myanmar (Burma)",Myanmar,MM,Asia,earthquake,1690259489,1690258615,0,,"24.86,95.16",2023-07-25 04:16:55,2023-07-25 10:46:55,Saigang,Kalay
22.7678,94.4602,101.0,4.4,mb,,,,,,us7000ki2c,2023-07-25T06:42:15.000Z,"Htonban, Sagaing Region, Myanmar (Burma)",Myanmar,MM,Asia,earthquake,1690231268,1690229670,0,,"22.78,94.49",2023-07-24 20:14:30,2023-07-25 02:44:30,Saigang,Kalay
21.134,99.384,2.0,2.7,ml,,,,,,th_11186_202307241610,2023-07-24T16:10:14.000Z,"Wan Na-hsai, Shan, Myanmar (Burma)",Myanmar,MM,Asia,earthquake,1690215824,1690215014,1,,"21.13,99.38",2023-07-24 16:10:14,2023-07-24 22:40:14,Shan,Kengtung
22.2919,94.2872,105.0,4.0,mb,,,,,,us7000khu1,2023-07-23T18:46:53.000Z,"Zayat, Sagaing Region, Myanmar (Burma)",Myanmar,MM,Asia,earthquake,1690131774,1690129883,1,,"22.30,94.40",2023-07-23 16:31:23,2023-07-23 23:01:23,Saigang,Hakha
18.6286,93.7176,35.0,4.5,mb,,,,,,us7000khrq,2023-07-23T18:21:20.000Z,"Pyay, Myanmar",Myanmar,MM,Asia,earthquake,1690097836,1690094856,1,,"18.54,93.65",2023-07-23 06:47:36,2023-07-23 13:17:36,,Pyay
18.642,96.538,10.0,3.6,ml,,,,,,th_11183_202307230357,2023-07-23T03:57:26.000Z,"Zayatkyi, Bago Region, Myanmar (Burma)",Myanmar,MM,Asia,earthquake,1690085124,1690084646,0,,"18.64,96.54",2023-07-23 03:57:26,2023-07-23 10:27:26,Bago,Taungoo
20.537,98.778,1.0,2.6,ml,,,,,,th_11181_202307221941,2023-07-22T19:41:56.000Z,"Kang Nai, Shan, Myanmar (Burma)",Myanmar,MM,Asia,earthquake,1690055246,1690054916,0,,"20.54,98.78",2023-07-22 19:41:56,2023-07-23 02:11:56,Shan,Kengtung
20.511,99.873,2.0,1.8,ml,,,,,,th_11180_202307220809,2023-07-22T08:09:05.000Z,"Tachileik, Shan, Myanmar (Burma)",Myanmar,MM,Asia,earthquake,1690013754,1690013345,0,,"20.51,99.87",2023-07-22 08:09:05,2023-07-22 14:39:05,Shan,Kengtung
25.0833,94.9359,116.0,4.0,mb,,,,,,us7000khhf,2023-07-22T05:48:42.000Z,"Maungkan, Sagaing Region, Myanmar (Burma)",Myanmar-india Border Region,MM,Asia,earthquake,1689977206,1689969948,0,,"25.14,94.97",2023-07-21 20:05:48,2023-07-22 02:35:48,Saigang,Kalay
25.21,95.15,10.0,4.2,ml,,,,,,ems_202307_1531253,2023-07-20T23:28:29.000Z,"Naungpin, Sagaing Region, Myanmar (Burma)",Myanmar,MM,Asia,earthquake,1689895736,1689893675,0,,"25.21,95.15",2023-07-20 22:54:35,2023-07-21 05:24:35,Saigang,Myitkyina
18.016,97.666,1.0,2.3,ml,,,,,,th_11179_202307202228,2023-07-20T22:28:08.000Z,"Bwado, Kayin State, Myanmar (Burma)",Myanmar,MM,Asia,earthquake,1689893293,1689892088,0,,"18.02,97.67",2023-07-20 22:28:08,2023-07-21 04:58:08,Kayin,Hpa-An
24.1213,94.3023,8.3,3.7,ml,,,,,,in_cHVEdkhDWHpic2NSeG44cVBzRmVydz09,2023-07-19T16:00:29.000Z,,"67km SE of Moirang, Manipur, India",MM,Asia,earthquake,1689782357,1689782094,0,,"24.12,94.30",2023-07-19 15:54:54,2023-07-19 22:24:54,Saigang,Kalay
20.693,98.703,10.0,2.8,ml,,,,,,th_11176_202307190201,2023-07-19T02:01:38.000Z,"Kang Nai, Shan, Myanmar (Burma)",Myanmar,MM,Asia,earthquake,1689734079,1689732098,0,,"20.69,98.70",2023-07-19 02:01:38,2023-07-19 08:31:38,Shan,Kengtung
19.087,95.939,3.0,3.4,ml,,,,,,th_11175_202307182047,2023-07-18T20:47:49.000Z,"Aungtha Tè, Bago Region, Myanmar (Burma)",Myanmar,MM,Asia,earthquake,1689714253,1689713269,0,,"19.09,95.94",2023-07-18 20:47:49,2023-07-19 03:17:49,Bago,Taungoo
21.213,99.881,1.0,1.8,ml,,,,,,th_11174_202307181629,2023-07-18T16:29:59.000Z,"Wan Hpaya-hkè, Shan, Myanmar (Burma)",Myanmar,MM,Asia,earthquake,1689698704,1689697799,1,,"21.21,99.88",2023-07-18 16:29:59,2023-07-18 22:59:59,Shan,Kengtung
21.18,99.877,1.0,3.0,ml,,,,,,th_11173_202307181625,2023-07-18T16:25:11.000Z,"Wan Hpaya-hkè, Shan, Myanmar (Burma)",Myanmar,MM,Asia,earthquake,1689698237,1689697511,1,,"21.18,99.88",2023-07-18 16:25:11,2023-07-18 22:55:11,Shan,Kengtung
20.116,97.875,1.0,2.3,ml,,,,,,th_11171_202307161806,2023-07-16T18:06:05.000Z,"Wan Kongpao, Shan, Myanmar (Burma)",Myanmar,MM,Asia,earthquake,1689532172,1689530765,0,,"20.12,97.88",2023-07-16 18:06:05,2023-07-17 00:36:05,Shan,Loikaw
20.358,99.006,1.0,1.8,ml,,,,,,th_11170_202307161556,2023-07-16T15:56:57.000Z,"Tuntawng, Shan, Myanmar (Burma)",Myanmar,MM,Asia,earthquake,1689531409,1689523017,0,,"20.36,99.01",2023-07-16 15:56:57,2023-07-16 22:26:57,Shan,Kengtung
21.098,99.916,2.0,1.8,ml,,,,,,th_11167_202307151334,2023-07-15T13:34:33.000Z,"Wan Hsenlong, Shan, Myanmar (Burma)",Myanmar,MM,Asia,earthquake,1689428254,1689428073,1,,"21.10,99.92",2023-07-15 13:34:33,2023-07-15 20:04:33,Shan,Kengtung
21.191,99.897,1.0,3.3,ml,,,,,,th_11166_202307142144,2023-07-14T21:44:58.000Z,"Wan Hpaya-hkè, Shan, Myanmar (Burma)",Myanmar,MM,Asia,earthquake,1689372498,1689371098,0,,"21.19,99.90",2023-07-14 21:44:58,2023-07-15 04:14:58,Shan,Kengtung
21.167,100.013,1.0,1.9,ml,,,,,,th_11165_202307141629,2023-07-14T16:29:34.000Z,"Wan Hsenlong, Shan, Myanmar (Burma)",Myanmar,MM,Asia,earthquake,1689352411,1689352174,0,,"21.17,100.01",2023-07-14 16:29:34,2023-07-14 22:59:34,Shan,Kengtung
21.116,99.938,1.0,1.7,ml,,,,,,th_11163_202307140552,2023-07-14T05:52:26.000Z,"Wan Hsenlong, Shan, Myanmar (Burma)",Myanmar,MM,Asia,earthquake,1689314529,1689313946,1,,"21.12,99.94",2023-07-14 05:52:26,2023-07-14 12:22:26,Shan,Kengtung
25.18,95.21,10.0,3.6,ml,,,,,,in_UEMwaXhqNnh2Zmw3cmVSeTd2U0luZz09,2023-07-12T12:35:46.000Z,"Tonmalaw, Sagaing Region, Myanmar (Burma)",Myanmar,MM,Asia,earthquake,1689165292,1689164812,0,,"25.18,95.21",2023-07-12 12:26:52,2023-07-12 18:56:52,Saigang,Myitkyina
21.121,99.339,1.0,1.6,ml,,,,,,th_11158_202307111717,2023-07-11T17:17:44.000Z,"Wan Na-hsai, Shan, Myanmar (Burma)",Myanmar,MM,Asia,earthquake,1689096459,1689095864,0,,"21.12,99.34",2023-07-11 17:17:44,2023-07-11 23:47:44,Shan,Kengtung
23.1479,94.0493,73.0,4.3,mb,,,,,,in_Wk5yejlVNUNDY2J3Y1dXcnUyUWE2UT09,2023-07-12T05:56:24.000Z,Thazi,Myanmar,MM,Asia,earthquake,1689084667,1689084359,0,,"23.71,93.78",2023-07-11 14:05:59,2023-07-11 20:35:59,Saigang,Kalay
23.91,94.51,70.0,3.4,ml,,,,,,in_K0VSVG45YTRyT2VVQVdLaEQzMldZQT09,2023-07-09T11:49:37.000Z,"Yuwa, Sagaing Region, Myanmar (Burma)",Myanmar,MM,Asia,earthquake,1688903230,1688902567,0,,"23.91,94.51",2023-07-09 11:36:07,2023-07-09 18:06:07,Saigang,Kalay
21.179,99.95,1.0,2.5,ml,,,,,,th_11150_202307082209,2023-07-08T22:09:28.000Z,"Wan Hsenlong, Shan, Myanmar (Burma)",Myanmar,MM,Asia,earthquake,1688854792,1688854168,1,,"21.18,99.95",2023-07-08 22:09:28,2023-07-09 04:39:28,Shan,Kengtung
15.323,96.623,10.0,3.0,ml,,,,,,th_11149_202307080648,2023-07-08T06:48:47.000Z,,Near South Coast of Myanmar,MM,Asia,earthquake,1688802327,1688798927,0,,"15.32,96.62",2023-07-08 06:48:47,2023-07-08 13:18:47,,Mawlamyine
21.145,99.947,1.0,2.1,ml,,,,,,th_11147_202307071444,2023-07-07T14:44:01.000Z,"Wan Hsenlong, Shan, Myanmar (Burma)",Myanmar,MM,Asia,earthquake,1688741963,1688741041,1,,"21.15,99.95",2023-07-07 14:44:01,2023-07-07 21:14:01,Shan,Kengtung
21.084,99.941,1.0,3.3,ml,,,,,,th_11146_202307071355,2023-07-07T13:55:51.000Z,"Wan Hkang Ho-paw, Shan, Myanmar (Burma)",Myanmar,MM,Asia,earthquake,1688739043,1688738151,0,,"21.08,99.94",2023-07-07 13:55:51,2023-07-07 20:25:51,Shan,Kengtung
19.496,96.646,10.0,3.0,ml,,,,,,th_11140_202307070207,2023-07-07T02:07:55.000Z,"Alegyaung Auk, Naypyidaw Union Territory, Myanmar (Burma)",Myanmar,MM,Asia,earthquake,1688696302,1688695675,0,,"19.50,96.65",2023-07-07 02:07:55,2023-07-07 08:37:55,Mandalay,Nay Pyi Taw
15.293,96.26,10.0,3.5,ml,,,,,,th_11137_202307061919,2023-07-06T19:19:27.000Z,,Near South Coast of Myanmar,MM,Asia,earthquake,1688672790,1688671167,0,,"15.29,96.26",2023-07-06 19:19:27,2023-07-07 01:49:27,,Yangon
21.192,99.968,1.0,1.7,ml,,,,,,th_11135_202307061556,2023-07-06T15:56:22.000Z,"Wan Hkang, Shan, Myanmar (Burma)",Myanmar,MM,Asia,earthquake,1688660067,1688658982,1,,"21.19,99.97",2023-07-06 15:56:22,2023-07-06 22:26:22,Shan,Kengtung
15.351,96.391,10.0,3.3,ml,,,,,,th_11133_202307052322,2023-07-05T23:22:12.000Z,,Near South Coast of Myanmar,MM,Asia,earthquake,1688602413,1688599332,0,,"15.35,96.39",2023-07-05 23:22:12,2023-07-06 05:52:12,,Yangon
21.073,99.337,1.0,1.7,ml,,,,,,th_11132_202307052139,2023-07-05T21:39:55.000Z,"Wan Na-hsai, Shan, Myanmar (Burma)",Myanmar,MM,Asia,earthquake,1688593794,1688593195,0,,"21.07,99.34",2023-07-05 21:39:55,2023-07-06 04:09:55,Shan,Kengtung
23.67,93.88,45.0,3.9,ml,,,,,,in_ajJMakN2dXlMbklZYWwvUWlMYmZ3dz09,2023-07-05T19:14:29.000Z,"Seksih, Chin State, Myanmar (Burma)",Myanmar,MM,Asia,earthquake,1688584466,1688583909,0,,"23.67,93.88",2023-07-05 19:05:09,2023-07-06 01:35:09,Chin,Kalay
21.09,99.946,1.0,1.9,ml,,,,,,th_11130_202307051742,2023-07-05T17:42:00.000Z,"Wan Hsenlong, Shan, Myanmar (Burma)",Myanmar,MM,Asia,earthquake,1688585119,1688578920,1,,"21.09,99.95",2023-07-05 17:42:00,2023-07-06 00:12:00,Shan,Kengtung
23.7519,93.7477,5.0,2.9,ml,,,,,,in_ckZvbkcvWlpZVG1xdXgwVkNHTmEvdz09,2023-07-05T17:21:28.000Z,,"53km NE of Champhai, Mizoram, India",MM,Asia,earthquake,1688577466,1688577219,0,,"23.75,93.75",2023-07-05 17:13:39,2023-07-05 23:43:39,Chin,Kalay
21.256,100.083,1.0,2.6,ml,,,,,,th_11126_202307042247,2023-07-04T22:47:54.000Z,"Wan Hkang A-hko, Shan, Myanmar (Burma)",Myanmar,MM,Asia,earthquake,1688511209,1688510874,0,,"21.26,100.08",2023-07-04 22:47:54,2023-07-05 05:17:54,Shan,Kengtung
21.123,99.912,1.0,2.7,ml,,,,,,th_11124_202307041601,2023-07-04T16:01:11.000Z,"Wan Hsenlong, Shan, Myanmar (Burma)",Myanmar,MM,Asia,earthquake,1688486820,1688486471,1,,"21.12,99.91",2023-07-04 16:01:11,2023-07-04 22:31:11,Shan,Kengtung
26.5589,96.4163,95.276,4.9,mb,49.0,65.0,5.792,0.84,us,ems_202307_1524211,2023-07-04T14:58:45.685Z,"Jagun, Kachin, Myanmar (Burma)",Myanmar,MM,Asia,earthquake,1688456156,1688455532,0,,"26.62,96.09",2023-07-04 07:25:32,2023-07-04 13:55:32,Kachin,Putao
21.139,99.886,2.0,2.4,ml,,,,,,th_11119_202307030227,2023-07-03T02:27:07.000Z,"Wan Hsenlong, Shan, Myanmar (Burma)",Myanmar,MM,Asia,earthquake,1688379974,1688351227,1,,"21.14,99.89",2023-07-03 02:27:07,2023-07-03 08:57:07,Shan,Kengtung
21.146,99.379,4.0,2.0,ml,,,,,,th_11118_202307022007,2023-07-02T20:07:37.000Z,"Wan Pangkaw, Shan, Myanmar (Burma)",Myanmar,MM,Asia,earthquake,1688337656,1688328457,0,,"21.15,99.38",2023-07-02 20:07:37,2023-07-03 02:37:37,Shan,Kengtung
21.192,99.88,1.0,2.1,ml,,,,,,th_11117_202307020641,2023-07-02T06:41:03.000Z,"Wan Hpaya-hkè, Shan, Myanmar (Burma)",Myanmar,MM,Asia,earthquake,1688281686,1688280063,1,,"21.19,99.88",2023-07-02 06:41:03,2023-07-02 13:11:03,Shan,Kengtung
21.139,99.891,2.0,2.1,ml,,,,,,th_11115_202307020138,2023-07-02T01:38:59.000Z,"Wan Hsenlong, Shan, Myanmar (Burma)",Myanmar,MM,Asia,earthquake,1688263169,1688261939,1,,"21.14,99.89",2023-07-02 01:38:59,2023-07-02 08:08:59,Shan,Kengtung
26.77,95.83,67.0,3.7,ml,,,,,,in_NkNNek5KeUxFMFRoRXFUeHFnbHR3UT09,2023-07-01T23:28:28.000Z,Tulim,Myanmar,MM,Asia,earthquake,1688253709,1688252662,0,,"26.77,95.83",2023-07-01 23:04:22,2023-07-02 05:34:22,Saigang,Putao
14.695,96.631,10.0,2.9,ml,,,,,,th_11114_202307012218,2023-07-01T22:18:22.000Z,,Near South Coast of Myanmar,MM,Asia,earthquake,1688251586,1688249902,0,,"14.70,96.63",2023-07-01 22:18:22,2023-07-02 04:48:22,,Dawei
21.162,99.336,1.0,1.8,ml,,,,,,th_11113_202307011301,2023-07-01T13:01:23.000Z,"Wan Pangkaw, Shan, Myanmar (Burma)",Myanmar,MM,Asia,earthquake,1688216999,1688216483,0,,"21.16,99.34",2023-07-01 13:01:23,2023-07-01 19:31:23,Shan,Kengtung
15.297,96.572,10.0,3.9,ml,,,,,,th_11112_202307010055,2023-07-01T00:55:08.000Z,,Near South Coast of Myanmar,MM,Asia,earthquake,1688174082,1688172908,0,,"15.30,96.57",2023-07-01 00:55:08,2023-07-01 07:25:08,,Mawlamyine
21.141,99.333,1.0,1.5,ml,,,,,,th_11111_202306302058,2023-06-30T20:58:24.000Z,"Wan Na-hsai, Shan, Myanmar (Burma)",Myanmar,MM,Asia,earthquake,1688160527,1688158704,0,,"21.14,99.33",2023-06-30 20:58:24,2023-07-01 03:28:24,Shan,Kengtung
21.117,99.45,4.0,3.0,ml,,,,,,th_11110_202306302007,2023-06-30T20:07:08.000Z,"Wan Namhing, Shan, Myanmar (Burma)",Myanmar,MM,Asia,earthquake,1688156145,1688155628,0,,"21.12,99.45",2023-06-30 20:07:08,2023-07-01 02:37:08,Shan,Kengtung
21.181,99.985,1.0,2.6,ml,,,,,,th_11109_202306301904,2023-06-30T19:04:31.000Z,"Wan Hkang, Shan, Myanmar (Burma)",Myanmar,MM,Asia,earthquake,1688153598,1688151871,1,,"21.18,99.99",2023-06-30 19:04:31,2023-07-01 01:34:31,Shan,Kengtung
21.168,99.336,2.0,3.3,ml,,,,,,th_11108_202306301831,2023-06-30T18:31:08.000Z,"Wan Pangkaw, Shan, Myanmar (Burma)",Myanmar,MM,Asia,earthquake,1688150375,1688149868,0,,"21.17,99.34",2023-06-30 18:31:08,2023-07-01 01:01:08,Shan,Kengtung
21.135,99.384,4.0,2.0,ml,,,,,,th_11107_202306301810,2023-06-30T18:10:30.000Z,"Wan Na-hsai, Shan, Myanmar (Burma)",Myanmar,MM,Asia,earthquake,1688149597,1688148630,0,,"21.14,99.38",2023-06-30 18:10:30,2023-07-01 00:40:30,Shan,Kengtung
21.0766,99.5199,10.0,4.5,mb,33.0,117.0,0.218,0.51,us,gfz2023msdt,2023-07-01T02:31:39.398Z,Wān Panghsang,"74km SW of Kēng Tung, Myanmar",MM,Asia,earthquake,1688144709,1688143613,1,,"21.26,99.49",2023-06-30 16:46:53,2023-06-30 23:16:53,Shan,Kengtung
15.365,96.609,10.0,3.1,ml,,,,,,th_11105_202306300618,2023-06-30T06:18:40.000Z,,Near South Coast of Myanmar,MM,Asia,earthquake,1688110454,1688105920,0,,"15.37,96.61",2023-06-30 06:18:40,2023-06-30 12:48:40,,Mawlamyine
26.8672,96.6839,36.0,4.4,mb,,,,,,ems_202306_1522374,2023-06-30T08:43:52.000Z,,Myanmar,MM,Asia,earthquake,1688106072,1688103844,0,,"26.66,96.92",2023-06-30 05:44:04,2023-06-30 12:14:04,Kachin,Putao
15.301,96.586,10.0,3.1,ml,,,,,,th_11104_202306300311,2023-06-30T03:11:32.000Z,,Near South Coast of Myanmar,MM,Asia,earthquake,1688098228,1688094692,0,,"15.30,96.59",2023-06-30 03:11:32,2023-06-30 09:41:32,,Mawlamyine
15.269,98.162,4.0,2.4,ml,,,,,,th_11102_202306292157,2023-06-29T21:57:20.000Z,ချေံဍာ်,Myanmar,MM,Asia,earthquake,1688076707,1688075840,0,,"15.27,98.16",2023-06-29 21:57:20,2023-06-30 04:27:20,Mon,Dawei
15.291,98.185,1.0,2.0,ml,,,,,,th_11103_202306292151,2023-06-29T21:51:33.000Z,"ကွာန်ချေံဍာ်, မွန်ပြည်နယ်, Myanmar (Burma)",Myanmar,MM,Asia,earthquake,1688077974,1688075493,0,,"15.29,98.19",2023-06-29 21:51:33,2023-06-30 04:21:33,Mon,Dawei
15.309,96.537,10.0,3.3,ml,,,,,,th_11101_202306292130,2023-06-29T21:30:09.000Z,,Near South Coast of Myanmar,MM,Asia,earthquake,1688074952,1688074209,0,,"15.31,96.54",2023-06-29 21:30:09,2023-06-30 04:00:09,,Mawlamyine
20.094,98.224,1.0,1.8,ml,,,,,,th_11100_202306291903,2023-06-29T19:03:53.000Z,"Hkonglong, Shan, Myanmar (Burma)",Myanmar,MM,Asia,earthquake,1688065843,1688065433,0,,"20.09,98.22",2023-06-29 19:03:53,2023-06-30 01:33:53,Shan,Loikaw
19.022,96.138,10.0,2.5,ml,,,,,,th_11097_202306291220,2023-06-29T12:20:18.000Z,Zaha,Myanmar,MM,Asia,earthquake,1688042828,1688041218,0,,"19.02,96.14",2023-06-29 12:20:18,2023-06-29 18:50:18,Bago,Taungoo
15.203,96.507,10.0,3.3,ml,,,,,,th_11096_202306290600,2023-06-29T06:00:12.000Z,,Near South Coast of Myanmar,MM,Asia,earthquake,1688019683,1688018412,0,,"15.20,96.51",2023-06-29 06:00:12,2023-06-29 12:30:12,,Mawlamyine
23.704,97.694,10.0,3.7,ml,,,,,,th_11095_202306290549,2023-06-29T05:49:41.000Z,"Hpa-hpeng, Shan, Myanmar (Burma)",Myanmar,MM,Asia,earthquake,1688019141,1688017781,0,,"23.70,97.69",2023-06-29 05:49:41,2023-06-29 12:19:41,Shan,Bhamo
15.405,96.648,10.0,3.0,ml,,,,,,th_11094_202306290115,2023-06-29T01:15:00.000Z,,Near South Coast of Myanmar,MM,Asia,earthquake,1688007747,1688001300,0,,"15.41,96.65",2023-06-29 01:15:00,2023-06-29 07:45:00,,Mawlamyine
15.266,96.153,10.0,3.3,ml,,,,,,th_11092_202306271935,2023-06-27T19:35:51.000Z,,Near South Coast of Myanmar,MM,Asia,earthquake,1687895667,1687894551,0,,"15.27,96.15",2023-06-27 19:35:51,2023-06-28 02:05:51,,Yangon
21.168,99.922,1.0,3.0,ml,,,,,,th_11088_202306271123,2023-06-27T11:23:56.000Z,"Wan Hsenlong, Shan, Myanmar (Burma)",Myanmar,MM,Asia,earthquake,1687865839,1687865036,1,,"21.17,99.92",2023-06-27 11:23:56,2023-06-27 17:53:56,Shan,Kengtung
15.31,96.54,10.0,4.0,ml,,,,,,ems_202306_1277454,2023-06-25T18:40:00.000Z,,Near South Coast Of Myanmar,MM,Asia,earthquake,1687718478,1687717632,0,,"15.31,96.54",2023-06-25 18:27:12,2023-06-26 00:57:12,,Mawlamyine
15.24,96.69,10.0,3.9,ml,,,,,,th_11076_202306250825,2023-06-25T14:00:00.000Z,,Near South Coast of Myanmar,MM,Asia,earthquake,1687701519,1687681529,0,,"15.24,96.69",2023-06-25 08:25:29,2023-06-25 14:55:29,,Mawlamyine
15.658,96.881,10.0,3.2,ml,,,,,,th_11075_202306241352,2023-06-24T13:52:29.000Z,,Near South Coast of Myanmar,MM,Asia,earthquake,1687616358,1687614749,0,,"15.66,96.88",2023-06-24 13:52:29,2023-06-24 20:22:29,,Mawlamyine
15.562,96.734,10.0,3.2,ml,,,,,,th_11074_202306240748,2023-06-24T07:48:39.000Z,,Near South Coast of Myanmar,MM,Asia,earthquake,1687595316,1687592919,0,,"15.56,96.73",2023-06-24 07:48:39,2023-06-24 14:18:39,,Mawlamyine
15.384,96.254,10.0,3.1,ml,,,,,,th_11071_202306231055,2023-06-23T10:55:27.000Z,,Near South Coast of Myanmar,MM,Asia,earthquake,1687518331,1687517727,0,,"15.38,96.25",2023-06-23 10:55:27,2023-06-23 17:25:27,,Yangon
15.413,96.663,10.0,3.1,ml,,,,,,th_11070_202306231050,2023-06-23T10:50:31.000Z,,Near South Coast of Myanmar,MM,Asia,earthquake,1687518137,1687517431,0,,"15.41,96.66",2023-06-23 10:50:31,2023-06-23 17:20:31,,Mawlamyine
15.3,96.44,10.0,3.6,ml,,,,,,th_11069_202306231002,2023-06-23T10:25:00.000Z,,Near South Coast of Myanmar,MM,Asia,earthquake,1687515796,1687514540,0,,"15.31,96.44",2023-06-23 10:02:20,2023-06-23 16:32:20,,Yangon
15.3,96.71,10.0,3.7,ml,,,,,,th_11067_202306230551,2023-06-23T06:10:00.000Z,,Near South Coast of Myanmar,MM,Asia,earthquake,1687500609,1687499510,0,,"15.30,96.71",2023-06-23 05:51:50,2023-06-23 12:21:50,,Mawlamyine
15.159,96.563,10.0,2.9,ml,,,,,,th_11066_202306222120,2023-06-22T21:20:01.000Z,,Near South Coast of Myanmar,MM,Asia,earthquake,1687470396,1687468801,0,,"15.16,96.56",2023-06-22 21:20:01,2023-06-23 03:50:01,,Mawlamyine
21.24,93.81,42.0,4.4,mb,,,,,,us7000kaec,2023-06-23T16:00:00.000Z,"Chauk, Myanmar","111km WNW of Chauk, Myanmar",MM,Asia,earthquake,1687536025,1687452162,0,,"21.24,93.81",2023-06-22 16:42:42,2023-06-22 23:12:42,Chin,Hakha
15.201,96.245,10.0,3.7,ml,,,,,,th_11063_202306220928,2023-06-22T09:28:28.000Z,,Near South Coast of Myanmar,MM,Asia,earthquake,1687426831,1687426108,0,,"15.20,96.25",2023-06-22 09:28:28,2023-06-22 15:58:28,,Yangon
15.04,96.44,10.0,3.9,ml,,,,,,th_11062_202306220727,2023-06-22T07:40:00.000Z,,Near South Coast of Myanmar,MM,Asia,earthquake,1687419611,1687418845,0,,"15.04,96.44",2023-06-22 07:27:25,2023-06-22 13:57:25,,Yangon
18.185,96.553,10.0,3.2,ml,,,,,,th_11061_202306220702,2023-06-22T07:02:37.000Z,"Penwegon, Bago Region, Myanmar (Burma)",Myanmar,MM,Asia,earthquake,1687418656,1687417357,0,,"18.19,96.55",2023-06-22 07:02:37,2023-06-22 13:32:37,Bago,Taungoo
15.22,96.55,10.0,4.1,ml,,,,,,ems_202306_1276038,2023-06-22T06:50:00.000Z,,Near South Coast Of Myanmar,MM,Asia,earthquake,1687416655,1687415654,0,,"15.22,96.55",2023-06-22 06:34:14,2023-06-22 13:04:14,,Mawlamyine
15.176,96.339,10.0,3.6,ml,,,,,,th_11057_202306220140,2023-06-22T01:40:35.000Z,,Near South Coast of Myanmar,MM,Asia,earthquake,1687401380,1687398035,0,,"15.18,96.34",2023-06-22 01:40:35,2023-06-22 08:10:35,,Yangon
15.278,96.556,10.0,3.2,ml,,,,,,th_11058_202306220105,2023-06-22T01:05:15.000Z,,Near South Coast of Myanmar,MM,Asia,earthquake,1687402038,1687395915,0,,"15.28,96.56",2023-06-22 01:05:15,2023-06-22 07:35:15,,Mawlamyine
15.61,96.22,10.0,4.9,mb,,,,,,gfz2023mcgy,2023-06-22T06:30:00.000Z,,Near South Coast Of Myanmar,MM,Asia,earthquake,1687393512,1687392777,0,,"15.56,96.28",2023-06-22 00:12:57,2023-06-22 06:42:57,,Yangon
15.44,96.6,10.0,3.6,ml,,,,,,th_11056_202306220008,2023-06-22T00:45:00.000Z,,Near South Coast of Myanmar,MM,Asia,earthquake,1687394660,1687392532,0,,"15.44,96.60",2023-06-22 00:08:52,2023-06-22 06:38:52,,Mawlamyine
15.286,96.596,10.0,3.3,ml,,,,,,th_11052_202306212134,2023-06-21T21:34:00.000Z,,Near South Coast of Myanmar,MM,Asia,earthquake,1687384362,1687383240,0,,"15.29,96.60",2023-06-21 21:34:00,2023-06-22 04:04:00,,Mawlamyine
15.301,96.601,10.0,2.9,ml,,,,,,th_11050_202306211952,2023-06-21T19:52:02.000Z,,Near South Coast of Myanmar,MM,Asia,earthquake,1687378222,1687377122,0,,"15.30,96.60",2023-06-21 19:52:02,2023-06-22 02:22:02,,Mawlamyine
15.15,96.47,15.0,4.4,mb,,,,,,us7000ka6a,2023-06-22T06:27:00.000Z,,Near South Coast Of Myanmar,MM,Asia,earthquake,1687377678,1687371986,0,,"15.14,96.44",2023-06-21 18:26:26,2023-06-22 00:56:26,,Yangon
24.12,94.29,10.0,3.5,ml,,,,,,in_eW5mVGdRV0lES0o5RUo5eGQwdGh5QT09,2023-06-21T18:25:00.000Z,"Tamu, Sagaing Region, Myanmar (Burma)",Myanmar,MM,Asia,earthquake,1687371868,1687371132,0,,"24.12,94.29",2023-06-21 18:12:12,2023-06-22 00:42:12,Saigang,Kalay
14.5,96.68,10.0,3.5,ml,,,,,,th_11048_202306211720,2023-06-21T17:45:00.000Z,,Near South Coast of Myanmar,MM,Asia,earthquake,1687369420,1687368030,0,,"14.50,96.68",2023-06-21 17:20:30,2023-06-21 23:50:30,,Dawei
15.48,96.52,10.0,3.7,ml,,,,,,th_11047_202306211547,2023-06-21T16:00:00.000Z,,Near South Coast of Myanmar,MM,Asia,earthquake,1687363098,1687362469,0,,"15.48,96.52",2023-06-21 15:47:49,2023-06-21 22:17:49,,Yangon
15.26,96.53,10.0,3.5,ml,,,,,,th_11046_202306211100,2023-06-21T11:40:00.000Z,,Near South Coast of Myanmar,MM,Asia,earthquake,1687347440,1687345223,0,,"15.26,96.53",2023-06-21 11:00:23,2023-06-21 17:30:23,,Mawlamyine
15.362,96.161,10.0,3.9,ml,,,,,,th_11044_202306210812,2023-06-21T08:12:49.000Z,,Near South Coast of Myanmar,MM,Asia,earthquake,1687336929,1687335169,0,,"15.36,96.16",2023-06-21 08:12:49,2023-06-21 14:42:49,,Yangon
15.482,96.424,10.0,3.9,ml,,,,,,th_11042_202306210425,2023-06-21T04:25:15.000Z,,Near South Coast of Myanmar,MM,Asia,earthquake,1687323074,1687321515,0,,"15.48,96.42",2023-06-21 04:25:15,2023-06-21 10:55:15,,Yangon
15.5875,96.0984,10.0,4.6,mb,39.0,173.0,3.943,0.45,us,us7000ka0g,2023-06-25T22:09:30.040Z,,near the south coast of Myanmar,MM,Asia,earthquake,1687316740,1687315639,0,,"15.63,96.15",2023-06-21 02:47:19,2023-06-21 09:17:19,,Yangon
15.211,96.3,10.0,3.9,ml,,,,,,th_11039_202306210136,2023-06-21T01:36:09.000Z,,Near South Coast of Myanmar,MM,Asia,earthquake,1687311926,1687311369,0,,"15.21,96.30",2023-06-21 01:36:09,2023-06-21 08:06:09,,Yangon
18.288,94.354,19.0,3.5,ml,,,,,,th_11038_202306202318,2023-06-20T23:18:02.000Z,Kwin Waing Tha Hpyu Chaing,Myanmar,MM,Asia,earthquake,1687303737,1687303082,0,,"18.29,94.35",2023-06-20 23:18:02,2023-06-21 05:48:02,Rakhine,Pyay
25.76,95.45,10.0,3.6,ml,,,,,,in_b1dMeW1xZ2VUVEY1VlJUVitOQ0JQdz09,2023-06-20T20:45:00.000Z,"Kauktaung-anauk, Sagaing Region, Myanmar (Burma)",Myanmar,MM,Asia,earthquake,1687293753,1687292661,0,,"25.76,95.45",2023-06-20 20:24:21,2023-06-21 02:54:21,Saigang,Myitkyina
15.29,95.676,10.0,3.4,ml,,,,,,th_11037_202306201403,2023-06-20T14:03:48.000Z,,Near South Coast of Myanmar,MM,Asia,earthquake,1687270422,1687269828,0,,"15.29,95.68",2023-06-20 14:03:48,2023-06-20 20:33:48,,Yangon
20.956,99.913,1.0,2.6,ml,,,,,,th_11035_202306200020,2023-06-20T00:20:32.000Z,"Monghpyak, Shan, Myanmar (Burma)",Myanmar,MM,Asia,earthquake,1687221077,1687220432,0,,"20.96,99.91",2023-06-20 00:20:32,2023-06-20 06:50:32,Shan,Kengtung
15.139,96.847,13.0,3.3,ml,,,,,,th_11034_202306191538,2023-06-19T15:38:41.000Z,,Near South Coast of Myanmar,MM,Asia,earthquake,1687190465,1687189121,0,,"15.14,96.85",2023-06-19 15:38:41,2023-06-19 22:08:41,,Mawlamyine
15.4915,96.226,10.0,4.8,mb,24.0,196.0,3.932,0.87,us,us7000k9jy,2023-06-19T13:55:43.040Z,"Pyapon, Myanmar","105km SSE of Pyapon, Myanmar",MM,Asia,earthquake,1687182958,1687174611,0,,"15.49,96.23",2023-06-19 11:36:51,2023-06-19 18:06:51,,Yangon
20.162,97.722,19.0,3.3,ml,,,,,,th_11032_202306191039,2023-06-19T10:39:58.000Z,"Shan, Myanmar (Burma)",Myanmar,MM,Asia,earthquake,1687173490,1687171198,1,,"20.16,97.72",2023-06-19 10:39:58,2023-06-19 17:09:58,Shan,Loikaw
25.36,95.72,10.0,3.5,ml,,,,,,in_OE5SQjYyekkwY2t6L29KNjFmUVdWdz09,2023-06-19T08:55:00.000Z,"Mansein, Sagaing Region, Myanmar (Burma)",Myanmar,MM,Asia,earthquake,1687164330,1687164090,1,,"25.21,95.94",2023-06-19 08:41:30,2023-06-19 15:11:30,Saigang,Myitkyina
15.389,96.572,10.0,3.4,ml,,,,,,th_11030_202306190717,2023-06-19T07:17:58.000Z,,Near South Coast of Myanmar,MM,Asia,earthquake,1687160504,1687159078,0,,"15.39,96.57",2023-06-19 07:17:58,2023-06-19 13:47:58,,Mawlamyine
15.45,96.47,10.0,4.0,ml,,,,,,ems_202306_1274731,2023-06-19T05:40:00.000Z,,Near South Coast Of Myanmar,MM,Asia,earthquake,1687153252,1687152333,0,,"15.45,96.47",2023-06-19 05:25:33,2023-06-19 11:55:33,,Yangon
15.36,96.63,10.0,4.4,ml,,,,,,ems_202306_1274698,2023-06-19T03:55:00.000Z,,Near South Coast Of Myanmar,MM,Asia,earthquake,1687146963,1687146418,0,,"15.36,96.63",2023-06-19 03:46:58,2023-06-19 10:16:58,,Mawlamyine
15.39,96.64,10.0,3.6,ml,,,,,,th_11026_202306190157,2023-06-19T03:00:00.000Z,,Near South Coast of Myanmar,MM,Asia,earthquake,1687143394,1687139878,0,,"15.39,96.64",2023-06-19 01:57:58,2023-06-19 08:27:58,,Mawlamyine
15.2785,96.3165,4.52,5.6,mww,117.0,38.0,2.851,0.62,us,gfz2023lwxi,2023-06-21T12:21:01.683Z,,near the south coast of Myanmar,MM,Asia,earthquake,1687139377,1687138823,0,,"15.50,96.27",2023-06-19 01:40:23,2023-06-19 08:10:23,,Yangon
23.57,94.33,15.0,3.5,ml,,,,,,in_MWZqRXBMSkpNYzJySHhSdk5nYXNDZz09,2023-06-18T23:50:00.000Z,"Mawlaik, Sagaing Region, Myanmar (Burma)",Myanmar,MM,Asia,earthquake,1687131934,1687131436,0,,"23.57,94.33",2023-06-18 23:37:16,2023-06-19 06:07:16,Saigang,Kalay
15.86,97.635,5.0,3.0,ml,,,,,,th_11024_202306180757,2023-06-18T07:57:10.000Z,"Panga, Mon State, Myanmar (Burma)",Myanmar,MM,Asia,earthquake,1687078818,1687075030,0,,"15.86,97.64",2023-06-18 07:57:10,2023-06-18 14:27:10,,Mawlamyine
22.139,98.787,10.0,3.4,ml,,,,,,th_11023_202306170429,2023-06-17T04:29:56.000Z,"Man Nawkwa, Shan, Myanmar (Burma)",Myanmar,MM,Asia,earthquake,1686978121,1686976196,0,,"22.14,98.79",2023-06-17 04:29:56,2023-06-17 10:59:56,Shan,Kengtung
16.307,95.52,10.0,3.5,ml,,,,,,th_11021_202306160432,2023-06-16T04:32:53.000Z,"Gonmingyaung, Ayeyarwady, Myanmar (Burma)",Myanmar,MM,Asia,earthquake,1686891151,1686889973,0,,"16.31,95.52",2023-06-16 04:32:53,2023-06-16 11:02:53,Ayeyarwady,Yangon
17.856,97.64,1.0,2.2,ml,,,,,,th_11020_202306151615,2023-06-15T16:15:46.000Z,,Myanmar,MM,Asia,earthquake,1686846060,1686845746,0,,"17.86,97.64",2023-06-15 16:15:46,2023-06-15 22:45:46,Kayin,Hpa-An
27.17,97.41,10.0,3.4,ml,,,,,,in_SlRud2lsY0Z6cVJJOWxyQU83THhOdz09,2023-06-14T20:28:18.000Z,"Meulahde, Kachin, Myanmar (Burma)",Myanmar,MM,Asia,earthquake,1686774972,1686774498,0,,"27.17,97.41",2023-06-14 20:28:18,2023-06-15 02:58:18,Kachin,Putao
21.174,99.984,1.0,2.4,ml,,,,,,th_11017_202306142020,2023-06-14T20:20:45.000Z,"Wan Hkang, Shan, Myanmar (Burma)",Myanmar,MM,Asia,earthquake,1686783696,1686774045,1,,"21.17,99.98",2023-06-14 20:20:45,2023-06-15 02:50:45,Shan,Kengtung
25.29,96.1,10.0,3.3,ml,,,,,,in_VSt5R0twMk5naFJWcWxabjVSKzRZdz09,2023-06-14T12:04:56.000Z,"Wura, Kachin, Myanmar (Burma)",Myanmar,MM,Asia,earthquake,1686744748,1686744296,0,,"25.29,96.10",2023-06-14 12:04:56,2023-06-14 18:34:56,Kachin,Myitkyina
21.125,99.861,1.0,2.1,ml,,,,,,th_11018_202306141153,2023-06-14T11:53:55.000Z,"Yangka, Shan, Myanmar (Burma)",Myanmar,MM,Asia,earthquake,1686785098,1686743635,1,,"21.13,99.86",2023-06-14 11:53:55,2023-06-14 18:23:55,Shan,Kengtung
24.96,96.57,9.0,3.4,ml,,,,,,in_eVpEL20xV2dFNU5Dc2ZMR3JpMG9xUT09,2023-06-14T11:15:05.000Z,"Hopin, Kachin, Myanmar (Burma)",Myanmar,MM,Asia,earthquake,1686743870,1686741305,0,,"24.96,96.57",2023-06-14 11:15:05,2023-06-14 17:45:05,Kachin,Myitkyina
21.177,99.963,1.0,2.1,ml,,,,,,th_11016_202306132033,2023-06-13T20:33:22.000Z,"Wan Hsenlong, Shan, Myanmar (Burma)",Myanmar,MM,Asia,earthquake,1686690398,1686688402,1,,"21.18,99.96",2023-06-13 20:33:22,2023-06-14 03:03:22,Shan,Kengtung
17.78,96.63,10.0,4.1,ml,,,,,,ems_202306_1272157,2023-06-13T09:15:00.000Z,"Ein Chay Lay Se, Bago Region, Myanmar (Burma)",Myanmar,MM,Asia,earthquake,1686647753,1686646328,0,,"17.78,96.63",2023-06-13 08:52:08,2023-06-13 15:22:08,Bago,Bago
18.098,96.225,10.0,3.3,ml,,,,,,th_11013_202306130114,2023-06-13T01:14:43.000Z,"Atet Bandayaw, Bago Region, Myanmar (Burma)",Myanmar,MM,Asia,earthquake,1686619592,1686618883,0,,"18.10,96.23",2023-06-13 01:14:43,2023-06-13 07:44:43,Bago,Bago
21.131,99.929,1.0,2.5,ml,,,,,,th_11012_202306130102,2023-06-13T01:02:51.000Z,"Wan Hsenlong, Shan, Myanmar (Burma)",Myanmar,MM,Asia,earthquake,1686618447,1686618171,1,,"21.13,99.93",2023-06-13 01:02:51,2023-06-13 07:32:51,Shan,Kengtung
26.31,95.2,10.0,3.7,ml,,,,,,in_TWpSOWNLMmFMR2RkQVpzZ2NWRTk3Zz09,2023-06-12T21:55:00.000Z,Pounyiu Noakgong,Myanmar,MM,Asia,earthquake,1686606798,1686604986,0,,"26.31,95.20",2023-06-12 21:23:06,2023-06-13 03:53:06,Saigang,Myitkyina
21.269,98.684,1.0,2.7,ml,,,,,,th_11011_202306121125,2023-06-12T11:25:01.000Z,"Ta-kaw, Shan, Myanmar (Burma)",Myanmar,MM,Asia,earthquake,1686569572,1686569101,0,,"21.27,98.68",2023-06-12 11:25:01,2023-06-12 17:55:01,Shan,Kengtung
21.163,99.882,2.0,2.6,ml,,,,,,th_11010_202306111146,2023-06-11T11:46:50.000Z,"Wan Hpaya-hkè, Shan, Myanmar (Burma)",Myanmar,MM,Asia,earthquake,1686489046,1686484010,1,,"21.16,99.88",2023-06-11 11:46:50,2023-06-11 18:16:50,Shan,Kengtung
21.183,99.846,1.0,3.0,ml,,,,,,th_11009_202306111103,2023-06-11T11:03:53.000Z,"Wan Hpaya-hkè, Shan, Myanmar (Burma)",Myanmar,MM,Asia,earthquake,1686485116,1686481433,0,,"21.18,99.85",2023-06-11 11:03:53,2023-06-11 17:33:53,Shan,Kengtung
19.025,97.721,3.0,2.0,ml,,,,,,th_11008_202306100505,2023-06-10T05:05:44.000Z,,Myanmar,MM,Asia,earthquake,1686374387,1686373544,0,,"19.03,97.72",2023-06-10 05:05:44,2023-06-10 11:35:44,Kayah,Loikaw
21.232,99.98,1.0,2.7,ml,,,,,,th_11007_202306092344,2023-06-09T23:44:42.000Z,"Wan Hkang, Shan, Myanmar (Burma)",Myanmar,MM,Asia,earthquake,1686355187,1686354282,1,,"21.23,99.98",2023-06-09 23:44:42,2023-06-10 06:14:42,Shan,Kengtung
21.19,99.921,1.0,2.3,ml,,,,,,th_11006_202306092103,2023-06-09T21:03:03.000Z,"Wan Hpaya-hkè, Shan, Myanmar (Burma)",Myanmar,MM,Asia,earthquake,1686345550,1686344583,1,,"21.19,99.92",2023-06-09 21:03:03,2023-06-10 03:33:03,Shan,Kengtung
21.155,99.911,2.0,2.1,ml,,,,,,th_11005_202306092057,2023-06-09T20:57:31.000Z,"Wan Hsenlong, Shan, Myanmar (Burma)",Myanmar,MM,Asia,earthquake,1686344900,1686344251,1,,"21.16,99.91",2023-06-09 20:57:31,2023-06-10 03:27:31,Shan,Kengtung
21.185,99.941,4.0,1.9,ml,,,,,,th_11004_202306091955,2023-06-09T19:55:28.000Z,"Wan Hkang, Shan, Myanmar (Burma)",Myanmar,MM,Asia,earthquake,1686341471,1686340528,1,,"21.19,99.94",2023-06-09 19:55:28,2023-06-10 02:25:28,Shan,Kengtung
21.32,100.025,3.0,3.1,ml,,,,,,th_11003_202306091944,2023-06-09T19:44:52.000Z,"Wan Luk, Shan, Myanmar (Burma)",Myanmar,MM,Asia,earthquake,1686341079,1686339892,0,,"21.32,100.03",2023-06-09 19:44:52,2023-06-10 02:14:52,Shan,Kengtung
21.1174,99.8612,14.854,4.4,mb,53.0,44.0,0.304,0.6,us,ems_202306_1270968,2023-06-10T17:07:24.040Z,,"57km S of Kēng Tung, Myanmar",MM,Asia,earthquake,1686339986,1686339315,1,,"21.18,99.91",2023-06-09 19:35:15,2023-06-10 02:05:15,Shan,Kengtung
25.15,96.25,10.0,3.5,ml,,,,,,in_TitHai9VK0hnakRUQjZjRTl5aHhkdz09,2023-06-09T05:44:03.000Z,He pan,Myanmar,MM,Asia,earthquake,1686290175,1686289443,0,,"25.15,96.25",2023-06-09 05:44:03,2023-06-09 12:14:03,Kachin,Myitkyina
19.517,94.369,10.0,3.3,ml,,,,,,th_10998_202306082035,2023-06-08T20:35:24.000Z,,Myanmar,MM,Asia,earthquake,1686256977,1686256524,0,,"19.52,94.37",2023-06-08 20:35:24,2023-06-09 03:05:24,Rakhine,Magway
25.0853,96.1529,60.6,3.1,ml,,,,,,in_MXpSREtyMnpRbzkzWFAvTkgrcjFzZz09,2023-06-08T17:57:34.000Z,"Sanlaik, Kachin, Myanmar (Burma)","169km E of Ukhrul, Manipur, India",MM,Asia,earthquake,1686247401,1686247054,0,,"25.09,96.15",2023-06-08 17:57:34,2023-06-09 00:27:34,Kachin,Myitkyina
21.117,99.964,2.0,2.3,ml,,,,,,th_10997_202306080041,2023-06-08T00:41:43.000Z,"Wan Hsenlong, Shan, Myanmar (Burma)",Myanmar,MM,Asia,earthquake,1686187042,1686184903,1,,"21.12,99.96",2023-06-08 00:41:43,2023-06-08 07:11:43,Shan,Kengtung
16.8731,95.5532,10.0,4.8,mb,54.0,105.0,2.943,0.57,us,ems_202306_1269992,2023-06-08T01:41:19.677Z,"Maubin, Myanmar",near the south coast of Myanmar,MM,Asia,earthquake,1686132725,1686131630,0,,"17.68,95.72",2023-06-07 09:53:50,2023-06-07 16:23:50,Ayeyarwady,Yangon
21.196,100.029,1.0,3.3,ml,,,,,,th_10990_202306060158,2023-06-06T01:58:56.000Z,"Wan Hkang, Shan, Myanmar (Burma)",Myanmar,MM,Asia,earthquake,1686017192,1686016736,0,,"21.20,100.03",2023-06-06 01:58:56,2023-06-06 08:28:56,Shan,Kengtung
24.21,94.34,10.0,2.4,ml,,,,,,in_ZkEwTFh3dCtzZEdKa0t2bGNDbjNWZz09,2023-06-05T19:58:14.000Z,,"67km ESE of Moirang, Manipur, India",MM,Asia,earthquake,1685995392,1685995094,0,,"24.19,94.34",2023-06-05 19:58:14,2023-06-06 02:28:14,Saigang,Kalay
25.48,95.91,10.0,2.9,ml,,,,,,in_dmx1V2dyTDlYa01qbUNveUFvTEpBZz09,2023-06-05T18:10:00.000Z,"Yebawmi, Sagaing Region, Myanmar (Burma)",Myanmar,MM,Asia,earthquake,1685988215,1685987962,1,,"25.38,95.66",2023-06-05 17:59:22,2023-06-06 00:29:22,Saigang,Myitkyina
25.13,96.2,10.0,3.1,ml,,,,,,in_cng1aU1Ka0RCUXVWWmRSU1Z4cGhpQT09,2023-06-03T18:49:03.000Z,"Sanlaik, Kachin, Myanmar (Burma)",Myanmar,MM,Asia,earthquake,1685818778,1685818143,0,,"25.13,96.20",2023-06-03 18:49:03,2023-06-04 01:19:03,Kachin,Myitkyina
25.28,95.62,10.0,3.7,ml,,,,,,in_ajZPVUdnZ0NTOWZZZFFqZ2dHcmI0Zz09,2023-06-03T11:45:00.000Z,"Yebawmi, Sagaing Region, Myanmar (Burma)",Myanmar,MM,Asia,earthquake,1685792698,1685792222,0,,"25.28,95.62",2023-06-03 11:37:02,2023-06-03 18:07:02,Saigang,Myitkyina
19.828,97.553,1.0,2.6,ml,,,,,,th_10986_202306031103,2023-06-03T11:03:16.000Z,"Daw Hsawgio, Kayah State, Myanmar (Burma)",Myanmar,MM,Asia,earthquake,1685795090,1685790196,0,,"19.83,97.55",2023-06-03 11:03:16,2023-06-03 17:33:16,Kayah,Loikaw
21.1,99.96,1.0,3.1,ml,,,,,,th_10985_202306030617,2023-06-03T06:17:39.000Z,"Wan Hsenlong, Shan, Myanmar (Burma)",Myanmar,MM,Asia,earthquake,1685773611,1685773059,1,,"21.10,99.96",2023-06-03 06:17:39,2023-06-03 12:47:39,Shan,Kengtung
21.215,100.034,2.0,2.4,ml,,,,,,th_10984_202306021541,2023-06-02T15:41:46.000Z,"Wan Hkang, Shan, Myanmar (Burma)",Myanmar,MM,Asia,earthquake,1685721119,1685720506,0,,"21.22,100.03",2023-06-02 15:41:46,2023-06-02 22:11:46,Shan,Kengtung
25.2721,95.7032,5.0,3.2,ml,,,,,,in_bkVsak15ZmoyMkM1bGo5WmRKQ25tdz09,2023-06-01T18:38:07.000Z,"Yebawmi, Sagaing Region, Myanmar (Burma)","128km ENE of Ukhrul, Manipur, India",MM,Asia,earthquake,1685645110,1685644687,0,,"25.27,95.70",2023-06-01 18:38:07,2023-06-02 01:08:07,Saigang,Myitkyina
25.16,95.97,90.0,3.5,ml,,,,,,in_MHVKVm5QUGdrMFZtdzBmZnNQdlhmdz09,2023-06-01T04:04:46.000Z,"Mansein, Sagaing Region, Myanmar (Burma)",Myanmar,MM,Asia,earthquake,1685592764,1685592286,0,,"25.16,95.97",2023-06-01 04:04:46,2023-06-01 10:34:46,Saigang,Myitkyina
21.85,94.54,10.0,3.2,ml,,,,,,in_UlcrREk4TzRNWmpoVUJ5RnNjODZ0QT09,2023-06-01T01:10:29.000Z,"Kaungbwa, Sagaing Region, Myanmar (Burma)",Myanmar,MM,Asia,earthquake,1685585255,1685581829,0,,"21.85,94.54",2023-06-01 01:10:29,2023-06-01 07:40:29,Saigang,Monywa
21.146,99.979,1.0,2.8,ml,,,,,,th_11325_202308312322,2023-08-31T23:22:30.000Z,"Wan Hsenlong, Shan, Myanmar (Burma)",Myanmar,MM,Asia,earthquake,1693524640,1693524150,1,,"21.15,99.98",2023-08-31 23:22:30,2023-09-01 05:52:30,Shan,Kengtung
20.546,99.416,1.0,1.4,ml,,,,,,th_11324_202308311708,2023-08-31T17:08:49.000Z,"Hpya-saü, Shan, Myanmar (Burma)",Myanmar,MM,Asia,earthquake,1693501905,1693501729,0,,"20.55,99.42",2023-08-31 17:08:49,2023-08-31 23:38:49,Shan,Kengtung
21.146,99.952,1.0,2.1,ml,,,,,,th_11323_202308311542,2023-08-31T15:42:01.000Z,"Wan Hsenlong, Shan, Myanmar (Burma)",Myanmar,MM,Asia,earthquake,1693496810,1693496521,1,,"21.15,99.95",2023-08-31 15:42:01,2023-08-31 22:12:01,Shan,Kengtung
21.159,99.958,3.0,4.0,ml,,,,,,ems_202308_1547535,2023-08-31T14:56:36.000Z,"Wan Hsenlong, Shan, Myanmar (Burma)",Myanmar,MM,Asia,earthquake,1693493815,1693493236,1,,"21.16,99.96",2023-08-31 14:47:16,2023-08-31 21:17:16,Shan,Kengtung
21.099,99.906,1.0,2.2,ml,,,,,,th_11321_202308311355,2023-08-31T13:55:03.000Z,"Wan Hkang Ho-paw, Shan, Myanmar (Burma)",Myanmar,MM,Asia,earthquake,1693490429,1693490103,1,,"21.10,99.91",2023-08-31 13:55:03,2023-08-31 20:25:03,Shan,Kengtung
23.61,94.22,76.0,3.3,ml,,,,,,in_NEtKS0NkSERUaFpSRzFyb01Ob3hidz09,2023-08-30T18:35:30.000Z,"Pyaungbok, Sagaing Region, Myanmar (Burma)",Myanmar,MM,Asia,earthquake,1693419908,1693419386,0,,"23.61,94.22",2023-08-30 18:16:26,2023-08-31 00:46:26,Saigang,Kalay
20.007,98.037,10.0,4.1,ml,,,,,,ems_202308_1545991,2023-08-27T10:28:35.000Z,"Wan Konlang, Shan, Myanmar (Burma)",Myanmar,MM,Asia,earthquake,1693132122,1693131252,0,,"20.01,98.04",2023-08-27 10:14:12,2023-08-27 16:44:12,Shan,Loikaw
21.175,99.96,1.0,2.5,ml,,,,,,th_11299_202308250515,2023-08-25T05:15:00.000Z,"Wan Hsenlong, Shan, Myanmar (Burma)",Myanmar,MM,Asia,earthquake,1692941010,1692940500,1,,"21.18,99.96",2023-08-25 05:15:00,2023-08-25 11:45:00,Shan,Kengtung
24.473,96.639,1.0,3.6,ml,,,,,,th_11298_202308241820,2023-08-24T18:20:46.000Z,"Thayetta, Kachin, Myanmar (Burma)",Myanmar,MM,Asia,earthquake,1692902193,1692901246,0,,"24.47,96.64",2023-08-24 18:20:46,2023-08-25 00:50:46,Kachin,Bhamo
20.259,98.758,1.0,2.3,ml,,,,,,th_11296_202308241217,2023-08-24T12:17:10.000Z,"Hsuphang, Shan, Myanmar (Burma)",Myanmar,MM,Asia,earthquake,1692879705,1692879430,0,,"20.26,98.76",2023-08-24 12:17:10,2023-08-24 18:47:10,Shan,Kengtung
26.22,95.77,10.0,2.8,ml,,,,,,in_M09wZmllQnZKc3pOQVdjVU1SSjNxUT09,2023-08-24T07:07:31.000Z,Atiyung,Myanmar-india Border Region,MM,Asia,earthquake,1692860442,1692841821,1,,"26.29,94.23",2023-08-24 01:50:21,2023-08-24 08:20:21,Saigang,Myitkyina
16.458,96.077,10.0,3.5,ml,,,,,,th_11295_202308231351,2023-08-23T13:51:03.000Z,"Tawgyaung, Yangon Region, Myanmar (Burma)",Myanmar,MM,Asia,earthquake,1692799207,1692798663,0,,"16.46,96.08",2023-08-23 13:51:03,2023-08-23 20:21:03,Yangon,Yangon
21.17,99.967,2.0,2.3,ml,,,,,,th_11294_202308221513,2023-08-22T15:13:07.000Z,"Wan Hsenlong, Shan, Myanmar (Burma)",Myanmar,MM,Asia,earthquake,1692718252,1692717187,1,,"21.17,99.97",2023-08-22 15:13:07,2023-08-22 21:43:07,Shan,Kengtung
20.402,98.208,2.0,1.9,ml,,,,,,th_11293_202308221352,2023-08-22T13:52:58.000Z,"Hwè-hawn, Shan, Myanmar (Burma)",Myanmar,MM,Asia,earthquake,1692713238,1692712378,0,,"20.40,98.21",2023-08-22 13:52:58,2023-08-22 20:22:58,Shan,Taunggyi
20.5788,94.4527,81.0,4.5,mb,,,,,,ems_202308_1543710,2023-08-22T06:18:21.000Z,"Lin Zin, Magway Region, Myanmar (Burma)",Myanmar,MM,Asia,earthquake,1692624876,1692614526,0,,"20.59,94.46",2023-08-21 10:42:06,2023-08-21 17:12:06,Magway,Magway
20.562,99.621,12.0,2.3,ml,,,,,,th_11290_202308210132,2023-08-21T01:32:00.000Z,"Wan Kaw Pa-hök, Shan, Myanmar (Burma)",Myanmar,MM,Asia,earthquake,1692581780,1692581520,0,,"20.56,99.62",2023-08-21 01:32:00,2023-08-21 08:02:00,Shan,Kengtung
20.559,99.899,7.0,2.0,ml,,,,,,th_11288_202308201900,2023-08-20T19:00:40.000Z,"Tachileik, Shan, Myanmar (Burma)",Myanmar,MM,Asia,earthquake,1692558199,1692558040,0,,"20.56,99.90",2023-08-20 19:00:40,2023-08-21 01:30:40,Shan,Kengtung
20.6168,94.4978,81.0,4.7,ml,,,,,,ems_202308_1543240,2023-08-20T21:07:40.000Z,"Didokbin, Magway Region, Myanmar (Burma)",Myanmar,MM,Asia,earthquake,1692518608,1692517364,1,,"20.65,94.56",2023-08-20 07:42:44,2023-08-20 14:12:44,Magway,Magway
13.684,98.401,1.0,2.8,ml,,,,,,th_11286_202308191712,2023-08-19T17:12:59.000Z,Min Dat,Myanmar,MM,Asia,earthquake,1692467231,1692465179,0,,"13.68,98.40",2023-08-19 17:12:59,2023-08-19 23:42:59,Tanitharyi,Dawei
21.178,99.977,1.0,3.0,ml,,,,,,th_11284_202308181431,2023-08-18T14:31:18.000Z,"Wan Hsenlong, Shan, Myanmar (Burma)",Myanmar,MM,Asia,earthquake,1692369410,1692369078,1,,"21.18,99.98",2023-08-18 14:31:18,2023-08-18 21:01:18,Shan,Kengtung
21.163,99.954,1.0,2.2,ml,,,,,,th_11283_202308181335,2023-08-18T13:35:00.000Z,"Wan Hsenlong, Shan, Myanmar (Burma)",Myanmar,MM,Asia,earthquake,1692365963,1692365700,1,,"21.16,99.95",2023-08-18 13:35:00,2023-08-18 20:05:00,Shan,Kengtung
21.117,99.985,1.0,3.1,ml,,,,,,th_11282_202308181304,2023-08-18T13:04:21.000Z,"Wan Hsenlong, Shan, Myanmar (Burma)",Myanmar,MM,Asia,earthquake,1692364376,1692363861,1,,"21.12,99.99",2023-08-18 13:04:21,2023-08-18 19:34:21,Shan,Kengtung
21.176,99.883,2.0,3.0,ml,,,,,,th_11278_202308180323,2023-08-18T03:23:43.000Z,"Wan Hpaya-hkè, Shan, Myanmar (Burma)",Myanmar,MM,Asia,earthquake,1692329309,1692329023,1,,"21.18,99.88",2023-08-18 03:23:43,2023-08-18 09:53:43,Shan,Kengtung
19.875,98.464,1.0,1.8,ml,,,,,,th_11276_202308171657,2023-08-17T16:57:57.000Z,"Möng Nyen, Shan, Myanmar (Burma)",Myanmar,MM,Asia,earthquake,1692292146,1692291477,0,,"19.88,98.46",2023-08-17 16:57:57,2023-08-17 23:27:57,Shan,Loikaw
21.43,98.915,10.0,3.4,ml,,,,,,th_11273_202308170236,2023-08-17T02:36:40.000Z,"Wan Ho-yok, Shan, Myanmar (Burma)",Myanmar,MM,Asia,earthquake,1692240978,1692239800,0,,"21.43,98.92",2023-08-17 02:36:40,2023-08-17 09:06:40,Shan,Kengtung
23.67,94.41,30.0,3.7,ml,,,,,,in_aVZlVXRNOFd0TEhQNE1aSEh6dmN4dz09,2023-08-16T15:35:29.000Z,"Mawlaik, Sagaing Region, Myanmar (Burma)",Myanmar,MM,Asia,earthquake,1692199887,1692198672,0,,"23.67,94.41",2023-08-16 15:11:12,2023-08-16 21:41:12,Saigang,Kalay
24.01,94.53,125.0,3.5,ml,,,,,,in_RDM0LzJMYzNkZHZHZ1hPNXk0VndVZz09,2023-08-16T10:28:32.000Z,"Ta Nga, Sagaing Region, Myanmar (Burma)",Myanmar,MM,Asia,earthquake,1692181591,1692180950,0,,"24.01,94.53",2023-08-16 10:15:50,2023-08-16 16:45:50,Saigang,Kalay
25.15,94.94,108.0,3.6,ml,,,,,,in_N1lrRWh5STBvOHpLMjNYMXE5R2MvQT09,2023-08-15T23:07:29.000Z,"Bombal, Sagaing Region, Myanmar (Burma)",Myanmar,MM,Asia,earthquake,1692140681,1692140022,0,,"25.15,94.94",2023-08-15 22:53:42,2023-08-16 05:23:42,Saigang,Kalay
21.188,99.895,1.0,1.9,ml,,,,,,th_11271_202308151342,2023-08-15T13:42:25.000Z,"Wan Hpaya-hkè, Shan, Myanmar (Burma)",Myanmar,MM,Asia,earthquake,1692136832,1692106945,1,,"21.19,99.90",2023-08-15 13:42:25,2023-08-15 20:12:25,Shan,Kengtung
20.582,99.922,7.0,1.8,ml,,,,,,th_11269_202308141022,2023-08-14T10:22:00.000Z,"Tachileik, Shan, Myanmar (Burma)",Myanmar,MM,Asia,earthquake,1692009503,1692008520,0,,"20.58,99.92",2023-08-14 10:22:00,2023-08-14 16:52:00,Shan,Kengtung
21.138,99.829,3.0,2.8,ml,,,,,,th_11268_202308140614,2023-08-14T06:14:13.000Z,"Yangka, Shan, Myanmar (Burma)",Myanmar,MM,Asia,earthquake,1691994608,1691993653,1,,"21.14,99.83",2023-08-14 06:14:13,2023-08-14 12:44:13,Shan,Kengtung
21.206,99.927,5.0,3.6,ml,,,,,,th_11267_202308140611,2023-08-14T06:21:34.000Z,"Wan Hkang, Shan, Myanmar (Burma)",Myanmar,MM,Asia,earthquake,1691993941,1691993477,1,,"21.21,99.93",2023-08-14 06:11:17,2023-08-14 12:41:17,Shan,Kengtung
21.178,99.334,2.0,2.6,ml,,,,,,th_11266_202308140431,2023-08-14T04:31:49.000Z,"Mawnkak, Shan, Myanmar (Burma)",Myanmar,MM,Asia,earthquake,1691988109,1691987509,0,,"21.18,99.33",2023-08-14 04:31:49,2023-08-14 11:01:49,Shan,Kengtung
21.148,99.916,1.0,2.4,ml,,,,,,th_11264_202308131220,2023-08-13T12:20:00.000Z,"Wan Hsenlong, Shan, Myanmar (Burma)",Myanmar,MM,Asia,earthquake,1691930200,1691929200,1,,"21.15,99.92",2023-08-13 12:20:00,2023-08-13 18:50:00,Shan,Kengtung
21.254,99.929,8.0,4.0,ml,,,,,,ems_202308_1540565,2023-08-13T12:21:39.000Z,"Wan Hkang, Shan, Myanmar (Burma)",Myanmar,MM,Asia,earthquake,1691929310,1691928410,1,,"21.25,99.93",2023-08-13 12:06:50,2023-08-13 18:36:50,Shan,Kengtung
21.171,99.973,3.0,4.0,ml,,,,,,ems_202308_1540556,2023-08-13T11:35:44.000Z,"Wan Hsenlong, Shan, Myanmar (Burma)",Myanmar,MM,Asia,earthquake,1691926560,1691925798,1,,"21.17,99.97",2023-08-13 11:23:18,2023-08-13 17:53:18,Shan,Kengtung
17.955,96.567,10.0,3.9,ml,,,,,,th_11261_202308130445,2023-08-13T04:45:52.000Z,"Shandoetan, Bago Region, Myanmar (Burma)",Myanmar,MM,Asia,earthquake,1691902768,1691901952,0,,"17.96,96.57",2023-08-13 04:45:52,2023-08-13 11:15:52,Bago,Bago
20.423,98.971,3.0,1.8,ml,,,,,,th_11260_202308111352,2023-08-11T13:52:25.000Z,"Tuntawng, Shan, Myanmar (Burma)",Myanmar,MM,Asia,earthquake,1691762542,1691761945,0,,"20.42,98.97",2023-08-11 13:52:25,2023-08-11 20:22:25,Shan,Kengtung
21.121,99.37,2.0,2.5,ml,,,,,,th_11259_202308110544,2023-08-11T05:44:52.000Z,"Wan Na-hsai, Shan, Myanmar (Burma)",Myanmar,MM,Asia,earthquake,1691733171,1691732692,0,,"21.12,99.37",2023-08-11 05:44:52,2023-08-11 12:14:52,Shan,Kengtung
20.933,98.345,1.0,2.6,ml,,,,,,th_11257_202308090403,2023-08-09T04:03:31.000Z,"Wan Hsamkawng, Shan, Myanmar (Burma)",Myanmar,MM,Asia,earthquake,1691554452,1691553811,0,,"20.93,98.35",2023-08-09 04:03:31,2023-08-09 10:33:31,Shan,Taunggyi
17.958,96.583,3.0,2.9,ml,,,,,,th_11250_202308072121,2023-08-07T21:21:11.000Z,"Shandoetan, Bago Region, Myanmar (Burma)",Myanmar,MM,Asia,earthquake,1691445459,1691443271,0,,"17.96,96.58",2023-08-07 21:21:11,2023-08-08 03:51:11,Bago,Bago
18.056,96.778,2.0,3.0,ml,,,,,,th_11249_202308072119,2023-08-07T21:19:56.000Z,Khamone Village,Myanmar,MM,Asia,earthquake,1691445441,1691443196,0,,"18.06,96.78",2023-08-07 21:19:56,2023-08-08 03:49:56,Bago,Bago
23.7655,94.7938,120.855,4.3,mb,46.0,80.0,3.633,0.65,us,ems_202308_1538426,2023-08-08T16:50:30.040Z,,"41km ENE of Mawlaik, Myanmar",MM,Asia,earthquake,1691442898,1691441865,1,,"23.74,94.64",2023-08-07 20:57:45,2023-08-08 03:27:45,Saigang,Kalay
21.154,99.959,1.0,3.3,ml,,,,,,th_11247_202308071922,2023-08-07T19:22:09.000Z,"Wan Hsenlong, Shan, Myanmar (Burma)",Myanmar,MM,Asia,earthquake,1691436401,1691436129,1,,"21.15,99.96",2023-08-07 19:22:09,2023-08-08 01:52:09,Shan,Kengtung
21.426,98.295,10.0,3.2,ml,,,,,,th_11246_202308071827,2023-08-07T18:27:23.000Z,"Loi-lang, Shan, Myanmar (Burma)",Myanmar,MM,Asia,earthquake,1691433155,1691432843,0,,"21.43,98.30",2023-08-07 18:27:23,2023-08-08 00:57:23,Shan,Kengtung
20.639,98.64,1.0,1.8,ml,,,,,,th_11245_202308071813,2023-08-07T18:13:23.000Z,"Wan Hwè-kao, Shan, Myanmar (Burma)",Myanmar,MM,Asia,earthquake,1691432704,1691432003,0,,"20.64,98.64",2023-08-07 18:13:23,2023-08-08 00:43:23,Shan,Kengtung
21.06,99.894,1.0,2.4,ml,,,,,,th_11242_202308070607,2023-08-07T06:07:47.000Z,"Wan Hkang Ho-paw, Shan, Myanmar (Burma)",Myanmar,MM,Asia,earthquake,1691388896,1691388467,0,,"21.06,99.89",2023-08-07 06:07:47,2023-08-07 12:37:47,Shan,Kengtung
20.799,96.52,1.0,2.9,ml,,,,,,th_11241_202308070438,2023-08-07T04:38:02.000Z,"Kywedat, Mandalay Region, Myanmar (Burma)",Myanmar,MM,Asia,earthquake,1691384092,1691383082,0,,"20.80,96.52",2023-08-07 04:38:02,2023-08-07 11:08:02,Mandalay,Inle Lake
19.763,98.323,2.0,2.5,ml,,,,,,th_11234_202308040430,2023-08-04T04:30:54.000Z,"Loi Tai Leng, Shan, Myanmar (Burma)",Myanmar,MM,Asia,earthquake,1691124431,1691123454,1,,"19.76,98.32",2023-08-04 04:30:54,2023-08-04 11:00:54,Shan,Loikaw
21.156,99.964,1.0,2.4,ml,,,,,,th_11230_202308031639,2023-08-03T16:39:05.000Z,"Wan Hsenlong, Shan, Myanmar (Burma)",Myanmar,MM,Asia,earthquake,1691080980,1691080745,1,,"21.16,99.96",2023-08-03 16:39:05,2023-08-03 23:09:05,Shan,Kengtung
21.126,99.945,1.0,3.1,ml,,,,,,th_11229_202308031623,2023-08-03T16:23:32.000Z,"Wan Hsenlong, Shan, Myanmar (Burma)",Myanmar,MM,Asia,earthquake,1691080051,1691079812,1,,"21.13,99.95",2023-08-03 16:23:32,2023-08-03 22:53:32,Shan,Kengtung
21.109,99.96,1.0,2.5,ml,,,,,,th_11223_202308021847,2023-08-02T18:47:05.000Z,"Wan Hsenlong, Shan, Myanmar (Burma)",Myanmar,MM,Asia,earthquake,1691002315,1691002025,1,,"21.11,99.96",2023-08-02 18:47:05,2023-08-03 01:17:05,Shan,Kengtung
21.081,99.94,1.0,2.4,ml,,,,,,th_11221_202308021127,2023-08-02T11:27:16.000Z,"Wan Hkang Ho-paw, Shan, Myanmar (Burma)",Myanmar,MM,Asia,earthquake,1690975992,1690975636,1,,"21.08,99.94",2023-08-02 11:27:16,2023-08-02 17:57:16,Shan,Kengtung
21.0722,100.0416,13.5,4.4,mb,,,,,,us6000kxaz,2023-08-02T11:25:08.000Z,,"63km S of Kēng Tung, Myanmar",MM,Asia,earthquake,1690975521,1690973819,0,,"21.07,100.04",2023-08-02 10:56:59,2023-08-02 17:26:59,Shan,Kengtung
21.138,99.365,1.0,1.8,ml,,,,,,th_11206_202308011533,2023-08-01T15:33:16.000Z,"Wan Na-hsai, Shan, Myanmar (Burma)",Myanmar,MM,Asia,earthquake,1690904337,1690903996,0,,"21.14,99.37",2023-08-01 15:33:16,2023-08-01 22:03:16,Shan,Kengtung
21.118,98.459,10.0,3.9,ml,,,,,,th_11426_202309300835,2023-09-30T08:35:48.000Z,"Keng Hkam, Shan, Myanmar (Burma)",Myanmar,MM,Asia,earthquake,1696063436,1696062948,0,,"21.12,98.46",2023-09-30 08:35:48,2023-09-30 15:05:48,Shan,Kengtung
21.992,98.923,10.0,3.2,ml,,,,,,th_11425_202309291941,2023-09-29T19:41:35.000Z,"Matman, Shan, Myanmar (Burma)",Myanmar,MM,Asia,earthquake,1696017823,1696016495,0,,"21.99,98.92",2023-09-29 19:41:35,2023-09-30 02:11:35,Shan,Kengtung
21.162,99.91,1.0,1.8,ml,,,,,,th_11422_202309272110,2023-09-27T21:10:22.000Z,"Wan Hsenlong, Shan, Myanmar (Burma)",Myanmar,MM,Asia,earthquake,1695849506,1695849022,1,,"21.16,99.91",2023-09-27 21:10:22,2023-09-28 03:40:22,Shan,Kengtung
17.024,96.039,10.0,2.8,ml,,,,,,th_11419_202309271343,2023-09-27T13:43:25.000Z,"Yangon, Yangon Region, Myanmar (Burma)",Myanmar,MM,Asia,earthquake,1695823855,1695822205,0,,"17.02,96.04",2023-09-27 13:43:25,2023-09-27 20:13:25,Yangon,Yangon
25.97,95.42,115.0,3.2,ml,,,,,,in_SCs4QlhDdU1FaXlXSy90S2w0bktiUT09,2023-09-27T13:08:03.000Z,"Paton, Sagaing Region, Myanmar (Burma)",Myanmar,MM,Asia,earthquake,1695819801,1695819341,0,,"25.97,95.42",2023-09-27 12:55:41,2023-09-27 19:25:41,Saigang,Myitkyina
23.31,94.6,10.0,3.1,ml,,,,,,in_WDJENnlFTTBid0ZneE9WaThLU0Q3UT09,2023-09-27T06:35:50.000Z,"Kazet, Sagaing Region, Myanmar (Burma)",Myanmar,MM,Asia,earthquake,1695796147,1695795561,1,,"23.38,94.31",2023-09-27 06:19:21,2023-09-27 12:49:21,Saigang,Kalay
21.205,98.609,10.0,3.0,ml,,,,,,th_11417_202309270522,2023-09-27T05:22:38.000Z,"Nar Keng, Shan, Myanmar (Burma)",Myanmar,MM,Asia,earthquake,1695793845,1695792158,0,,"21.21,98.61",2023-09-27 05:22:38,2023-09-27 11:52:38,Shan,Kengtung
21.097,99.878,1.0,1.7,ml,,,,,,th_11416_202309261727,2023-09-26T17:27:10.000Z,"Yangka, Shan, Myanmar (Burma)",Myanmar,MM,Asia,earthquake,1695749560,1695749230,1,,"21.10,99.88",2023-09-26 17:27:10,2023-09-26 23:57:10,Shan,Kengtung
23.29,93.69,85.0,3.6,ml,,,,,,in_N0NiQ1BtVGt2dHJQKy9kRGFKcXo4QT09,2023-09-25T23:35:49.000Z,Phunom,Myanmar,MM,Asia,earthquake,1695684687,1695683782,0,,"23.29,93.69",2023-09-25 23:16:22,2023-09-26 05:46:22,Chin,Kalay
24.03,94.28,57.0,3.6,ml,,,,,,in_aVArN0hIbUVxL0hxUm41NVJPdkxadz09,2023-09-25T18:28:49.000Z,"Yanglenphai, စစ်ကိုင်းတိုင်းဒေသကြီး, Myanmar (Burma)",Myanmar,MM,Asia,earthquake,1695666495,1695665808,0,,"24.03,94.28",2023-09-25 18:16:48,2023-09-26 00:46:48,Saigang,Kalay
17.702,95.525,10.0,3.8,ml,,,,,,th_11414_202309251215,2023-09-25T12:42:58.000Z,"Tharrawaw, Bago Region, Myanmar (Burma)",Myanmar,MM,Asia,earthquake,1695645765,1695644157,0,,"17.70,95.53",2023-09-25 12:15:57,2023-09-25 18:45:57,Bago,Bago
17.152,95.448,10.0,3.7,ml,,,,,,th_11407_202309241754,2023-09-24T18:07:54.000Z,"Min Ta Su, Ayeyarwady, Myanmar (Burma)",Myanmar,MM,Asia,earthquake,1695578677,1695578083,0,,"17.15,95.45",2023-09-24 17:54:43,2023-09-25 00:24:43,Ayeyarwady,Yangon
17.478,96.892,10.0,3.6,ml,,,,,,th_11402_202309240125,2023-09-24T01:25:29.000Z,"Taungthuzu, Mon State, Myanmar (Burma)",Myanmar,MM,Asia,earthquake,1695519729,1695518729,0,,"17.48,96.89",2023-09-24 01:25:29,2023-09-24 07:55:29,Mon,Bago
17.149,96.036,10.0,3.3,ml,,,,,,th_11400_202309232240,2023-09-23T22:40:03.000Z,"Hmawbi, Yangon Region, Myanmar (Burma)",Myanmar,MM,Asia,earthquake,1695509595,1695508803,0,,"17.15,96.04",2023-09-23 22:40:03,2023-09-24 05:10:03,Yangon,Yangon
17.278,96.378,10.0,3.4,ml,,,,,,th_11399_202309232223,2023-09-23T22:23:55.000Z,"Alaingni, Bago Region, Myanmar (Burma)",Myanmar,MM,Asia,earthquake,1695508347,1695507835,0,,"17.28,96.38",2023-09-23 22:23:55,2023-09-24 04:53:55,Bago,Bago
17.149,96.345,10.0,3.9,ml,,,,,,th_11398_202309232023,2023-09-23T20:23:15.000Z,Zayatkwin Village,Myanmar,MM,Asia,earthquake,1695501119,1695500595,0,,"17.15,96.35",2023-09-23 20:23:15,2023-09-24 02:53:15,Yangon,Bago
17.164,96.36,10.0,3.3,ml,,,,,,th_11397_202309231941,2023-09-23T19:41:28.000Z,La Thar Aye,Myanmar,MM,Asia,earthquake,1695498668,1695498088,0,,"17.16,96.36",2023-09-23 19:41:28,2023-09-24 02:11:28,Bago,Bago
17.679,95.702,10.0,3.5,ml,,,,,,th_11396_202309231803,2023-09-23T18:03:11.000Z,"Thayarwaddy, Bago Region, Myanmar (Burma)",Myanmar,MM,Asia,earthquake,1695492854,1695492191,0,,"17.68,95.70",2023-09-23 18:03:11,2023-09-24 00:33:11,Bago,Bago
16.684,96.216,9.0,2.8,ml,,,,,,th_11394_202309231619,2023-09-23T16:19:20.000Z,Thatkelkwin,Myanmar,MM,Asia,earthquake,1695487103,1695485960,0,,"16.68,96.22",2023-09-23 16:19:20,2023-09-23 22:49:20,,Yangon
17.1564,96.0875,10.0,4.8,mb,54.0,56.0,3.012,0.87,us,ems_202309_1557368,2023-09-27T04:11:35.705Z,,"39km N of Yangon, Myanmar",MM,Asia,earthquake,1695479808,1695479074,0,,"17.20,96.15",2023-09-23 14:24:34,2023-09-23 20:54:34,Yangon,Yangon
19.878,98.313,10.0,1.8,ml,,,,,,th_11392_202309231252,2023-09-23T12:52:53.000Z,"Wan Hsa-mu, Shan, Myanmar (Burma)",Myanmar,MM,Asia,earthquake,1695475713,1695473573,0,,"19.88,98.31",2023-09-23 12:52:53,2023-09-23 19:22:53,Shan,Loikaw
17.227,96.422,10.0,3.9,ml,,,,,,th_11390_202309231103,2023-09-23T11:03:34.000Z,"Se Maing Kone, Bago Region, Myanmar (Burma)",Myanmar,MM,Asia,earthquake,1695467795,1695467014,0,,"17.23,96.42",2023-09-23 11:03:34,2023-09-23 17:33:34,Bago,Bago
21.115,99.904,1.0,3.1,ml,,,,,,th_11389_202309231056,2023-09-23T10:56:55.000Z,"Wan Hsenlong, Shan, Myanmar (Burma)",Myanmar,MM,Asia,earthquake,1695466964,1695466615,1,,"21.12,99.90",2023-09-23 10:56:55,2023-09-23 17:26:55,Shan,Kengtung
25.41,95.34,10.0,3.2,ml,,,,,,in_b2pNK2oxOHEvQnZMMnNtQVplNFFEZz09,2023-09-23T00:07:49.000Z,"Nampagan, Sagaing Region, Myanmar (Burma)",Myanmar,MM,Asia,earthquake,1695427117,1695426758,0,,"26.23,93.83",2023-09-22 23:52:38,2023-09-23 06:22:38,Saigang,Myitkyina
22.5085,93.6566,84.6,3.1,ml,,,,,,in_aVNMRXd4blB2UnY2R2QzekxsYk11Zz09,2023-09-22T00:35:03.000Z,"Zokhua, Chin State, Myanmar (Burma)","110km SSE of Champhai, Mizoram, India",MM,Asia,earthquake,1695343195,1695342903,0,,"22.51,93.66",2023-09-22 00:35:03,2023-09-22 07:05:03,Chin,Hakha
17.738,95.099,10.0,3.8,ml,,,,,,th_11379_202309220033,2023-09-22T00:49:51.000Z,"Kwin Kauk, Ayeyarwady, Myanmar (Burma)",Myanmar,MM,Asia,earthquake,1695343813,1695342837,0,,"17.74,95.10",2023-09-22 00:33:57,2023-09-22 07:03:57,Ayeyarwady,Pathein
21.177,99.944,1.0,3.2,ml,,,,,,th_11376_202309212033,2023-09-21T20:33:52.000Z,"Wan Hsenlong, Shan, Myanmar (Burma)",Myanmar,MM,Asia,earthquake,1695329209,1695328432,1,,"21.18,99.94",2023-09-21 20:33:52,2023-09-22 03:03:52,Shan,Kengtung
19.958,97.981,1.0,2.0,ml,,,,,,th_11369_202309171446,2023-09-17T14:46:59.000Z,"Ta Ho-pong, Shan, Myanmar (Burma)",Myanmar,MM,Asia,earthquake,1694963034,1694962019,0,,"19.96,97.98",2023-09-17 14:46:59,2023-09-17 21:16:59,Shan,Loikaw
17.463,94.802,10.0,3.7,ml,,,,,,th_11368_202309170354,2023-09-17T03:54:29.000Z,"Kyauktalôn, Ayeyarwady, Myanmar (Burma)",Myanmar,MM,Asia,earthquake,1694923643,1694922869,0,,"17.46,94.80",2023-09-17 03:54:29,2023-09-17 10:24:29,Ayeyarwady,Pathein
24.8,94.76,10.0,3.2,ml,,,,,,in_azFlaHAzY0dKZWJBNjJHQmJrR01WZz09,2023-09-17T00:21:27.000Z,"Pamun, Sagaing Region, Myanmar (Burma)",Myanmar,MM,Asia,earthquake,1694909764,1694906467,0,,"24.80,94.76",2023-09-16 23:21:07,2023-09-17 05:51:07,Saigang,Kalay
23.02,94.19,95.0,3.1,ml,,,,,,in_MmZNS2ZoQkdmUnRUV1pqOHhaZEtTQT09,2023-09-15T23:00:28.000Z,"Bogyi, Sagaing Region, Myanmar (Burma)",Myanmar,MM,Asia,earthquake,1694818733,1694818055,0,,"23.02,94.19",2023-09-15 22:47:35,2023-09-16 05:17:35,Saigang,Kalay
21.169,99.87,1.0,2.6,ml,,,,,,th_11366_202309151353,2023-09-15T13:53:04.000Z,"Wan Hpaya-hkè, Shan, Myanmar (Burma)",Myanmar,MM,Asia,earthquake,1694786786,1694785984,1,,"21.17,99.87",2023-09-15 13:53:04,2023-09-15 20:23:04,Shan,Kengtung
21.095,99.897,1.0,1.8,ml,,,,,,th_11364_202309121331,2023-09-12T13:31:43.000Z,"Wan Hkang Ho-paw, Shan, Myanmar (Burma)",Myanmar,MM,Asia,earthquake,1694526078,1694525503,1,,"21.10,99.90",2023-09-12 13:31:43,2023-09-12 20:01:43,Shan,Kengtung
24.3853,94.7921,96.057,4.9,mb,122.0,29.0,3.354,0.99,us,ems_202309_1552174,2023-09-15T21:12:01.312Z,,"77km ESE of Wāngjing, India",MM,Asia,earthquake,1694454050,1694453519,0,,"24.53,94.98",2023-09-11 17:31:59,2023-09-12 00:01:59,Saigang,Kalay
21.081,99.899,1.0,2.9,ml,,,,,,th_11359_202309111651,2023-09-11T16:51:04.000Z,"Wan Hkang Ho-paw, Shan, Myanmar (Burma)",Myanmar,MM,Asia,earthquake,1694451269,1694451064,1,,"21.08,99.90",2023-09-11 16:51:04,2023-09-11 23:21:04,Shan,Kengtung
21.114,99.841,1.0,3.3,ml,,,,,,th_11357_202309110109,2023-09-11T01:09:30.000Z,"Yangka, Shan, Myanmar (Burma)",Myanmar,MM,Asia,earthquake,1694395162,1694394570,0,,"21.11,99.84",2023-09-11 01:09:30,2023-09-11 07:39:30,Shan,Kengtung
21.179,99.976,1.0,2.6,ml,,,,,,th_11358_202309110107,2023-09-11T01:07:45.000Z,"Wan Hkang, Shan, Myanmar (Burma)",Myanmar,MM,Asia,earthquake,1694395524,1694394465,0,,"21.18,99.98",2023-09-11 01:07:45,2023-09-11 07:37:45,Shan,Kengtung
21.177,99.933,1.0,1.7,ml,,,,,,th_11356_202309092216,2023-09-09T22:16:45.000Z,"Wan Hsenlong, Shan, Myanmar (Burma)",Myanmar,MM,Asia,earthquake,1694298303,1694297805,1,,"21.18,99.93",2023-09-09 22:16:45,2023-09-10 04:46:45,Shan,Kengtung
21.172,100.03,1.0,2.8,ml,,,,,,th_11355_202309091808,2023-09-09T18:08:29.000Z,"Wan Hkang, Shan, Myanmar (Burma)",Myanmar,MM,Asia,earthquake,1694283323,1694282909,0,,"21.17,100.03",2023-09-09 18:08:29,2023-09-10 00:38:29,Shan,Kengtung
21.181,100.042,1.0,2.1,ml,,,,,,th_11353_202309091609,2023-09-09T16:09:27.000Z,"Wan Hkang, Shan, Myanmar (Burma)",Myanmar,MM,Asia,earthquake,1694276092,1694275767,1,,"21.18,100.04",2023-09-09 16:09:27,2023-09-09 22:39:27,Shan,Kengtung
12.14,99.182,2.0,3.2,ml,,,,,,th_11348_202309070534,2023-09-07T05:34:51.000Z,"Tamyinchaung, Tanintharyi Region, Myanmar (Burma)",Myanmar,MM,Asia,earthquake,1694067788,1694064891,0,,"12.14,99.18",2023-09-07 05:34:51,2023-09-07 12:04:51,Tanitharyi,Dawei
22.42,93.85,25.0,4.4,ml,,,,,,ems_202309_1550227,2023-09-07T05:14:28.000Z,"Lamtuk, Chin State, Myanmar (Burma)",Myanmar-india Border Region,MM,Asia,earthquake,1694063682,1694062761,0,,"22.42,93.85",2023-09-07 04:59:21,2023-09-07 11:29:21,Chin,Hakha
25.01,94.92,10.0,3.4,ml,,,,,,in_TkhBcUhXNU1vemh6Mm42Z3Q4cnc2dz09,2023-09-06T18:21:35.000Z,"Teinkin, Sagaing Region, Myanmar (Burma)",Myanmar,MM,Asia,earthquake,1694024118,1694023754,0,,"25.01,94.92",2023-09-06 18:09:14,2023-09-07 00:39:14,Saigang,Kalay
15.401,96.642,11.0,3.7,ml,,,,,,th_11345_202309060044,2023-09-06T00:44:26.000Z,,Near South Coast of Myanmar,MM,Asia,earthquake,1693961899,1693961066,0,,"15.40,96.64",2023-09-06 00:44:26,2023-09-06 07:14:26,,Mawlamyine
21.3,99.849,1.0,2.9,ml,,,,,,th_11340_202309050248,2023-09-05T02:48:14.000Z,"Wan Kaw Namhsu, Shan, Myanmar (Burma)",Myanmar,MM,Asia,earthquake,1693882733,1693882094,0,,"21.30,99.85",2023-09-05 02:48:14,2023-09-05 09:18:14,Shan,Kengtung
21.113,99.891,1.0,2.2,ml,,,,,,th_11339_202309050006,2023-09-05T00:06:07.000Z,"Wan Hsenlong, Shan, Myanmar (Burma)",Myanmar,MM,Asia,earthquake,1693873607,1693872367,1,,"21.11,99.89",2023-09-05 00:06:07,2023-09-05 06:36:07,Shan,Kengtung
21.103,99.898,1.0,1.9,ml,,,,,,th_11337_202309041407,2023-09-04T14:07:45.000Z,"Wan Hsenlong, Shan, Myanmar (Burma)",Myanmar,MM,Asia,earthquake,1693836707,1693836465,1,,"21.10,99.90",2023-09-04 14:07:45,2023-09-04 20:37:45,Shan,Kengtung
22.735,95.646,10.0,3.7,ml,,,,,,th_11331_202309021108,2023-09-02T11:08:24.000Z,"Long She, Sagaing Region, Myanmar (Burma)",Myanmar,MM,Asia,earthquake,1693654036,1693652904,0,,"22.74,95.65",2023-09-02 11:08:24,2023-09-02 17:38:24,Saigang,Shwebo
23.7907,93.5375,17.1,2.2,ml,,,,,,in_c096WmI5VDUyS2xaRzRnN2tFVURPdz09,2023-09-01T17:01:28.000Z,,"34km ESE of Ngopa, Mizoram, India",MM,Asia,earthquake,1693587840,1693587688,0,,"23.79,93.54",2023-09-01 17:01:28,2023-09-01 23:31:28,Chin,Kalay
22.67,94.25,140.0,3.3,ml,,,,,,in_UkZRdmptR2UzN1l4L3lOOENHeXNhQT09,2023-09-01T17:14:31.000Z,"Pya, Sagaing Region, Myanmar (Burma)",Myanmar,MM,Asia,earthquake,1693588238,1693587668,0,,"22.67,94.25",2023-09-01 17:01:08,2023-09-01 23:31:08,Saigang,Kalay
24.85,95.25,10.0,3.6,ml,,,,,,ems_202310_1572401,2023-10-31T06:07:35.000Z,"Hpacheleik, Sagaing Region, Myanmar (Burma)",Myanmar,MM,Asia,earthquake,1698731814,1698731515,1,,"24.89,95.41",2023-10-31 05:51:55,2023-10-31 12:21:55,Saigang,Bhamo
20.4,94.82,50.0,3.4,ml,,,,,,in_WDhDVllCNCtHcGx4RmJvbjZSM3dQdz09,2023-10-29T23:04:49.000Z,Gaphu Gone,"188km WSW of Ywangan, Myanmar",MM,Asia,earthquake,1698621149,1698620689,1,,"20.38,94.76",2023-10-29 23:04:49,2023-10-30 05:34:49,Magway,Magway
20.1214,94.494,85.1,4.2,mb,,,,,,in_c3BuY3BlNWIvYkpMM0d2OTF0anordz09,2023-10-29T11:25:41.000Z,,"40km W of Minbu, Myanmar",MM,Asia,earthquake,1698578028,1698577340,1,,"19.97,94.26",2023-10-29 11:02:20,2023-10-29 17:32:20,Magway,Magway
25.12,95.97,10.0,3.4,ml,,,,,,in_QnpldzJrNlZjbEFGaFo2ZkxDbEFydz09,2023-10-28T09:42:34.000Z,"Petkala, Sagaing Region, Myanmar (Burma)",Myanmar,MM,Asia,earthquake,1698486041,1698485304,0,,"25.12,95.97",2023-10-28 09:28:24,2023-10-28 15:58:24,Saigang,Myitkyina
26.2481,95.5087,79.962,4.8,mb,112.0,60.0,5.005,0.57,us,gfz2023vcbs,2023-11-03T02:38:17.040Z,Mon Htwe,"68km E of Tuensang, India",MM,Asia,earthquake,1698449696,1698449027,1,,"26.38,95.36",2023-10-27 23:23:47,2023-10-28 05:53:47,Saigang,Myitkyina
26.0,95.32,75.0,3.6,ml,,,,,,in_RXZJek1Temg2Q3BSQ1BTMG5lMDRxdz09,2023-10-27T21:56:33.000Z,Kyauk Ke,Myanmar,MM,Asia,earthquake,1698443480,1698442708,0,,"26.00,95.32",2023-10-27 21:38:28,2023-10-28 04:08:28,Saigang,Myitkyina
27.25,97.4,10.0,3.6,ml,,,,,,in_SlpsSjErdFRtRHdJZ3BLVTZBOFRhZz09,2023-10-27T16:42:31.000Z,"Yikyawde, Kachin, Myanmar (Burma)",Myanmar,MM,Asia,earthquake,1698424838,1698424161,0,,"27.25,97.40",2023-10-27 16:29:21,2023-10-27 22:59:21,Kachin,Putao
26.6825,96.7861,50.0,4.1,ml,,,,,,ems_202310_1570534,2023-10-27T06:19:32.000Z,"'Nmawt Ga, Kachin, Myanmar (Burma)",Myanmar,MM,Asia,earthquake,1698345769,1698344942,0,,"26.81,96.84",2023-10-26 18:29:02,2023-10-27 00:59:02,Kachin,Putao
19.425,95.696,10.0,3.0,ml,,,,,,th_11472_202310251906,2023-10-25T19:06:00.000Z,Pyingon,Myanmar,MM,Asia,earthquake,1698261347,1698260760,0,,"19.43,95.70",2023-10-25 19:06:00,2023-10-26 01:36:00,Magway,Naypyidaw
22.0049,94.1622,40.459,4.2,mb,21.0,99.0,2.427,0.35,us,in_MnNyOHJIN29DeXJMa2RkSERBYWFOQT09,2023-10-30T03:15:13.040Z,,"90km SE of Hakha, Myanmar",MM,Asia,earthquake,1698124251,1698123324,1,,"22.44,93.80",2023-10-24 04:55:24,2023-10-24 11:25:24,Magway,Hakha
21.143,98.477,10.0,3.4,ml,,,,,,th_11468_202310231450,2023-10-23T14:50:16.000Z,"Wan Lao, Shan, Myanmar (Burma)",Myanmar - China Border Region,MM,Asia,earthquake,1698073005,1698072616,0,,"21.14,98.48",2023-10-23 14:50:16,2023-10-23 21:20:16,Shan,Kengtung
23.3,94.03,90.0,4.3,ml,,,,,,ems_202310_1568989,2023-10-23T01:14:34.000Z,Pyi Taw Thar,Myanmar,MM,Asia,earthquake,1698023695,1698022756,0,,"23.30,94.03",2023-10-23 00:59:16,2023-10-23 07:29:16,Saigang,Kalay
26.4192,96.7123,132.6,3.6,ml,,,,,,in_dmp3cXdKSExPK1IwYmFpTXR6dzVmQT09,2023-10-20T19:56:32.000Z,Ma Kaw,"147km S of Changlang, Arunachal Pradesh, India",MM,Asia,earthquake,1697831753,1697830899,1,,"26.38,96.75",2023-10-20 19:41:39,2023-10-21 02:11:39,Kachin,Putao
17.496,97.915,3.0,2.1,ml,,,,,,th_11458_202310150300,2023-10-15T03:00:59.000Z,"Shan Ywar Thit, Kayin State, Myanmar (Burma)",Myanmar,MM,Asia,earthquake,1697340199,1697338859,0,,"17.50,97.92",2023-10-15 03:00:59,2023-10-15 09:30:59,Kayin,Hpa-An
25.13,95.97,40.0,3.1,ml,,,,,,in_WU9iZy8rUkkwNTJ5VXNsWVRIYW1YZz09,2023-10-15T00:28:33.000Z,"Yebawmi, Sagaing Region, Myanmar (Burma)",Myanmar,MM,Asia,earthquake,1697329126,1697328829,1,,"25.32,95.61",2023-10-15 00:13:49,2023-10-15 06:43:49,Saigang,Myitkyina
23.58,94.01,30.0,3.3,ml,,,,,,in_UjRtdlN1eE5GZkN3WDRwR0RUVGd1UT09,2023-10-14T20:56:32.000Z,"Hpaidin, Chin State, Myanmar (Burma)",Myanmar,MM,Asia,earthquake,1697316821,1697316372,0,,"23.58,94.01",2023-10-14 20:46:12,2023-10-15 03:16:12,Chin,Kalay
17.439,96.3,10.0,3.3,ml,,,,,,th_11456_202310131924,2023-10-13T19:24:07.000Z,"Htan Taw Gyi, Bago Region, Myanmar (Burma)",Myanmar,MM,Asia,earthquake,1697226314,1697225047,0,,"17.44,96.30",2023-10-13 19:24:07,2023-10-14 01:54:07,Bago,Bago
20.131,98.009,3.0,3.0,ml,,,,,,th_11455_202310131819,2023-10-13T18:19:14.000Z,"Wan Hwè-ning, Shan, Myanmar (Burma)",Myanmar,MM,Asia,earthquake,1697223917,1697221154,0,,"20.13,98.01",2023-10-13 18:19:14,2023-10-14 00:49:14,Shan,Loikaw
17.924,96.342,10.0,3.3,ml,,,,,,th_11454_202310131213,2023-10-13T12:13:46.000Z,"Baingda, Bago Region, Myanmar (Burma)",Myanmar,MM,Asia,earthquake,1697201159,1697199226,0,,"17.92,96.34",2023-10-13 12:13:46,2023-10-13 18:43:46,Bago,Bago
17.445,95.782,10.0,3.9,ml,,,,,,th_11453_202310131211,2023-10-13T12:11:44.000Z,"Inle, Yangon Region, Myanmar (Burma)",Myanmar,MM,Asia,earthquake,1697199861,1697199104,0,,"17.45,95.78",2023-10-13 12:11:44,2023-10-13 18:41:44,Yangon,Bago
20.107,98.301,1.0,2.4,ml,,,,,,th_11452_202310130230,2023-10-13T02:30:07.000Z,"Wan Umlong, Shan, Myanmar (Burma)",Myanmar,MM,Asia,earthquake,1697164754,1697164207,0,,"20.11,98.30",2023-10-13 02:30:07,2023-10-13 09:00:07,Shan,Loikaw
21.633,97.979,10.0,3.7,ml,,,,,,th_11451_202310130157,2023-10-13T02:28:37.000Z,"Wan Na, Shan, Myanmar (Burma)",Myanmar,MM,Asia,earthquake,1697163790,1697162252,0,,"21.63,97.98",2023-10-13 01:57:32,2023-10-13 08:27:32,Shan,Hsipaw
21.073,99.94,1.0,2.4,ml,,,,,,th_11446_202310112014,2023-10-11T20:14:13.000Z,"Wan Hkang Ho-paw, Shan, Myanmar (Burma)",Myanmar,MM,Asia,earthquake,1697055833,1697055253,1,,"21.07,99.94",2023-10-11 20:14:13,2023-10-12 02:44:13,Shan,Kengtung
17.206,96.386,10.0,4.0,ml,,,,,,in_bUFXaFZwbjZ2bUhnbVBIQW1KVGZzQT09,2023-10-10T18:07:33.000Z,Inn Ta Kaw,Myanmar,MM,Asia,earthquake,1696961119,1696960436,1,,"17.11,95.57",2023-10-10 17:53:56,2023-10-11 00:23:56,Bago,Bago
26.25,96.31,50.0,3.9,ml,,,,,,in_bjhxcUJtNEVNOG8zeVN0ZWh0RGFnQT09,2023-10-09T08:56:44.000Z,,Myanmar,MM,Asia,earthquake,1696841521,1696840507,0,,"26.26,96.30",2023-10-09 08:35:07,2023-10-09 15:05:07,Kachin,Myitkyina
23.1,94.75,10.0,3.8,ml,,,,,,ems_202310_1562059,2023-10-05T01:35:31.000Z,"Myintha, Magway Region, Myanmar (Burma)",Myanmar,MM,Asia,earthquake,1696469324,1696468238,1,,"22.62,94.19",2023-10-05 01:10:38,2023-10-05 07:40:38,Saigang,Kalay
25.4637,95.3974,688.3,3.7,ml,,,,,,in_NUs2WmJzNlM3NysxUHdsVHYvTUdpUT09,2023-10-04T21:13:05.000Z,"Minsin, Sagaing Region, Myanmar (Burma)","105km ENE of Shirui, Manipur, India",MM,Asia,earthquake,1696454267,1696453985,0,,"25.46,95.40",2023-10-04 21:13:05,2023-10-05 03:43:05,Saigang,Myitkyina
20.6,99.996,1.0,2.3,ml,,,,,,th_11436_202310031436,2023-10-03T14:36:24.000Z,"Hsentong, Shan, Myanmar (Burma)",Myanmar,MM,Asia,earthquake,1696344114,1696343784,0,,"20.60,100.00",2023-10-03 14:36:24,2023-10-03 21:06:24,Shan,Kengtung
19.455,95.871,10.0,2.5,ml,,,,,,th_11435_202310022053,2023-10-02T20:53:42.000Z,"Sanwingyi, Naypyidaw Union Territory, Myanmar (Burma)",Myanmar,MM,Asia,earthquake,1696281181,1696280022,0,,"19.46,95.87",2023-10-02 20:53:42,2023-10-03 03:23:42,Mandalay,Naypyidaw
26.0678,97.012,37.0,4.3,mb,,,,,,us6000lc9d,2023-10-02T16:24:44.000Z,"Sarupathar, India","25km SE of Sarupathar, India",MM,Asia,earthquake,1696263903,1696256973,0,,"26.07,97.01",2023-10-02 14:29:33,2023-10-02 20:59:33,Kachin,Myitkyina
18.2,97.108,5.0,2.5,ml,,,,,,th_11434_202310021136,2023-10-02T11:36:37.000Z,"Pokodo Atet, Bago Region, Myanmar (Burma)",Myanmar,MM,Asia,earthquake,1696248515,1696246597,0,,"18.20,97.11",2023-10-02 11:36:37,2023-10-02 18:06:37,Bago,Taungoo
26.04,95.51,10.0,3.6,ml,,,,,,in_cDA4NFpna3k1OWh2WlA5SllHUzRIQT09,2023-10-02T02:28:30.000Z,"Hintiu, Sagaing Region, Myanmar (Burma)",Myanmar-india Border Region,MM,Asia,earthquake,1696184848,1696184601,0,,"26.23,95.41",2023-10-01 18:23:21,2023-10-02 00:53:21,Saigang,Myitkyina
20.899,98.501,2.0,2.4,ml,,,,,,th_11430_202310011807,2023-10-01T18:07:50.000Z,"Na-hkilek, Shan, Myanmar (Burma)",Myanmar,MM,Asia,earthquake,1696184280,1696183670,0,,"20.90,98.50",2023-10-01 18:07:50,2023-10-02 00:37:50,Shan,Kengtung
15.148,96.459,10.0,3.2,ml,,,,,,th_11432_202310011658,2023-10-01T16:58:37.000Z,,Near South Coast of Myanmar,MM,Asia,earthquake,1696203746,1696179517,0,,"15.15,96.46",2023-10-01 16:58:37,2023-10-01 23:28:37,,Yangon
15.072,97.143,10.0,2.9,ml,,,,,,th_11428_202310011654,2023-10-01T16:54:25.000Z,,Near South Coast of Myanmar,MM,Asia,earthquake,1696180754,1696179265,0,,"15.07,97.14",2023-10-01 16:54:25,2023-10-01 23:24:25,,Dawei
25.39,95.09,118.0,3.1,ml,,,,,,in_SEd5YlQxTy9xNmdIZk1xTHMzd1RtUT09,2023-11-30T16:07:41.000Z,"Awthaw, Sagaing Region, Myanmar (Burma)",Myanmar,MM,Asia,earthquake,1701359546,1701359346,0,,"25.34,95.00",2023-11-30 15:49:06,2023-11-30 22:19:06,Saigang,Myitkyina
24.9866,95.4612,138.0,4.6,mb,,,,,,ems_202311_1585302,2023-11-30T15:30:18.000Z,"Tonsaga, Sagaing Region, Myanmar (Burma)",Myanmar,MM,Asia,earthquake,1701354621,1701351751,1,,"25.43,95.43",2023-11-30 13:42:31,2023-11-30 20:12:31,Saigang,Bhamo
21.136,99.325,4.0,2.6,ml,,,,,,th_11619_202311300503,2023-11-30T05:03:10.000Z,"Wan Na-hsai, Shan, Myanmar (Burma)",Myanmar,MM,Asia,earthquake,1701321197,1701320590,0,,"21.14,99.33",2023-11-30 05:03:10,2023-11-30 11:33:10,Shan,Kengtung
21.14,99.292,7.0,2.5,ml,,,,,,th_11621_202311300215,2023-11-30T02:15:09.000Z,"Wan Pong, Shan, Myanmar (Burma)",Myanmar,MM,Asia,earthquake,1701376286,1701310509,0,,"21.14,99.29",2023-11-30 02:15:09,2023-11-30 08:45:09,Shan,Kengtung
21.194,99.335,1.0,2.7,ml,,,,,,th_11618_202311300021,2023-11-30T00:21:34.000Z,"Mawnkak, Shan, Myanmar (Burma)",Myanmar,MM,Asia,earthquake,1701305028,1701303694,0,,"21.19,99.34",2023-11-30 00:21:34,2023-11-30 06:51:34,Shan,Kengtung
21.143,99.397,3.0,1.7,ml,,,,,,th_11617_202311292018,2023-11-29T20:18:00.000Z,"Wan Pangkaw, Shan, Myanmar (Burma)",Myanmar,MM,Asia,earthquake,1701291450,1701289080,0,,"21.14,99.40",2023-11-29 20:18:00,2023-11-30 02:48:00,Shan,Kengtung
20.667,100.074,3.0,1.7,ml,,,,,,th_11614_202311291905,2023-11-29T19:05:20.000Z,"Wan Munnanta, Shan, Myanmar (Burma)",Myanmar,MM,Asia,earthquake,1701286677,1701284720,0,,"20.67,100.07",2023-11-29 19:05:20,2023-11-30 01:35:20,Shan,Kengtung
26.23,96.65,10.0,3.5,ml,,,,,,in_Y0FxSXRicE9oNW93d0ZBNmxVOFZKdz09,2023-11-29T16:56:40.000Z,"Walawbum, Kachin, Myanmar (Burma)",Myanmar,MM,Asia,earthquake,1701276697,1701276226,0,,"26.23,96.65",2023-11-29 16:43:46,2023-11-29 23:13:46,Kachin,Myitkyina
21.119,99.485,3.0,2.1,ml,,,,,,th_11613_202311291359,2023-11-29T13:59:30.000Z,"Wan Namhing, Shan, Myanmar (Burma)",Myanmar,MM,Asia,earthquake,1701267282,1701266370,0,,"21.12,99.49",2023-11-29 13:59:30,2023-11-29 20:29:30,Shan,Kengtung
21.176,99.924,1.0,2.1,ml,,,,,,th_11611_202311290351,2023-11-29T03:51:44.000Z,"Wan Hsenlong, Shan, Myanmar (Burma)",Myanmar,MM,Asia,earthquake,1701260805,1701229904,1,,"21.18,99.92",2023-11-29 03:51:44,2023-11-29 10:21:44,Shan,Kengtung
25.2593,95.5453,10.0,4.6,mb,49.0,94.0,4.076,0.49,us,in_UFZZRG5OQklDMTFlTkZqK2I0VVh5QT09,2023-11-29T09:59:44.040Z,"Tawnglin, Sagaing Region, Myanmar (Burma)",Myanmar,MM,Asia,earthquake,1701174253,1701173509,1,,"25.17,95.46",2023-11-28 12:11:49,2023-11-28 18:41:49,Saigang,Myitkyina
21.221,100.044,1.0,2.9,ml,,,,,,th_11608_202311280051,2023-11-28T00:51:45.000Z,"Wan Hkang A-hko, Shan, Myanmar (Burma)",Myanmar,MM,Asia,earthquake,1701134058,1701132705,1,,"21.22,100.04",2023-11-28 00:51:45,2023-11-28 07:21:45,Shan,Kengtung
21.156,99.974,10.0,2.6,ml,,,,,,th_11606_202311272228,2023-11-27T22:28:09.000Z,"Wan Hsenlong, Shan, Myanmar (Burma)",Myanmar,MM,Asia,earthquake,1701124679,1701124089,1,,"21.16,99.97",2023-11-27 22:28:09,2023-11-28 04:58:09,Shan,Kengtung
13.9,98.357,10.0,1.8,ml,,,,,,th_11604_202311271853,2023-11-27T18:53:31.000Z,"Thayetchaung, Tanintharyi Region, Myanmar (Burma)",Myanmar,MM,Asia,earthquake,1701124157,1701111211,0,,"13.90,98.36",2023-11-27 18:53:31,2023-11-28 01:23:31,Tanitharyi,Dawei
21.132,99.904,1.0,2.2,ml,,,,,,th_11602_202311262244,2023-11-26T22:44:15.000Z,"Wan Hsenlong, Shan, Myanmar (Burma)",Myanmar,MM,Asia,earthquake,1701039284,1701038655,1,,"21.13,99.90",2023-11-26 22:44:15,2023-11-27 05:14:15,Shan,Kengtung
21.12,99.43,4.0,3.1,ml,,,,,,th_11600_202311261446,2023-11-26T14:46:40.000Z,"Wan Namhing, Shan, Myanmar (Burma)",Myanmar,MM,Asia,earthquake,1701010564,1701010000,1,,"21.12,99.43",2023-11-26 14:46:40,2023-11-26 21:16:40,Shan,Kengtung
25.79,95.58,10.0,3.5,ml,,,,,,in_WjZqTUROaUlGMGhDT3dkei9leEVDdz09,2023-11-26T01:21:43.000Z,"Maingnaung, Sagaing Region, Myanmar (Burma)",Myanmar,MM,Asia,earthquake,1700961450,1700960795,0,,"25.79,95.58",2023-11-26 01:06:35,2023-11-26 07:36:35,Saigang,Myitkyina
24.633,96.466,10.0,3.9,ml,,,,,,in_UVRLT2RpVVhGRzQ3dEh6K2RRc3dNdz09,2023-11-25T20:07:36.000Z,"Nawku, Kachin, Myanmar (Burma)",Myanmar,MM,Asia,earthquake,1700943397,1700942856,1,,"25.14,96.52",2023-11-25 20:07:36,2023-11-26 02:37:36,Kachin,Bhamo
20.483,99.246,4.0,2.6,ml,,,,,,th_11597_202311251531,2023-11-25T15:31:37.000Z,"Mong Hsat, Shan, Myanmar (Burma)",Myanmar,MM,Asia,earthquake,1700927041,1700926297,0,,"20.48,99.25",2023-11-25 15:31:37,2023-11-25 22:01:37,Shan,Kengtung
20.863,99.054,1.0,2.2,ml,,,,,,th_11595_202311251327,2023-11-25T13:27:22.000Z,"Ta Pe, Shan, Myanmar (Burma)",Myanmar,MM,Asia,earthquake,1700920637,1700918842,0,,"20.86,99.05",2023-11-25 13:27:22,2023-11-25 19:57:22,Shan,Kengtung
20.854,98.984,1.0,2.4,ml,,,,,,th_11593_202311251325,2023-11-25T13:25:27.000Z,"Ta Pe, Shan, Myanmar (Burma)",Myanmar,MM,Asia,earthquake,1700919989,1700918727,0,,"20.85,98.98",2023-11-25 13:25:27,2023-11-25 19:55:27,Shan,Kengtung
20.852,99.052,1.0,2.1,ml,,,,,,th_11592_202311251322,2023-11-25T13:23:56.000Z,"Ta Pe, Shan, Myanmar (Burma)",Myanmar,MM,Asia,earthquake,1700919960,1700918636,0,,"20.77,99.17",2023-11-25 13:23:56,2023-11-25 19:53:56,Shan,Kengtung
21.188,99.356,9.0,3.5,ml,,,,,,th_11591_202311251305,2023-11-25T13:05:29.000Z,"Wan Pangkaw, Shan, Myanmar (Burma)",Myanmar,MM,Asia,earthquake,1700918313,1700917529,0,,"21.19,99.36",2023-11-25 13:05:29,2023-11-25 19:35:29,Shan,Kengtung
21.166,99.376,10.0,2.2,ml,,,,,,th_11590_202311242323,2023-11-24T23:23:40.000Z,"Wan Pangkaw, Shan, Myanmar (Burma)",Myanmar,MM,Asia,earthquake,1700869514,1700868220,0,,"21.17,99.38",2023-11-24 23:23:40,2023-11-25 05:53:40,Shan,Kengtung
15.084,96.609,10.0,3.4,ml,,,,,,th_11588_202311240934,2023-11-24T09:34:23.000Z,,Near South Coast of Myanmar,MM,Asia,earthquake,1700819242,1700818463,0,,"15.08,96.61",2023-11-24 09:34:23,2023-11-24 16:04:23,,Mawlamyine
21.167,99.382,4.0,2.6,ml,,,,,,th_11587_202311240100,2023-11-24T01:00:44.000Z,"Wan Pangkaw, Shan, Myanmar (Burma)",Myanmar,MM,Asia,earthquake,1700788201,1700787644,1,,"21.17,99.38",2023-11-24 01:00:44,2023-11-24 07:30:44,Shan,Kengtung
21.154,99.437,3.0,3.0,ml,,,,,,th_11586_202311240029,2023-11-24T00:29:59.000Z,"Wan Pangkaw, Shan, Myanmar (Burma)",Myanmar,MM,Asia,earthquake,1700786289,1700785799,0,,"21.15,99.44",2023-11-24 00:29:59,2023-11-24 06:59:59,Shan,Kengtung
21.144,99.453,1.0,2.5,ml,,,,,,th_11585_202311232311,2023-11-23T23:11:33.000Z,"Wan Namhing, Shan, Myanmar (Burma)",Myanmar,MM,Asia,earthquake,1700781954,1700781093,0,,"21.14,99.45",2023-11-23 23:11:33,2023-11-24 05:41:33,Shan,Kengtung
21.154,99.46,3.0,2.7,ml,,,,,,th_11584_202311232304,2023-11-23T23:04:56.000Z,"Wan Namhing, Shan, Myanmar (Burma)",Myanmar,MM,Asia,earthquake,1700781354,1700780696,0,,"21.15,99.46",2023-11-23 23:04:56,2023-11-24 05:34:56,Shan,Kengtung
20.946,98.64,6.0,2.5,ml,,,,,,th_11583_202311231922,2023-11-23T19:22:03.000Z,"Wan Wonhok, Shan, Myanmar (Burma)",Myanmar,MM,Asia,earthquake,1700768044,1700767323,0,,"20.95,98.64",2023-11-23 19:22:03,2023-11-24 01:52:03,Shan,Kengtung
17.186,96.566,10.0,2.5,ml,,,,,,th_11582_202311231841,2023-11-23T18:41:10.000Z,Hla Zin (South),Myanmar,MM,Asia,earthquake,1700766731,1700764870,0,,"17.19,96.57",2023-11-23 18:41:10,2023-11-24 01:11:10,Bago,Bago
16.93,95.88,20.0,3.9,ml,,,,,,in_YUNoNFlGNkZFeEx2cW1LS0xlWkdYdz09,2023-11-23T14:40:39.000Z,"Katwe, Yangon Region, Myanmar (Burma)",Myanmar,MM,Asia,earthquake,1700751033,1700750439,0,,"16.93,95.88",2023-11-23 14:40:39,2023-11-23 21:10:39,Yangon,Yangon
21.165,99.307,1.0,2.8,ml,,,,,,th_11580_202311230402,2023-11-23T04:02:58.000Z,"Mawnkak, Shan, Myanmar (Burma)",Myanmar,MM,Asia,earthquake,1700713557,1700712178,0,,"21.17,99.31",2023-11-23 04:02:58,2023-11-23 10:32:58,Shan,Kengtung
25.17,96.15,10.0,3.3,ml,,,,,,in_cDIrNnRPYkxxMTduZnZYNTF1bmsvZz09,2023-11-23T03:44:03.000Z,"Sanlaik, Kachin, Myanmar (Burma)",Myanmar,MM,Asia,earthquake,1700711620,1700711043,0,,"25.17,96.15",2023-11-23 03:44:03,2023-11-23 10:14:03,Kachin,Myitkyina
21.142,99.44,3.0,3.4,ml,,,,,,th_11579_202311221823,2023-11-22T18:23:26.000Z,"Wan Namhing, Shan, Myanmar (Burma)",Myanmar,MM,Asia,earthquake,1700678164,1700677406,0,,"21.14,99.44",2023-11-22 18:23:26,2023-11-23 00:53:26,Shan,Kengtung
26.66,95.61,67.0,2.9,ml,,,,,,in_ZUFDSWJMSjBMN2dzWDR4VFhCMEw3QT09,2023-11-22T02:21:30.000Z,Langban,Myanmar,MM,Asia,earthquake,1700619397,1700605842,0,,"26.66,95.61",2023-11-21 22:30:42,2023-11-22 05:00:42,Saigang,Putao
21.109,99.3,9.0,2.4,ml,,,,,,th_11578_202311211908,2023-11-21T19:08:30.000Z,"Wan Pong, Shan, Myanmar (Burma)",Myanmar,MM,Asia,earthquake,1700594557,1700593710,0,,"21.11,99.30",2023-11-21 19:08:30,2023-11-22 01:38:30,Shan,Kengtung
17.948,96.447,10.0,3.4,ml,,,,,,th_11577_202311211531,2023-11-21T15:31:15.000Z,"Baingda, Bago Region, Myanmar (Burma)",Myanmar,MM,Asia,earthquake,1700581377,1700580675,0,,"17.95,96.45",2023-11-21 15:31:15,2023-11-21 22:01:15,Bago,Bago
20.912,99.407,3.0,2.6,ml,,,,,,th_11573_202311201403,2023-11-20T14:03:29.000Z,"Wan Menglu, Shan, Myanmar (Burma)",Myanmar,MM,Asia,earthquake,1700490098,1700489009,0,,"20.91,99.41",2023-11-20 14:03:29,2023-11-20 20:33:29,Shan,Kengtung
21.143,99.483,7.0,3.4,ml,,,,,,th_11572_202311191918,2023-11-19T19:18:00.000Z,"Wan Namhing, Shan, Myanmar (Burma)",Myanmar,MM,Asia,earthquake,1700422904,1700421480,0,,"21.14,99.48",2023-11-19 19:18:00,2023-11-20 01:48:00,Shan,Kengtung
21.171,99.331,8.0,3.5,ml,,,,,,th_11571_202311191819,2023-11-19T18:49:37.000Z,"Wan Pangkaw, Shan, Myanmar (Burma)",Myanmar,MM,Asia,earthquake,1700419658,1700417947,1,,"21.17,99.33",2023-11-19 18:19:07,2023-11-20 00:49:07,Shan,Kengtung
21.077,99.484,8.0,3.5,ml,,,,,,th_11570_202311191404,2023-11-19T14:21:48.000Z,"Wan Namhing, Shan, Myanmar (Burma)",Myanmar,MM,Asia,earthquake,1700403624,1700402681,0,,"21.08,99.48",2023-11-19 14:04:41,2023-11-19 20:34:41,Shan,Kengtung
21.223,99.65,13.0,3.7,ml,,,,,,th_11569_202311191202,2023-11-19T12:21:40.000Z,"Keng Tung, Shan, Myanmar (Burma)",Myanmar,MM,Asia,earthquake,1700396174,1700395370,0,,"21.22,99.65",2023-11-19 12:02:50,2023-11-19 18:32:50,Shan,Kengtung
21.123,99.425,1.0,2.8,ml,,,,,,th_11568_202311190806,2023-11-19T08:06:50.000Z,"Wan Namhing, Shan, Myanmar (Burma)",Myanmar,MM,Asia,earthquake,1700382827,1700381210,0,,"21.12,99.43",2023-11-19 08:06:50,2023-11-19 14:36:50,Shan,Kengtung
21.164,99.382,1.0,2.6,ml,,,,,,th_11567_202311190203,2023-11-19T02:03:45.000Z,"Wan Pangkaw, Shan, Myanmar (Burma)",Myanmar,MM,Asia,earthquake,1700360716,1700359425,0,,"21.16,99.38",2023-11-19 02:03:45,2023-11-19 08:33:45,Shan,Kengtung
21.182,99.358,2.0,2.4,ml,,,,,,th_11565_202311181840,2023-11-18T18:40:15.000Z,"Wan Pangkaw, Shan, Myanmar (Burma)",Myanmar,MM,Asia,earthquake,1700335244,1700332815,0,,"21.18,99.36",2023-11-18 18:40:15,2023-11-19 01:10:15,Shan,Kengtung
21.143,99.465,6.0,2.7,ml,,,,,,th_11564_202311181155,2023-11-18T11:55:07.000Z,"Wan Namhing, Shan, Myanmar (Burma)",Myanmar,MM,Asia,earthquake,1700308908,1700308507,0,,"21.14,99.47",2023-11-18 11:55:07,2023-11-18 18:25:07,Shan,Kengtung
21.187,99.331,3.0,2.7,ml,,,,,,th_11563_202311180139,2023-11-18T01:39:16.000Z,"Mawnkak, Shan, Myanmar (Burma)",Myanmar,MM,Asia,earthquake,1700273153,1700271556,0,,"21.19,99.33",2023-11-18 01:39:16,2023-11-18 08:09:16,Shan,Kengtung
21.205,99.388,2.0,2.7,ml,,,,,,th_11562_202311172302,2023-11-17T23:02:31.000Z,"Wan Pangkaw, Shan, Myanmar (Burma)",Myanmar,MM,Asia,earthquake,1700263282,1700262151,0,,"21.21,99.39",2023-11-17 23:02:31,2023-11-18 05:32:31,Shan,Kengtung
21.227,99.297,3.0,3.6,ml,,,,,,th_11561_202311172229,2023-11-17T22:29:28.000Z,"Mawnkak, Shan, Myanmar (Burma)",Myanmar,MM,Asia,earthquake,1700262751,1700260168,0,,"21.23,99.30",2023-11-17 22:29:28,2023-11-18 04:59:28,Shan,Kengtung
21.192,99.454,2.0,2.7,ml,,,,,,th_11558_202311171923,2023-11-17T19:23:10.000Z,"Wan Pangkaw, Shan, Myanmar (Burma)",Myanmar,MM,Asia,earthquake,1700250347,1700248990,0,,"21.19,99.45",2023-11-17 19:23:10,2023-11-18 01:53:10,Shan,Kengtung
21.203,99.36,5.0,2.7,ml,,,,,,th_11559_202311171814,2023-11-17T18:14:35.000Z,"Wan Pangkaw, Shan, Myanmar (Burma)",Myanmar,MM,Asia,earthquake,1700250504,1700244875,1,,"21.20,99.36",2023-11-17 18:14:35,2023-11-18 00:44:35,Shan,Kengtung
20.712,99.593,10.0,2.7,ml,,,,,,th_11557_202311171515,2023-11-17T15:15:44.000Z,"Wan Ho-möng, Shan, Myanmar (Burma)",Myanmar,MM,Asia,earthquake,1700234963,1700234144,0,,"20.71,99.59",2023-11-17 15:15:44,2023-11-17 21:45:44,Shan,Kengtung
20.995,99.261,3.0,2.4,ml,,,,,,th_11556_202311171454,2023-11-17T14:54:48.000Z,"Wan Hsen-hpawngmai, Shan, Myanmar (Burma)",Myanmar,MM,Asia,earthquake,1700233570,1700232888,0,,"21.00,99.26",2023-11-17 14:54:48,2023-11-17 21:24:48,Shan,Kengtung
21.233,99.356,6.0,2.2,ml,,,,,,th_11555_202311171416,2023-11-17T14:16:41.000Z,"Wan Pangkaw, Shan, Myanmar (Burma)",Myanmar,MM,Asia,earthquake,1700231289,1700230601,0,,"21.23,99.36",2023-11-17 14:16:41,2023-11-17 20:46:41,Shan,Kengtung
21.249,99.365,4.0,2.7,ml,,,,,,th_11554_202311171339,2023-11-17T13:39:11.000Z,"Kiulong, Shan, Myanmar (Burma)",Myanmar,MM,Asia,earthquake,1700229556,1700228351,0,,"21.25,99.37",2023-11-17 13:39:11,2023-11-17 20:09:11,Shan,Kengtung
21.198,99.317,3.0,3.3,ml,,,,,,th_11553_202311171159,2023-11-17T11:59:47.000Z,"Mawnkak, Shan, Myanmar (Burma)",Myanmar,MM,Asia,earthquake,1700223248,1700222387,0,,"21.20,99.32",2023-11-17 11:59:47,2023-11-17 18:29:47,Shan,Kengtung
21.241,99.329,5.0,3.6,ml,,,,,,th_11552_202311171158,2023-11-17T11:58:37.000Z,"Mawnkak, Shan, Myanmar (Burma)",Myanmar,MM,Asia,earthquake,1700222797,1700222317,0,,"21.24,99.33",2023-11-17 11:58:37,2023-11-17 18:28:37,Shan,Kengtung
21.211,99.359,10.0,4.2,ml,,,,,,ems_202311_1579802,2023-11-17T12:07:55.000Z,"Wan Pangkaw, Shan, Myanmar (Burma)",Myanmar,MM,Asia,earthquake,1700225111,1700221938,0,,"21.21,99.36",2023-11-17 11:52:18,2023-11-17 18:22:18,Shan,Kengtung
21.252,99.354,7.0,3.7,ml,,,,,,th_11549_202311171001,2023-11-17T10:14:38.000Z,"Kiulong, Shan, Myanmar (Burma)",Myanmar,MM,Asia,earthquake,1700215909,1700215280,0,,"21.25,99.35",2023-11-17 10:01:20,2023-11-17 16:31:20,Shan,Kengtung
21.187,99.377,2.0,2.8,ml,,,,,,th_11548_202311170758,2023-11-17T07:58:20.000Z,"Wan Pangkaw, Shan, Myanmar (Burma)",Myanmar,MM,Asia,earthquake,1700208655,1700207900,0,,"21.19,99.38",2023-11-17 07:58:20,2023-11-17 14:28:20,Shan,Kengtung
21.139,99.421,3.0,3.2,ml,,,,,,th_11547_202311170749,2023-11-17T07:49:33.000Z,"Wan Pangkaw, Shan, Myanmar (Burma)",Myanmar,MM,Asia,earthquake,1700208249,1700207373,0,,"21.14,99.42",2023-11-17 07:49:33,2023-11-17 14:19:33,Shan,Kengtung
21.207,99.365,6.0,3.0,ml,,,,,,th_11546_202311170655,2023-11-17T06:55:47.000Z,"Wan Pangkaw, Shan, Myanmar (Burma)",Myanmar,MM,Asia,earthquake,1700205157,1700204147,0,,"21.21,99.37",2023-11-17 06:55:47,2023-11-17 13:25:47,Shan,Kengtung
21.386,99.271,9.0,3.3,ml,,,,,,th_11545_202311170609,2023-11-17T06:09:22.000Z,"Wan Tongwan, Shan, Myanmar (Burma)",Myanmar,MM,Asia,earthquake,1700202550,1700201362,0,,"21.39,99.27",2023-11-17 06:09:22,2023-11-17 12:39:22,Shan,Kengtung
21.1894,99.3651,10.0,4.5,mb,,,,,,us6000lp0v,2023-11-17T07:28:47.000Z,"Wan Pangkaw, Shan, Myanmar (Burma)",Myanmar,MM,Asia,earthquake,1700201773,1700200941,0,,"21.14,99.36",2023-11-17 06:02:21,2023-11-17 12:32:21,Shan,Kengtung
21.162,99.402,4.0,3.5,ml,,,,,,th_11542_202311170456,2023-11-17T05:07:41.000Z,"Wan Pangkaw, Shan, Myanmar (Burma)",Myanmar,MM,Asia,earthquake,1700197565,1700197015,0,,"21.16,99.40",2023-11-17 04:56:55,2023-11-17 11:26:55,Shan,Kengtung
21.132,99.419,3.0,3.3,ml,,,,,,th_11543_202311170211,2023-11-17T02:11:28.000Z,"Wan Namhing, Shan, Myanmar (Burma)",Myanmar,MM,Asia,earthquake,1700200138,1700187088,0,,"21.13,99.42",2023-11-17 02:11:28,2023-11-17 08:41:28,Shan,Kengtung
21.178,99.406,4.0,3.4,ml,,,,,,th_11541_202311170206,2023-11-17T02:06:55.000Z,"Wan Pangkaw, Shan, Myanmar (Burma)",Myanmar,MM,Asia,earthquake,1700188302,1700186815,0,,"21.18,99.41",2023-11-17 02:06:55,2023-11-17 08:36:55,Shan,Kengtung
21.208,99.302,3.0,3.4,ml,,,,,,th_11540_202311170148,2023-11-17T01:48:22.000Z,"Mawnkak, Shan, Myanmar (Burma)",Myanmar,MM,Asia,earthquake,1700186375,1700185702,0,,"21.21,99.30",2023-11-17 01:48:22,2023-11-17 08:18:22,Shan,Kengtung
21.213,99.295,4.0,3.5,ml,,,,,,th_11539_202311170146,2023-11-17T01:46:18.000Z,"Mawnkak, Shan, Myanmar (Burma)",Myanmar,MM,Asia,earthquake,1700186128,1700185578,0,,"21.21,99.30",2023-11-17 01:46:18,2023-11-17 08:16:18,Shan,Kengtung
21.219,99.524,10.0,4.1,ml,,,,,,ems_202311_1579613,2023-11-17T02:21:37.000Z,"Keng Tung, Shan, Myanmar (Burma)",Myanmar,MM,Asia,earthquake,1700187721,1700185323,0,,"21.22,99.52",2023-11-17 01:42:03,2023-11-17 08:12:03,Shan,Kengtung
21.226,99.333,10.398,5.7,mww,92.0,46.0,0.247,0.85,us,gfz2023wmue,2023-11-20T16:33:33.031Z,"Mawnkak, Shan, Myanmar (Burma)","76km SW of Kēng Tung, Myanmar",MM,Asia,earthquake,1700185470,1700185030,0,,"21.20,99.20",2023-11-17 01:37:10,2023-11-17 08:07:10,Shan,Kengtung
21.118,98.496,10.0,2.6,ml,,,,,,th_11533_202311160946,2023-11-16T09:46:41.000Z,"Wan Tong, Shan, Myanmar (Burma)",Myanmar,MM,Asia,earthquake,1700138924,1700128001,0,,"21.12,98.50",2023-11-16 09:46:41,2023-11-16 16:16:41,Shan,Kengtung
21.239,99.723,1.0,2.7,ml,,,,,,th_11532_202311150105,2023-11-15T01:05:09.000Z,"Wan Tong, Shan, Myanmar (Burma)",Myanmar,MM,Asia,earthquake,1700012148,1700010309,0,,"21.24,99.72",2023-11-15 01:05:09,2023-11-15 07:35:09,Shan,Kengtung
23.25,93.86,10.0,3.8,ml,,,,,,in_SkJlS3QxemU5UWh1SXZnb0pMdXcwZz09,2023-11-14T00:42:30.000Z,"Theizang, Chin State, Myanmar (Burma)",Myanmar,MM,Asia,earthquake,1699922514,1699921546,0,,"23.25,93.86",2023-11-14 00:25:46,2023-11-14 06:55:46,Chin,Kalay
18.963,97.653,2.0,1.8,ml,,,,,,th_11522_202311111858,2023-11-11T18:58:46.000Z,,Myanmar,MM,Asia,earthquake,1699743903,1699729126,0,,"18.96,97.65",2023-11-11 18:58:46,2023-11-12 01:28:46,Kayah,Loikaw
21.138,99.923,1.0,2.4,ml,,,,,,th_11511_202311091524,2023-11-09T15:24:28.000Z,"Wan Hsenlong, Shan, Myanmar (Burma)",Myanmar,MM,Asia,earthquake,1699543759,1699543468,1,,"21.14,99.92",2023-11-09 15:24:28,2023-11-09 21:54:28,Shan,Kengtung
17.146,96.326,10.0,3.0,ml,,,,,,th_11498_202311090042,2023-11-09T00:42:14.000Z,Zayatkwin Village,Myanmar,MM,Asia,earthquake,1699491295,1699490534,0,,"17.15,96.33",2023-11-09 00:42:14,2023-11-09 07:12:14,Yangon,Bago
24.94,94.89,10.0,3.1,ml,,,,,,in_UTRRS2QzZTliK1Z0d01GZW85dlQwUT09,2023-11-05T16:35:44.000Z,"Homalin, Sagaing Region, Myanmar (Burma)",Myanmar,MM,Asia,earthquake,1699202154,1699201617,0,,"24.94,94.89",2023-11-05 16:26:57,2023-11-05 22:56:57,Saigang,Kalay
21.19,99.967,1.0,2.2,ml,,,,,,th_11493_202311042007,2023-11-04T20:07:56.000Z,"Wan Hkang, Shan, Myanmar (Burma)",Myanmar,MM,Asia,earthquake,1699132238,1699128476,1,,"21.19,99.97",2023-11-04 20:07:56,2023-11-05 02:37:56,Shan,Kengtung
26.5572,96.6661,92.823,4.3,mb,23.0,124.0,5.563,0.5,us,in_bWpDYkkvUU96dmRmaHM5VG1FenlUUT09,2023-11-04T19:26:02.040Z,"Shin Lon Ga, Kachin, Myanmar (Burma)",Myanmar,MM,Asia,earthquake,1699040780,1699040347,1,,"26.58,96.53",2023-11-03 19:39:07,2023-11-04 02:09:07,Kachin,Putao
21.247,100.045,1.0,2.2,ml,,,,,,th_11490_202311031910,2023-11-03T19:10:52.000Z,"Wan Hkang A-hko, Shan, Myanmar (Burma)",Myanmar,MM,Asia,earthquake,1699039465,1699038652,0,,"21.25,100.05",2023-11-03 19:10:52,2023-11-04 01:40:52,Shan,Kengtung
26.5418,96.2021,115.9,3.1,ml,,,,,,in_dzhmSnd0L2tDQThKUDZKOUdESWJMZz09,2023-11-03T16:45:04.000Z,"Shin Bway Yang, Kachin, Myanmar (Burma)","140km SSW of Changlang, Arunachal Pradesh, India",MM,Asia,earthquake,1699030425,1699029904,0,,"26.54,96.20",2023-11-03 16:45:04,2023-11-03 23:15:04,Kachin,Putao
20.159,94.382,10.0,3.3,ml,,,,,,th_11488_202311031400,2023-11-03T14:00:28.000Z,"Ngayanohaung, Magway Region, Myanmar (Burma)",Myanmar,MM,Asia,earthquake,1699020565,1699020028,0,,"20.16,94.38",2023-11-03 14:00:28,2023-11-03 20:30:28,Magway,Magway
15.671,96.1383,10.0,4.5,mb,30.0,94.0,3.149,0.57,us,in_N2ZlTXJSUTEwRVhSK0FCcThnSFVOUT09,2023-11-06T18:12:42.040Z,,"83km SE of Pyapon, Myanmar",MM,Asia,earthquake,1699008657,1699007621,0,,"14.95,96.03",2023-11-03 10:33:41,2023-11-03 17:03:41,,Yangon
21.199,98.002,10.0,3.0,ml,,,,,,th_11486_202311030743,2023-11-03T07:43:31.000Z,"Ho-hkai, Shan, Myanmar (Burma)",Myanmar,MM,Asia,earthquake,1698998056,1698997411,0,,"21.20,98.00",2023-11-03 07:43:31,2023-11-03 14:13:31,Shan,Taunggyi
17.691,94.396,10.0,3.7,ml,,,,,,th_11485_202311030448,2023-11-03T04:48:30.000Z,"Satthwa, Rakhine, Myanmar (Burma)",Myanmar,MM,Asia,earthquake,1698987499,1698986910,0,,"17.69,94.40",2023-11-03 04:48:30,2023-11-03 11:18:30,,Pathein
21.089,99.918,1.0,2.1,ml,,,,,,th_11696_202312311612,2023-12-31T16:12:18.000Z,"Wan Hkang Ho-paw, Shan, Myanmar (Burma)",Myanmar,MM,Asia,earthquake,1704041888,1704039138,1,,"21.09,99.92",2023-12-31 16:12:18,2023-12-31 22:42:18,Shan,Kengtung
15.284,96.191,10.0,3.7,ml,,,,,,th_11693_202312300654,2023-12-30T06:54:38.000Z,,Near South Coast of Myanmar,MM,Asia,earthquake,1703926350,1703919278,0,,"15.28,96.19",2023-12-30 06:54:38,2023-12-30 13:24:38,,Yangon
17.944,96.438,10.0,2.9,ml,,,,,,th_11691_202312300251,2023-12-30T02:51:49.000Z,"Baingda, Bago Region, Myanmar (Burma)",Myanmar,MM,Asia,earthquake,1703905537,1703904709,0,,"17.94,96.44",2023-12-30 02:51:49,2023-12-30 09:21:49,Bago,Bago
25.16,96.61,10.0,3.5,ml,,,,,,in_MHB0Z2VROGVMclVFQVNTN0dxWUlZQT09,2023-12-29T17:07:27.000Z,"Pinbaw, Kachin, Myanmar (Burma)",Myanmar,MM,Asia,earthquake,1703870176,1703869647,0,,"25.16,96.61",2023-12-29 17:07:27,2023-12-29 23:37:27,Kachin,Myitkyina
25.1829,96.6008,10.0,5.3,ml,,,,,,in_MnZDNGZ6WW5rMUJueDRLOUU2NXVkQT09,2023-12-29T22:34:18.000Z,"Ywathit, Kachin, Myanmar (Burma)",Myanmar,MM,Asia,earthquake,1703867954,1703867477,1,,"25.14,96.54",2023-12-29 16:31:17,2023-12-29 23:01:17,Kachin,Myitkyina
16.321,95.975,10.0,3.2,ml,,,,,,th_11688_202312282236,2023-12-28T22:36:57.000Z,"Chaunggyi, Ayeyarwady, Myanmar (Burma)",Myanmar,MM,Asia,earthquake,1703803934,1703803017,0,,"16.32,95.98",2023-12-28 22:36:57,2023-12-29 05:06:57,Ayeyarwady,Yangon
27.43,97.21,80.0,3.5,ml,,,,,,ems_202312_1598684,2023-12-28T21:14:35.000Z,"Hpansak, Kachin, Myanmar (Burma)",Myanmar-india Border Region,MM,Asia,earthquake,1703798128,1703794620,0,,"27.43,97.21",2023-12-28 20:17:00,2023-12-29 02:47:00,Kachin,Putao
18.983,96.25,10.0,2.9,ml,,,,,,th_11685_202312280350,2023-12-28T03:50:18.000Z,"Kyun Kone, Bago Region, Myanmar (Burma)",Myanmar,MM,Asia,earthquake,1703736303,1703735418,0,,"18.98,96.25",2023-12-28 03:50:18,2023-12-28 10:20:18,Bago,Taungoo
21.107,99.475,5.0,2.8,ml,,,,,,th_11682_202312261749,2023-12-26T17:49:36.000Z,"Wan Namhing, Shan, Myanmar (Burma)",Myanmar,MM,Asia,earthquake,1703614087,1703612976,0,,"21.11,99.48",2023-12-26 17:49:36,2023-12-27 00:19:36,Shan,Kengtung
21.165,99.348,1.0,3.0,ml,,,,,,th_11681_202312260150,2023-12-26T01:50:06.000Z,"Wan Pangkaw, Shan, Myanmar (Burma)",Myanmar,MM,Asia,earthquake,1703555732,1703555406,0,,"21.17,99.35",2023-12-26 01:50:06,2023-12-26 08:20:06,Shan,Kengtung
18.276,95.58,10.0,2.9,ml,,,,,,th_11680_202312251517,2023-12-25T15:17:38.000Z,"Zigon, Bago Region, Myanmar (Burma)",Myanmar,MM,Asia,earthquake,1703519484,1703517458,0,,"18.28,95.58",2023-12-25 15:17:38,2023-12-25 21:47:38,Bago,Pyay
21.87,94.61,75.0,3.6,ml,,,,,,in_S3hwZHJFZVpQTmVCSXE3aHpmRHNIZz09,2023-12-24T04:25:06.000Z,"Kaungbwa, Sagaing Region, Myanmar (Burma)",Myanmar,MM,Asia,earthquake,1703392468,1703391906,0,,"21.87,94.61",2023-12-24 04:25:06,2023-12-24 10:55:06,Saigang,Monywa
24.32,94.7,10.0,3.1,ml,,,,,,in_dC9SY2N0azdTWUgrQTluM1lCSCtHdz09,2023-12-23T22:35:35.000Z,"Chaunggan, Sagaing Region, Myanmar (Burma)",Myanmar,MM,Asia,earthquake,1703370594,1703370060,0,,"24.32,94.70",2023-12-23 22:21:00,2023-12-24 04:51:00,Saigang,Kalay
20.371,98.266,3.0,2.5,ml,,,,,,th_11678_202312231936,2023-12-23T19:36:28.000Z,"Hwè-hawn, Shan, Myanmar (Burma)",Myanmar,MM,Asia,earthquake,1703361852,1703360188,0,,"20.37,98.27",2023-12-23 19:36:28,2023-12-24 02:06:28,Shan,Loikaw
24.78,94.8,5.0,2.7,ml,,,,,,in_dWN0R1ZBbFBMRHhaUENvRW1qSlpzdz09,2023-12-22T22:07:34.000Z,"Gwedaukkon, Sagaing Region, Myanmar (Burma)",Myanmar,MM,Asia,earthquake,1703282813,1703282246,0,,"24.78,94.80",2023-12-22 21:57:26,2023-12-23 04:27:26,Saigang,Kalay
20.796,98.667,5.0,2.5,ml,,,,,,th_11673_202312220547,2023-12-22T05:47:23.000Z,"Wan Nawnghkan, Shan, Myanmar (Burma)",Myanmar,MM,Asia,earthquake,1703224860,1703224043,0,,"20.80,98.67",2023-12-22 05:47:23,2023-12-22 12:17:23,Shan,Kengtung
21.244,99.939,1.0,2.4,ml,,,,,,th_11672_202312220107,2023-12-22T01:07:51.000Z,"Wan Hkang, Shan, Myanmar (Burma)",Myanmar,MM,Asia,earthquake,1703210322,1703207271,0,,"21.24,99.94",2023-12-22 01:07:51,2023-12-22 07:37:51,Shan,Kengtung
18.1227,96.0615,10.0,4.5,mb,32.0,154.0,2.758,0.65,us,ems_202312_1594387,2023-12-20T15:19:59.040Z,,"49km NE of Letpandan, Myanmar",MM,Asia,earthquake,1702993623,1702988064,1,,"18.17,96.10",2023-12-19 12:14:24,2023-12-19 18:44:24,Bago,Bago
21.157,99.334,1.0,3.2,ml,,,,,,th_11668_202312190908,2023-12-19T09:08:13.000Z,"Wan Pangkaw, Shan, Myanmar (Burma)",Myanmar,MM,Asia,earthquake,1702977433,1702976893,1,,"21.16,99.33",2023-12-19 09:08:13,2023-12-19 15:38:13,Shan,Kengtung
22.73,94.38,116.0,3.8,ml,,,,,,in_WmxkbExabVRleGUxang2VHhJb2YxZz09,2023-12-18T23:43:13.000Z,"Tongyi, Sagaing Region, Myanmar (Burma)",Myanmar,MM,Asia,earthquake,1702950162,1702942993,0,,"22.73,94.38",2023-12-18 23:43:13,2023-12-19 06:13:13,Saigang,Kalay
21.113,99.907,1.0,1.5,ml,,,,,,th_11662_202312182144,2023-12-18T21:44:20.000Z,"Wan Hsenlong, Shan, Myanmar (Burma)",Myanmar,MM,Asia,earthquake,1702936286,1702935860,1,,"21.11,99.91",2023-12-18 21:44:20,2023-12-19 04:14:20,Shan,Kengtung
21.148,99.949,1.0,1.5,ml,,,,,,th_11661_202312181740,2023-12-18T17:40:03.000Z,"Wan Hsenlong, Shan, Myanmar (Burma)",Myanmar,MM,Asia,earthquake,1702921490,1702921203,1,,"21.15,99.95",2023-12-18 17:40:03,2023-12-19 00:10:03,Shan,Kengtung
21.114,99.965,2.0,3.4,ml,,,,,,th_11660_202312181701,2023-12-18T17:01:51.000Z,"Wan Hsenlong, Shan, Myanmar (Burma)",Myanmar,MM,Asia,earthquake,1702919375,1702918911,1,,"21.11,99.97",2023-12-18 17:01:51,2023-12-18 23:31:51,Shan,Kengtung
21.159,99.977,2.0,2.8,ml,,,,,,th_11658_202312181230,2023-12-18T12:30:55.000Z,"Wan Hsenlong, Shan, Myanmar (Burma)",Myanmar,MM,Asia,earthquake,1702904186,1702902655,1,,"21.16,99.98",2023-12-18 12:30:55,2023-12-18 19:00:55,Shan,Kengtung
21.406,98.485,5.0,2.3,ml,,,,,,th_11657_202312180333,2023-12-18T03:33:41.000Z,"Hsaihkao, Shan, Myanmar (Burma)",Myanmar,MM,Asia,earthquake,1702873701,1702870421,0,,"21.41,98.49",2023-12-18 03:33:41,2023-12-18 10:03:41,Shan,Kengtung
21.178,99.976,1.0,1.9,ml,,,,,,th_11656_202312180218,2023-12-18T02:18:56.000Z,"Wan Hkang, Shan, Myanmar (Burma)",Myanmar,MM,Asia,earthquake,1702870009,1702865936,1,,"21.18,99.98",2023-12-18 02:18:56,2023-12-18 08:48:56,Shan,Kengtung
21.206,100.031,1.0,3.7,ml,,,,,,th_11655_202312172148,2023-12-17T22:00:37.000Z,"Wan Hkang, Shan, Myanmar (Burma)",Myanmar,MM,Asia,earthquake,1702850254,1702849703,0,,"21.21,100.03",2023-12-17 21:48:23,2023-12-18 04:18:23,Shan,Kengtung
21.128,99.338,2.0,1.9,ml,,,,,,th_11652_202312162024,2023-12-16T20:24:49.000Z,"Wan Na-hsai, Shan, Myanmar (Burma)",Myanmar,MM,Asia,earthquake,1702758854,1702758289,0,,"21.13,99.34",2023-12-16 20:24:49,2023-12-17 02:54:49,Shan,Kengtung
23.2,94.3,26.0,3.6,ml,,,,,,in_WGp0QXh0TU1udEV0SU9LeGExNE1yQT09,2023-12-16T12:07:34.000Z,"Kalewa, Sagaing Region, Myanmar (Burma)",Myanmar,MM,Asia,earthquake,1702728301,1702727726,0,,"23.20,94.30",2023-12-16 11:55:26,2023-12-16 18:25:26,Saigang,Kalay
22.83,94.07,100.0,3.2,ml,,,,,,in_bmRaYW1CNFBQUDhqa0hKaTl6SjVoQT09,2023-12-16T04:07:33.000Z,"Tintha, Sagaing Region, Myanmar (Burma)",Myanmar,MM,Asia,earthquake,1702699562,1702698599,0,,"22.83,94.07",2023-12-16 03:49:59,2023-12-16 10:19:59,Saigang,Kalay
24.5519,94.7934,10.0,3.0,ml,,,,,,in_RTNiajV3ME1XRnRHV3YyY2s5emlwZz09,2023-12-15T20:43:32.000Z,,"52km SE of Ukhrul, Manipur, India",MM,Asia,earthquake,1702673552,1702673012,0,,"24.55,94.79",2023-12-15 20:43:32,2023-12-16 03:13:32,Saigang,Kalay
21.262,98.915,2.0,3.4,ml,,,,,,th_11650_202312152043,2023-12-15T20:43:15.000Z,"Wan Ho-len, Shan, Myanmar (Burma)",Myanmar,MM,Asia,earthquake,1702675439,1702672995,0,,"21.26,98.92",2023-12-15 20:43:15,2023-12-16 03:13:15,Shan,Kengtung
16.27,95.91,10.0,3.8,ml,,,,,,in_RWx2MndqVkozMHJYL1BGczI1VjVTQT09,2023-12-15T16:30:03.000Z,"Ase, Ayeyarwady, Myanmar (Burma)",Myanmar,MM,Asia,earthquake,1702658496,1702657803,0,,"16.27,95.91",2023-12-15 16:30:03,2023-12-15 23:00:03,Ayeyarwady,Yangon
21.175,99.398,6.0,3.1,ml,,,,,,th_11648_202312151618,2023-12-15T16:18:56.000Z,"Wan Pangkaw, Shan, Myanmar (Burma)",Myanmar,MM,Asia,earthquake,1702657870,1702657136,0,,"21.18,99.40",2023-12-15 16:18:56,2023-12-15 22:48:56,Shan,Kengtung
20.468,99.225,1.0,2.2,ml,,,,,,th_11647_202312150114,2023-12-15T01:14:58.000Z,"Mong Hsat, Shan, Myanmar (Burma)",Myanmar,MM,Asia,earthquake,1702603690,1702602898,0,,"20.47,99.23",2023-12-15 01:14:58,2023-12-15 07:44:58,Shan,Kengtung
20.343,99.667,2.0,1.5,ml,,,,,,th_11646_202312141621,2023-12-14T16:21:50.000Z,"Wan Ai-hsai, Shan, Myanmar (Burma)",Myanmar,MM,Asia,earthquake,1702573049,1702570910,0,,"20.34,99.67",2023-12-14 16:21:50,2023-12-14 22:51:50,Shan,Kengtung
18.04,96.418,10.0,2.7,ml,,,,,,th_11645_202312132319,2023-12-13T23:19:12.000Z,"Myo Chaung, Bago Region, Myanmar (Burma)",Myanmar,MM,Asia,earthquake,1702509997,1702509552,0,,"18.04,96.42",2023-12-13 23:19:12,2023-12-14 05:49:12,Bago,Bago
24.32,94.83,120.0,3.9,ml,,,,,,in_N2JyWjBSL3AyT1JnRlpDK0U1QmJjQT09,2023-12-12T20:21:37.000Z,"Minya, Sagaing Region, Myanmar (Burma)",Myanmar,MM,Asia,earthquake,1702412465,1702411637,0,,"24.32,94.83",2023-12-12 20:07:17,2023-12-13 02:37:17,Saigang,Kalay
21.078,99.847,1.0,1.7,ml,,,,,,th_11643_202312121912,2023-12-12T19:12:06.000Z,"Yangka, Shan, Myanmar (Burma)",Myanmar,MM,Asia,earthquake,1702408654,1702408326,0,,"21.08,99.85",2023-12-12 19:12:06,2023-12-13 01:42:06,Shan,Kengtung
21.158,99.333,4.0,1.4,ml,,,,,,th_11642_202312111215,2023-12-11T12:15:37.000Z,"Wan Pangkaw, Shan, Myanmar (Burma)",Myanmar,MM,Asia,earthquake,1702298213,1702296937,1,,"21.16,99.33",2023-12-11 12:15:37,2023-12-11 18:45:37,Shan,Kengtung
23.78,93.82,10.0,2.7,ml,,,,,,in_d0dIM1MxQmR5cWtPenE0UkNpRklvQT09,2023-12-10T10:35:57.000Z,"Khuangkhan, Chin State, Myanmar (Burma)",Myanmar,MM,Asia,earthquake,1702204000,1702203815,0,,"23.71,93.85",2023-12-10 10:23:35,2023-12-10 16:53:35,Chin,Kalay
21.125,99.9,1.0,2.1,ml,,,,,,th_11639_202312082148,2023-12-08T21:48:52.000Z,"Wan Hsenlong, Shan, Myanmar (Burma)",Myanmar,MM,Asia,earthquake,1702073387,1702072132,1,,"21.13,99.90",2023-12-08 21:48:52,2023-12-09 04:18:52,Shan,Kengtung
24.35,94.71,10.0,3.8,ml,,,,,,in_eHJpSFowdXAxTXduZVN0VXRDWkxoZz09,2023-12-08T01:14:51.000Z,"Chaunggan, Sagaing Region, Myanmar (Burma)",Myanmar,MM,Asia,earthquake,1701997900,1701997507,0,,"24.35,94.71",2023-12-08 01:05:07,2023-12-08 07:35:07,Saigang,Kalay
21.124,99.476,4.0,2.8,ml,,,,,,th_11637_202312071300,2023-12-07T13:00:48.000Z,"Wan Namhing, Shan, Myanmar (Burma)",Myanmar,MM,Asia,earthquake,1701955584,1701954048,0,,"21.12,99.48",2023-12-07 13:00:48,2023-12-07 19:30:48,Shan,Kengtung
21.09,99.881,2.0,2.6,ml,,,,,,th_11635_202312070049,2023-12-07T00:49:11.000Z,"Yangka, Shan, Myanmar (Burma)",Myanmar,MM,Asia,earthquake,1701911227,1701910151,1,,"21.09,99.88",2023-12-07 00:49:11,2023-12-07 07:19:11,Shan,Kengtung
24.62,95.59,19.0,3.3,ml,,,,,,in_WUVVWFh5OUZwZUhFbEdIekFTUG84UT09,2023-12-06T19:49:56.000Z,"Hwemaukkan, Sagaing Region, Myanmar (Burma)",Myanmar,MM,Asia,earthquake,1701891810,1701891320,0,,"24.62,95.59",2023-12-06 19:35:20,2023-12-07 02:05:20,Saigang,Bhamo
19.518,96.828,10.0,2.7,ml,,,,,,th_11634_202312060345,2023-12-06T03:45:50.000Z,Kwe Ta Lok,Myanmar,MM,Asia,earthquake,1701836992,1701834350,0,,"19.52,96.83",2023-12-06 03:45:50,2023-12-06 10:15:50,Shan,Loikaw
20.341,98.132,2.0,2.6,ml,,,,,,th_11633_202312052137,2023-12-05T21:37:04.000Z,"Wan Hsophwe, Shan, Myanmar (Burma)",Myanmar,MM,Asia,earthquake,1701812942,1701812224,0,,"20.34,98.13",2023-12-05 21:37:04,2023-12-06 04:07:04,Shan,Loikaw
19.799,98.029,10.0,1.8,ml,,,,,,th_11631_202312031711,2023-12-03T17:11:25.000Z,"Loikwang, Shan, Myanmar (Burma)",Myanmar,MM,Asia,earthquake,1701624694,1701623485,0,,"19.80,98.03",2023-12-03 17:11:25,2023-12-03 23:41:25,Shan,Loikaw
20.472,98.151,10.0,2.5,ml,,,,,,th_11630_202312030730,2023-12-03T07:30:00.000Z,"Hangna, Shan, Myanmar (Burma)",Myanmar,MM,Asia,earthquake,1701589345,1701588600,0,,"20.47,98.15",2023-12-03 07:30:00,2023-12-03 14:00:00,Shan,Taunggyi
23.565,98.054,10.0,3.9,ml,,,,,,th_11629_202312030715,2023-12-03T07:15:01.000Z,"Tamoenye, Shan, Myanmar (Burma)",Myanmar,MM,Asia,earthquake,1701589315,1701587701,0,,"23.57,98.05",2023-12-03 07:15:01,2023-12-03 13:45:01,Shan,Lashio
23.627,94.0567,66.0,4.3,mb,,,,,,ems_202312_1586407,2023-12-03T15:19:24.000Z,"Hpaidin, Chin State, Myanmar (Burma)",Myanmar,MM,Asia,earthquake,1701566510,1701566021,0,,"23.88,93.89",2023-12-03 01:13:41,2023-12-03 07:43:41,Chin,Kalay
