latitude,longitude,depth,mag,magType,nst,gap,dmin,rms,net,id,updated,location,place,country,continent,type,timeAdded,timestamp,locationInferred,state,initialPosition,time_utc,time_mmt,state_region,district,township,nearest_city,place_type,distance_km
26.1225,95.4904,80.0,4.6,mb,,,,,,in_VFJiYXlvNUp2TWJTMkNnNlJTVmdBZz09,2024-01-02T08:12:24.000Z,Nok Law,Myanmar-india Border Region,MM,Asia,earthquake,1704146783,1704145552,1,,"26.17,95.34",2024-01-01 21:45:52,2024-01-02 04:15:52,Saigang,Hkamti,Lahe,Nuaklu,village,2.7
21.152,99.906,1.0,2.5,ml,,,,,,th_11697_202401030705,2024-01-03T07:05:33.000Z,"Wan Hsenlong, Shan, Myanmar (Burma)",Myanmar,MM,Asia,earthquake,1704265896,1704265533,1,,"21.15,99.91",2024-01-03 07:05:33,2024-01-03 13:35:33,Shan,Kengtung,Kengtung,Kat Ku Day,village,1.8
23.83,94.35,110.0,3.9,ml,,,,,,in_WG9GNTFUaHJORnVxa2p1VkplMEZ0dz09,2024-01-03T15:28:39.000Z,"Dathwekyauk Auk, Sagaing Region, Myanmar (Burma)",Myanmar,MM,Asia,earthquake,1704295661,1704295115,0,,"23.83,94.35",2024-01-03 15:18:35,2024-01-03 21:48:35,Saigang,Mawlaik,Mawlaik,Tha Yet Pin Chaung,village,11.2
20.565,99.362,9.0,2.5,ml,,,,,,th_11698_202401041246,2024-01-04T12:46:22.000Z,"Mong Hsat, Shan, Myanmar (Burma)",Myanmar,MM,Asia,earthquake,1704372904,1704372382,0,,"20.57,99.36",2024-01-04 12:46:22,2024-01-04 19:16:22,Shan,Monghsat,Monghsat,Mae Pang,village,6.1
21.185,99.4,7.0,2.6,ml,,,,,,th_11700_202401041947,2024-01-04T19:47:36.000Z,"Wan Pangkaw, Shan, Myanmar (Burma)",Myanmar,MM,Asia,earthquake,1704397977,1704397656,0,,"21.19,99.40",2024-01-04 19:47:36,2024-01-05 02:17:36,Shan,Kengtung,Kengtung,Htaw Ku Day (1),village,1.9
17.919,96.74,5.0,3.6,ml,,,,,,th_11702_202401060129,2024-01-06T01:29:17.000Z,"Nyaunglebin, Bago Region, Myanmar (Burma)",Myanmar,MM,Asia,earthquake,1704505473,1704504557,0,,"17.92,96.74",2024-01-06 01:29:17,2024-01-06 07:59:17,Bago,Bago,Nyaunglebin,War Yon Kone,village,0.6
21.193,100.021,1.0,2.1,ml,,,,,,th_11703_202401060250,2024-01-06T02:50:06.000Z,"Wan Hkang, Shan, Myanmar (Burma)",Myanmar,MM,Asia,earthquake,1704528589,1704509406,1,,"21.19,100.02",2024-01-06 02:50:06,2024-01-06 09:20:06,Shan,Tachileik,Monghpyak,Nawng Kyant,village,1.6
20.567,98.077,5.0,2.7,ml,,,,,,th_11705_202401061934,2024-01-06T19:34:59.000Z,"Nammawlong, Shan, Myanmar (Burma)",Myanmar,MM,Asia,earthquake,1704570050,1704569699,0,,"20.57,98.08",2024-01-06 19:34:59,2024-01-07 02:04:59,Shan,Langkho,Mongnai,Nam Kaw,village,8.8
20.908,99.364,1.0,2.0,ml,,,,,,th_11709_202401071800,2024-01-07T18:00:26.000Z,"Wan Hkünsang, Shan, Myanmar (Burma)",Myanmar,MM,Asia,earthquake,1704650693,1704650426,0,,"20.91,99.36",2024-01-07 18:00:26,2024-01-08 00:30:26,Shan,Monghsat,Monghsat,Kei Thawt,village,1.2
21.0951,95.1947,10.0,4.2,mb,,,,,,us6000m2j7,2024-01-08T20:47:44.000Z,"Pakokku, Myanmar","28km SSE of Pakokku, Myanmar",MM,Asia,earthquake,1704746875,1704743759,0,,"21.10,95.19",2024-01-08 19:55:59,2024-01-09 02:25:59,Mandalay,Nyaung-U,Nyaung-U,Oh Yin,village,1.8
17.126,98.197,6.0,2.4,ml,,,,,,th_11712_202401090500,2024-01-09T05:00:21.000Z,"Talè, Kayin State, Myanmar (Burma)",Myanmar,MM,Asia,earthquake,1704777455,1704776421,0,,"17.13,98.20",2024-01-09 05:00:21,2024-01-09 11:30:21,Kayin,Hpa-An,Hlaingbwe,Thet Kha Hta,village,0.7
16.163,96.24,10.0,3.8,ml,,,,,,th_11713_202401091215,2024-01-09T12:36:05.000Z,,Near South Coast of Myanmar,MM,Asia,earthquake,1704803736,1704802532,0,,"16.16,96.24",2024-01-09 12:15:32,2024-01-09 18:45:32,,,,Let Khoke Kone,village,21.3
21.145,99.953,1.0,2.2,ml,,,,,,th_11716_202401101823,2024-01-10T18:23:43.000Z,"Wan Hsenlong, Shan, Myanmar (Burma)",Myanmar,MM,Asia,earthquake,1704917751,1704911023,1,,"21.15,99.95",2024-01-10 18:23:43,2024-01-11 00:53:43,Shan,Tachileik,Monghpyak,Nam Ke,village,3.0
21.603,97.04,10.0,3.4,ml,,,,,,th_11718_202401111717,2024-01-11T17:17:39.000Z,"Ho-koi, Shan, Myanmar (Burma)",Myanmar,MM,Asia,earthquake,1704994000,1704993459,0,,"21.60,97.04",2024-01-11 17:17:39,2024-01-11 23:47:39,Shan,Taunggyi,Lawksawk,Intaw,town,12.5
21.104,99.405,1.0,2.0,ml,,,,,,th_11719_202401111823,2024-01-11T18:23:36.000Z,"Wan Na-hsai, Shan, Myanmar (Burma)",Myanmar,MM,Asia,earthquake,1704997703,1704997416,0,,"21.10,99.41",2024-01-11 18:23:36,2024-01-12 00:53:36,Shan,Kengtung,Kengtung,Naw Su (Upper),village,2.2
16.173,95.712,10.0,3.2,ml,,,,,,th_11720_202401111952,2024-01-11T19:52:49.000Z,"Apaung, Ayeyarwady, Myanmar (Burma)",Near South Coast of Myanmar,MM,Asia,earthquake,1705004430,1705002769,0,,"16.17,95.71",2024-01-11 19:52:49,2024-01-12 02:22:49,Ayeyarwady,Pyapon,Pyapon,Ah Nyun,village,2.1
22.74,93.9,88.0,4.4,ml,,,,,,in_TUtTOWlaM1lyS3J0VUtZNCtOZXhpZz09,2024-01-12T02:28:50.000Z,"Haiphai, Chin State, Myanmar (Burma)",Myanmar,MM,Asia,earthquake,1705026228,1705024398,0,,"22.74,93.90",2024-01-12 01:53:18,2024-01-12 08:23:18,Chin,Hakha,Hakha,Haiphai,village,8.3
22.34,94.44,30.0,4.1,ml,,,,,,in_aEZ5b0Zpc0syNjVIWjV4RWQrTXZMUT09,2024-01-12T10:44:13.000Z,"Zayat, Sagaing Region, Myanmar (Burma)",Myanmar,MM,Asia,earthquake,1705056932,1705056253,0,,"22.34,94.44",2024-01-12 10:44:13,2024-01-12 17:14:13,Saigang,Yinmarbin,Kani,Pwint Kar,village,20.1
20.3621,94.0045,36.0,4.2,ml,,,,,,in_YTEyZ2ZQOVJRUy9ZLy9CWkV1Vm51Zz09,2024-01-12T16:39:01.000Z,"Auk Pho, Rakhine, Myanmar (Burma)",Myanmar,MM,Asia,earthquake,1705073714,1705073071,0,,"20.74,93.42",2024-01-12 15:24:31,2024-01-12 21:54:31,Rakhine,Kyaukpyu,Ann,Lone Ton,village,19.8
21.149,99.589,5.0,2.4,ml,,,,,,th_11725_202401130244,2024-01-13T02:44:19.000Z,"Wan Üm, Shan, Myanmar (Burma)",Myanmar,MM,Asia,earthquake,1705185997,1705113859,0,,"21.15,99.59",2024-01-13 02:44:19,2024-01-13 09:14:19,Shan,Kengtung,Kengtung,Hway Hi,village,0.7
19.256,97.795,5.0,2.2,ml,,,,,,th_11726_202401140507,2024-01-14T05:07:00.000Z,"Hwè-ün, Kayah State, Myanmar (Burma)",Myanmar,MM,Asia,earthquake,1705209175,1705208820,0,,"19.26,97.80",2024-01-14 05:07:00,2024-01-14 11:37:00,Kayah,Loikaw,Shadaw,Ban Nam Phiang Din Song,village,7.7
24.39,94.41,68.0,3.7,ml,,,,,,in_cjRrWWkxN3dENkN6S2lKd1d0c2Jsdz09,2024-01-14T13:36:06.000Z,ဝက်ရှု,Myanmar,MM,Asia,earthquake,1705239169,1705238500,0,,"24.39,94.41",2024-01-14 13:21:40,2024-01-14 19:51:40,Saigang,Tamu,Tamu,Wet Shu,village,3.3
25.11,96.03,20.0,3.2,ml,,,,,,in_Mk5TZVlSVVN3WUJqdHg4bGJmdWFRQT09,2024-01-14T17:28:50.000Z,"Namlit, Sagaing Region, Myanmar (Burma)",Myanmar,MM,Asia,earthquake,1705253212,1705252690,0,,"25.11,96.03",2024-01-14 17:18:10,2024-01-14 23:48:10,Saigang,Hkamti,Homalin,Pet Ka Lar,village,0.6
21.122,99.711,1.0,3.1,ml,,,,,,th_11729_202401150933,2024-01-15T09:33:52.000Z,Akka Village,Myanmar,MM,Asia,earthquake,1705311706,1705311232,0,,"21.12,99.71",2024-01-15 09:33:52,2024-01-15 16:03:52,Shan,Kengtung,Kengtung,Loi Say,village,1.7
19.596,97.258,10.0,2.8,ml,,,,,,th_11730_202401161747,2024-01-16T17:47:22.000Z,"Loikaw, Kayah State, Myanmar (Burma)",Myanmar,MM,Asia,earthquake,1705428442,1705427242,0,,"19.60,97.26",2024-01-16 17:47:22,2024-01-17 00:17:22,Kayah,Loikaw,Loikaw,Za Yat Hpyu,village,1.2
20.159,98.805,5.0,2.1,ml,,,,,,th_11731_202401171025,2024-01-17T10:25:31.000Z,"Wan Pawmöng, Shan, Myanmar (Burma)",Myanmar,MM,Asia,earthquake,1705487671,1705487131,0,,"20.16,98.81",2024-01-17 10:25:31,2024-01-17 16:55:31,Shan,Monghsat,Mongton,Mauk Sa Li,village,14.0
25.1,96.34,15.0,3.1,ml,,,,,,in_TTFqRlZwOWlBR2xiVVcwc25FM0Nydz09,2024-01-18T16:07:10.000Z,He Pu,Myanmar,MM,Asia,earthquake,1705594650,1705594030,0,,"25.10,96.34",2024-01-18 16:07:10,2024-01-18 22:37:10,Kachin,Mohnyin,Mohnyin,He Pu,village,2.8
16.948,96.129,5.0,3.2,ml,,,,,,th_11737_202401191326,2024-01-19T13:26:45.000Z,"Yangon, Yangon Region, Myanmar (Burma)",Myanmar,MM,Asia,earthquake,1705671243,1705670805,0,,"16.95,96.13",2024-01-19 13:26:45,2024-01-19 19:56:45,Yangon,Yangon (North),Mingaladon,Thit Seint Kone,village,2.5
21.06,92.95,10.0,3.7,ml,,,,,,in_MTI0NEpqQU5HTWFJRFhYRm9lYUZhdz09,2024-01-20T10:58:48.000Z,Mun Htaunt,Myanmar,MM,Asia,earthquake,1705749173,1705748328,0,,"21.06,92.95",2024-01-20 10:58:48,2024-01-20 17:28:48,Rakhine,Mrauk-U,Kyauktaw,Mun Htaunt,village,2.1
20.706,99.68,5.0,2.4,ml,,,,,,th_11741_202401201738,2024-01-20T17:38:05.000Z,"Wan Lam, Shan, Myanmar (Burma)",Myanmar,MM,Asia,earthquake,1705772844,1705772285,0,,"20.71,99.68",2024-01-20 17:38:05,2024-01-21 00:08:05,Shan,Tachileik,Tachileik,Li Paw,village,5.8
21.19,99.999,1.0,1.6,ml,,,,,,th_11748_202401211608,2024-01-21T16:08:12.000Z,"Wan Hkang, Shan, Myanmar (Burma)",Myanmar,MM,Asia,earthquake,1705870925,1705853292,1,,"21.19,100.00",2024-01-21 16:08:12,2024-01-21 22:38:12,Shan,Tachileik,Monghpyak,Kar Lai,village,3.3
21.056,99.819,5.0,2.2,ml,,,,,,th_11746_202401212009,2024-01-21T20:09:38.000Z,"Yangka, Shan, Myanmar (Burma)",Myanmar,MM,Asia,earthquake,1705870402,1705867778,0,,"21.06,99.82",2024-01-21 20:09:38,2024-01-22 02:39:38,Shan,Kengtung,Kengtung,Hway Lun,village,2.5
21.902,99.407,11.0,3.2,ml,,,,,,th_11747_202401212035,2024-01-21T20:35:41.000Z,Pa Lawng War Lo,Myanmar,MM,Asia,earthquake,1705870449,1705869341,0,,"21.90,99.41",2024-01-21 20:35:41,2024-01-22 03:05:41,Shan,Kengtung,Mongyang,Pa Lawng War Lo,village,1.7
26.79,96.58,99.0,3.5,ml,,,,,,in_YUlBNXdEUmNNdzVWa0J2Mm0xb2lhQT09,2024-01-23T13:35:48.000Z,,Myanmar,MM,Asia,earthquake,1706016561,1706015717,0,,"26.79,96.58",2024-01-23 13:15:17,2024-01-23 19:45:17,Kachin,Myitkyina,Tanai,Ta Ron,village,24.2
25.0,95.04,93.0,3.2,ml,,,,,,in_UTZwM2MveWptMGp1YWw1VEgvSFZxQT09,2024-01-23T18:56:48.000Z,"Kwaya, Sagaing Region, Myanmar (Burma)",Myanmar,MM,Asia,earthquake,1706035892,1706035132,0,,"25.00,95.04",2024-01-23 18:38:52,2024-01-24 01:08:52,Saigang,Hkamti,Homalin,Ton Mar He,village,2.8
21.112,99.855,1.0,3.1,ml,,,,,,th_11757_202401240101,2024-01-24T01:01:35.000Z,"Yangka, Shan, Myanmar (Burma)",Myanmar,MM,Asia,earthquake,1706058948,1706058095,1,,"21.11,99.86",2024-01-24 01:01:35,2024-01-24 07:31:35,Shan,Kengtung,Kengtung,Nam Hkam,village,2.2
14.671,98.088,6.0,1.8,ml,,,,,,th_11758_202401240419,2024-01-24T04:19:33.000Z,"Eindayaza, Tanintharyi Region, Myanmar (Burma)",Myanmar,MM,Asia,earthquake,1706071074,1706069973,0,,"14.67,98.09",2024-01-24 04:19:33,2024-01-24 10:49:33,Tanitharyi,Dawei,Yebyu,Ein Da Rar Zar,village,2.9
21.191,99.248,1.0,3.0,ml,,,,,,th_11759_202401241057,2024-01-24T10:57:05.000Z,"Mawnkak, Shan, Myanmar (Burma)",Myanmar,MM,Asia,earthquake,1706094743,1706093825,0,,"21.19,99.25",2024-01-24 10:57:05,2024-01-24 17:27:05,Shan,Kengtung,Mongping,Wan Hseng,village,1.5
17.972,96.283,3.0,2.9,ml,,,,,,th_11760_202401250315,2024-01-25T03:15:47.000Z,"Kocha Te, Bago Region, Myanmar (Burma)",Myanmar,MM,Asia,earthquake,1706153761,1706152547,0,,"17.97,96.28",2024-01-25 03:15:47,2024-01-25 09:45:47,Bago,Bago,Kyauktaga,Ngoke To (Ka Nyin Thar),village,22.1
25.21,96.56,10.0,3.5,ml,,,,,,in_OUJzekJzWmZJb2M5ZWgzSEJrclUzQT09,2024-01-25T10:43:30.000Z,"Hkawan, Kachin, Myanmar (Burma)",Myanmar,MM,Asia,earthquake,1706190063,1706179410,0,,"25.21,96.56",2024-01-25 10:43:30,2024-01-25 17:13:30,Kachin,Mohnyin,Mohnyin,Aung Chan Thar,village,12.2
22.1203,93.1004,35.112,4.4,mb,37.0,73.0,6.091,0.67,us,gfz2024btno,2024-01-28T05:28:52.040Z,,"42km SSE of Saiha, India",MM,Asia,earthquake,1706221002,1706219887,1,,"22.23,93.04",2024-01-25 21:58:07,2024-01-26 04:28:07,Chin,Mindat,Matupi,Sabaungte,village,2.8
18.035,96.198,10.0,2.6,ml,,,,,,th_11763_202401261903,2024-01-26T19:03:55.000Z,"Foucar's, Bago Region, Myanmar (Burma)",Myanmar,MM,Asia,earthquake,1706296193,1706295835,0,,"18.04,96.20",2024-01-26 19:03:55,2024-01-27 01:33:55,Bago,Bago,Kyauktaga,Myo Chaung,village,28.7
21.144,99.93,1.0,2.0,ml,,,,,,th_11765_202401270116,2024-01-27T01:16:19.000Z,"Wan Hsenlong, Shan, Myanmar (Burma)",Myanmar,MM,Asia,earthquake,1706320550,1706318179,1,,"21.14,99.93",2024-01-27 01:16:19,2024-01-27 07:46:19,Shan,Tachileik,Monghpyak,Ah Yaw Day,village,0.8
25.1373,96.5321,15.1,4.3,mb,22.0,86.0,4.186,0.47,us,in_bzZJMUluYjl6anRFUE9ESDZ1YzYxdz09,2024-02-03T06:07:39.040Z,,"91km WSW of Myitkyina, Myanmar",MM,Asia,earthquake,1706384535,1706383949,0,,"25.18,96.41",2024-01-27 19:32:29,2024-01-28 02:02:29,Kachin,Mohnyin,Mohnyin,Pin Long,village,10.6
23.16,93.57,98.0,3.6,ml,,,,,,in_VlJ5ajFBWUdXKzRJL3BCbk4xcVJDUT09,2024-01-28T08:43:08.000Z,Khuapual,Myanmar,MM,Asia,earthquake,1706431126,1706427898,0,,"23.16,93.57",2024-01-28 07:44:58,2024-01-28 14:14:58,Chin,Falam,Falam,Bocung,village,2.1
19.323,97.643,1.0,2.2,ml,,,,,,th_11767_202401282321,2024-01-28T23:21:37.000Z,"Wan Kyaukpet, Kayah State, Myanmar (Burma)",Myanmar,MM,Asia,earthquake,1706485220,1706484097,0,,"19.32,97.64",2024-01-28 23:21:37,2024-01-29 05:51:37,Kayah,Loikaw,Shadaw,Kyauk Taing,village,18.5
20.6,99.923,4.0,1.5,ml,,,,,,th_11768_202401291343,2024-01-29T13:43:21.000Z,"Tachileik, Shan, Myanmar (Burma)",Myanmar,MM,Asia,earthquake,1706536076,1706535801,0,,"20.60,99.92",2024-01-29 13:43:21,2024-01-29 20:13:21,Shan,Tachileik,Tachileik,Nam Tun,village,3.3
21.058,99.432,1.0,2.4,ml,,,,,,th_11773_202401301507,2024-01-30T15:07:54.000Z,"Wan Na-hsai, Shan, Myanmar (Burma)",Myanmar,MM,Asia,earthquake,1706628953,1706627274,0,,"21.06,99.43",2024-01-30 15:07:54,2024-01-30 21:37:54,Shan,Kengtung,Kengtung,Har Lo,village,1.9
24.85,95.16,140.0,3.6,ml,,,,,,in_NWd6SUNwTlEwTTBpMmtabXZVZ1puQT09,2024-01-31T02:49:57.000Z,"Malon, Sagaing Region, Myanmar (Burma)",Myanmar,MM,Asia,earthquake,1706669331,1706666461,0,,"24.85,95.16",2024-01-31 02:01:01,2024-01-31 08:31:01,Saigang,Hkamti,Homalin,Maw Sein,village,1.1
23.13,93.85,120.0,3.5,ml,,,,,,in_VDNtQ294Qk0xTUdZcklwVVZMamFLUT09,2024-01-31T04:57:00.000Z,"Zawlpi, Chin State, Myanmar (Burma)",Myanmar,MM,Asia,earthquake,1706676641,1706667714,0,,"23.13,93.85",2024-01-31 02:21:54,2024-01-31 08:51:54,Chin,Falam,Falam,Zawlpi,village,0.8
19.072,95.306,10.0,2.5,ml,,,,,,th_11777_202402012039,2024-02-01T20:39:14.000Z,Wainggyaung,Myanmar,MM,Asia,earthquake,1706820415,1706819954,0,,"19.07,95.31",2024-02-01 20:39:14,2024-02-02 03:09:14,Bago,Pyay,Pyay,Waing Chaung,village,1.4
19.476,96.282,10.0,3.3,ml,,,,,,th_11781_202402021531,2024-02-02T15:31:18.000Z,"Kanna, Naypyidaw Union Territory, Myanmar (Burma)",Myanmar,MM,Asia,earthquake,1706888347,1706887878,0,,"19.48,96.28",2024-02-02 15:31:18,2024-02-02 22:01:18,Mandalay,Det Khi Na,Lewe,Aung Chan Thar,village,0.3
18.143,96.377,10.0,2.8,ml,,,,,,th_11782_202402021814,2024-02-02T18:14:55.000Z,"Myo Chaung, Bago Region, Myanmar (Burma)",Myanmar,MM,Asia,earthquake,1706898025,1706897695,0,,"18.14,96.38",2024-02-02 18:14:55,2024-02-03 00:44:55,Bago,Bago,Kyauktaga,Yae Aye,village,8.9
24.3881,94.5976,84.0,4.5,mb,,,,,,in_TWttcDcrR2NXL2lkYnp5OVdoMnl1dz09,2024-02-03T07:39:24.000Z,"Chaunggan, Sagaing Region, Myanmar (Burma)",Myanmar-india Border Region,MM,Asia,earthquake,1706902743,1706902077,0,,"24.44,94.48",2024-02-02 19:27:57,2024-02-03 01:57:57,Saigang,Hkamti,Homalin,Htein Ku,village,7.3
20.247,98.519,3.0,1.9,ml,,,,,,th_11786_202402042006,2024-02-04T20:06:09.000Z,"Hwè-hsai-long, Shan, Myanmar (Burma)",Myanmar,MM,Asia,earthquake,1707078034,1707077169,0,,"20.25,98.52",2024-02-04 20:06:09,2024-02-05 02:36:09,Shan,Langkho,Mongpan,Wan Htam,village,13.6
21.163,99.289,4.0,2.2,ml,,,,,,th_11787_202402042008,2024-02-04T20:08:42.000Z,"Mawnkak, Shan, Myanmar (Burma)",Myanmar,MM,Asia,earthquake,1707078747,1707077322,0,,"21.16,99.29",2024-02-04 20:08:42,2024-02-05 02:38:42,Shan,Kengtung,Mongping,,town,2.3
21.248,99.818,4.0,2.3,ml,,,,,,th_11789_202402050133,2024-02-05T01:33:22.000Z,"Wan Hpaya-hkè, Shan, Myanmar (Burma)",Myanmar,MM,Asia,earthquake,1707098230,1707096802,0,,"21.25,99.82",2024-02-05 01:33:22,2024-02-05 08:03:22,Shan,Kengtung,Kengtung,Bo Yar Hseng (Haung),village,0.6
18.918,94.535,10.0,3.9,ml,,,,,,th_11792_202402082359,2024-02-08T23:59:29.000Z,"Rakhine, Myanmar (Burma)",Myanmar,MM,Asia,earthquake,1707437446,1707436769,0,,"18.92,94.54",2024-02-08 23:59:29,2024-02-09 06:29:29,Rakhine,Thandwe,Toungup,Nyaung Lan Htoe,village,19.2
24.78,94.76,95.0,3.9,ml,,,,,,in_OHZjSWFYZlVJK3RLVjNaSmxUcjc3UT09,2024-02-09T07:01:10.000Z,"Gwedaukkon, Sagaing Region, Myanmar (Burma)",Myanmar,MM,Asia,earthquake,1707462049,1707461515,0,,"24.78,94.76",2024-02-09 06:51:55,2024-02-09 13:21:55,Saigang,Hkamti,Homalin,Kyauk Kyoe,village,0.7
21.185,99.155,10.0,2.9,ml,,,,,,th_11795_202402111358,2024-02-11T13:58:10.000Z,"Möng Pu-awn, Shan, Myanmar (Burma)",Myanmar,MM,Asia,earthquake,1707660712,1707659890,0,,"21.19,99.16",2024-02-11 13:58:10,2024-02-11 20:28:10,Shan,Kengtung,Mongping,Ho Nam Pu,village,2.5
15.273,96.472,10.0,3.8,ml,,,,,,th_11797_202402111745,2024-02-11T17:45:35.000Z,Myanmar (Burma),Near South Coast of Myanmar,MM,Asia,earthquake,1707677115,1707673535,0,,"15.27,96.47",2024-02-11 17:45:35,2024-02-12 00:15:35,,,,Ban Dar Pin,village,114.9
15.2552,96.4389,10.0,4.2,mb,24.0,159.0,2.732,0.61,us,th_11798_202402111758,2024-02-16T18:06:43.040Z,"Pyapon, Myanmar","140km SE of Pyapon, Myanmar",MM,Asia,earthquake,1707677194,1707674296,1,,"15.18,95.88",2024-02-11 17:58:16,2024-02-12 00:28:16,,,,Ban Dar Pin,village,113.5
14.99,95.309,24.0,3.6,ml,,,,,,th_11799_202402111853,2024-02-11T18:53:28.000Z,,Near South Coast of Myanmar,MM,Asia,earthquake,1707678913,1707677608,0,,"14.99,95.31",2024-02-11 18:53:28,2024-02-12 01:23:28,,,,Khat Tar Kyun,village,78.0
21.5206,94.0805,72.436,4.9,mb,63.0,65.0,0.84,0.77,us,in_Q1c0M0ZubWtadEpoZ2JLeXIxVHBadz09,2024-02-16T20:01:52.040Z,"Chauk, Myanmar","102km NW of Chauk, Myanmar",MM,Asia,earthquake,1707685076,1707684529,0,,"21.45,93.92",2024-02-11 20:48:49,2024-02-12 03:18:49,Chin,Mindat,Mindat,Kyee,village,4.8
22.627,99.033,10.0,3.3,ml,,,,,,th_11804_202402141355,2024-02-14T13:55:18.000Z,"Htakwa, Shan, Myanmar (Burma)",Myanmar,MM,Asia,earthquake,1707920600,1707918918,0,,"22.63,99.03",2024-02-14 13:55:18,2024-02-14 20:25:18,Shan,Matman,Narphan,Mān Katkau,village,6.1
21.58,93.04,80.0,3.4,ml,,,,,,in_OWkxNWJBWUsxS3hIVnAyYUR6RDhKZz09,2024-02-14T21:08:04.000Z,"Hmweletwa, Chin State, Myanmar (Burma)",Myanmar,MM,Asia,earthquake,1707931349,1707930798,0,,"21.58,93.04",2024-02-14 17:13:18,2024-02-14 23:43:18,Chin,Mindat,Paletwa,Ah Htet Ba Hin Wa,village,0.8
21.463,99.883,1.0,1.8,ml,,,,,,th_11807_202402142218,2024-02-14T22:18:02.000Z,"Wan Hpi, Shan, Myanmar (Burma)",Myanmar,MM,Asia,earthquake,1707951003,1707949082,0,,"21.46,99.88",2024-02-14 22:18:02,2024-02-15 04:48:02,Shan,Kengtung,Mongla,Wan Lan,village,5.9
19.17,97.67,10.0,3.1,ml,,,,,,th_11809_202402160242,2024-02-16T02:42:10.000Z,"Hwè-ün, Kayah State, Myanmar (Burma)",Myanmar,MM,Asia,earthquake,1708051729,1708051330,0,,"19.17,97.67",2024-02-16 02:42:10,2024-02-16 09:12:10,Kayah,Loikaw,Shadaw,Kyauk Taing,village,16.4
20.243,99.347,1.0,1.4,ml,,,,,,th_11810_202402161707,2024-02-16T17:07:23.000Z,"Hsinlongkawn, Shan, Myanmar (Burma)",Myanmar,MM,Asia,earthquake,1708104549,1708103243,0,,"20.24,99.35",2024-02-16 17:07:23,2024-02-16 23:37:23,Shan,Monghsat,Monghsat,Pu Dee,village,7.6
22.9189,93.7738,73.0,4.7,mb,,,,,,in_R1U2NmJTNmt0Y1FjY2FjYTZtbFIvdz09,2024-02-17T17:31:06.000Z,"Hmunli, Chin State, Myanmar (Burma)",Myanmar-india Border Region,MM,Asia,earthquake,1708142647,1708142123,0,,"22.96,93.77",2024-02-17 03:55:23,2024-02-17 10:25:23,Chin,Falam,Falam,Lianrih,village,0.1
21.167,99.389,11.0,3.4,ml,,,,,,th_11813_202402170755,2024-02-17T07:55:57.000Z,"Wan Pangkaw, Shan, Myanmar (Burma)",Myanmar,MM,Asia,earthquake,1708157580,1708156557,0,,"21.17,99.39",2024-02-17 07:55:57,2024-02-17 14:25:57,Shan,Kengtung,Kengtung,Htaw Ku Day (1),village,3.0
23.92,93.93,30.0,3.7,ml,,,,,,in_eHUrd3hMVkZ3bldHMllJNnRrS0FCQT09,2024-02-18T00:42:57.000Z,"Tangsiat, Chin State, Myanmar (Burma)",Myanmar,MM,Asia,earthquake,1708216591,1708215888,0,,"23.92,93.93",2024-02-18 00:24:48,2024-02-18 06:54:48,Chin,Falam,Tonzang,Thansial,village,3.7
21.198,99.413,2.0,2.6,ml,,,,,,th_11815_202402190331,2024-02-19T03:31:10.000Z,"Wan Pangkaw, Shan, Myanmar (Burma)",Myanmar,MM,Asia,earthquake,1708386890,1708313470,0,,"21.20,99.41",2024-02-19 03:31:10,2024-02-19 10:01:10,Shan,Kengtung,Kengtung,Par Kaw,village,1.2
21.21,99.297,1.0,2.3,ml,,,,,,th_11816_202402202102,2024-02-20T21:02:01.000Z,"Mawnkak, Shan, Myanmar (Burma)",Myanmar,MM,Asia,earthquake,1708463427,1708462921,1,,"21.21,99.30",2024-02-20 21:02:01,2024-02-21 03:32:01,Shan,Kengtung,Mongping,Pang Hai,village,1.3
22.5226,93.9546,72.27,4.9,mb,54.0,57.0,1.586,0.75,us,gfz2024dpts,2024-02-21T16:20:02.258Z,,"37km ESE of Hakha, Myanmar",MM,Asia,earthquake,1708501691,1708500965,1,,"22.42,94.10",2024-02-21 07:36:05,2024-02-21 14:06:05,Chin,Hakha,Hakha,Chaung Gwa,village,8.6
21.191,99.902,1.0,1.9,ml,,,,,,th_11822_202402221308,2024-02-22T13:08:26.000Z,"Wan Hpaya-hkè, Shan, Myanmar (Burma)",Myanmar,MM,Asia,earthquake,1708654797,1708607306,1,,"21.19,99.90",2024-02-22 13:08:26,2024-02-22 19:38:26,Shan,Kengtung,Kengtung,Nam Ngun,village,3.0
15.313,93.599,16.0,3.5,ml,,,,,,th_11821_202402230022,2024-02-23T00:22:19.000Z,,Off Coast of Myanmar,MM,Asia,earthquake,1708652738,1708647739,0,,"15.31,93.60",2024-02-23 00:22:19,2024-02-23 06:52:19,,,,Kyar Kan,village,100.8
21.5461,94.0885,66.528,4.4,mb,66.0,61.0,0.843,0.51,us,in_QTBiaG0rK0FjZndRVUV2azNTbnBDUT09,2024-03-01T05:24:43.040Z,"Chauk, Myanmar","104km NW of Chauk, Myanmar",MM,Asia,earthquake,1708728760,1708727768,0,,"21.47,93.93",2024-02-23 22:36:08,2024-02-24 05:06:08,Chin,Mindat,Mindat,Kyee,village,4.9
21.147,99.412,3.0,4.2,ml,,,,,,ems_202402_1625427,2024-02-24T00:36:00.000Z,"Wan Pangkaw, Shan, Myanmar (Burma)",Myanmar,MM,Asia,earthquake,1708734981,1708734237,0,,"21.15,99.41",2024-02-24 00:23:57,2024-02-24 06:53:57,Shan,Kengtung,Kengtung,Ah Hkar Day,village,1.1
21.202,99.491,2.0,1.9,ml,,,,,,th_11826_202402240657,2024-02-24T06:57:00.000Z,"Keng Tung, Shan, Myanmar (Burma)",Myanmar,MM,Asia,earthquake,1708761055,1708757820,0,,"21.20,99.49",2024-02-24 06:57:00,2024-02-24 13:27:00,Shan,Kengtung,Kengtung,Ton War (Upper),village,3.8
21.068,99.882,1.0,1.9,ml,,,,,,th_11827_202402241324,2024-02-24T13:24:57.000Z,"Wan Hkang Ho-paw, Shan, Myanmar (Burma)",Myanmar,MM,Asia,earthquake,1708781483,1708781097,1,,"21.07,99.88",2024-02-24 13:24:57,2024-02-24 19:54:57,Shan,Kengtung,Kengtung,Yang Kyaw (Lower),village,1.8
20.648,99.908,3.0,2.4,ml,,,,,,th_11829_202402242049,2024-02-24T20:49:09.000Z,"Wan Ra-sa-hkankiao, Shan, Myanmar (Burma)",Myanmar,MM,Asia,earthquake,1708808033,1708807749,0,,"20.65,99.91",2024-02-24 20:49:09,2024-02-25 03:19:09,Shan,Tachileik,Tachileik,Nam Tun,village,2.6
20.259,98.05,1.0,1.8,ml,,,,,,th_11833_202402252206,2024-02-25T22:06:41.000Z,"Wan Mawngkawk, Shan, Myanmar (Burma)",Myanmar,MM,Asia,earthquake,1708899545,1708898801,0,,"20.26,98.05",2024-02-25 22:06:41,2024-02-26 04:36:41,Shan,Langkho,Mongpan,Pang Hsant,village,7.3
20.64,99.973,2.0,3.2,ml,,,,,,th_11834_202402261453,2024-02-26T14:53:47.000Z,"Hsentong, Shan, Myanmar (Burma)",Myanmar,MM,Asia,earthquake,1708959769,1708959227,0,,"20.64,99.97",2024-02-26 14:53:47,2024-02-26 21:23:47,Shan,Tachileik,Tachileik,Ahr Ye,village,1.8
20.002,98.006,3.0,2.1,ml,,,,,,th_11835_202402261651,2024-02-26T16:51:01.000Z,"Wan Konlang, Shan, Myanmar (Burma)",Myanmar,MM,Asia,earthquake,1708967177,1708966261,0,,"20.00,98.01",2024-02-26 16:51:01,2024-02-26 23:21:01,Shan,Langkho,Langkho,Pong Lawng,village,14.5
22.27,94.634,10.0,3.7,ml,,,,,,th_11837_202402271509,2024-02-27T15:09:10.000Z,"Wingon, Sagaing Region, Myanmar (Burma)",Myanmar,MM,Asia,earthquake,1709047635,1709046550,0,,"22.27,94.63",2024-02-27 15:09:10,2024-02-27 21:39:10,Saigang,Yinmarbin,Yinmarbin,Kyat,village,2.6
20.57,95.305,10.0,3.4,ml,,,,,,in_UnF3cnhMemFaWVhXQzF1SG0vOEphdz09,2024-02-27T16:46:42.000Z,"Madae, Magway Region, Myanmar (Burma)",Myanmar,MM,Asia,earthquake,1709052817,1709052402,1,,"20.35,94.56",2024-02-27 16:46:42,2024-02-27 23:16:42,Magway,Magway,Natmauk,Hmaik Pin,village,2.4
21.135,99.521,2.0,3.0,ml,,,,,,th_11846_202402280233,2024-02-28T02:33:20.000Z,"Wan Namhing, Shan, Myanmar (Burma)",Myanmar,MM,Asia,earthquake,1709089596,1709087600,0,,"21.14,99.52",2024-02-28 02:33:20,2024-02-28 09:03:20,Shan,Kengtung,Kengtung,Nar Bo,village,5.2
20.412,98.183,1.0,2.4,ml,,,,,,th_11847_202402280321,2024-02-28T03:21:39.000Z,"Hangna, Shan, Myanmar (Burma)",Myanmar,MM,Asia,earthquake,1709091646,1709090499,0,,"20.41,98.18",2024-02-28 03:21:39,2024-02-28 09:51:39,Shan,Langkho,Mongpan,Nawng Tawng,village,10.3
24.04,95.73,185.0,3.1,ml,,,,,,in_SExqZWtjUXVkeTFaM0VUMkRZS2U3UT09,2024-02-28T21:43:34.000Z,"Pegon, Sagaing Region, Myanmar (Burma)",Myanmar,MM,Asia,earthquake,1709157266,1709156614,0,,"24.04,95.73",2024-02-28 21:43:34,2024-02-29 04:13:34,Saigang,Katha,Wuntho,Pay Kone,village,1.8
15.613,96.46,10.0,3.2,ml,,,,,,th_11851_202402290451,2024-02-29T04:51:06.000Z,Myanmar (Burma),Near South Coast of Myanmar,MM,Asia,earthquake,1709183271,1709182266,0,,"15.61,96.46",2024-02-29 04:51:06,2024-02-29 11:21:06,,,,Oke Aw Lan,village,85.2
21.801,95.675,21.0,3.7,ml,,,,,,th_11853_202402291719,2024-02-29T17:19:25.000Z,"Anauktaw, Mandalay Region, Myanmar (Burma)",Myanmar,MM,Asia,earthquake,1709228667,1709227165,0,,"21.80,95.68",2024-02-29 17:19:25,2024-02-29 23:49:25,Mandalay,Myingyan,Ngazun,Htun Thar,village,0.2
21.52,94.92,9.0,3.6,ml,,,,,,in_eVJKTjllQmgwY2M1clVCOXJZRHlyZz09,2024-02-29T17:25:16.000Z,"Aye Thar Kone, Magway Region, Myanmar (Burma)",Myanmar,MM,Asia,earthquake,1709228116,1709227516,0,,"21.52,94.92",2024-02-29 17:25:16,2024-02-29 23:55:16,Magway,Pakokku,Myaing,Pauk Taw Kone,village,1.3
23.13,94.19,144.0,3.7,ml,,,,,,in_TDZXSFU2QzluTHZTOTNPWERBWGxMQT09,2024-03-01T10:00:33.000Z,"Kale, Chin State, Myanmar (Burma)",Myanmar,MM,Asia,earthquake,1709287208,1709286590,0,,"23.13,94.19",2024-03-01 09:49:50,2024-03-01 16:19:50,Saigang,Kale,Kale,Au Du,village,7.7
21.378,98.756,10.0,2.5,ml,,,,,,th_11854_202403011221,2024-03-01T12:21:59.000Z,"Wan Kawnghum, Shan, Myanmar (Burma)",Myanmar,MM,Asia,earthquake,1709297031,1709295719,0,,"21.38,98.76",2024-03-01 12:21:59,2024-03-01 18:51:59,Shan,Kengtung,Mongping,Wan Mai (Shan),village,1.1
21.012,99.938,4.0,2.3,ml,,,,,,th_11861_202403040004,2024-03-04T00:04:00.000Z,"Wan Hkang Ho-paw, Shan, Myanmar (Burma)",Myanmar,MM,Asia,earthquake,1709511589,1709510640,1,,"21.01,99.94",2024-03-04 00:04:00,2024-03-04 06:34:00,Shan,Tachileik,Monghpyak,Par Sang Hu,village,1.5
21.128,99.945,4.0,3.4,ml,,,,,,th_11862_202403040036,2024-03-04T00:36:08.000Z,"Wan Hsenlong, Shan, Myanmar (Burma)",Myanmar,MM,Asia,earthquake,1709513311,1709512568,1,,"21.13,99.95",2024-03-04 00:36:08,2024-03-04 07:06:08,Shan,Tachileik,Monghpyak,Nam Ke,village,1.9
21.047,99.864,1.0,2.4,ml,,,,,,th_11863_202403040152,2024-03-04T01:52:57.000Z,"Wan Mu-hsö Hsensawmawng, Shan, Myanmar (Burma)",Myanmar,MM,Asia,earthquake,1709521578,1709517177,0,,"21.05,99.86",2024-03-04 01:52:57,2024-03-04 08:22:57,Shan,Kengtung,Kengtung,Bu Hsar,village,1.2
22.5,94.56,130.0,3.8,ml,,,,,,in_WHc5a1NVN2V2YjdERldaUHU1b1JzQT09,2024-03-04T14:11:14.000Z,"Cheikpanngo, Sagaing Region, Myanmar (Burma)",Myanmar,MM,Asia,earthquake,1709562134,1709561474,0,,"22.50,94.56",2024-03-04 14:11:14,2024-03-04 20:41:14,Saigang,Yinmarbin,Kani,Saing Te,village,6.9
25.4,96.46,20.0,3.3,ml,,,,,,in_ZHllYnYzL0hYa3dhWEtramo5a1ZWUT09,2024-03-05T08:42:07.000Z,"Thunghkung, Kachin, Myanmar (Burma)",Myanmar,MM,Asia,earthquake,1709628850,1709628127,0,,"25.40,96.46",2024-03-05 08:42:07,2024-03-05 15:12:07,Kachin,Mohnyin,Hpakant,Ma Pyin,village,9.4
21.099,99.963,4.0,1.7,ml,,,,,,th_11866_202403051152,2024-03-05T11:52:58.000Z,"Wan Hsenlong, Shan, Myanmar (Burma)",Myanmar,MM,Asia,earthquake,1709676717,1709639578,1,,"21.10,99.96",2024-03-05 11:52:58,2024-03-05 18:22:58,Shan,Tachileik,Monghpyak,Nam Ke,village,2.2
21.157,100.031,1.0,2.7,ml,,,,,,th_11867_202403061301,2024-03-06T13:01:57.000Z,"Wan Möngtinno, Shan, Myanmar (Burma)",Myanmar,MM,Asia,earthquake,1709730731,1709730117,0,,"21.16,100.03",2024-03-06 13:01:57,2024-03-06 19:31:57,Shan,Tachileik,Monghpyak,Shan Htan,village,3.5
25.17,96.18,10.0,3.6,ml,,,,,,in_S1pCNmxVVW4xa1VZREpPK0xLQlMvdz09,2024-03-06T20:53:42.000Z,"Sanlaik, Kachin, Myanmar (Burma)",Myanmar,MM,Asia,earthquake,1709758764,1709758422,0,,"25.17,96.18",2024-03-06 20:53:42,2024-03-07 03:23:42,Kachin,Mohnyin,Mohnyin,,village,5.2
24.75,95.23,10.0,3.2,ml,,,,,,in_OWdSZ3VYMHdsaHRGRFlIeFpZL1BnUT09,2024-03-06T22:14:37.000Z,"Kaukngo, Sagaing Region, Myanmar (Burma)",Myanmar,MM,Asia,earthquake,1709762955,1709762667,0,,"24.75,95.23",2024-03-06 22:04:27,2024-03-07 04:34:27,Saigang,Hkamti,Homalin,Naung Thea,village,4.5
23.11,94.44,130.0,4.1,ml,,,,,,in_cUFDR05aNmRtWnRDUitvUFV1UGI2UT09,2024-03-06T22:56:35.000Z,"Myaukchun, Sagaing Region, Myanmar (Burma)",Myanmar,MM,Asia,earthquake,1709765525,1709764869,0,,"23.11,94.44",2024-03-06 22:41:09,2024-03-07 05:11:09,Saigang,Kale,Mingin,Than Pu Yar,village,2.1
25.05,95.12,80.0,3.1,ml,,,,,,in_c0ErdjBlb2toYktqNEw1K3RCSmQrUT09,2024-03-07T09:14:40.000Z,"Maungkan, Sagaing Region, Myanmar (Burma)",Myanmar,MM,Asia,earthquake,1709802858,1709802286,0,,"25.05,95.12",2024-03-07 09:04:46,2024-03-07 15:34:46,Saigang,Hkamti,Homalin,Chaung Son,village,4.2
16.4451,94.6962,35.0,4.2,ml,,,,,,in_QXdVRkFNQVBKRWpKaWtyTUdmbkl1Zz09,2024-03-08T07:23:18.000Z,"Mekyaw, Ayeyarwady, Myanmar (Burma)",Near South Coast Of Myanmar,MM,Asia,earthquake,1709827473,1709826462,0,,"16.80,94.64",2024-03-07 15:47:42,2024-03-07 22:17:42,,,,Tha Mar Day Wa,village,2.1
23.2103,94.4668,100.738,4.2,mb,42.0,112.0,2.038,0.7,us,in_QlFJUlRNV1ZwTUlSaW5PMGE3bFBwZz09,2024-03-11T03:21:55.040Z,,"48km S of Mawlaik, Myanmar",MM,Asia,earthquake,1709853567,1709852304,1,,"23.56,93.92",2024-03-07 22:58:24,2024-03-08 05:28:24,Saigang,Kale,Kalewa,Shwe Chaung San,village,4.3
19.878,98.538,1.0,2.9,ml,,,,,,th_11871_202403080707,2024-03-08T07:07:32.000Z,"Möng Hta, Shan, Myanmar (Burma)",Myanmar,MM,Asia,earthquake,1709882815,1709881652,0,,"19.88,98.54",2024-03-08 07:07:32,2024-03-08 13:37:32,Shan,Langkho,Langkho,Mong Hta,village,3.2
23.53,94.02,100.0,3.8,ml,,,,,,in_VDArNTF4VUlWejdQU29idHQzcTgyQT09,2024-03-10T02:28:35.000Z,"Hpaidin, Chin State, Myanmar (Burma)",Myanmar,MM,Asia,earthquake,1710037617,1710037004,0,,"23.53,94.02",2024-03-10 02:16:44,2024-03-10 08:46:44,Chin,Falam,Tedim,Sialthawzang,village,1.6
22.83,96.11,14.0,3.2,ml,,,,,,in_SCtwLzcyandpc3AxcklFbEZucmV6Zz09,2024-03-10T02:44:28.000Z,"War Hpyu Taung, Mandalay Region, Myanmar (Burma)",Myanmar,MM,Asia,earthquake,1710039245,1710038668,0,,"22.83,96.11",2024-03-10 02:44:28,2024-03-10 09:14:28,Mandalay,Pyinoolwin,Thabeikkyin,Kyauk Hpyar,village,1.8
19.782,98.445,2.0,1.7,ml,,,,,,th_11874_202403101800,2024-03-10T18:00:13.000Z,"Wan Punglong, Shan, Myanmar (Burma)",Myanmar,MM,Asia,earthquake,1710094054,1710093613,0,,"19.78,98.45",2024-03-10 18:00:13,2024-03-11 00:30:13,Shan,Langkho,Langkho,Hsan Kyu,village,2.3
23.2,93.79,82.0,3.5,ml,,,,,,in_akZvTUhwaXlwUmxlN0JxRDdkcXJGZz09,2024-03-11T12:14:43.000Z,"Fort White, Chin State, Myanmar (Burma)",Myanmar,MM,Asia,earthquake,1710159196,1710158369,0,,"23.20,93.79",2024-03-11 11:59:29,2024-03-11 18:29:29,Chin,Falam,Tedim,Bekan,village,1.7
17.91,96.805,10.0,3.7,ml,,,,,,th_11876_202403111454,2024-03-11T14:54:42.000Z,"Madauk, Bago Region, Myanmar (Burma)",Myanmar,MM,Asia,earthquake,1710169425,1710168882,0,,"17.91,96.81",2024-03-11 14:54:42,2024-03-11 21:24:42,Bago,Bago,Nyaunglebin,Nyaung Pin Pauk,village,0.8
21.054,99.439,5.0,2.1,ml,,,,,,th_11877_202403111620,2024-03-11T16:20:09.000Z,"Wan Patang-ngai, Shan, Myanmar (Burma)",Myanmar,MM,Asia,earthquake,1710176338,1710174009,0,,"21.05,99.44",2024-03-11 16:20:09,2024-03-11 22:50:09,Shan,Kengtung,Kengtung,Bang Ngu (Lower),village,2.3
21.107,99.918,3.0,2.8,ml,,,,,,th_11880_202403112120,2024-03-11T21:20:48.000Z,"Wan Hsenlong, Shan, Myanmar (Burma)",Myanmar,MM,Asia,earthquake,1710193565,1710192048,1,,"21.11,99.92",2024-03-11 21:20:48,2024-03-12 03:50:48,Shan,Tachileik,Monghpyak,Ke Shwe,village,0.7
18.104,96.655,3.0,2.7,ml,,,,,,th_11883_202403120008,2024-03-12T00:08:31.000Z,"Babugon, Bago Region, Myanmar (Burma)",Myanmar,MM,Asia,earthquake,1710203235,1710202111,0,,"18.10,96.66",2024-03-12 00:08:31,2024-03-12 06:38:31,Bago,Bago,Kyauktaga,Thar Yar Kone,village,1.9
13.585,98.729,10.0,1.9,ml,,,,,,th_11884_202403120612,2024-03-12T06:12:27.000Z,"Myinmoletkat, Tanintharyi Region, Myanmar (Burma)",Myanmar,MM,Asia,earthquake,1710225453,1710223947,0,,"13.59,98.73",2024-03-12 06:12:27,2024-03-12 12:42:27,Tanitharyi,Dawei,Dawei,Kyauk Htone,village,21.7
23.55,94.47,165.0,3.6,ml,,,,,,in_MSs4RVFhSHRhZGlpVFJOYmNJeUxvZz09,2024-03-12T08:42:44.000Z,"Gadu, Sagaing Region, Myanmar (Burma)",Myanmar,MM,Asia,earthquake,1710232665,1710231834,0,,"23.55,94.47",2024-03-12 08:23:54,2024-03-12 14:53:54,Saigang,Mawlaik,Mawlaik,Kan Htu,village,2.3
21.028,99.941,1.0,2.3,ml,,,,,,th_11888_202403132341,2024-03-13T23:41:41.000Z,"Wan Hkang Ho-paw, Shan, Myanmar (Burma)",Myanmar,MM,Asia,earthquake,1710374875,1710373301,1,,"21.03,99.94",2024-03-13 23:41:41,2024-03-14 06:11:41,Shan,Tachileik,Monghpyak,Ho Pawt,village,1.5
20.37,98.115,1.0,3.6,ml,,,,,,th_11889_202403140535,2024-03-14T05:49:40.000Z,"Hangna, Shan, Myanmar (Burma)",Myanmar,MM,Asia,earthquake,1710394978,1710394518,0,,"20.37,98.12",2024-03-14 05:35:18,2024-03-14 12:05:18,Shan,Langkho,Mongpan,Hat Mai,village,3.7
11.804,99.313,3.0,3.2,ml,,,,,,th_11891_202403142337,2024-03-14T23:37:39.000Z,"Thebyu, Tanintharyi Region, Myanmar (Burma)",Myanmar,MM,Asia,earthquake,1710461603,1710459459,0,,"11.80,99.31",2024-03-14 23:37:39,2024-03-15 06:07:39,Tanitharyi,Myeik,Tanintharyi,Thea Hpyu,village,5.9
21.03,99.854,1.0,2.2,ml,,,,,,th_11892_202403150018,2024-03-15T00:18:23.000Z,"Wan Mu-hsö Hsensawmawng, Shan, Myanmar (Burma)",Myanmar,MM,Asia,earthquake,1710464457,1710461903,1,,"21.03,99.85",2024-03-15 00:18:23,2024-03-15 06:48:23,Shan,Kengtung,Kengtung,Bu Hsar,village,2.2
25.6,95.37,10.0,3.3,ml,,,,,,in_dU9wOTJTNlgyY0c5elVRS3ZoMy81dz09,2024-03-16T18:14:34.000Z,"Kaung Hein, Sagaing Region, Myanmar (Burma)",Myanmar,MM,Asia,earthquake,1710612637,1710612160,0,,"25.60,95.37",2024-03-16 18:02:40,2024-03-17 00:32:40,Saigang,Hkamti,Hkamti,Nar Kat,village,3.4
20.706,100.069,3.0,2.1,ml,,,,,,th_11895_202403161938,2024-03-16T19:38:22.000Z,"Tarlay, Shan, Myanmar (Burma)",Myanmar,MM,Asia,earthquake,1710618330,1710617902,0,,"20.71,100.07",2024-03-16 19:38:22,2024-03-17 02:08:22,Shan,Tachileik,Tachileik,Aung Hlaing Thin (Tar Pong),village,1.1
21.434,98.723,10.0,3.0,ml,,,,,,th_11899_202403170841,2024-03-17T08:41:24.000Z,"Wan Kawnghum, Shan, Myanmar (Burma)",Myanmar,MM,Asia,earthquake,1710665434,1710664884,0,,"21.43,98.72",2024-03-17 08:41:24,2024-03-17 15:11:24,Shan,Kengtung,Mongping,Shan Kone Hsar,village,0.8
24.71,94.68,97.0,3.6,ml,,,,,,in_dmZ3YysvUHJMdVlmSW9rRm5BZ1BJUT09,2024-03-17T09:42:49.000Z,"Shwe Pyi Aye, Sagaing Region, Myanmar (Burma)",Myanmar,MM,Asia,earthquake,1710668511,1710668016,0,,"24.71,94.68",2024-03-17 09:33:36,2024-03-17 16:03:36,Saigang,Hkamti,Homalin,Shwe Pyi Aye,town,5.9
19.3,97.811,1.0,2.8,ml,,,,,,th_11900_202403190201,2024-03-19T02:01:51.000Z,"Daw Hsè-kawlè, Kayah State, Myanmar (Burma)",Myanmar,MM,Asia,earthquake,1710814338,1710813711,0,,"19.30,97.81",2024-03-19 02:01:51,2024-03-19 08:31:51,Kayah,Loikaw,Shadaw,Ban Nam Phiang Din Song,village,9.9
19.349,97.602,3.0,2.0,ml,,,,,,th_11902_202403191711,2024-03-19T17:11:44.000Z,"Wan Kyaukpet, Kayah State, Myanmar (Burma)",Myanmar,MM,Asia,earthquake,1710869368,1710868304,0,,"19.35,97.60",2024-03-19 17:11:44,2024-03-19 23:41:44,Kayah,Loikaw,Shadaw,Kyauk Taing,village,18.2
17.995,96.527,10.0,2.7,ml,,,,,,th_11906_202403211633,2024-03-21T16:33:53.000Z,"Hpa Do, Bago Region, Myanmar (Burma)",Myanmar,MM,Asia,earthquake,1711039341,1711038833,0,,"18.00,96.53",2024-03-21 16:33:53,2024-03-21 23:03:53,Bago,Bago,Kyauktaga,Oke Hpo,village,0.3
22.12,97.44,70.0,3.9,ml,,,,,,in_WURMK2ZKRVEzNzVxTXpzKzU2bnpMQT09,2024-03-24T03:16:31.000Z,"Namlan, Shan, Myanmar (Burma)",Myanmar,MM,Asia,earthquake,1711251113,1711250191,0,,"22.12,97.44",2024-03-24 03:16:31,2024-03-24 09:46:31,Shan,Kyaukme,Hsipaw,Kone Mon,village,0.0
18.519,96.991,2.0,2.6,ml,,,,,,th_11907_202403240955,2024-03-24T09:55:00.000Z,"Tamikhi, Kayin State, Myanmar (Burma)",Myanmar,MM,Asia,earthquake,1711274766,1711274100,0,,"18.52,96.99",2024-03-24 09:55:00,2024-03-24 16:25:00,Kayin,Hpapun,Hpapun,Ka Law Htar,village,12.8
24.63,94.77,19.0,3.7,ml,,,,,,in_VnBNWVJLMHdRMndkWis2UVc5Wk03dz09,2024-03-24T16:28:42.000Z,"Myene, Sagaing Region, Myanmar (Burma)",Myanmar,MM,Asia,earthquake,1711297704,1711296940,0,,"24.63,94.77",2024-03-24 16:15:40,2024-03-24 22:45:40,Saigang,Hkamti,Homalin,Nan Khan,village,4.8
18.591,97.372,1.0,2.8,ml,,,,,,th_11913_202403262248,2024-03-26T22:48:00.000Z,"Pakyiko, Kayah State, Myanmar (Burma)",Myanmar,MM,Asia,earthquake,1711493623,1711493280,0,,"18.59,97.37",2024-03-26 22:48:00,2024-03-27 05:18:00,Kayah,Bawlake,Mese,Ho Gyit,village,11.1
20.591,99.893,6.0,2.4,ml,,,,,,th_11915_202403271143,2024-03-27T11:43:17.000Z,"Tachileik, Shan, Myanmar (Burma)",Myanmar,MM,Asia,earthquake,1711540312,1711539797,0,,"20.59,99.89",2024-03-27 11:43:17,2024-03-27 18:13:17,Shan,Tachileik,Tachileik,Nam Tun,village,5.3
20.594,100.064,3.0,2.3,ml,,,,,,th_11917_202403272035,2024-03-27T20:35:56.000Z,"Wan Hsen-enta-hpawng, Shan, Myanmar (Burma)",Myanmar,MM,Asia,earthquake,1711572473,1711571756,0,,"20.59,100.06",2024-03-27 20:35:56,2024-03-28 03:05:56,Shan,Tachileik,Tachileik,Kya Say,village,0.6
22.428,93.873,5.0,3.6,ml,,,,,,th_11919_202403281833,2024-03-28T18:33:35.000Z,"Shimpi, Chin State, Myanmar (Burma)",Myanmar,MM,Asia,earthquake,1711651618,1711650815,0,,"22.43,93.87",2024-03-28 18:33:35,2024-03-29 01:03:35,Chin,Hakha,Hakha,Lungcawi,village,1.4
21.537,99.182,5.0,2.6,ml,,,,,,th_11920_202403300411,2024-03-30T04:11:19.000Z,"Wan Pangsung, Shan, Myanmar (Burma)",Myanmar,MM,Asia,earthquake,1711774570,1711771879,0,,"21.54,99.18",2024-03-30 04:11:19,2024-03-30 10:41:19,Shan,Kengtung,Mongping,Pang Hkaing,village,2.9
16.023,97.969,3.0,2.0,ml,,,,,,th_11925_202404010038,2024-04-01T00:38:52.000Z,"ဖားတလယ်ရွာ, ကရင်ပြည်နယ်, Myanmar (Burma)",Myanmar,MM,Asia,earthquake,1711937690,1711931932,0,,"16.02,97.97",2024-04-01 00:38:52,2024-04-01 07:08:52,Kayin,Kawkareik,Kyainseikgyi,နံင်းတ်ု၀ယ့် (နွတ်တဝယ်),village,0.4
21.212,100.017,3.0,3.3,ml,,,,,,th_11927_202404010917,2024-04-01T09:17:19.000Z,"Wan Hkang, Shan, Myanmar (Burma)",Myanmar,MM,Asia,earthquake,1711964566,1711963039,1,,"21.21,100.02",2024-04-01 09:17:19,2024-04-01 15:47:19,Shan,Tachileik,Monghpyak,Nawng Kyant,village,2.6
21.207,100.015,1.0,2.8,ml,,,,,,th_11928_202404010938,2024-04-01T09:38:08.000Z,"Wan Hkang, Shan, Myanmar (Burma)",Myanmar,MM,Asia,earthquake,1711964788,1711964288,1,,"21.21,100.02",2024-04-01 09:38:08,2024-04-01 16:08:08,Shan,Tachileik,Monghpyak,Nawng Kyant,village,2.4
21.099,99.983,1.0,2.0,ml,,,,,,th_11929_202404011207,2024-04-01T12:07:52.000Z,"Wan Hsenlong, Shan, Myanmar (Burma)",Myanmar,MM,Asia,earthquake,1711974146,1711973272,1,,"21.10,99.98",2024-04-01 12:07:52,2024-04-01 18:37:52,Shan,Tachileik,Monghpyak,Nam Ke,village,3.2
21.09,99.964,2.0,1.7,ml,,,,,,th_11930_202404011733,2024-04-01T17:33:57.000Z,"Wan Hsenlong, Shan, Myanmar (Burma)",Myanmar,MM,Asia,earthquake,1711993993,1711992837,1,,"21.09,99.96",2024-04-01 17:33:57,2024-04-02 00:03:57,Shan,Tachileik,Monghpyak,Nam Ni,village,2.7
21.168,99.99,6.0,3.8,ml,,,,,,th_11931_202404020247,2024-04-02T03:14:39.000Z,"Wan Hsenlong, Shan, Myanmar (Burma)",Myanmar,MM,Asia,earthquake,1712027323,1712026070,1,,"21.17,99.99",2024-04-02 02:47:50,2024-04-02 09:17:50,Shan,Tachileik,Monghpyak,Shan Htan,village,3.6
21.73,94.07,130.0,3.7,ml,,,,,,in_RUE0UHgvalplbU9vM0lXNzlLb1ZRQT09,2024-04-02T22:15:00.000Z,"Tilin, Magway Region, Myanmar (Burma)",Myanmar,MM,Asia,earthquake,1712120590,1712096100,0,,"21.73,94.07",2024-04-02 22:15:00,2024-04-03 04:45:00,Magway,Gangaw,Tilin,Htan Pin Kone,village,0.2
21.194,99.99,1.0,1.6,ml,,,,,,th_11932_202404031153,2024-04-03T11:53:23.000Z,"Wan Hkang, Shan, Myanmar (Burma)",Myanmar,MM,Asia,earthquake,1712145705,1712145203,1,,"21.19,99.99",2024-04-03 11:53:23,2024-04-03 18:23:23,Shan,Tachileik,Monghpyak,Kar Lai,village,2.8
21.086,99.947,1.0,1.5,ml,,,,,,th_11934_202404042105,2024-04-04T21:05:57.000Z,"Wan Hkang Ho-paw, Shan, Myanmar (Burma)",Myanmar,MM,Asia,earthquake,1712265068,1712264757,1,,"21.09,99.95",2024-04-04 21:05:57,2024-04-05 03:35:57,Shan,Tachileik,Monghpyak,Nam Ni,village,1.8
21.142,99.974,1.0,2.1,ml,,,,,,th_11935_202404042117,2024-04-04T21:17:23.000Z,"Wan Hsenlong, Shan, Myanmar (Burma)",Myanmar,MM,Asia,earthquake,1712265794,1712265443,0,,"21.14,99.97",2024-04-04 21:17:23,2024-04-05 03:47:23,Shan,Tachileik,Monghpyak,Nam Ke,village,2.9
26.5566,97.0128,10.0,5.8,mb,127.0,28.0,5.661,0.81,us,gfz2024gsob,2024-04-06T12:49:54.771Z,,"43km NNE of Sarupathar, India",MM,Asia,earthquake,1712321554,1712321131,1,,"26.56,96.80",2024-04-05 12:45:31,2024-04-05 19:15:31,Kachin,Myitkyina,Tanai,,village,19.8
21.039,99.977,4.0,2.3,ml,,,,,,th_11937_202404051831,2024-04-05T18:31:02.000Z,"Wan Hkang Ho-paw, Shan, Myanmar (Burma)",Myanmar,MM,Asia,earthquake,1712342721,1712341862,0,,"21.04,99.98",2024-04-05 18:31:02,2024-04-06 01:01:02,Shan,Tachileik,Monghpyak,Ho Pawt,village,2.6
15.43,96.814,10.0,3.5,ml,,,,,,th_11940_202404061338,2024-04-06T13:38:36.000Z,Myanmar (Burma),Near South Coast of Myanmar,MM,Asia,earthquake,1712412095,1712410716,0,,"15.43,96.81",2024-04-06 13:38:36,2024-04-06 20:08:36,,,,Ku Lar Koke (Auk Seik),village,90.8
15.556,96.833,10.0,3.0,ml,,,,,,th_11941_202404061500,2024-04-06T15:00:14.000Z,Myanmar (Burma),Near South Coast of Myanmar,MM,Asia,earthquake,1712416199,1712415614,0,,"15.56,96.83",2024-04-06 15:00:14,2024-04-06 21:30:14,,,,Ku Lar Koke (Ah Htet Seik),village,88.0
15.282,96.379,19.0,3.5,ml,,,,,,th_11942_202404061551,2024-04-06T15:51:57.000Z,Myanmar (Burma),Near South Coast of Myanmar,MM,Asia,earthquake,1712419571,1712418717,0,,"15.28,96.38",2024-04-06 15:51:57,2024-04-06 22:21:57,,,,Ban Dar Pin,village,106.7
15.25,96.72,137.0,4.3,ml,,,,,,in_NU5ZY0NqeTRkdHRjS2pQazlMaFNuQT09,2024-04-06T19:35:52.000Z,Myanmar (Burma),Andaman Sea,MM,Asia,earthquake,1712433704,1712432152,0,,"15.25,96.72",2024-04-06 19:35:52,2024-04-07 02:05:52,,,,Ku Lar Koke (Auk Seik),village,104.4
15.101,96.557,10.0,2.8,ml,,,,,,th_11944_202404062017,2024-04-06T20:17:32.000Z,Myanmar (Burma),Near South Coast of Myanmar,MM,Asia,earthquake,1712435503,1712434652,0,,"15.10,96.56",2024-04-06 20:17:32,2024-04-07 02:47:32,,,,Ku Lar Koke (Auk Seik),village,126.3
15.542,96.914,10.0,3.0,ml,,,,,,th_11945_202404062030,2024-04-06T20:30:31.000Z,Myanmar (Burma),Near South Coast of Myanmar,MM,Asia,earthquake,1712436342,1712435431,0,,"15.54,96.91",2024-04-06 20:30:31,2024-04-07 03:00:31,,,,Ku Lar Koke (Ah Htet Seik),village,79.3
15.396,96.499,13.0,3.5,ml,,,,,,th_11946_202404062137,2024-04-06T21:37:14.000Z,Myanmar (Burma),Near South Coast of Myanmar,MM,Asia,earthquake,1712440139,1712439434,0,,"15.40,96.50",2024-04-06 21:37:14,2024-04-07 04:07:14,,,,Oke Aw Lan,village,107.9
15.118,96.308,10.0,3.1,ml,,,,,,th_11947_202404070448,2024-04-07T04:48:14.000Z,Myanmar (Burma),Near South Coast of Myanmar,MM,Asia,earthquake,1712471327,1712465294,0,,"15.12,96.31",2024-04-07 04:48:14,2024-04-07 11:18:14,,,,Aung Hlaing,village,114.0
23.85,93.57,65.0,3.5,ml,,,,,,in_VCtTdDdFSEd4dWhqdkdYb1RzY0V5dz09,2024-04-07T11:56:46.000Z,"Kansauzang, Chin State, Myanmar (Burma)",Myanmar,MM,Asia,earthquake,1712490655,1712488668,0,,"23.85,93.57",2024-04-07 11:17:48,2024-04-07 17:47:48,Chin,Falam,Tonzang,Kansau,village,3.7
15.38,96.516,10.0,2.9,ml,,,,,,th_11949_202404072215,2024-04-07T22:15:12.000Z,Myanmar (Burma),Near South Coast of Myanmar,MM,Asia,earthquake,1712532375,1712528112,0,,"15.38,96.52",2024-04-07 22:15:12,2024-04-08 04:45:12,,,,Oke Aw Lan,village,110.4
20.921,99.934,5.0,2.7,ml,,,,,,th_11950_202404081600,2024-04-08T16:00:24.000Z,"Monghpyak, Shan, Myanmar (Burma)",Myanmar,MM,Asia,earthquake,1712592573,1712592024,0,,"20.92,99.93",2024-04-08 16:00:24,2024-04-08 22:30:24,Shan,Tachileik,Monghpyak,Wan Lway,village,2.2
23.35,94.59,10.0,3.3,ml,,,,,,in_djlOb3BhU3VaWlAxRFNZcEFSNmlmZz09,2024-04-09T15:42:38.000Z,"Thickegyin, Sagaing Region, Myanmar (Burma)",Myanmar,MM,Asia,earthquake,1712677251,1712676375,0,,"23.35,94.59",2024-04-09 15:26:15,2024-04-09 21:56:15,Saigang,Mawlaik,Mawlaik,Thitsar Pann,town,11.1
23.69,93.99,65.0,3.2,ml,,,,,,in_eWhyTjc0MnVKQUVsd2RYUTduMFJXQT09,2024-04-09T18:42:38.000Z,"Seksih, Chin State, Myanmar (Burma)",Myanmar,MM,Asia,earthquake,1712687868,1712684248,0,,"23.69,93.99",2024-04-09 17:37:28,2024-04-10 00:07:28,Chin,Falam,Tonzang,Suangpek,village,1.7
20.341,99.211,10.0,2.3,ml,,,,,,th_11959_202404121218,2024-04-12T12:18:43.000Z,"Wan Mai-omlau, Shan, Myanmar (Burma)",Myanmar,MM,Asia,earthquake,1712926883,1712924323,0,,"20.34,99.21",2024-04-12 12:18:43,2024-04-12 18:48:43,Shan,Monghsat,Mongton,Man Naw (1),village,8.5
15.862,97.551,10.0,2.3,ml,,,,,,th_11960_202404130301,2024-04-13T03:01:10.000Z,"Panga, Mon State, Myanmar (Burma)",Myanmar,MM,Asia,earthquake,1712977939,1712977270,0,,"15.86,97.55",2024-04-13 03:01:10,2024-04-13 09:31:10,,,,Setse,village,12.2
17.3366,95.1228,37.199,4.3,mb,29.0,177.0,3.804,0.65,us,in_Ym1mOW5oYk5YYkEydDE4SUdyZE9KZz09,2024-04-20T01:40:20.040Z,,"49km SW of Hinthada, Myanmar",MM,Asia,earthquake,1713002526,1713002083,1,,"17.33,95.04",2024-04-13 09:54:43,2024-04-13 16:24:43,Ayeyarwady,Pathein,Yegyi,Ohn Pin Su,village,0.4
21.316,95.062,104.0,3.3,ml,,,,,,in_cFFxbWtvZlRHa0YrQUpsMGQrSS9Mdz09,2024-04-13T19:27:04.000Z,"Myit Chay, Magway Region, Myanmar (Burma)",Myanmar,MM,Asia,earthquake,1713036828,1713036424,1,,"21.26,94.75",2024-04-13 19:27:04,2024-04-14 01:57:04,Magway,Pakokku,Pakokku,Mei Za Li Tan,village,0.3
16.26,96.558,10.0,3.3,ml,,,,,,th_11963_202404132036,2024-04-13T20:36:59.000Z,Myanmar (Burma),Near South Coast of Myanmar,MM,Asia,earthquake,1713041350,1713040619,0,,"16.26,96.56",2024-04-13 20:36:59,2024-04-14 03:06:59,,,,Htan Chauk Pin,village,27.8
23.59,94.42,130.0,3.7,ml,,,,,,in_NXhoZzd2VThzdkZnNVFDSWFSWmZMQT09,2024-04-14T22:42:36.000Z,"Gadu, Sagaing Region, Myanmar (Burma)",Myanmar,MM,Asia,earthquake,1713134309,1713133732,0,,"23.59,94.42",2024-04-14 22:28:52,2024-04-15 04:58:52,Saigang,Mawlaik,Mawlaik,Kyar Inn,village,1.9
26.79,96.34,19.0,3.0,ml,,,,,,in_ZDZ5cWNqYWppbW92dldnRS9kWUZOUT09,2024-04-15T23:21:37.000Z,"Kachin, Myanmar (Burma)",Myanmar,MM,Asia,earthquake,1713228312,1713223297,0,,"26.79,96.34",2024-04-15 23:21:37,2024-04-16 05:51:37,Kachin,Myitkyina,Tanai,Ta Seik,village,14.3
15.37,96.574,10.0,3.8,ml,,,,,,th_11970_202404180634,2024-04-18T06:34:14.000Z,Myanmar (Burma),Near South Coast of Myanmar,MM,Asia,earthquake,1713423326,1713422054,0,,"15.37,96.57",2024-04-18 06:34:14,2024-04-18 13:04:14,,,,Oke Aw Lan,village,114.5
20.118,98.968,4.0,2.6,ml,,,,,,th_11972_202404181702,2024-04-18T17:02:20.000Z,"Wan Mè-kin, Shan, Myanmar (Burma)",Myanmar,MM,Asia,earthquake,1713460032,1713459740,0,,"20.12,98.97",2024-04-18 17:02:20,2024-04-18 23:32:20,Shan,Monghsat,Mongton,,village,5.0
20.162,98.898,2.0,2.7,ml,,,,,,th_11973_202404181707,2024-04-18T17:07:01.000Z,"Wan Mè-kin, Shan, Myanmar (Burma)",Myanmar,MM,Asia,earthquake,1713460447,1713460021,0,,"20.16,98.90",2024-04-18 17:07:01,2024-04-18 23:37:01,Shan,Monghsat,Mongton,Mauk Sa Li,village,4.3
20.096,98.963,7.0,2.1,ml,,,,,,th_11974_202404181804,2024-04-18T18:04:13.000Z,"Wan Hangna, Shan, Myanmar (Burma)",Myanmar,MM,Asia,earthquake,1713464390,1713463453,0,,"20.10,98.96",2024-04-18 18:04:13,2024-04-19 00:34:13,Shan,Monghsat,Mongton,,village,2.8
15.194,96.638,14.0,3.4,ml,,,,,,th_11977_202404191332,2024-04-19T13:32:22.000Z,Myanmar (Burma),Near South Coast of Myanmar,MM,Asia,earthquake,1713534319,1713533542,0,,"15.19,96.64",2024-04-19 13:32:22,2024-04-19 20:02:22,,,,Ku Lar Koke (Auk Seik),village,114.6
22.86,95.97,10.0,3.4,ml,,,,,,in_cUpFWEJGWGRUeUYwenVvTmJHRVkzdz09,2024-04-19T18:19:02.000Z,"Thabeikkyin, Mandalay Region, Myanmar (Burma)",Myanmar,MM,Asia,earthquake,1713591023,1713550742,0,,"22.86,95.97",2024-04-19 18:19:02,2024-04-20 00:49:02,Mandalay,Pyinoolwin,Thabeikkyin,Thi Ha Taw,village,1.8
19.35,93.77,30.0,3.9,ml,,,,,,in_VGl4L1JKejhlMC8wamdBL0lCOU91UT09,2024-04-20T17:07:19.000Z,"Kabaingchaung, Rakhine, Myanmar (Burma)",Myanmar,MM,Asia,earthquake,1713633642,1713632839,0,,"19.35,93.77",2024-04-20 17:07:19,2024-04-20 23:37:19,Rakhine,Kyaukpyu,Kyaukpyu,Kun Chein,village,1.6
21.159,99.369,10.0,2.7,ml,,,,,,th_11979_202404231244,2024-04-23T12:44:54.000Z,"Wan Pangkaw, Shan, Myanmar (Burma)",Myanmar,MM,Asia,earthquake,1713878470,1713876294,0,,"21.16,99.37",2024-04-23 12:44:54,2024-04-23 19:14:54,Shan,Kengtung,Kengtung,Wan Hsun,village,1.9
20.94,98.58,6.0,2.8,ml,,,,,,th_11980_202404231539,2024-04-23T15:39:20.000Z,"Wan Wonhok, Shan, Myanmar (Burma)",Myanmar,MM,Asia,earthquake,1713887089,1713886760,0,,"20.94,98.58",2024-04-23 15:39:20,2024-04-23 22:09:20,Shan,Kengtung,Mongping,Hsi Pawt,village,8.3
20.157,98.933,1.0,2.2,ml,,,,,,th_11982_202404232213,2024-04-23T22:13:08.000Z,"Wan Mè-kin, Shan, Myanmar (Burma)",Myanmar,MM,Asia,earthquake,1713910896,1713910388,0,,"20.16,98.93",2024-04-23 22:13:08,2024-04-24 04:43:08,Shan,Monghsat,Mongton,Mauk Sa Li,village,1.2
20.896,98.847,10.0,2.0,ml,,,,,,th_11986_202404241939,2024-04-24T19:39:11.000Z,"Wan Na-kyawng, Shan, Myanmar (Burma)",Myanmar,MM,Asia,earthquake,1714005977,1713987551,0,,"20.90,98.85",2024-04-24 19:39:11,2024-04-25 02:09:11,Shan,Kengtung,Mongping,Loi Yoe (Upper),village,1.5
21.277,99.904,3.0,3.2,ml,,,,,,th_11985_202404250021,2024-04-25T00:21:12.000Z,"Wan Hpaya-hkè, Shan, Myanmar (Burma)",Myanmar,MM,Asia,earthquake,1714005920,1714004472,0,,"21.28,99.90",2024-04-25 00:21:12,2024-04-25 06:51:12,Shan,Kengtung,Kengtung,Par Hkar,village,2.6
24.88,95.45,70.0,3.2,ml,,,,,,in_QysyTFFBeC96QktlTUV1MXFWdzE3QT09,2024-04-26T14:56:36.000Z,"Hpacheleik, Sagaing Region, Myanmar (Burma)",Myanmar,MM,Asia,earthquake,1714143015,1714142379,0,,"24.88,95.45",2024-04-26 14:39:39,2024-04-26 21:09:39,Saigang,Hkamti,Homalin,Kwayt Pay,village,5.8
24.04,94.64,70.0,3.6,ml,,,,,,in_RTVFZDhaMWhEVkxqS2l6aHVVSENydz09,2024-04-26T19:42:34.000Z,"Ta Nga, Sagaing Region, Myanmar (Burma)",Myanmar,MM,Asia,earthquake,1714160385,1714159596,0,,"24.04,94.64",2024-04-26 19:26:36,2024-04-27 01:56:36,Saigang,Mawlaik,Paungbyin,Mauk Pa Lin,village,4.8
16.656,94.42,10.0,3.8,ml,,,,,,th_11990_202404281306,2024-04-28T13:06:35.000Z,"Sinma, Ayeyarwady, Myanmar (Burma)",Myanmar,MM,Asia,earthquake,1714311730,1714309595,0,,"16.66,94.42",2024-04-28 13:06:35,2024-04-28 19:36:35,Ayeyarwady,Pathein,Ngapudaw,Oke Hpo,village,4.2
25.5482,96.7239,10.0,4.6,mb,,,,,,gfz2024ijel,2024-04-29T06:33:25.000Z,"Kamaing, Kachin, Myanmar (Burma)",Myanmar,MM,Asia,earthquake,1714337818,1714337138,0,,"25.55,96.76",2024-04-28 20:45:38,2024-04-29 03:15:38,Kachin,Mohnyin,Hpakant,Kamaing,town,3.1
17.982,97.677,2.0,2.8,ml,,,,,,th_11992_202404282107,2024-04-28T21:07:54.000Z,"Bwado, Kayin State, Myanmar (Burma)",Myanmar,MM,Asia,earthquake,1714339272,1714338474,0,,"17.98,97.68",2024-04-28 21:07:54,2024-04-29 03:37:54,Kayin,Hpapun,Hpapun,Mae Sam Laep,village,6.7
25.28,94.8,90.0,3.4,ml,,,,,,in_amttQi9FV1dxcEZXZy9DMVpHMldOZz09,2024-04-29T18:28:43.000Z,"Fort Keary, Sagaing Region, Myanmar (Burma)",Myanmar,MM,Asia,earthquake,1714415203,1714414583,0,,"25.28,94.80",2024-04-29 18:16:23,2024-04-30 00:46:23,Saigang,Hkamti,Lay Shi,Heinkut (New),village,3.8
17.4648,94.2187,10.0,4.7,ml,,,,,,gfz2024ikwt,2024-04-30T06:44:39.000Z,Myanmar (Burma),Myanmar,MM,Asia,earthquake,1714418304,1714417708,1,,"17.48,94.24",2024-04-29 19:08:28,2024-04-30 01:38:28,,,,Thin Baung Taw,village,35.6
25.56,95.37,110.0,3.4,ml,,,,,,in_cnJQT3FxM21xT000dThtZHlzdmRTZz09,2024-05-02T05:00:50.000Z,"Minsin, Sagaing Region, Myanmar (Burma)",Myanmar,MM,Asia,earthquake,1714625923,1714567120,0,,"25.56,95.37",2024-05-01 12:38:40,2024-05-01 19:08:40,Saigang,Hkamti,Hkamti,Mo Lun,village,3.0
26.34,95.85,10.0,4.0,ml,,,,,,in_Zk1oWUhzTWcvU29aY3c5dHkxWm42QT09,2024-05-01T15:35:37.000Z,"Tekti, Sagaing Region, Myanmar (Burma)",Myanmar,MM,Asia,earthquake,1714577647,1714576903,0,,"26.34,95.85",2024-05-01 15:21:43,2024-05-01 21:51:43,Saigang,Hkamti,Hkamti,,village,8.1
17.19,95.68,110.0,4.0,ml,,,,,,in_dEhxcDdscDU3MWczeUxETGdwRmxkQT09,2024-05-03T14:16:56.000Z,"Danubyu, Ayeyarwady, Myanmar (Burma)",Myanmar,MM,Asia,earthquake,1714746347,1714745816,0,,"17.19,95.68",2024-05-03 14:16:56,2024-05-03 20:46:56,Ayeyarwady,Maubin,Danubyu,Hpa Yar Kone,village,0.7
23.2,94.61,10.0,3.6,ml,,,,,,in_NTNwL1pGc0tSTVlKWkRtWHVaODFlUT09,2024-05-04T01:14:38.000Z,"Tegyi, Sagaing Region, Myanmar (Burma)",Myanmar,MM,Asia,earthquake,1714785159,1714784618,1,,"23.20,94.81",2024-05-04 01:03:38,2024-05-04 07:33:38,Saigang,Kale,Kalewa,Thet Kei Kyin,village,0.4
23.77,94.42,33.0,3.6,ml,,,,,,in_ellKUVp6RVZwYUYvdERXcDBLR0ZHUT09,2024-05-06T20:07:35.000Z,"Kintat, Sagaing Region, Myanmar (Burma)",Myanmar,MM,Asia,earthquake,1715025852,1715025053,0,,"23.77,94.42",2024-05-06 19:50:53,2024-05-07 02:20:53,Saigang,Mawlaik,Mawlaik,Mi Chaung Twin,village,2.0
19.665,97.955,4.0,1.9,ml,,,,,,th_12002_202405062250,2024-05-06T22:50:46.000Z,"Wan Mae Aw, Shan, Myanmar (Burma)",Myanmar,MM,Asia,earthquake,1715037384,1715035846,0,,"19.67,97.96",2024-05-06 22:50:46,2024-05-07 05:20:46,Shan,Langkho,Langkho,Mong Mah,village,7.4
24.3702,94.8024,115.0,4.3,mb,,,,,,us6000mwva,2024-05-07T06:49:48.000Z,"Minya, Sagaing Region, Myanmar (Burma)",Myanmar-india Border Region,MM,Asia,earthquake,1715047003,1715046029,0,,"24.37,94.76",2024-05-07 01:40:29,2024-05-07 08:10:29,Saigang,Mawlaik,Paungbyin,Htaw Ma Seik,village,1.3
25.3,95.32,21.0,3.3,ml,,,,,,in_N1grMEh6ME5IbTdKcVpzbFpNdVRIZz09,2024-05-07T10:00:38.000Z,"Manthe, Sagaing Region, Myanmar (Burma)",Myanmar,MM,Asia,earthquake,1715075945,1715075464,0,,"25.30,95.32",2024-05-07 09:51:04,2024-05-07 16:21:04,Saigang,Hkamti,Homalin,Man Thea,village,3.0
25.11,95.56,20.0,3.8,ml,,,,,,in_a0hqdFBrTms1eDBxRVJTaisybWhCUT09,2024-05-08T09:21:36.000Z,"Tawnglin, Sagaing Region, Myanmar (Burma)",Myanmar,MM,Asia,earthquake,1715160060,1715156785,0,,"25.11,95.56",2024-05-08 08:26:25,2024-05-08 14:56:25,Saigang,Hkamti,Homalin,Thea Inn Kye,village,15.8
20.871,98.621,5.0,2.4,ml,,,,,,th_12006_202405101645,2024-05-10T16:45:31.000Z,"Wan Nawnghkan, Shan, Myanmar (Burma)",Myanmar,MM,Asia,earthquake,1715360149,1715359531,0,,"20.87,98.62",2024-05-10 16:45:31,2024-05-10 23:15:31,Shan,Kengtung,Mongping,Kyu Kwei,village,1.7
20.972,98.583,4.0,2.4,ml,,,,,,th_12007_202405101718,2024-05-10T17:18:18.000Z,"Shan, Myanmar (Burma)",Myanmar,MM,Asia,earthquake,1715361909,1715361498,1,,"20.97,98.58",2024-05-10 17:18:18,2024-05-10 23:48:18,Shan,Loilen,Kunhing,,village,8.3
26.51,96.49,10.0,3.3,ml,,,,,,in_K1pNeHRJbkZFV0Fwb3M2MGcvS3NVdz09,2024-05-11T16:28:47.000Z,"Tahipa Ga, Kachin, Myanmar (Burma)",Myanmar,MM,Asia,earthquake,1715444821,1715444435,0,,"26.51,96.49",2024-05-11 16:20:35,2024-05-11 22:50:35,Kachin,Myitkyina,Tanai,Daik Hpar,village,1.5
20.686,97.08,10.0,2.5,ml,,,,,,th_12010_202405122234,2024-05-12T22:34:51.000Z,"Taunggyi, Shan, Myanmar (Burma)",Myanmar,MM,Asia,earthquake,1715556523,1715553291,0,,"20.69,97.08",2024-05-12 22:34:51,2024-05-13 05:04:51,Shan,Taunggyi,Taunggyi,Hti Hpawng (North),village,1.3
20.612,97.14,10.0,2.4,ml,,,,,,th_12009_202405122240,2024-05-12T22:40:54.000Z,"Namhkok, Shan, Myanmar (Burma)",Myanmar,MM,Asia,earthquake,1715556470,1715553654,0,,"20.61,97.14",2024-05-12 22:40:54,2024-05-13 05:10:54,Shan,Taunggyi,Taunggyi,Mong Long,village,1.7
18.864,95.584,10.0,3.2,ml,,,,,,th_12011_202405141104,2024-05-14T11:04:42.000Z,"Paukkhaung, Bago Region, Myanmar (Burma)",Myanmar,MM,Asia,earthquake,1715687783,1715684682,0,,"18.86,95.58",2024-05-14 11:04:42,2024-05-14 17:34:42,Bago,Pyay,Paukkhaung,Htaung Ya,village,0.5
26.44,96.14,10.0,3.4,ml,,,,,,in_M3dnMkRNb2djL3Z1anR3cG82dDgxZz09,2024-05-14T19:42:50.000Z,"Ngajatzup, Kachin, Myanmar (Burma)",Myanmar,MM,Asia,earthquake,1715715677,1715714644,0,,"26.44,96.14",2024-05-14 19:24:04,2024-05-15 01:54:04,Kachin,Myitkyina,Tanai,,village,4.6
18.628,97.301,3.0,1.9,ml,,,,,,th_12013_202405181752,2024-05-18T17:52:02.000Z,"Dwedo, Kayin State, Myanmar (Burma)",Myanmar,MM,Asia,earthquake,1716055113,1716054722,0,,"18.63,97.30",2024-05-18 17:52:02,2024-05-19 00:22:02,Kayin,Hpapun,Hpapun,Ka Rei Khee,village,17.0
20.682,100.109,1.0,2.1,ml,,,,,,th_12014_202405181847,2024-05-18T18:47:32.000Z,"Mong Lin, Shan, Myanmar (Burma)",Myanmar,MM,Asia,earthquake,1716058430,1716058052,1,,"20.68,100.11",2024-05-18 18:47:32,2024-05-19 01:17:32,Shan,Tachileik,Tachileik,Yan Kin,village,0.6
21.024,99.81,1.0,2.6,ml,,,,,,th_12017_202405210211,2024-05-21T02:11:38.000Z,"Wan Mu-hsö Hsensawmawng, Shan, Myanmar (Burma)",Myanmar,MM,Asia,earthquake,1716259706,1716257498,0,,"21.02,99.81",2024-05-21 02:11:38,2024-05-21 08:41:38,Shan,Kengtung,Kengtung,Pang Lawng (2),village,1.3
18.78,97.399,2.0,2.5,ml,,,,,,th_12018_202405210326,2024-05-21T03:26:21.000Z,"Hwè Papük, Kayah State, Myanmar (Burma)",Myanmar,MM,Asia,earthquake,1716263412,1716261981,0,,"18.78,97.40",2024-05-21 03:26:21,2024-05-21 09:56:21,Kayah,Bawlake,Mese,Kyauk Su,village,1.4
21.02,98.548,10.0,2.5,ml,,,,,,th_12019_202405220103,2024-05-22T01:03:36.000Z,"Wan Hpai, Shan, Myanmar (Burma)",Myanmar,MM,Asia,earthquake,1716340925,1716339816,0,,"21.02,98.55",2024-05-22 01:03:36,2024-05-22 07:33:36,Shan,Loilen,Kunhing,,village,2.0
26.27,95.56,110.0,3.3,ml,,,,,,in_K2d2STdVSlZ3NnJmcU5OZGM1VVJaUT09,2024-05-22T05:00:45.000Z,"Chingnam, Sagaing Region, Myanmar (Burma)",Myanmar,MM,Asia,earthquake,1716353840,1716340897,0,,"26.27,95.56",2024-05-22 01:21:37,2024-05-22 07:51:37,Saigang,Hkamti,Lahe,Tolo,village,1.2
16.658,96.551,10.0,3.0,ml,,,,,,th_12022_202405231324,2024-05-23T13:24:07.000Z,"Tadar, Yangon Region, Myanmar (Burma)",Myanmar,MM,Asia,earthquake,1716471479,1716470647,0,,"16.66,96.55",2024-05-23 13:24:07,2024-05-23 19:54:07,Yangon,Yangon (South),Kyauktan,Se,village,3.7
20.313,98.242,2.0,2.4,ml,,,,,,th_12024_202405251724,2024-05-25T17:24:05.000Z,"Na-law, Shan, Myanmar (Burma)",Myanmar,MM,Asia,earthquake,1716658295,1716657845,0,,"20.31,98.24",2024-05-25 17:24:05,2024-05-25 23:54:05,Shan,Langkho,Mongpan,Nar Law,village,1.8
20.845,98.924,13.0,2.7,ml,,,,,,th_12025_202405251852,2024-05-25T18:52:49.000Z,"Wan Na-kyawng, Shan, Myanmar (Burma)",Myanmar,MM,Asia,earthquake,1716663470,1716663169,0,,"20.85,98.92",2024-05-25 18:52:49,2024-05-26 01:22:49,Shan,Kengtung,Mongping,Nar Kyawng,village,1.7
21.343,99.729,5.0,3.6,ml,,,,,,th_12026_202405260037,2024-05-26T00:56:47.000Z,"Wan Hwè, Shan, Myanmar (Burma)",Myanmar,MM,Asia,earthquake,1716684893,1716683865,0,,"21.34,99.73",2024-05-26 00:37:45,2024-05-26 07:07:45,Shan,Kengtung,Kengtung,Hway Hsan,village,1.6
17.418,98.021,2.0,2.2,ml,,,,,,th_12028_202405260342,2024-05-26T03:42:30.000Z,"Khaledi, Kayin State, Myanmar (Burma)",Myanmar,MM,Asia,earthquake,1716695703,1716694950,0,,"17.42,98.02",2024-05-26 03:42:30,2024-05-26 10:12:30,Kayin,Hpa-An,Hlaingbwe,Kha Lel Day,village,1.3
25.02,95.12,154.0,3.2,ml,,,,,,in_ZTlEOThDdW5jTDJRVkx2a2dieGlEUT09,2024-05-28T19:49:42.000Z,"Maungkan, Sagaing Region, Myanmar (Burma)",Myanmar,MM,Asia,earthquake,1716925463,1716924724,0,,"25.02,95.12",2024-05-28 19:32:04,2024-05-29 02:02:04,Saigang,Hkamti,Homalin,Chaung Son,village,6.4
21.041,99.887,1.0,2.8,ml,,,,,,th_12031_202405282305,2024-05-28T23:05:37.000Z,"Wan Mu-hsö Hsensawmawng, Shan, Myanmar (Burma)",Myanmar,MM,Asia,earthquake,1716937803,1716937537,1,,"21.04,99.89",2024-05-28 23:05:37,2024-05-29 05:35:37,Shan,Tachileik,Monghpyak,Bu Hsar,village,1.5
23.539,94.6946,94.74,5.4,mww,108.0,31.0,2.331,0.69,us,ems_202405_1665244,2024-05-30T13:17:48.159Z,,"31km ESE of Mawlaik, Myanmar",MM,Asia,earthquake,1716988808,1716988406,0,,"23.52,94.65",2024-05-29 13:13:26,2024-05-29 19:43:26,Saigang,Mawlaik,Mawlaik,Kyoke Thar,village,10.7
20.282,98.389,2.0,2.2,ml,,,,,,th_12036_202405311348,2024-05-31T13:48:21.000Z,"Mong Pan, Shan, Myanmar (Burma)",Myanmar,MM,Asia,earthquake,1717164058,1717163301,0,,"20.28,98.39",2024-05-31 13:48:21,2024-05-31 20:18:21,Shan,Langkho,Mongpan,Hway Ma Hpein,village,2.7
18.345,96.716,1.0,2.4,ml,,,,,,th_12038_202406010552,2024-06-01T05:52:48.000Z,"Yaele, Bago Region, Myanmar (Burma)",Myanmar,MM,Asia,earthquake,1717221734,1717221168,0,,"18.35,96.72",2024-06-01 05:52:48,2024-06-01 12:22:48,Bago,Taungoo,Kyaukkyi,La Pat,village,1.5
21.106,99.84,5.0,3.1,ml,,,,,,th_12039_202406011102,2024-06-01T11:02:07.000Z,"Yangka, Shan, Myanmar (Burma)",Myanmar,MM,Asia,earthquake,1717240112,1717239727,1,,"21.11,99.84",2024-06-01 11:02:07,2024-06-01 17:32:07,Shan,Kengtung,Kengtung,Nawng Hsar (Upper),village,1.6
24.71,95.21,10.0,3.3,ml,,,,,,in_S3pQQW5xQ3g5Z2JxS0g3bjBmeVBmQT09,2024-06-02T08:29:03.000Z,"Namchaw, Sagaing Region, Myanmar (Burma)",Myanmar,MM,Asia,earthquake,1717316651,1717240665,0,,"24.71,95.21",2024-06-01 11:17:45,2024-06-01 17:47:45,Saigang,Hkamti,Homalin,Kan Kyaw Ya,village,2.1
25.23,96.32,120.0,3.6,ml,,,,,,in_OFF6VzA1SDdPR3BEdXdBT1lhVkNLZz09,2024-06-01T23:00:13.000Z,"Nanmilaung, Kachin, Myanmar (Burma)",Myanmar,MM,Asia,earthquake,1717283846,1717282813,0,,"25.23,96.32",2024-06-01 23:00:13,2024-06-02 05:30:13,Kachin,Mohnyin,Mohnyin,Nam Tawng Se,village,1.9
22.8795,94.5828,99.0,4.8,mb,,,,,,gfz2024kufh,2024-06-02T21:01:19.000Z,Kale District,Myanmar,MM,Asia,earthquake,1717318566,1717317898,0,,"22.92,94.69",2024-06-02 08:44:58,2024-06-02 15:14:58,Saigang,Kale,Mingin,Nga Ohn,village,1.6
17.72,95.16,160.0,4.0,ml,,,,,,in_bks2TlFvWDVzVi8ySGVUdEU5YXNRUT09,2024-06-03T13:21:11.000Z,"Myo Kwin, Ayeyarwady, Myanmar (Burma)",Myanmar,MM,Asia,earthquake,1717421913,1717420871,0,,"17.72,95.16",2024-06-03 13:21:11,2024-06-03 19:51:11,Ayeyarwady,Hinthada,Ingapu,Kyaung Kwin,village,0.1
20.192,98.131,2.0,2.2,ml,,,,,,th_12046_202406052018,2024-06-05T20:18:04.000Z,"Chueh Chu, Shan, Myanmar (Burma)",Myanmar,MM,Asia,earthquake,1717619335,1717618684,0,,"20.19,98.13",2024-06-05 20:18:04,2024-06-06 02:48:04,Shan,Langkho,Mongpan,Nawng Lay,village,5.4
23.81,93.79,60.0,3.8,ml,,,,,,in_SGl0TUNYcXBIVjFETktyMDNXU3phQT09,2024-06-06T10:35:40.000Z,Falam District,Myanmar,MM,Asia,earthquake,1717670141,1717669700,0,,"23.81,93.79",2024-06-06 10:28:20,2024-06-06 16:58:20,Chin,Falam,Tonzang,Khuangkhan,village,3.0
16.311,96.509,10.0,3.5,ml,,,,,,th_12048_202406071634,2024-06-07T16:34:43.000Z,Myanmar (Burma),Near South Coast of Myanmar,MM,Asia,earthquake,1717781635,1717778083,0,,"16.31,96.51",2024-06-07 16:34:43,2024-06-07 23:04:43,,,,Htan Chauk Pin,village,21.5
19.69,96.997,2.0,2.4,ml,,,,,,th_12050_202406080820,2024-06-08T08:20:28.000Z,"Moe Bye, Shan, Myanmar (Burma)",Myanmar,MM,Asia,earthquake,1717886027,1717834828,0,,"19.69,97.00",2024-06-08 08:20:28,2024-06-08 14:50:28,Shan,Taunggyi,Pekon,Myay Ni Kone,village,2.5
24.46,95.56,17.0,3.3,ml,,,,,,in_ZURKVHdaL1RIUHJvSERFTTU0S2RpUT09,2024-06-08T12:42:35.000Z,"Naungkan, Sagaing Region, Myanmar (Burma)",Myanmar,MM,Asia,earthquake,1717850369,1717849895,0,,"24.46,95.56",2024-06-08 12:31:35,2024-06-08 19:01:35,Saigang,Katha,Banmauk,Par Pyin Khan,village,5.1
18.056,95.895,10.0,2.8,ml,,,,,,th_12051_202406081653,2024-06-08T16:53:26.000Z,"Haingyu, Bago Region, Myanmar (Burma)",Myanmar,MM,Asia,earthquake,1717886781,1717865606,0,,"18.06,95.90",2024-06-08 16:53:26,2024-06-08 23:23:26,Bago,Thayarwady,Minhla,Se,village,5.6
18.6,97.613,5.0,2.0,ml,,,,,,th_12049_202406082017,2024-06-08T20:17:11.000Z,"Panti Sakan, Kayah State, Myanmar (Burma)",Myanmar,MM,Asia,earthquake,1717878427,1717877831,0,,"18.60,97.61",2024-06-08 20:17:11,2024-06-09 02:47:11,Kayah,Bawlake,Mese,Ho Seit,village,4.4
21.01,99.897,1.0,1.8,ml,,,,,,th_12052_202406091910,2024-06-09T19:10:48.000Z,"Wan Mu-hsö Hsensawmawng, Shan, Myanmar (Burma)",Myanmar,MM,Asia,earthquake,1717960870,1717960248,1,,"21.01,99.90",2024-06-09 19:10:48,2024-06-10 01:40:48,Shan,Tachileik,Monghpyak,Taung Po (1),village,1.5
20.159,98.941,2.0,1.8,ml,,,,,,th_12053_202406092050,2024-06-09T20:50:01.000Z,"Wan Mè-kin, Shan, Myanmar (Burma)",Myanmar,MM,Asia,earthquake,1717967040,1717966201,0,,"20.16,98.94",2024-06-09 20:50:01,2024-06-10 03:20:01,Shan,Monghsat,Mongton,Mauk Sa Li,village,0.8
18.945,96.328,10.0,2.9,ml,,,,,,th_12054_202406092126,2024-06-09T21:26:39.000Z,"Kanbaukkyi, Bago Region, Myanmar (Burma)",Myanmar,MM,Asia,earthquake,1717968890,1717968399,0,,"18.95,96.33",2024-06-09 21:26:39,2024-06-10 03:56:39,Bago,Taungoo,Taungoo,Ah Htet Pan Be,village,0.6
18.796,97.417,1.0,2.5,ml,,,,,,th_12057_202406101455,2024-06-10T14:55:49.000Z,"Hwè Papük, Kayah State, Myanmar (Burma)",Myanmar,MM,Asia,earthquake,1718032059,1718031349,0,,"18.80,97.42",2024-06-10 14:55:49,2024-06-10 21:25:49,Kayah,Bawlake,Mese,Kyauk Su,village,4.0
20.761,98.993,1.0,2.3,ml,,,,,,th_12058_202406101839,2024-06-10T18:39:30.000Z,"Ta Pe, Shan, Myanmar (Burma)",Myanmar,MM,Asia,earthquake,1718045786,1718044770,0,,"20.76,98.99",2024-06-10 18:39:30,2024-06-11 01:09:30,Shan,Kengtung,Mongping,Par Wa (1),village,2.8
20.141,98.93,2.0,1.9,ml,,,,,,th_12059_202406102147,2024-06-10T21:47:44.000Z,"Wan Mè-kin, Shan, Myanmar (Burma)",Myanmar,MM,Asia,earthquake,1718056463,1718056064,1,,"20.14,98.93",2024-06-10 21:47:44,2024-06-11 04:17:44,Shan,Monghsat,Mongton,Mauk Sa Li,village,2.9
20.137,98.964,2.0,2.6,ml,,,,,,th_12061_202406110522,2024-06-11T05:22:22.000Z,Mong Ton Township,Myanmar,MM,Asia,earthquake,1718084144,1718083342,0,,"20.14,98.96",2024-06-11 05:22:22,2024-06-11 11:52:22,Shan,Monghsat,Mongton,Mauk Sa Li,village,4.1
20.16,98.95,1.0,2.1,ml,,,,,,th_12062_202406110525,2024-06-11T05:25:08.000Z,"Wan Mè-kin, Shan, Myanmar (Burma)",Myanmar,MM,Asia,earthquake,1718097608,1718083508,1,,"20.16,98.95",2024-06-11 05:25:08,2024-06-11 11:55:08,Shan,Monghsat,Mongton,Mauk Sa Li,village,1.3
21.851,99.096,10.0,3.0,ml,,,,,,th_12064_202406111256,2024-06-11T12:56:13.000Z,"Wan Namtawnkang, Shan, Myanmar (Burma)",Myanmar,MM,Asia,earthquake,1718111960,1718110573,0,,"21.85,99.10",2024-06-11 12:56:13,2024-06-11 19:26:13,Shan,Kengtung,Mongkhet,Nam Tawt,village,9.1
20.094,97.929,10.0,2.3,ml,,,,,,th_12065_202406111301,2024-06-11T13:01:21.000Z,"Wan Kongpao, Shan, Myanmar (Burma)",Myanmar,MM,Asia,earthquake,1718113751,1718110881,0,,"20.09,97.93",2024-06-11 13:01:21,2024-06-11 19:31:21,Shan,Langkho,Langkho,Pong Lawng,village,5.6
19.464,97.735,4.0,1.7,ml,,,,,,th_12066_202406111406,2024-06-11T14:06:33.000Z,"Hwè-yao, Kayah State, Myanmar (Burma)",Myanmar,MM,Asia,earthquake,1718121017,1718114793,0,,"19.46,97.74",2024-06-11 14:06:33,2024-06-11 20:36:33,Kayah,Loikaw,Shadaw,Ban Mai Sa Pe,village,13.2
20.3,99.17,3.0,2.7,ml,,,,,,th_12067_202406121235,2024-06-12T12:35:46.000Z,"Wan Me-hai, Shan, Myanmar (Burma)",Myanmar,MM,Asia,earthquake,1718196042,1718195746,0,,"20.30,99.17",2024-06-12 12:35:46,2024-06-12 19:05:46,Shan,Monghsat,Mongton,Ho Ywet,village,4.5
20.314,98.187,7.0,2.1,ml,,,,,,th_12068_202406121510,2024-06-12T15:10:35.000Z,"Na-law, Shan, Myanmar (Burma)",Myanmar,MM,Asia,earthquake,1718207321,1718205035,0,,"20.31,98.19",2024-06-12 15:10:35,2024-06-12 21:40:35,Shan,Langkho,Mongpan,Nawng Par Mun,village,2.3
23.53,93.96,10.0,3.6,ml,,,,,,in_dG9IUjZmRmhWdzZ3V21KQXVWTHJiZz09,2024-06-13T02:42:39.000Z,"Sialthaw, Chin State, Myanmar (Burma)",Myanmar,MM,Asia,earthquake,1718246291,1718245590,0,,"23.53,93.96",2024-06-13 02:26:30,2024-06-13 08:56:30,Chin,Falam,Tonzang,Taaklam,village,4.9
21.062,99.849,3.0,2.6,ml,,,,,,th_12069_202406131430,2024-06-13T14:30:38.000Z,"Yangka, Shan, Myanmar (Burma)",Myanmar,MM,Asia,earthquake,1718289743,1718289038,0,,"21.06,99.85",2024-06-13 14:30:38,2024-06-13 21:00:38,Shan,Kengtung,Kengtung,Hpa Pe,village,2.0
21.145,99.92,2.0,2.1,ml,,,,,,th_12070_202406131434,2024-06-13T14:34:28.000Z,"Wan Hsenlong, Shan, Myanmar (Burma)",Myanmar,MM,Asia,earthquake,1718292365,1718289268,1,,"21.15,99.92",2024-06-13 14:34:28,2024-06-13 21:04:28,Shan,Kengtung,Kengtung,Ah Yaw Day,village,0.7
19.612,97.683,1.0,1.9,ml,,,,,,th_12071_202406141914,2024-06-14T19:14:46.000Z,"Daw Pawtu, Kayah State, Myanmar (Burma)",Myanmar,MM,Asia,earthquake,1718393819,1718392486,0,,"19.61,97.68",2024-06-14 19:14:46,2024-06-15 01:44:46,Kayah,Loikaw,Shadaw,Sa Laung,village,9.3
20.936,97.811,5.0,2.2,ml,,,,,,th_12072_202406151919,2024-06-15T19:19:46.000Z,"Nawnghe, Shan, Myanmar (Burma)",Myanmar,MM,Asia,earthquake,1718480351,1718479186,0,,"20.94,97.81",2024-06-15 19:19:46,2024-06-16 01:49:46,Shan,Loilen,Nansang,Kone Kyawng,village,0.9
18.919,95.95,10.0,2.9,ml,,,,,,th_12073_202406160040,2024-06-16T00:40:01.000Z,"Shwe-eik Te, Bago Region, Myanmar (Burma)",Myanmar,MM,Asia,earthquake,1718501694,1718498401,0,,"18.92,95.95",2024-06-16 00:40:01,2024-06-16 07:10:01,Bago,Taungoo,Taungoo,Shwe Taung Ngwe Taung (current),village,8.3
21.809,99.024,10.0,3.0,ml,,,,,,th_12074_202406170951,2024-06-17T09:51:33.000Z,"Wan Hsi-hsaw, Shan, Myanmar (Burma)",Myanmar,MM,Asia,earthquake,1718620144,1718617893,0,,"21.81,99.02",2024-06-17 09:51:33,2024-06-17 16:21:33,Shan,Kengtung,Mongkhet,Hway Lit,village,1.7
21.071,99.943,1.0,1.7,ml,,,,,,th_12077_202406202123,2024-06-20T21:23:29.000Z,"Wan Hkang Ho-paw, Shan, Myanmar (Burma)",Myanmar,MM,Asia,earthquake,1718919018,1718918609,1,,"21.07,99.94",2024-06-20 21:23:29,2024-06-21 03:53:29,Shan,Tachileik,Monghpyak,Haw Mi To,village,3.3
25.58,95.88,5.0,2.8,ml,,,,,,in_d0gyeThXWWVOM1AvTlRBeUdIdkpaZz09,2024-06-21T23:56:34.000Z,"Ainda, Sagaing Region, Myanmar (Burma)","West Khasi Hills, Meghalaya",MM,Asia,earthquake,1719013867,1719013185,0,,"25.58,95.88",2024-06-21 23:39:45,2024-06-22 06:09:45,Saigang,Hkamti,Hkamti,Mu Don,village,13.6
20.184,98.35,1.0,1.9,ml,,,,,,th_12081_202406230011,2024-06-23T00:11:53.000Z,,Myanmar,MM,Asia,earthquake,1719106193,1719101513,0,,"20.18,98.35",2024-06-23 00:11:53,2024-06-23 06:41:53,Shan,Langkho,Mongpan,Nawng Lum,village,6.9
19.291,95.787,10.0,2.9,ml,,,,,,th_12080_202406230026,2024-06-23T00:26:26.000Z,,Myanmar,MM,Asia,earthquake,1719105561,1719102386,0,,"19.29,95.79",2024-06-23 00:26:26,2024-06-23 06:56:26,Magway,Thayet,Aunglan,Ngar Yant Kyaw,village,2.7
19.024,95.645,10.0,2.7,ml,,,,,,th_12085_202406251713,2024-06-25T17:13:36.000Z,"Ayadaw, Bago Region, Myanmar (Burma)",Myanmar,MM,Asia,earthquake,1719338165,1719335616,0,,"19.02,95.65",2024-06-25 17:13:36,2024-06-25 23:43:36,Bago,Pyay,Paukkhaung,Tha Yet Ta Pin,village,1.5
23.55,93.91,10.0,3.4,ml,,,,,,in_Y25ENEhZV3ZvNXVKOUVDRW05YzZuUT09,2024-06-27T05:14:33.000Z,"Sialthaw, Chin State, Myanmar (Burma)",Myanmar,MM,Asia,earthquake,1719465120,1719427195,0,,"23.55,93.91",2024-06-26 18:39:55,2024-06-27 01:09:55,Chin,Falam,Tonzang,Sialthaw,village,1.1
21.13,99.381,1.0,2.5,ml,,,,,,th_12089_202406262333,2024-06-26T23:33:23.000Z,"Wan Na-hsai, Shan, Myanmar (Burma)",Myanmar,MM,Asia,earthquake,1719445215,1719444803,1,,"21.13,99.38",2024-06-26 23:33:23,2024-06-27 06:03:23,Shan,Kengtung,Kengtung,Ma Hi Pang,village,2.5
19.805,98.26,3.0,1.7,ml,,,,,,th_12092_202406282142,2024-06-28T21:42:36.000Z,"Wan Payok, Shan, Myanmar (Burma)",Myanmar,MM,Asia,earthquake,1719612586,1719610956,0,,"19.81,98.26",2024-06-28 21:42:36,2024-06-29 04:12:36,Shan,Langkho,Langkho,,village,4.2
21.124,99.375,1.0,1.7,ml,,,,,,th_12093_202406290036,2024-06-29T00:36:44.000Z,"Wan Na-hsai, Shan, Myanmar (Burma)",Myanmar,MM,Asia,earthquake,1719622227,1719621404,1,,"21.12,99.38",2024-06-29 00:36:44,2024-06-29 07:06:44,Shan,Kengtung,Kengtung,Nawng Ye,village,2.6
17.934,97.612,2.0,1.7,ml,,,,,,th_12096_202406301955,2024-06-30T19:55:54.000Z,,Myanmar,MM,Asia,earthquake,1719778845,1719777354,0,,"17.93,97.61",2024-06-30 19:55:54,2024-07-01 02:25:54,Kayin,Hpapun,Hpapun,Bwar Doe,village,3.9
16.844,94.856,10.0,3.6,ml,,,,,,th_12097_202407012037,2024-07-01T20:37:31.000Z,"Kan Kone, Ayeyarwady, Myanmar (Burma)",Myanmar,MM,Asia,earthquake,1719867238,1719866251,0,,"16.84,94.86",2024-07-01 20:37:31,2024-07-02 03:07:31,Ayeyarwady,Pathein,Kangyidaunt,Kha Yaung Kwin,village,0.3
20.206,98.968,1.0,2.0,ml,,,,,,th_12098_202407021357,2024-07-02T13:57:18.000Z,,Myanmar,MM,Asia,earthquake,1719929111,1719928638,0,,"20.21,98.97",2024-07-02 13:57:18,2024-07-02 20:27:18,Shan,Monghsat,Mongton,Hway Par Sap,village,4.1
24.62,94.66,40.0,3.8,ml,,,,,,in_dktZUm1naW5QajJoenYxSE1Gb0c1Zz09,2024-07-02T14:14:30.000Z,,Myanmar,MM,Asia,earthquake,1719929438,1719928759,0,,"24.62,94.66",2024-07-02 13:59:19,2024-07-02 20:29:19,Saigang,Hkamti,Homalin,Ywar Thar,village,3.4
20.123,98.983,1.0,2.6,ml,,,,,,th_12100_202407031243,2024-07-03T12:43:03.000Z,"Wan Mè-kin, Shan, Myanmar (Burma)",Myanmar,MM,Asia,earthquake,1720010974,1720010583,0,,"20.12,98.98",2024-07-03 12:43:03,2024-07-03 19:13:03,Shan,Monghsat,Mongton,,village,6.4
19.18,95.99,10.0,4.0,ml,,,,,,in_NUZSVGdjSUNMTS9DL0FSYThOemJhQT09,2024-07-03T15:13:24.000Z,"Kyaukkwe, Bago Region, Myanmar (Burma)",Myanmar,MM,Asia,earthquake,1720020618,1720019604,0,,"19.18,95.99",2024-07-03 15:13:24,2024-07-03 21:43:24,Bago,Taungoo,Yedashe,Myo Ka Taw,village,7.4
19.831,98.226,1.0,2.0,ml,,,,,,th_12102_202407031817,2024-07-03T18:17:30.000Z,"Loi Tai Leng, Shan, Myanmar (Burma)",Myanmar,MM,Asia,earthquake,1720031214,1720030650,0,,"19.83,98.23",2024-07-03 18:17:30,2024-07-04 00:47:30,Shan,Langkho,Langkho,,village,8.3
19.623,94.367,10.0,3.8,ml,,,,,,th_12105_202407051208,2024-07-05T12:08:07.000Z,,Myanmar,MM,Asia,earthquake,1720183416,1720181287,0,,"19.62,94.37",2024-07-05 12:08:07,2024-07-05 18:38:07,Magway,Thayet,Minhla,Kyone,village,15.0
21.158,99.468,1.0,2.8,ml,,,,,,th_12106_202407051233,2024-07-05T12:34:29.000Z,"Wan Namhing, Shan, Myanmar (Burma)",Myanmar,MM,Asia,earthquake,1720183545,1720182869,1,,"21.16,99.48",2024-07-05 12:34:29,2024-07-05 19:04:29,Shan,Kengtung,Kengtung,Htaw Ku Day (2),village,2.4
25.0225,95.2927,128.1,4.4,mb,,,,,,in_ZmJrTVRxcEswNlV0UjlpTU8ycjhTUT09,2024-07-06T16:41:53.000Z,"Kawlkang, Sagaing Region, Myanmar (Burma)",Myanmar,MM,Asia,earthquake,1720200248,1720199676,1,,"25.25,94.93",2024-07-05 17:14:36,2024-07-05 23:44:36,Saigang,Hkamti,Homalin,Naung Moe,village,13.1
18.056,96.356,10.0,2.7,ml,,,,,,th_12114_202407081221,2024-07-08T12:21:04.000Z,"Kocha Te, Bago Region, Myanmar (Burma)",Myanmar,MM,Asia,earthquake,1720441843,1720441264,0,,"18.06,96.36",2024-07-08 12:21:04,2024-07-08 18:51:04,Bago,Bago,Kyauktaga,Myo Chaung,village,11.9
21.168,99.478,4.0,3.1,ml,,,,,,th_12117_202407090113,2024-07-09T01:13:45.000Z,"Wan Pangkaw, Shan, Myanmar (Burma)",Myanmar,MM,Asia,earthquake,1720488296,1720487625,0,,"21.17,99.48",2024-07-09 01:13:45,2024-07-09 07:43:45,Shan,Kengtung,Kengtung,Htaw Ku Day (2),village,3.5
21.352,98.706,1.0,2.1,ml,,,,,,th_12124_202407101445,2024-07-10T14:45:13.000Z,,Myanmar,MM,Asia,earthquake,1720624213,1720622713,0,,"21.35,98.71",2024-07-10 14:45:13,2024-07-10 21:15:13,Shan,Kengtung,Mongping,Hkon Kyant,village,0.3
20.397,98.982,1.0,1.8,ml,,,,,,th_12125_202407102014,2024-07-10T20:14:12.000Z,"Tuntawng, Shan, Myanmar (Burma)",Myanmar,MM,Asia,earthquake,1720643275,1720642452,0,,"20.40,98.98",2024-07-10 20:14:12,2024-07-11 02:44:12,Shan,Monghsat,Mongton,Nawng Yar Hseng,village,1.5
15.397,96.511,10.0,3.5,ml,,,,,,th_12127_202407111427,2024-07-11T14:27:09.000Z,,Near South Coast of Myanmar,MM,Asia,earthquake,1720709605,1720708029,0,,"15.40,96.51",2024-07-11 14:27:09,2024-07-11 20:57:09,,,,Oke Aw Lan,village,108.5
15.283,96.356,10.0,3.0,ml,,,,,,th_12128_202407111429,2024-07-11T14:29:55.000Z,Myanmar (Burma),Near South Coast of Myanmar,MM,Asia,earthquake,1720711266,1720708195,0,,"15.28,96.36",2024-07-11 14:29:55,2024-07-11 20:59:55,,,,Tha Yet Pin Seik,village,104.8
20.641,99.92,2.0,1.6,ml,,,,,,th_12131_202407130001,2024-07-13T00:01:20.000Z,,Myanmar,MM,Asia,earthquake,1720830459,1720828880,0,,"20.64,99.92",2024-07-13 00:01:20,2024-07-13 06:31:20,Shan,Tachileik,Tachileik,Nam Tun,village,1.3
17.002,95.908,12.0,3.6,ml,,,,,,th_12133_202407130956,2024-07-13T09:56:18.000Z,,Myanmar,MM,Asia,earthquake,1720865273,1720864578,0,,"17.00,95.91",2024-07-13 09:56:18,2024-07-13 16:26:18,Yangon,Yangon (North),Htantabin,Nyaung Kone,village,1.5
19.895,97.517,1.0,2.0,ml,,,,,,th_12135_202407140534,2024-07-14T05:34:39.000Z,"Daw Ta Naw, Kayah State, Myanmar (Burma)",Myanmar,MM,Asia,earthquake,1720947705,1720935279,0,,"19.90,97.52",2024-07-14 05:34:39,2024-07-14 12:04:39,Kayah,Loikaw,Shadaw,Daw Ta Khu,village,5.9
20.92,99.932,1.0,1.9,ml,,,,,,th_12136_202407141433,2024-07-14T14:33:48.000Z,"Monghpyak, Shan, Myanmar (Burma)",Myanmar,MM,Asia,earthquake,1720970297,1720967628,1,,"20.92,99.93",2024-07-14 14:33:48,2024-07-14 21:03:48,Shan,Tachileik,Monghpyak,Wan Lway,village,2.3
23.55,94.21,95.0,4.2,ml,,,,,,in_SWFsOVhxWXU2YzEzNXpCNGxVUmZXUT09,2024-07-14T16:28:29.000Z,"Pyaungbok, Sagaing Region, Myanmar (Burma)",Myanmar,MM,Asia,earthquake,1720974464,1720973898,0,,"23.55,94.21",2024-07-14 16:18:18,2024-07-14 22:48:18,Saigang,Kale,Kale,Yan Myo Aung,village,8.8
20.561,94.918,10.0,3.4,ml,,,,,,th_12138_202407150348,2024-07-15T03:48:46.000Z,"Kyemyin, Magway Region, Myanmar (Burma)",Myanmar,MM,Asia,earthquake,1721024718,1721015326,0,,"20.56,94.92",2024-07-15 03:48:46,2024-07-15 10:18:46,Magway,Magway,Yenangyaung,Kyi Myint,village,1.3
20.811,98.36,1.0,2.3,ml,,,,,,th_12139_202407150722,2024-07-15T07:22:29.000Z,,Myanmar,MM,Asia,earthquake,1721033572,1721028149,0,,"20.81,98.36",2024-07-15 07:22:29,2024-07-15 13:52:29,Shan,Langkho,Mongnai,,village,4.9
21.118,99.904,1.0,2.2,ml,,,,,,th_12140_202407151553,2024-07-15T15:53:42.000Z,"Wan Hsenlong, Shan, Myanmar (Burma)",Myanmar,MM,Asia,earthquake,1721059293,1721058822,1,,"21.12,99.90",2024-07-15 15:53:42,2024-07-15 22:23:42,Shan,Kengtung,Kengtung,Mong Kun,village,0.8
16.964,96.46,33.0,3.3,ml,,,,,,th_12141_202407152125,2024-07-15T21:25:33.000Z,Yangon South,Myanmar,MM,Asia,earthquake,1721083010,1721078733,0,,"16.96,96.46",2024-07-15 21:25:33,2024-07-16 03:55:33,Yangon,Yangon (South),Kayan,Min Wea,village,0.4
19.799,98.219,3.0,2.4,ml,,,,,,th_12142_202407160954,2024-07-16T09:54:52.000Z,"Loi Tai Leng, Shan, Myanmar (Burma)",Myanmar,MM,Asia,earthquake,1721124040,1721123692,0,,"19.80,98.22",2024-07-16 09:54:52,2024-07-16 16:24:52,Shan,Langkho,Langkho,Loi Tai Leng,town,6.4
23.03,94.06,50.0,3.6,ml,,,,,,in_S2g3NTBaZlVjdFczTUVud0VRS2RYdz09,2024-07-17T05:00:26.000Z,"Natmyaung, Sagaing Region, Myanmar (Burma)",Myanmar,MM,Asia,earthquake,1721192245,1721191719,0,,"23.03,94.06",2024-07-17 04:48:39,2024-07-17 11:18:39,Saigang,Kale,Kale,Nat Nan,village,0.7
18.51,96.128,10.0,3.3,ml,,,,,,th_12147_202407170449,2024-07-17T04:49:23.000Z,"Ko Kyaban Te, Bago Region, Myanmar (Burma)",Myanmar,MM,Asia,earthquake,1721214956,1721191763,0,,"18.51,96.13",2024-07-17 04:49:23,2024-07-17 11:19:23,Bago,Taungoo,Phyu,Kywe Ma Ku,village,28.1
21.689,99.329,1.0,2.4,ml,,,,,,th_12148_202407171745,2024-07-17T17:45:56.000Z,,Myanmar,MM,Asia,earthquake,1721256279,1721238356,0,,"21.69,99.33",2024-07-17 17:45:56,2024-07-18 00:15:56,Shan,Kengtung,Mongkhet,Wan Nawng,village,1.7
23.732,98.053,5.0,3.3,ml,,,,,,th_12150_202407190938,2024-07-19T09:38:03.000Z,"Hona, Shan, Myanmar (Burma)",Myanmar,MM,Asia,earthquake,1721387601,1721381883,0,,"23.73,98.05",2024-07-19 09:38:03,2024-07-19 16:08:03,Shan,Muse,Kutkai,Daknai,village,3.4
26.82,95.91,30.0,3.6,ml,,,,,,in_QUM1YXRHQzdWZEhnSTYrWGhPU0dVdz09,2024-07-20T07:00:37.000Z,"Ringhkau Ga, Sagaing Region, Myanmar (Burma)",Myanmar,MM,Asia,earthquake,1721458767,1721398953,0,,"26.82,95.91",2024-07-19 14:22:33,2024-07-19 20:52:33,Saigang,Hkamti,Nanyun,Chenkok,village,7.5
20.245,98.143,1.0,2.8,ml,,,,,,th_12157_202407211515,2024-07-21T15:15:29.000Z,"Chueh Chu, Shan, Myanmar (Burma)",Myanmar,MM,Asia,earthquake,1721575648,1721574929,0,,"20.25,98.14",2024-07-21 15:15:29,2024-07-21 21:45:29,Shan,Langkho,Mongpan,Nawng Lay,village,6.9
22.6784,94.3804,30.0,4.4,mb,,,,,,in_d0xlSTFpSXZzdHVRQ3Zlckhna0VBdz09,2024-07-22T06:23:04.000Z,"Tongyi, Sagaing Region, Myanmar (Burma)",Myanmar,MM,Asia,earthquake,1721594279,1721593166,0,,"22.86,93.77",2024-07-21 20:19:26,2024-07-22 02:49:26,Saigang,Kale,Mingin,Tat Chaung,village,3.2
19.954,98.101,1.0,2.4,ml,,,,,,th_12161_202407220056,2024-07-22T00:56:21.000Z,"Wan Nawnghsem, Shan, Myanmar (Burma)",Myanmar,MM,Asia,earthquake,1721612809,1721609781,0,,"19.95,98.10",2024-07-22 00:56:21,2024-07-22 07:26:21,Shan,Langkho,Langkho,Pong Lawng,village,23.7
20.657,98.044,4.0,2.3,ml,,,,,,th_12168_202407241721,2024-07-24T17:21:15.000Z,"Nawngleng, Shan, Myanmar (Burma)",Myanmar,MM,Asia,earthquake,1721855046,1721841675,0,,"20.66,98.04",2024-07-24 17:21:15,2024-07-24 23:51:15,Shan,Langkho,Mongnai,Nawng Yar Hseng,village,1.9
20.222,98.705,3.0,2.1,ml,,,,,,th_12173_202407261233,2024-07-26T12:33:52.000Z,"Hsuphang, Shan, Myanmar (Burma)",Myanmar,MM,Asia,earthquake,1721997886,1721997232,0,,"20.22,98.71",2024-07-26 12:33:52,2024-07-26 19:03:52,Shan,Monghsat,Mongton,Gaw Taw,village,18.2
19.837,98.188,7.0,3.4,ml,,,,,,th_12176_202407261845,2024-07-26T18:45:12.000Z,"Loi Tai Leng, Shan, Myanmar (Burma)",Myanmar,MM,Asia,earthquake,1722020373,1722019512,0,,"19.84,98.19",2024-07-26 18:45:12,2024-07-27 01:15:12,Shan,Langkho,Langkho,Loi Tai Leng,town,10.9
25.9,96.41,10.0,3.7,ml,,,,,,in_K2E5Mzl1WGU1aXpvdkVRMnB5RVJ1UT09,2024-07-26T22:28:28.000Z,"Kansi, Kachin, Myanmar (Burma)",Myanmar,MM,Asia,earthquake,1722032737,1722032193,0,,"25.90,96.41",2024-07-26 22:16:33,2024-07-27 04:46:33,Kachin,Myitkyina,Tanai,Kansi,village,13.3
19.818,98.193,1.0,1.9,ml,,,,,,th_12178_202407270356,2024-07-27T03:56:26.000Z,,Myanmar,MM,Asia,earthquake,1722054875,1722052586,0,,"19.82,98.19",2024-07-27 03:56:26,2024-07-27 10:26:26,Shan,Langkho,Langkho,Loi Tai Leng,town,8.7
17.613,95.3,10.0,3.6,ml,,,,,,th_12179_202407272111,2024-07-27T21:11:48.000Z,"Lemyethna, Ayeyarwady, Myanmar (Burma)",Myanmar,MM,Asia,earthquake,1722118334,1722114708,1,,"17.59,95.14",2024-07-27 21:11:48,2024-07-28 03:41:48,Ayeyarwady,Hinthada,Hinthada,San Gyi Daunt,village,0.4
18.155,96.672,10.0,2.7,ml,,,,,,th_12182_202407280833,2024-07-28T08:33:21.000Z,"Kyauksayit, Bago Region, Myanmar (Burma)",Myanmar,MM,Asia,earthquake,1722158489,1722155601,0,,"18.16,96.67",2024-07-28 08:33:21,2024-07-28 15:03:21,Bago,Bago,Kyauktaga,Tha Min Inn Kone,village,0.6
21.83,93.59,120.0,4.3,ml,,,,,,in_TFhTMXJkcnFVWWhmY1k5MHBqY3ladz09,2024-07-28T10:21:27.000Z,,Myanmar,MM,Asia,earthquake,1722161916,1722161468,0,,"21.83,93.59",2024-07-28 10:11:08,2024-07-28 16:41:08,Chin,Mindat,Matupi,Resaw,village,3.0
24.28,94.33,106.0,3.6,ml,,,,,,in_MWZIcG0xeXlKTlB6QnZ6czNEdGllZz09,2024-07-29T09:21:38.000Z,"Tamu, Sagaing Region, Myanmar (Burma)",Myanmar,MM,Asia,earthquake,1722244692,1722244148,0,,"24.28,94.33",2024-07-29 09:09:08,2024-07-29 15:39:08,Saigang,Tamu,Tamu,,village,2.7
20.379,98.404,2.0,1.9,ml,,,,,,th_12185_202407291207,2024-07-29T12:07:37.000Z,"Mong Pan, Shan, Myanmar (Burma)",Myanmar,MM,Asia,earthquake,1722295444,1722254857,0,,"20.38,98.40",2024-07-29 12:07:37,2024-07-29 18:37:37,Shan,Langkho,Mongpan,Ton Tit,village,3.8
20.441,98.401,8.0,1.9,ml,,,,,,th_12187_202407291406,2024-07-29T14:06:30.000Z,"Wan Namhok, Shan, Myanmar (Burma)",Myanmar,MM,Asia,earthquake,1722296015,1722261990,0,,"20.44,98.40",2024-07-29 14:06:30,2024-07-29 20:36:30,Shan,Langkho,Mongpan,Ton Tit,village,10.1
19.837,97.346,1.0,2.1,ml,,,,,,th_12186_202407292110,2024-07-29T21:10:04.000Z,,Myanmar,MM,Asia,earthquake,1722295543,1722287404,0,,"19.84,97.35",2024-07-29 21:10:04,2024-07-30 03:40:04,Kayah,Loikaw,Loikaw,Daw Par Pa,village,1.9
21.079,99.958,1.0,2.8,ml,,,,,,th_12189_202407301050,2024-07-30T10:50:39.000Z,"Wan Hkang Ho-paw, Shan, Myanmar (Burma)",Myanmar,MM,Asia,earthquake,1722337732,1722336639,1,,"21.08,99.96",2024-07-30 10:50:39,2024-07-30 17:20:39,Shan,Tachileik,Monghpyak,Nam Ni,village,3.1
22.144,97.807,10.0,3.2,ml,,,,,,th_12190_202407301127,2024-07-30T11:27:48.000Z,,Myanmar,MM,Asia,earthquake,1722340018,1722338868,0,,"22.14,97.81",2024-07-30 11:27:48,2024-07-30 17:57:48,Shan,Kyaukme,Hsipaw,Man Shoe,village,4.5
20.189,97.813,1.0,1.9,ml,,,,,,th_12191_202407301828,2024-07-30T18:28:05.000Z,"Wan Hat, Shan, Myanmar (Burma)",Myanmar,MM,Asia,earthquake,1722364885,1722364085,1,,"20.19,97.81",2024-07-30 18:28:05,2024-07-31 00:58:05,Shan,Langkho,Langkho,Ti Nyu,village,3.7
21.149,99.976,1.0,2.4,ml,,,,,,th_12193_202407310051,2024-07-31T00:51:34.000Z,"Wan Hsenlong, Shan, Myanmar (Burma)",Myanmar,MM,Asia,earthquake,1722388731,1722387094,1,,"21.15,99.98",2024-07-31 00:51:34,2024-07-31 07:21:34,Shan,Tachileik,Monghpyak,Shan Htan,village,3.1
23.03,93.97,109.0,4.0,ml,,,,,,in_cjlMNjN4R0paZnRqckhvTS9JMXE3Zz09,2024-07-31T20:42:28.000Z,"Hakhalay, Chin State, Myanmar (Burma)",Myanmar,MM,Asia,earthquake,1722458410,1722457928,0,,"23.03,93.97",2024-07-31 20:32:08,2024-08-01 03:02:08,Chin,Falam,Falam,Si Thar,village,5.6
18.38,97.301,2.0,2.0,ml,,,,,,th_12195_202408011734,2024-08-01T17:34:51.000Z,Hpapun District,Myanmar,MM,Asia,earthquake,1722536335,1722533691,0,,"18.38,97.30",2024-08-01 17:34:51,2024-08-02 00:04:51,Kayin,Hpapun,Hpapun,Hpaw Mu Khar Doe,village,4.5
19.819,98.358,4.0,2.2,ml,,,,,,th_12200_202408041547,2024-08-04T15:47:32.000Z,"Wan Punglong, Shan, Myanmar (Burma)",Myanmar,MM,Asia,earthquake,1722787268,1722786452,0,,"19.82,98.36",2024-08-04 15:47:32,2024-08-04 22:17:32,Shan,Langkho,Langkho,Kone Ti Vi,village,3.5
18.136,95.291,100.0,3.0,ml,,,,,,th_12203_202408051231,2024-08-05T12:31:15.000Z,,Myanmar,MM,Asia,earthquake,1722861773,1722861075,0,,"18.14,95.29",2024-08-05 12:31:15,2024-08-05 19:01:15,Ayeyarwady,Hinthada,Myanaung,Daunt Gyi,village,0.5
20.279,99.28,1.0,1.5,ml,,,,,,th_12207_202408061058,2024-08-06T10:58:41.000Z,"Hsenpawmöng, Shan, Myanmar (Burma)",Myanmar,MM,Asia,earthquake,1722942367,1722941921,0,,"20.28,99.28",2024-08-06 10:58:41,2024-08-06 17:28:41,Shan,Monghsat,Monghsat,Pu Dee,village,2.0
24.1989,94.9885,10.946,4.5,mb,30.0,104.0,6.798,0.55,us,in_S3dEUExZeThnVDZNbDYzZ3F4NG5idz09,2024-08-09T05:02:35.040Z,,"85km NE of Mawlaik, Myanmar",MM,Asia,earthquake,1723038293,1723037755,1,,"24.19,94.60",2024-08-07 13:35:55,2024-08-07 20:05:55,Saigang,Mawlaik,Paungbyin,Haw Zaung,village,2.8
20.278,99.301,1.0,1.8,ml,,,,,,th_12211_202408071640,2024-08-07T16:40:38.000Z,,Myanmar,MM,Asia,earthquake,1723059647,1723048838,0,,"20.28,99.30",2024-08-07 16:40:38,2024-08-07 23:10:38,Shan,Monghsat,Monghsat,Pu Dee,village,3.1
21.101,99.821,1.0,3.0,ml,,,,,,th_12213_202408072010,2024-08-07T20:10:10.000Z,"Yangka, Shan, Myanmar (Burma)",Myanmar,MM,Asia,earthquake,1723062025,1723061410,0,,"21.10,99.82",2024-08-07 20:10:10,2024-08-08 02:40:10,Shan,Kengtung,Kengtung,Nawng Hsar (Upper),village,1.3
20.923,100.457,2.0,1.5,ml,,,,,,th_12215_202408080719,2024-08-08T07:19:16.000Z,"Ai-nu, Shan, Myanmar (Burma)",Myanmar,MM,Asia,earthquake,1723104239,1723101556,0,,"20.92,100.46",2024-08-08 07:19:16,2024-08-08 13:49:16,Shan,Tachileik,Tachileik,Nam Ngawt,village,8.3
20.951,100.374,10.0,2.3,ml,,,,,,th_12219_202408082141,2024-08-08T21:41:38.000Z,,Myanmar,MM,Asia,earthquake,1723170605,1723153298,0,,"20.95,100.37",2024-08-08 21:41:38,2024-08-09 04:11:38,Shan,Tachileik,Tachileik,Nam Wan,village,11.9
20.94,100.42,10.0,2.0,ml,,,,,,th_12220_202408082148,2024-08-08T21:48:26.000Z,"Ai-nu, Shan, Myanmar (Burma)",Myanmar,MM,Asia,earthquake,1723170790,1723153706,0,,"20.94,100.42",2024-08-08 21:48:26,2024-08-09 04:18:26,Shan,Tachileik,Tachileik,Nam Wan,village,10.9
20.319,97.897,2.0,2.5,ml,,,,,,th_12218_202408082203,2024-08-08T22:03:32.000Z,"Kehkwang, Shan, Myanmar (Burma)",Myanmar,MM,Asia,earthquake,1723157647,1723154612,0,,"20.32,97.90",2024-08-08 22:03:32,2024-08-09 04:33:32,Shan,Langkho,Langkho,Nar Lin,village,6.1
20.044,98.031,10.0,2.2,ml,,,,,,th_12221_202408090809,2024-08-09T08:09:05.000Z,"Wan Konlang, Shan, Myanmar (Burma)",Myanmar,MM,Asia,earthquake,1723196858,1723190945,0,,"20.04,98.03",2024-08-09 08:09:05,2024-08-09 14:39:05,Shan,Langkho,Langkho,Pong Lawng,village,11.3
20.686,98.338,10.0,2.2,ml,,,,,,th_12222_202408092328,2024-08-09T23:28:43.000Z,"Wan Kengh Kam, Shan, Myanmar (Burma)",Myanmar,MM,Asia,earthquake,1723246863,1723246123,0,,"20.69,98.34",2024-08-09 23:28:43,2024-08-10 05:58:43,Shan,Langkho,Mongnai,Nawng Tawng,village,3.7
20.738,98.609,2.0,2.1,ml,,,,,,th_12223_202408101552,2024-08-10T15:52:16.000Z,,Myanmar,MM,Asia,earthquake,1723307174,1723305136,0,,"20.74,98.61",2024-08-10 15:52:16,2024-08-10 22:22:16,Shan,Monghsat,Mongton,Mae Yoe Hkar,village,7.1
23.73,94.19,70.0,3.6,ml,,,,,,in_QnVxZDJ5MndheG5sTmllWVdEZUlYdz09,2024-08-12T14:07:29.000Z,"Khampat, Sagaing Region, Myanmar (Burma)",Myanmar,MM,Asia,earthquake,1723471291,1723469455,0,,"23.73,94.19",2024-08-12 13:30:55,2024-08-12 20:00:55,Saigang,Tamu,Tamu,Nan Ka Teik,village,3.4
24.98,95.34,80.0,3.6,ml,,,,,,in_SnpjY2NocmFMR2IxZmdzVDFpTEdzZz09,2024-08-12T22:00:25.000Z,Hkamti District,Myanmar,MM,Asia,earthquake,1723500006,1723499479,0,,"24.98,95.34",2024-08-12 21:51:19,2024-08-13 04:21:19,Saigang,Hkamti,Homalin,Hway Hpa Lar,village,7.4
20.859,98.621,1.0,2.2,ml,,,,,,th_12226_202408122258,2024-08-12T22:58:53.000Z,,Myanmar,MM,Asia,earthquake,1723507272,1723503533,0,,"20.86,98.62",2024-08-12 22:58:53,2024-08-13 05:28:53,Shan,Kengtung,Mongping,Kyu Kwei,village,2.0
20.243,97.862,1.0,2.2,ml,,,,,,th_12228_202408131324,2024-08-13T13:24:28.000Z,"Wanhat, Shan, Myanmar (Burma)",Myanmar,MM,Asia,earthquake,1723556814,1723555468,0,,"20.24,97.86",2024-08-13 13:24:28,2024-08-13 19:54:28,Shan,Langkho,Langkho,Tin Put,village,1.1
21.013,97.678,10.0,3.5,ml,,,,,,th_12230_202408131559,2024-08-13T15:59:26.000Z,,Myanmar,MM,Asia,earthquake,1723565356,1723564766,0,,"21.01,97.68",2024-08-13 15:59:26,2024-08-13 22:29:26,Shan,Loilen,Nansang,Nar Ton Long,village,3.5
17.93,97.639,1.0,1.6,ml,,,,,,th_12231_202408132046,2024-08-13T20:46:40.000Z,"Bwado, Kayin State, Myanmar (Burma)",Myanmar,MM,Asia,earthquake,1723582636,1723582000,0,,"17.93,97.64",2024-08-13 20:46:40,2024-08-14 03:16:40,Kayin,Hpapun,Hpapun,Mar Mu Doe,village,6.0
20.931,95.64,10.0,3.4,ml,,,,,,th_12232_202408132317,2024-08-13T23:17:21.000Z,"Sedo, Mandalay Region, Myanmar (Burma)",Myanmar,MM,Asia,earthquake,1723592272,1723591041,0,,"20.93,95.64",2024-08-13 23:17:21,2024-08-14 05:47:21,Mandalay,Meiktila,Mahlaing,Le Taw,village,1.2
20.825,98.651,1.0,2.6,ml,,,,,,th_12233_202408141007,2024-08-14T10:07:58.000Z,"Wan Nawnghkan, Shan, Myanmar (Burma)",Myanmar,MM,Asia,earthquake,1723630677,1723630078,0,,"20.83,98.65",2024-08-14 10:07:58,2024-08-14 16:37:58,Shan,Kengtung,Mongping,Par Lawng,village,1.7
20.454,99.055,1.0,2.1,ml,,,,,,th_12234_202408141348,2024-08-14T13:48:38.000Z,"Hsinkawng, Shan, Myanmar (Burma)",Myanmar,MM,Asia,earthquake,1723643652,1723643318,0,,"20.45,99.06",2024-08-14 13:48:38,2024-08-14 20:18:38,Shan,Monghsat,Monghsat,Loi Hkam Long,village,1.4
25.1666,94.5579,57.0,4.2,mb,,,,,,us7000n729,2024-08-15T16:46:12.000Z,"Summarar, Sagaing Region, Myanmar (Burma)",Myanmar-india Border Region,MM,Asia,earthquake,1723677868,1723676812,1,,"25.17,94.64",2024-08-14 23:06:52,2024-08-15 05:36:52,,,,Huishu,village,8.9
20.575,99.515,1.0,2.1,ml,,,,,,th_12236_202408160302,2024-08-16T03:02:25.000Z,"Pungtak, Shan, Myanmar (Burma)",Myanmar,MM,Asia,earthquake,1723779554,1723777345,0,,"20.58,99.52",2024-08-16 03:02:25,2024-08-16 09:32:25,Shan,Monghsat,Monghsat,Wan Long,village,5.1
21.303,98.645,1.0,2.6,ml,,,,,,th_12237_202408160451,2024-08-16T04:51:49.000Z,"Ta-kaw, Shan, Myanmar (Burma)",Myanmar,MM,Asia,earthquake,1723785399,1723783909,0,,"21.30,98.65",2024-08-16 04:51:49,2024-08-16 11:21:49,Shan,Loilen,Kunhing,Wan Ein,village,1.8
25.03,95.14,155.0,3.5,ml,,,,,,in_dkZRRFJJY1RSNXNIbFIxQUh6UDVadz09,2024-08-16T08:42:26.000Z,"Maungkan, Sagaing Region, Myanmar (Burma)",Myanmar,MM,Asia,earthquake,1723797378,1723795607,0,,"25.03,95.14",2024-08-16 08:06:47,2024-08-16 14:36:47,Saigang,Hkamti,Homalin,Chaung Son,village,7.1
20.691,97.972,5.0,2.8,ml,,,,,,th_12239_202408170725,2024-08-17T07:25:37.000Z,"Wan Pang, Shan, Myanmar (Burma)",Myanmar,MM,Asia,earthquake,1723880337,1723879537,0,,"20.69,97.97",2024-08-17 07:25:37,2024-08-17 13:55:37,Shan,Langkho,Mongnai,Nawng Yar Hseng,village,6.6
23.14,96.17,10.0,4.2,ml,,,,,,in_TU85VVdRL252eXZrcVZQdTFVZjVxdz09,2024-08-18T05:44:37.000Z,"Webaung, Shan, Myanmar (Burma)",Myanmar,MM,Asia,earthquake,1723960351,1723959877,0,,"23.14,96.17",2024-08-18 05:44:37,2024-08-18 12:14:37,Shan,Mongmit,Mongmit,Taung Lel,village,4.6
25.19,96.42,60.0,3.9,ml,,,,,,in_N3RhZ0FJTWZDWkpvN0RVY0VWWnFkUT09,2024-08-19T00:44:56.000Z,,Myanmar,MM,Asia,earthquake,1724028799,1724028296,0,,"25.19,96.42",2024-08-19 00:44:56,2024-08-19 07:14:56,Kachin,Mohnyin,Mohnyin,Ma Na Hkaw,village,3.6
18.068,96.535,5.0,3.0,ml,,,,,,th_12244_202408200433,2024-08-20T04:33:42.000Z,,Myanmar,MM,Asia,earthquake,1724129278,1724128422,0,,"18.07,96.54",2024-08-20 04:33:42,2024-08-20 11:03:42,Bago,Bago,Kyauktaga,Htee Lat (South),village,1.0
24.96,95.11,110.0,3.8,ml,,,,,,in_OTJObERxVU1JQXVSYUN5TkJ2VFdWQT09,2024-08-21T07:14:29.000Z,"Chaungzon, Sagaing Region, Myanmar (Burma)",Myanmar,MM,Asia,earthquake,1724224399,1724224047,0,,"24.96,95.11",2024-08-21 07:07:27,2024-08-21 13:37:27,Saigang,Hkamti,Homalin,Ton Mar He,village,8.5
25.91,95.87,200.0,3.5,ml,,,,,,in_aUZzS0paQWE2SXJ2NVNyQnR5SytHUT09,2024-08-21T09:21:40.000Z,"Shirang, Sagaing Region, Myanmar (Burma)",Myanmar,MM,Asia,earthquake,1724231723,1724229257,0,,"25.91,95.87",2024-08-21 08:34:17,2024-08-21 15:04:17,Saigang,Hkamti,Hkamti,Nam Si Bon,village,5.3
25.86,96.29,20.0,3.6,ml,,,,,,in_RFlmaFNBa0NLTXo1OWowdXFKWVVyUT09,2024-08-21T09:00:26.000Z,"Hpawngtut, Kachin, Myanmar (Burma)",Myanmar,MM,Asia,earthquake,1724230783,1724230287,0,,"25.86,96.29",2024-08-21 08:51:27,2024-08-21 15:21:27,Kachin,Mohnyin,Hpakant,Kansi,village,12.4
20.589,93.83,10.0,3.6,ml,,,,,,th_12251_202408220409,2024-08-22T04:09:00.000Z,"Yenan, Rakhine, Myanmar (Burma)",Myanmar,MM,Asia,earthquake,1724361544,1724299740,0,,"20.59,93.83",2024-08-22 04:09:00,2024-08-22 10:39:00,Rakhine,Mrauk-U,Minbya,Ye Chaung,village,28.0
26.67,95.99,104.0,4.1,ml,,,,,,in_L0xGUTUwUm9DbTY4WHYzK3NDMXEvUT09,2024-08-22T16:00:40.000Z,"Semtik Ga, Sagaing Region, Myanmar (Burma)",Myanmar,MM,Asia,earthquake,1724342250,1724341549,0,,"26.67,95.99",2024-08-22 15:45:49,2024-08-22 22:15:49,Saigang,Hkamti,Nanyun,,village,16.3
22.612,96.191,10.0,3.5,ml,,,,,,th_12255_202408231451,2024-08-23T14:51:24.000Z,"Kokko, Mandalay Region, Myanmar (Burma)",Myanmar,MM,Asia,earthquake,1724455086,1724424684,0,,"22.61,96.19",2024-08-23 14:51:24,2024-08-23 21:21:24,Mandalay,Pyinoolwin,Singu,Pyin Chaung,village,4.3
22.342,95.638,10.0,3.4,ml,,,,,,th_12254_202408231502,2024-08-23T15:02:15.000Z,"Dun Tae Kone, Sagaing Region, Myanmar (Burma)",Myanmar,MM,Asia,earthquake,1724455047,1724425335,0,,"22.34,95.64",2024-08-23 15:02:15,2024-08-23 21:32:15,Saigang,Shwebo,Wetlet,Kwin Ma,village,1.1
20.214,99.055,3.0,1.7,ml,,,,,,th_12252_202408231829,2024-08-23T18:29:10.000Z,,Myanmar,MM,Asia,earthquake,1724439440,1724437750,0,,"20.21,99.06",2024-08-23 18:29:10,2024-08-24 00:59:10,Shan,Monghsat,Mongton,Hway Ngar Kyar,village,9.8
17.994,96.488,10.0,2.4,ml,,,,,,th_12253_202408232237,2024-08-23T22:37:04.000Z,,Myanmar,MM,Asia,earthquake,1724453674,1724452624,0,,"17.99,96.49",2024-08-23 22:37:04,2024-08-24 05:07:04,Bago,Bago,Kyauktaga,Gyoet Chaung Lay,village,2.9
19.764,98.259,10.0,2.2,ml,,,,,,th_12256_202408232319,2024-08-23T23:19:56.000Z,,Myanmar,MM,Asia,earthquake,1724455747,1724455196,0,,"19.76,98.26",2024-08-23 23:19:56,2024-08-24 05:49:56,Shan,Langkho,Langkho,Wan Payok,village,2.4
19.898,97.734,1.0,2.2,ml,,,,,,th_12257_202408240802,2024-08-24T08:02:41.000Z,"Ta-hsopteng, Shan, Myanmar (Burma)",Myanmar,MM,Asia,earthquake,1724487401,1724486561,0,,"19.90,97.73",2024-08-24 08:02:41,2024-08-24 14:32:41,Shan,Langkho,Langkho,Wan Sa Lawng,village,13.0
26.05,96.12,20.0,3.6,ml,,,,,,in_RTNoaFhsYzZGYUtPS3h2K1FiN21ydz09,2024-08-24T10:42:45.000Z,"Sagaing Region, Myanmar (Burma)",Myanmar,MM,Asia,earthquake,1724495859,1724495285,0,,"26.05,96.12",2024-08-24 10:28:05,2024-08-24 16:58:05,Saigang,Hkamti,Hkamti,Wan Ma Lar,village,25.1
14.437,95.922,22.0,3.9,ml,,,,,,th_12268_202408251651,2024-08-25T16:51:47.000Z,,Near South Coast of Myanmar,MM,Asia,earthquake,1724605390,1724604707,0,,"14.44,95.92",2024-08-25 16:51:47,2024-08-25 23:21:47,,,,Sit Kone,village,153.1
19.968,98.645,1.0,1.7,ml,,,,,,th_12270_202408261257,2024-08-26T12:57:46.000Z,"Kiu-kaw, Shan, Myanmar (Burma)",Myanmar,MM,Asia,earthquake,1724678050,1724677066,0,,"19.97,98.65",2024-08-26 12:57:46,2024-08-26 19:27:46,Shan,Monghsat,Mongton,Mong Kyut (Wa),village,10.7
25.05,94.94,107.0,3.8,ml,,,,,,in_TTh1UkszQUdYVndCdHFMd2k0aFpSZz09,2024-08-26T17:00:27.000Z,"Pinpalu, Sagaing Region, Myanmar (Burma)",Myanmar,MM,Asia,earthquake,1724691437,1724690913,0,,"25.05,94.94",2024-08-26 16:48:33,2024-08-26 23:18:33,Saigang,Hkamti,Homalin,Gwayt Gyi,village,3.5
24.58,95.22,10.0,3.6,ml,,,,,,in_ZDBMSVc3aVMwMEREbGhRK2tYYUhNQT09,2024-08-27T15:49:37.000Z,"Nawnghkun, Sagaing Region, Myanmar (Burma)",Myanmar,MM,Asia,earthquake,1724773682,1724773286,0,,"24.58,95.22",2024-08-27 15:41:26,2024-08-27 22:11:26,Saigang,Hkamti,Homalin,Ton Ma Kyaing,village,7.3
20.385,94.951,10.0,3.8,ml,,,,,,in_M1BoMFAvWUJoT1BxeTRRNTFmNXV4dz09,2024-08-27T20:19:43.000Z,"Chauk, Magway Region, Myanmar (Burma)",Myanmar,MM,Asia,earthquake,1724790407,1724789983,1,,"20.86,94.79",2024-08-27 20:19:43,2024-08-28 02:49:43,Magway,Magway,Yenangyaung,Sar Gi,village,4.6
23.637,98.013,10.0,3.6,ml,,,,,,th_12275_202408290448,2024-08-29T04:48:52.000Z,,Myanmar,MM,Asia,earthquake,1724915534,1724906932,0,,"23.64,98.01",2024-08-29 04:48:52,2024-08-29 11:18:52,Shan,Muse,Kutkai,Loi Tan,village,1.2
21.733,96.554,10.0,3.7,ml,,,,,,th_12276_202408291614,2024-08-29T16:14:02.000Z,"Zayitke, Mandalay Region, Myanmar (Burma)",Myanmar,MM,Asia,earthquake,1724948922,1724948042,0,,"21.73,96.55",2024-08-29 16:14:02,2024-08-29 22:44:02,Mandalay,Kyaukse,Kyaukse,Za Yit Khe,village,7.4
20.276,97.858,5.0,2.2,ml,,,,,,th_12278_202408300303,2024-08-30T03:03:26.000Z,"Wanhat, Shan, Myanmar (Burma)",Myanmar,MM,Asia,earthquake,1724990882,1724987006,0,,"20.28,97.86",2024-08-30 03:03:26,2024-08-30 09:33:26,Shan,Langkho,Langkho,Tin Put,village,4.7
25.31,94.71,60.0,2.8,ml,,,,,,in_bVlwamRmQWlkLzc5NmZiQitJNGw4dz09,2024-08-31T09:42:30.000Z,,Myanmar,MM,Asia,earthquake,1725097268,1725096765,0,,"25.31,94.71",2024-08-31 09:32:45,2024-08-31 16:02:45,Saigang,Hkamti,Lay Shi,Ngajang,village,2.2
20.632,97.327,2.0,2.4,ml,,,,,,th_12279_202408312309,2024-08-31T23:09:04.000Z,"Pacharkalo, Shan, Myanmar (Burma)",Myanmar,MM,Asia,earthquake,1725155091,1725145744,0,,"20.63,97.33",2024-08-31 23:09:04,2024-09-01 05:39:04,Shan,Taunggyi,Hopong,Hti Tan Leik,village,2.5
23.57,94.8,10.0,3.2,ml,,,,,,in_c043TFl2aVhLRXZMZmJVUXlReTRkdz09,2024-09-02T01:28:30.000Z,"Mawtongyi, Sagaing Region, Myanmar (Burma)",Myanmar,MM,Asia,earthquake,1725240481,1725237797,0,,"23.57,94.80",2024-09-02 00:43:17,2024-09-02 07:13:17,Saigang,Mawlaik,Mawlaik,Inn Taw,village,11.1
21.154,99.416,2.0,1.6,ml,,,,,,th_12284_202409031731,2024-09-03T17:31:00.000Z,"Wan Pangkaw, Shan, Myanmar (Burma)",Myanmar,MM,Asia,earthquake,1725386592,1725384660,0,,"21.15,99.42",2024-09-03 17:31:00,2024-09-04 00:01:00,Shan,Kengtung,Kengtung,Ah Hkar Day,village,1.3
23.32,94.58,134.0,4.3,ml,,,,,,ems_202409_1703357,2024-09-04T02:07:28.000Z,"Thickegyin, Sagaing Region, Myanmar (Burma)",Myanmar,MM,Asia,earthquake,1725415926,1725414551,0,,"23.32,94.58",2024-09-04 01:49:11,2024-09-04 08:19:11,Saigang,Kale,Kalewa,Thitsar Pann,town,10.4
21.071,98.55,4.0,2.7,ml,,,,,,th_12286_202409042146,2024-09-04T21:46:12.000Z,"Wan Hpai, Shan, Myanmar (Burma)",Myanmar,MM,Asia,earthquake,1725489379,1725486372,0,,"21.07,98.55",2024-09-04 21:46:12,2024-09-05 04:16:12,Shan,Loilen,Kunhing,,village,3.3
18.923,97.48,4.0,3.1,ml,,,,,,th_12287_202409051750,2024-09-05T17:50:29.000Z,"Loi Mun, Kayah State, Myanmar (Burma)",Myanmar,MM,Asia,earthquake,1725558942,1725558629,0,,"18.92,97.48",2024-09-05 17:50:29,2024-09-06 00:20:29,Kayah,Bawlake,Mese,Saung Lawt,village,13.7
23.16,94.15,75.0,3.7,ml,,,,,,in_d1ZxTGpUeEhlZmpaUFVnQ1A1UXhRdz09,2024-09-05T20:07:28.000Z,"Kale, Chin State, Myanmar (Burma)",Myanmar,MM,Asia,earthquake,1725566801,1725566298,0,,"23.16,94.15",2024-09-05 19:58:18,2024-09-06 02:28:18,Saigang,Kale,Kale,Inn Kyaw,village,3.3
20.76,98.5,5.0,3.0,ml,,,,,,th_12288_202409061213,2024-09-06T12:13:49.000Z,"Wan Ta-möng, Shan, Myanmar (Burma)",Myanmar,MM,Asia,earthquake,1725626048,1725624829,0,,"20.76,98.50",2024-09-06 12:13:49,2024-09-06 18:43:49,Shan,Langkho,Mongnai,,village,10.9
20.571,99.915,4.0,2.9,ml,,,,,,th_12291_202409080239,2024-09-08T02:39:46.000Z,,Myanmar,MM,Asia,earthquake,1725763883,1725763186,0,,"20.57,99.92",2024-09-08 02:39:46,2024-09-08 09:09:46,Shan,Tachileik,Tachileik,Hsa Lar Wan Mai,village,3.8
20.515,99.969,1.0,2.1,ml,,,,,,th_12293_202409081149,2024-09-08T11:49:49.000Z,"Tachileik, Shan, Myanmar (Burma)",Myanmar,MM,Asia,earthquake,1725798152,1725796189,0,,"20.52,99.97",2024-09-08 11:49:49,2024-09-08 18:19:49,Shan,Tachileik,Tachileik,Mae Leik,village,2.2
21.104,99.963,5.0,2.1,ml,,,,,,th_12294_202409082009,2024-09-08T20:09:56.000Z,"Wan Hsenlong, Shan, Myanmar (Burma)",Myanmar,MM,Asia,earthquake,1725834964,1725826196,1,,"21.10,99.96",2024-09-08 20:09:56,2024-09-09 02:39:56,Shan,Tachileik,Monghpyak,Nam Ke,village,1.7
23.06,94.13,9.0,4.2,ml,,,,,,in_azVPMWFYZHgzWGVoaDAxUnZINU4xUT09,2024-09-09T13:00:27.000Z,"Bogyi, Sagaing Region, Myanmar (Burma)",Myanmar,MM,Asia,earthquake,1725886678,1725886012,0,,"23.06,94.13",2024-09-09 12:46:52,2024-09-09 19:16:52,Saigang,Kale,Kale,Pauk Taw (East),village,2.5
21.238,100.023,4.0,2.3,ml,,,,,,th_12297_202409101441,2024-09-10T14:41:02.000Z,"Wan Hkang, Shan, Myanmar (Burma)",Myanmar,MM,Asia,earthquake,1725981747,1725979262,1,,"21.24,100.02",2024-09-10 14:41:02,2024-09-10 21:11:02,Shan,Tachileik,Monghpyak,Bar Yar,village,2.3
20.494,98.135,4.0,2.4,ml,,,,,,th_12298_202409110718,2024-09-11T07:18:24.000Z,,Myanmar,MM,Asia,earthquake,1726047031,1726039104,0,,"20.49,98.14",2024-09-11 07:18:24,2024-09-11 13:48:24,Shan,Langkho,Langkho,Ho Hpar,village,6.5
20.487,98.605,1.0,2.0,ml,,,,,,th_12302_202409111238,2024-09-11T12:38:54.000Z,,Myanmar,MM,Asia,earthquake,1726088838,1726058334,0,,"20.49,98.61",2024-09-11 12:38:54,2024-09-11 19:08:54,Shan,Langkho,Mongnai,Wan Hsar Lar,village,6.9
20.217,96.52,10.0,3.3,ml,,,,,,th_12299_202409111528,2024-09-11T15:28:44.000Z,"Mandalay Region, Myanmar (Burma)",Myanmar,MM,Asia,earthquake,1726069795,1726068524,0,,"20.22,96.52",2024-09-11 15:28:44,2024-09-11 21:58:44,Mandalay,Yamethin,Yamethin,Hsi Hson Kone,village,3.5
20.331,97.445,5.0,2.3,ml,,,,,,th_12300_202409111622,2024-09-11T16:22:36.000Z,"Loimut, Shan, Myanmar (Burma)",Myanmar,MM,Asia,earthquake,1726074749,1726071756,0,,"20.33,97.45",2024-09-11 16:22:36,2024-09-11 22:52:36,Shan,Taunggyi,Hsihseng,Pin Ta Khwar,village,2.9
20.7,98.141,3.0,2.3,ml,,,,,,th_12301_202409112002,2024-09-11T20:02:09.000Z,"Ho-ta, Shan, Myanmar (Burma)",Myanmar,MM,Asia,earthquake,1726087424,1726084929,0,,"20.70,98.14",2024-09-11 20:02:09,2024-09-12 02:32:09,Shan,Langkho,Mongnai,Nawng Yar Hseng,village,11.9
20.746,97.786,5.0,2.1,ml,,,,,,th_12303_202409112132,2024-09-11T21:32:33.000Z,"Hai Hpak, Shan, Myanmar (Burma)",Myanmar,MM,Asia,earthquake,1726094408,1726090353,0,,"20.75,97.79",2024-09-11 21:32:33,2024-09-12 04:02:33,Shan,Loilen,Nansang,Aye Hpat,village,3.9
20.665,97.867,1.0,2.3,ml,,,,,,th_12304_202409121133,2024-09-12T11:33:34.000Z,"Wan Kawngpang, Shan, Myanmar (Burma)",Myanmar,MM,Asia,earthquake,1726143084,1726140814,0,,"20.67,97.87",2024-09-12 11:33:34,2024-09-12 18:03:34,Shan,Langkho,Mongnai,Kar Ma Lan,village,2.3
20.696,98.019,1.0,2.1,ml,,,,,,th_12305_202409121256,2024-09-12T12:56:30.000Z,"Nawngleng, Shan, Myanmar (Burma)",Myanmar,MM,Asia,earthquake,1726146776,1726145790,0,,"20.70,98.02",2024-09-12 12:56:30,2024-09-12 19:26:30,Shan,Langkho,Mongnai,Nawng Yar Hseng,village,3.2
20.529,98.01,10.0,3.6,ml,,,,,,th_12306_202409121644,2024-09-12T16:44:06.000Z,"Nammawlong, Shan, Myanmar (Burma)",Myanmar,MM,Asia,earthquake,1726159843,1726159446,0,,"20.53,98.01",2024-09-12 16:44:06,2024-09-12 23:14:06,Shan,Langkho,Mongnai,Nam Kaw,village,5.1
17.036,95.168,10.0,3.3,ml,,,,,,th_12307_202409121907,2024-09-12T19:07:04.000Z,,Myanmar,MM,Asia,earthquake,1726168550,1726168024,0,,"17.04,95.17",2024-09-12 19:07:04,2024-09-13 01:37:04,Ayeyarwady,Pathein,Kyaunggon,Kyun Kyar (West),village,0.4
18.926,97.476,1.0,2.4,ml,,,,,,th_12308_202409121939,2024-09-12T19:39:13.000Z,"Loi Mun, Kayah State, Myanmar (Burma)",Myanmar,MM,Asia,earthquake,1726170424,1726169953,1,,"18.93,97.48",2024-09-12 19:39:13,2024-09-13 02:09:13,Kayah,Bawlake,Mese,Saung Lawt,village,13.2
20.278,97.144,1.0,2.1,ml,,,,,,th_12310_202409122240,2024-09-12T22:40:19.000Z,"Chitiwabwa, Shan, Myanmar (Burma)",Myanmar,MM,Asia,earthquake,1726200602,1726180819,0,,"20.28,97.14",2024-09-12 22:40:19,2024-09-13 05:10:19,Shan,Taunggyi,Taunggyi,Nam Po Lein,village,0.9
20.144,96.948,10.0,2.6,ml,,,,,,th_12313_202409131748,2024-09-13T17:48:48.000Z,"Samka, Shan, Myanmar (Burma)",Myanmar,MM,Asia,earthquake,1726250372,1726249728,0,,"20.14,96.95",2024-09-13 17:48:48,2024-09-14 00:18:48,Shan,Taunggyi,Nyaungshwe,Kone Hkan,village,1.4
20.595,98.376,5.0,1.9,ml,,,,,,th_12315_202409141607,2024-09-14T16:07:47.000Z,"Wan Kengh Kam, Shan, Myanmar (Burma)",Myanmar,MM,Asia,earthquake,1726336616,1726330067,0,,"20.60,98.38",2024-09-14 16:07:47,2024-09-14 22:37:47,Shan,Langkho,Mongnai,Nawng Tawng,village,12.0
19.93,96.308,10.0,2.7,ml,,,,,,th_12317_202409150328,2024-09-15T03:28:08.000Z,"Kyauklaing, Naypyidaw Union Territory, Myanmar (Burma)",Myanmar,MM,Asia,earthquake,1726373675,1726370888,0,,"19.93,96.31",2024-09-15 03:28:08,2024-09-15 09:58:08,Mandalay,Oke Ta Ra,Zay Yar Thi Ri,Kyauk Hpyar,village,3.2
24.82,94.98,120.0,3.6,ml,,,,,,in_c3ZTYlNzbEY3cEpyc24rbkZHUnloZz09,2024-09-15T08:07:25.000Z,,Myanmar,MM,Asia,earthquake,1726387614,1726386932,0,,"24.82,94.98",2024-09-15 07:55:32,2024-09-15 14:25:32,Saigang,Hkamti,Homalin,Naung Maw,village,0.1
22.76,93.97,122.0,4.3,ml,,,,,,in_SGJVb0ZPaytuSC9tY0tlTU5HaDBQUT09,2024-09-15T14:28:27.000Z,Hakha District,Myanmar,MM,Asia,earthquake,1726410448,1726409828,0,,"22.76,93.97",2024-09-15 14:17:08,2024-09-15 20:47:08,Chin,Hakha,Hakha,Man Taw,village,7.9
20.74,98.625,5.0,2.3,ml,,,,,,th_12319_202409151454,2024-09-15T14:54:57.000Z,"Wan Ta-möng, Shan, Myanmar (Burma)",Myanmar,MM,Asia,earthquake,1726413441,1726412097,0,,"20.74,98.63",2024-09-15 14:54:57,2024-09-15 21:24:57,Shan,Monghsat,Mongton,Mae Yoe Hkar,village,5.6
20.12,97.998,1.0,1.9,ml,,,,,,th_12320_202409171235,2024-09-17T12:35:00.000Z,,Myanmar,MM,Asia,earthquake,1726579887,1726576500,0,,"20.12,98.00",2024-09-17 12:35:00,2024-09-17 19:05:00,Shan,Langkho,Langkho,Pong Lawng,village,3.1
20.19,98.951,1.0,1.7,ml,,,,,,th_12321_202409171348,2024-09-17T13:48:57.000Z,,Myanmar,MM,Asia,earthquake,1726583738,1726580937,0,,"20.19,98.95",2024-09-17 13:48:57,2024-09-17 20:18:57,Shan,Monghsat,Mongton,Hway Par Sap,village,1.6
19.49,97.693,2.0,1.9,ml,,,,,,th_12322_202409181618,2024-09-18T16:18:28.000Z,,Myanmar,MM,Asia,earthquake,1726677052,1726676308,0,,"19.49,97.69",2024-09-18 16:18:28,2024-09-18 22:48:28,Kayah,Loikaw,Shadaw,Daw Ta Maw (Taung Paing Su See),village,17.3
21.063,100.035,1.0,2.7,ml,,,,,,th_12323_202409181724,2024-09-18T17:24:48.000Z,"Wan Hpya-langhsat, Shan, Myanmar (Burma)",Myanmar,MM,Asia,earthquake,1726683942,1726680288,0,,"21.06,100.04",2024-09-18 17:24:48,2024-09-18 23:54:48,Shan,Tachileik,Monghpyak,Nam Yang,village,1.0
24.72,94.77,80.0,3.5,ml,,,,,,in_Rk04UEp1aVpnZnRVZE9Bd1YvbGFmQT09,2024-09-20T17:56:24.000Z,"Shwe Pyi Aye, Sagaing Region, Myanmar (Burma)",Myanmar,MM,Asia,earthquake,1726854930,1726854497,0,,"24.72,94.77",2024-09-20 17:48:17,2024-09-21 00:18:17,Saigang,Hkamti,Homalin,Naung San Kyin,village,2.6
20.758,95.993,5.0,3.2,ml,,,,,,th_12325_202409202057,2024-09-20T20:57:10.000Z,"Nyaungyan, Mandalay Region, Myanmar (Burma)",Myanmar,MM,Asia,earthquake,1726866812,1726865830,0,,"20.76,95.99",2024-09-20 20:57:10,2024-09-21 03:27:10,Mandalay,Yamethin,Pyawbwe,Pauk Tan,village,0.2
23.68,94.16,90.0,3.5,ml,,,,,,in_OTFEZk40ODZoODVSWEtYYXhGaS95dz09,2024-09-22T17:00:24.000Z,"Pyaungbok, Sagaing Region, Myanmar (Burma)",Myanmar,MM,Asia,earthquake,1727024315,1727023494,0,,"23.68,94.16",2024-09-22 16:44:54,2024-09-22 23:14:54,Saigang,Tamu,Tamu,Kyun Taw Yae Shin,village,2.3
21.195,100.101,10.0,2.8,ml,,,,,,th_12327_202409230654,2024-09-23T06:54:30.000Z,"Wan Hkang A-hko, Shan, Myanmar (Burma)",Myanmar,MM,Asia,earthquake,1727075682,1727074470,1,,"21.20,100.10",2024-09-23 06:54:30,2024-09-23 13:24:30,Shan,Tachileik,Mongyawng,Nawng Kyant,village,6.8
21.234,100.132,1.0,4.0,ml,,,,,,ems_202409_1710432,2024-09-23T09:35:30.000Z,"Mongkaing, Shan, Myanmar (Burma)",Myanmar-china Border Region,MM,Asia,earthquake,1727084144,1727083320,0,,"21.23,100.13",2024-09-23 09:22:00,2024-09-23 15:52:00,Shan,Tachileik,Mongyawng,Wan Hsi Mun,village,5.2
21.222,100.033,1.0,3.3,ml,,,,,,th_12330_202409231645,2024-09-23T16:45:54.000Z,"Wan Hkang, Shan, Myanmar (Burma)",Myanmar,MM,Asia,earthquake,1727110295,1727109954,0,,"21.22,100.03",2024-09-23 16:45:54,2024-09-23 23:15:54,Shan,Tachileik,Monghpyak,Bar Yar,village,2.6
23.89,93.86,78.0,3.4,ml,,,,,,in_eSt5Ym93Z0xaN09jb25oNTFhZmY1QT09,2024-09-23T19:14:26.000Z,"Bualkuang, Chin State, Myanmar (Burma)",Myanmar,MM,Asia,earthquake,1727118766,1727118112,0,,"23.89,93.86",2024-09-23 19:01:52,2024-09-24 01:31:52,Chin,Falam,Tonzang,Sihpek,village,3.8
21.1231,94.8961,102.0,4.5,ml,,,,,,in_QUEveEZ4WDBpWHVNSEFaMysyNkh6UT09,2024-09-24T13:47:34.000Z,"Thuntekan, Mandalay Region, Myanmar (Burma)",Myanmar,MM,Asia,earthquake,1727174924,1727174267,0,,"21.09,94.91",2024-09-24 10:37:47,2024-09-24 17:07:47,Mandalay,Nyaung-U,Nyaung-U,Thu Htay Kan,village,1.9
25.02,95.13,10.0,3.5,ml,,,,,,in_RW5qUmtsYlhLZGZ4K1BRRzE2cUpRZz09,2024-09-24T16:35:32.000Z,"Maungkan, Sagaing Region, Myanmar (Burma)",Myanmar,MM,Asia,earthquake,1727195629,1727195161,0,,"25.02,95.13",2024-09-24 16:26:01,2024-09-24 22:56:01,Saigang,Hkamti,Homalin,Chaung Son,village,7.0
19.996,97.857,3.0,2.0,ml,,,,,,th_12336_202409241649,2024-09-24T16:49:12.000Z,"Ta Öngmu, Shan, Myanmar (Burma)",Myanmar,MM,Asia,earthquake,1727199123,1727196552,0,,"20.00,97.86",2024-09-24 16:49:12,2024-09-24 23:19:12,Shan,Langkho,Langkho,Wan Sa Lawng,village,12.4
21.003,98.569,1.0,2.3,ml,,,,,,th_12337_202409241948,2024-09-24T19:48:21.000Z,"Wan Hpai, Shan, Myanmar (Burma)",Myanmar,MM,Asia,earthquake,1727208911,1727207301,0,,"21.00,98.57",2024-09-24 19:48:21,2024-09-25 02:18:21,Shan,Loilen,Kunhing,,village,4.6
20.258,94.873,10.0,3.4,ml,,,,,,th_12338_202409250418,2024-09-25T04:18:38.000Z,"Minbu, Magway Region, Myanmar (Burma)",Myanmar,MM,Asia,earthquake,1727238995,1727237918,0,,"20.26,94.87",2024-09-25 04:18:38,2024-09-25 10:48:38,Magway,Minbu,Minbu,Htone Ma Gyi,village,1.0
16.896,98.475,1.0,2.0,ml,,,,,,th_12340_202409251836,2024-09-25T18:36:04.000Z,,Myanmar,MM,Asia,earthquake,1727290674,1727289364,0,,"16.90,98.48",2024-09-25 18:36:04,2024-09-26 01:06:04,Kayin,Myawaddy,Myawaddy,Htee Kaw Htaw,village,4.1
20.879,100.35,2.0,2.4,ml,,,,,,th_12341_202409260306,2024-09-26T03:06:34.000Z,"Ai-nu, Shan, Myanmar (Burma)",Laos,MM,Asia,earthquake,1727321755,1727319994,0,,"20.88,100.35",2024-09-26 03:06:34,2024-09-26 09:36:34,Shan,Tachileik,Tachileik,Wan Lan,village,4.9
21.427,98.397,10.0,2.5,ml,,,,,,th_12343_202409261515,2024-09-26T15:15:30.000Z,"Longhsam, Shan, Myanmar (Burma)",Myanmar,MM,Asia,earthquake,1727364391,1727363730,0,,"21.43,98.40",2024-09-26 15:15:30,2024-09-26 21:45:30,Shan,Loilen,Kunhing,Nam Wein,village,2.6
18.404,96.487,10.0,2.3,ml,,,,,,th_12345_202409262033,2024-09-26T20:33:02.000Z,"Nyaung Pin Thar, Bago Region, Myanmar (Burma)",Myanmar,MM,Asia,earthquake,1727392393,1727382782,0,,"18.40,96.49",2024-09-26 20:33:02,2024-09-27 03:03:02,Bago,Taungoo,Phyu,Kyun Khin,village,1.0
20.02,97.841,10.0,2.0,ml,,,,,,th_12346_202409270120,2024-09-27T01:20:21.000Z,"Wan Kongpao, Shan, Myanmar (Burma)",Myanmar,MM,Asia,earthquake,1727405700,1727400021,0,,"20.02,97.84",2024-09-27 01:20:21,2024-09-27 07:50:21,Shan,Langkho,Langkho,Wan Sa Lawng,village,10.6
18.144,96.21,10.0,3.9,ml,,,,,,th_12348_202409272239,2024-09-27T22:39:41.000Z,"Atet Bandayaw, Bago Region, Myanmar (Burma)",Myanmar,MM,Asia,earthquake,1727479823,1727476781,0,,"18.14,96.21",2024-09-27 22:39:41,2024-09-28 05:09:41,Bago,Bago,Kyauktaga,Sar Byin Village,village,20.5
19.989,98.078,1.0,2.7,ml,,,,,,th_12349_202409281413,2024-09-28T14:13:10.000Z,"Wan Konlang, Shan, Myanmar (Burma)",Myanmar,MM,Asia,earthquake,1727533404,1727532790,0,,"19.99,98.08",2024-09-28 14:13:10,2024-09-28 20:43:10,Shan,Langkho,Langkho,Pong Lawng,village,19.2
21.032,100.297,1.0,3.4,ml,,,,,,th_12350_202409290519,2024-09-29T05:19:35.000Z,,Myanmar,MM,Asia,earthquake,1727588492,1727587175,0,,"21.03,100.30",2024-09-29 05:19:35,2024-09-29 11:49:35,Shan,Tachileik,Tachileik,Nam An,village,1.7
15.213,96.57,10.0,2.9,ml,,,,,,th_12351_202409291238,2024-09-29T12:38:38.000Z,Myanmar (Burma),Off South Coast of Myanmar,MM,Asia,earthquake,1727615216,1727613518,0,,"15.21,96.57",2024-09-29 12:38:38,2024-09-29 19:08:38,,,,Ku Lar Koke (Auk Seik),village,121.0
20.144,98.74,2.0,1.6,ml,,,,,,th_12352_202409301817,2024-09-30T18:17:46.000Z,"Wan Hsanghpaw, Shan, Myanmar (Burma)",Myanmar,MM,Asia,earthquake,1727721098,1727720266,0,,"20.14,98.74",2024-09-30 18:17:46,2024-10-01 00:47:46,Shan,Monghsat,Mongton,Wufu,village,18.4
19.326,97.019,2.0,2.8,ml,,,,,,th_12353_202409302156,2024-09-30T21:56:53.000Z,"Hoyar, Kayah State, Myanmar (Burma)",Myanmar,MM,Asia,earthquake,1727734620,1727733413,0,,"19.33,97.02",2024-09-30 21:56:53,2024-10-01 04:26:53,Kayah,Loikaw,Hpruso,Rar Aye Pa Rar,village,1.2
20.687,98.049,1.0,2.4,ml,,,,,,th_12355_202410011051,2024-10-01T10:51:56.000Z,"Panghai, Shan, Myanmar (Burma)",Myanmar,MM,Asia,earthquake,1727815254,1727779916,0,,"20.69,98.05",2024-10-01 10:51:56,2024-10-01 17:21:56,Shan,Langkho,Mongnai,Nawng Yar Hseng,village,2.7
20.621,98.594,4.0,1.8,ml,,,,,,th_12359_202410020906,2024-10-02T09:06:22.000Z,"Wan Hwè-kao, Shan, Myanmar (Burma)",Myanmar,MM,Asia,earthquake,1727861135,1727859982,0,,"20.62,98.59",2024-10-02 09:06:22,2024-10-02 15:36:22,Shan,Monghsat,Mongton,Nge Taung,village,11.3
20.897,97.811,1.0,2.2,ml,,,,,,th_12361_202410021749,2024-10-02T17:49:29.000Z,"Namsang, Shan, Myanmar (Burma)",Myanmar,MM,Asia,earthquake,1727892537,1727891369,0,,"20.90,97.81",2024-10-02 17:49:29,2024-10-03 00:19:29,Shan,Loilen,Nansang,Wan Kone Poke,village,1.5
21.9174,94.4992,122.0,4.2,mb,,,,,,in_ZXFIT2YwdGZQYWlISUNCZEZUdlM2QT09,2024-10-03T06:32:49.000Z,"Gyat, Sagaing Region, Myanmar (Burma)",Myanmar,MM,Asia,earthquake,1727918754,1727917756,0,,"19.87,95.21",2024-10-03 01:09:16,2024-10-03 07:39:16,Saigang,Yinmarbin,Pale,Le Kan,village,3.1
26.45,95.39,70.0,3.0,ml,,,,,,in_ZzRzWTRvTThGUklSaGVhbldWMDg4dz09,2024-10-03T06:21:28.000Z,"Aonbaw, Sagaing Region, Myanmar (Burma)",Myanmar,MM,Asia,earthquake,1727936269,1727923094,0,,"26.45,95.39",2024-10-03 02:38:14,2024-10-03 09:08:14,Saigang,Hkamti,Lahe,Taiyang,village,0.8
21.253,100.331,1.0,2.3,ml,,,,,,th_12363_202410030602,2024-10-03T06:02:38.000Z,"Wan Ho-namwang, Shan, Myanmar (Burma)",Myanmar,MM,Asia,earthquake,1727936335,1727935358,0,,"21.25,100.33",2024-10-03 06:02:38,2024-10-03 12:32:38,Shan,Tachileik,Mongyawng,Kwi Hpa Wan,village,4.1
22.3,93.53,10.0,3.6,ml,,,,,,in_YThNVFlPNXpFOW9qMGN3Z2Y4cVk2UT09,2024-10-03T23:35:29.000Z,"Lungtinpi, Chin State, Myanmar (Burma)",Myanmar,MM,Asia,earthquake,1727998382,1727997222,0,,"22.30,93.53",2024-10-03 23:13:42,2024-10-04 05:43:42,Chin,Hakha,Thantlang,Phaipha (A),village,5.3
20.564,99.567,1.0,1.9,ml,,,,,,th_12364_202410040554,2024-10-04T05:54:09.000Z,"Wan Kaw Pa-hök, Shan, Myanmar (Burma)",Myanmar,MM,Asia,earthquake,1728022479,1728021249,0,,"20.56,99.57",2024-10-04 05:54:09,2024-10-04 12:24:09,Shan,Monghsat,Monghsat,Wan Long,village,0.5
18.176,97.546,1.0,2.2,ml,,,,,,th_12365_202410041003,2024-10-04T10:03:06.000Z,"Bawbookyo, Kayin State, Myanmar (Burma)",Myanmar,MM,Asia,earthquake,1728036563,1728036186,0,,"18.18,97.55",2024-10-04 10:03:06,2024-10-04 16:33:06,Kayin,Hpapun,Hpapun,Kyoe Kho Doe,village,7.4
10.978,98.847,10.0,2.4,ml,,,,,,th_12366_202410041033,2024-10-04T10:33:43.000Z,"Karathuri, Tanintharyi Region, Myanmar (Burma)",Myanmar,MM,Asia,earthquake,1728039773,1728038023,0,,"10.98,98.85",2024-10-04 10:33:43,2024-10-04 17:03:43,Tanitharyi,Kawthoung,Bokpyin,4 maing,village,4.5
21.148,99.578,1.0,2.7,ml,,,,,,th_12369_202410041908,2024-10-04T19:08:41.000Z,"Wan Üm, Shan, Myanmar (Burma)",Myanmar,MM,Asia,earthquake,1728069492,1728068921,0,,"21.15,99.58",2024-10-04 19:08:41,2024-10-05 01:38:41,Shan,Kengtung,Kengtung,Hway Kyan,village,1.0
21.292,96.269,2.0,3.7,ml,,,,,,th_12370_202410050308,2024-10-05T03:08:04.000Z,,Myanmar,MM,Asia,earthquake,1728098668,1728097684,0,,"21.29,96.27",2024-10-05 03:08:04,2024-10-05 09:38:04,Mandalay,Kyaukse,Myittha,Daing,village,1.8
23.13,94.341,10.0,3.6,ml,,,,,,th_12372_202410051541,2024-10-05T15:41:48.000Z,"Kyauktan, Sagaing Region, Myanmar (Burma)",Myanmar,MM,Asia,earthquake,1728143521,1728142908,0,,"23.13,94.34",2024-10-05 15:41:48,2024-10-05 22:11:48,Saigang,Kale,Kalewa,Khaung Tee (Daung Tee),village,0.1
18.088,96.552,10.0,2.5,ml,,,,,,th_12374_202410052004,2024-10-05T20:04:34.000Z,"Hpa Do, Bago Region, Myanmar (Burma)",Myanmar,MM,Asia,earthquake,1728159196,1728158674,0,,"18.09,96.55",2024-10-05 20:04:34,2024-10-06 02:34:34,Bago,Bago,Kyauktaga,Khat Cho Kwin,village,1.2
19.556,96.173,10.0,2.2,ml,,,,,,th_12375_202410052014,2024-10-05T20:14:50.000Z,,Myanmar,MM,Asia,earthquake,1728160507,1728159290,0,,"19.56,96.17",2024-10-05 20:14:50,2024-10-06 02:44:50,Mandalay,Det Khi Na,Lewe,Khit Aye,village,2.4
18.419,96.61,10.0,2.6,ml,,,,,,th_12376_202410052213,2024-10-05T22:13:44.000Z,"Kanna Banlaung, Bago Region, Myanmar (Burma)",Myanmar,MM,Asia,earthquake,1728167046,1728166424,0,,"18.42,96.61",2024-10-05 22:13:44,2024-10-06 04:43:44,Bago,Taungoo,Phyu,Tin Koke Kone,village,0.5
14.622,96.214,10.0,3.5,ml,,,,,,th_12378_202410061038,2024-10-06T10:38:05.000Z,,Near South Coast of Myanmar,MM,Asia,earthquake,1728213178,1728211085,0,,"14.62,96.21",2024-10-06 10:38:05,2024-10-06 17:08:05,,,,Min Ga Lar Thaung Tan,village,148.5
20.016,96.395,21.0,2.9,ml,,,,,,th_12381_202410062256,2024-10-06T22:56:21.000Z,,Myanmar,MM,Asia,earthquake,1728255742,1728255381,0,,"20.02,96.40",2024-10-06 22:56:21,2024-10-07 05:26:21,Shan,Taunggyi,Pinlaung,Ywar Thit Kone,village,9.6
19.591,97.594,1.0,1.8,ml,,,,,,th_12382_202410062339,2024-10-06T23:39:22.000Z,"Shadaw, Kayah State, Myanmar (Burma)",Myanmar,MM,Asia,earthquake,1728258371,1728257962,0,,"19.59,97.59",2024-10-06 23:39:22,2024-10-07 06:09:22,Kayah,Loikaw,Shadaw,Sa Laung,village,3.0
20.573,98.538,1.0,1.9,ml,,,,,,th_12384_202410070725,2024-10-07T07:25:13.000Z,"Wan Hwè-kao, Shan, Myanmar (Burma)",Myanmar,MM,Asia,earthquake,1728289908,1728285913,0,,"20.57,98.54",2024-10-07 07:25:13,2024-10-07 13:55:13,Shan,Langkho,Mongnai,Wan Hsar Lar,village,18.6
20.797,98.55,10.0,2.0,ml,,,,,,th_12385_202410071629,2024-10-07T16:29:16.000Z,,Myanmar,MM,Asia,earthquake,1728320125,1728318556,0,,"20.80,98.55",2024-10-07 16:29:16,2024-10-07 22:59:16,Shan,Kengtung,Mongping,Nawng Hkun,village,6.6
20.679,98.521,10.0,2.1,ml,,,,,,th_12386_202410072022,2024-10-07T20:22:34.000Z,"Wan Ta-möng, Shan, Myanmar (Burma)",Myanmar,MM,Asia,earthquake,1728333133,1728332554,0,,"20.68,98.52",2024-10-07 20:22:34,2024-10-08 02:52:34,Shan,Langkho,Mongnai,Nge Taung,village,16.3
20.634,96.935,3.0,2.4,ml,,,,,,th_12387_202410082006,2024-10-08T20:06:39.000Z,"Nyaungshwe, Shan, Myanmar (Burma)",Myanmar,MM,Asia,earthquake,1728422282,1728417999,0,,"20.63,96.94",2024-10-08 20:06:39,2024-10-09 02:36:39,Shan,Taunggyi,Nyaungshwe,Ohn Hne Pin,village,1.0
22.81,94.02,123.0,3.8,ml,,,,,,ems_202410_1715814,2024-10-09T10:49:29.000Z,"Saetaw, Sagaing Region, Myanmar (Burma)",Myanmar,MM,Asia,earthquake,1728470984,1728470520,0,,"22.81,94.02",2024-10-09 10:42:00,2024-10-09 17:12:00,Saigang,Kale,Kale,Man Taw,village,2.2
26.46,95.48,76.0,3.1,ml,,,,,,in_UzFsamVTb0ZhakJqVGNOY3FoQ29Jdz09,2024-10-09T11:21:28.000Z,,Myanmar,MM,Asia,earthquake,1728472512,1728471552,0,,"26.46,95.48",2024-10-09 10:59:12,2024-10-09 17:29:12,Saigang,Hkamti,Lahe,Langtai Nokkon,village,1.3
17.22,96.284,10.0,2.6,ml,,,,,,th_12388_202410091359,2024-10-09T13:59:07.000Z,"Sar Bu Taung, Yangon Region, Myanmar (Burma)",Myanmar,MM,Asia,earthquake,1728483128,1728482347,0,,"17.22,96.28",2024-10-09 13:59:07,2024-10-09 20:29:07,Yangon,Yangon (North),Hlegu,Ma Dawt Pin,village,5.1
15.057,96.618,12.0,3.3,ml,,,,,,th_12389_202410100029,2024-10-10T00:29:58.000Z,Myanmar (Burma),Near South Coast of Myanmar,MM,Asia,earthquake,1728520893,1728520198,0,,"15.06,96.62",2024-10-10 00:29:58,2024-10-10 06:59:58,,,,Ku Lar Koke (Auk Seik),village,122.1
20.921,98.954,1.0,2.3,ml,,,,,,th_12390_202410100050,2024-10-10T00:50:48.000Z,,Myanmar,MM,Asia,earthquake,1728522605,1728521448,0,,"20.92,98.95",2024-10-10 00:50:48,2024-10-10 07:20:48,Shan,Kengtung,Mongping,Shwe Pe (Ae Yae),village,2.9
20.925,98.469,10.0,2.5,ml,,,,,,th_12391_202410100831,2024-10-10T08:31:00.000Z,"Na-hkilek, Shan, Myanmar (Burma)",Myanmar,MM,Asia,earthquake,1728550421,1728549060,0,,"20.93,98.47",2024-10-10 08:31:00,2024-10-10 15:01:00,Shan,Loilen,Kunhing,Hsi Pawt,village,6.4
19.762,96.31,1.0,2.4,ml,,,,,,th_12392_202410101454,2024-10-10T14:54:13.000Z,"Kyidaung, Naypyidaw Union Territory, Myanmar (Burma)",Myanmar,MM,Asia,earthquake,1728573350,1728572053,0,,"19.76,96.31",2024-10-10 14:54:13,2024-10-10 21:24:13,Mandalay,Oke Ta Ra,Zay Yar Thi Ri,Kyi Taung,village,0.6
22.89,96.06,10.0,3.8,ml,,,,,,in_L0N1dGtObHNxQjl0dHQ0SnJjQllCZz09,2024-10-11T04:19:26.000Z,"War Hpyu Taung, Mandalay Region, Myanmar (Burma)",Myanmar,MM,Asia,earthquake,1728620725,1728620366,0,,"22.89,96.06",2024-10-11 04:19:26,2024-10-11 10:49:26,Mandalay,Pyinoolwin,Thabeikkyin,Chauk Maing Sakhan Thar,village,0.8
22.9814,95.8755,10.0,4.9,mb,52.0,91.0,1.978,0.9,us,in_TGFTbHU3UDE5ZGJIclFySFhodjNBdz09,2024-10-11T10:07:59.710Z,,"49km NNE of Shwebo, Myanmar",MM,Asia,earthquake,1728622219,1728621655,1,,"22.85,95.73",2024-10-11 04:40:55,2024-10-11 11:10:55,Saigang,Kanbalu,Kanbalu,Pa Zi Gyi,village,5.3
18.454,95.03,6.0,3.5,ml,,,,,,th_12395_202410111406,2024-10-11T14:06:11.000Z,"Kyidaw, Bago Region, Myanmar (Burma)",Myanmar,MM,Asia,earthquake,1728657267,1728655571,0,,"18.45,95.03",2024-10-11 14:06:11,2024-10-11 20:36:11,Bago,Pyay,Padaung,Ton Kin Ywar Ma,village,0.3
19.285,96.534,2.0,3.6,ml,,,,,,th_12400_202410121852,2024-10-12T18:52:56.000Z,"Pebo, Kayin State, Myanmar (Burma)",Myanmar,MM,Asia,earthquake,1728759748,1728759176,0,,"19.29,96.53",2024-10-12 18:52:56,2024-10-13 01:22:56,Kayin,Hpa-An,Thandaunggyi,Than Taung Ka Lay,village,1.6
20.506,97.84,1.0,2.5,ml,,,,,,th_12402_202410130718,2024-10-13T07:18:47.000Z,"Mongnai, Shan, Myanmar (Burma)",Myanmar,MM,Asia,earthquake,1728805034,1728803927,0,,"20.51,97.84",2024-10-13 07:18:47,2024-10-13 13:48:47,Shan,Langkho,Mongnai,Mong Nai,town,3.4
20.531,97.823,5.0,2.3,ml,,,,,,th_12403_202410130821,2024-10-13T08:21:31.000Z,"Mongnai, Shan, Myanmar (Burma)",Myanmar,MM,Asia,earthquake,1728808275,1728807691,0,,"20.53,97.82",2024-10-13 08:21:31,2024-10-13 14:51:31,Shan,Langkho,Mongnai,Hsi Hson,village,4.6
19.664,98.035,3.0,1.7,ml,,,,,,th_12404_202410132219,2024-10-13T22:19:12.000Z,"Wan Namon, Shan, Myanmar (Burma)",Myanmar,MM,Asia,earthquake,1728858589,1728857952,0,,"19.66,98.04",2024-10-13 22:19:12,2024-10-14 04:49:12,Shan,Langkho,Langkho,Ban Na Pu Pom,village,6.4
25.7408,96.58,10.0,4.3,mb,,,,,,in_MDVrWURzb29LU3luclBkMm56WVNMZz09,2024-10-14T09:09:30.000Z,"Malakawng, Kachin, Myanmar (Burma)",Myanmar,MM,Asia,earthquake,1728890268,1728889366,0,,"25.60,97.02",2024-10-14 07:02:46,2024-10-14 13:32:46,Kachin,Mohnyin,Hpakant,Nawng Myi,village,9.1
23.86,93.64,31.0,3.4,ml,,,,,,in_Mkk2NUlQYXhrZGZyQTZmdllpTENMQT09,2024-10-15T09:21:28.000Z,"Bizang, Chin State, Myanmar (Burma)",Myanmar,MM,Asia,earthquake,1728983828,1728981970,0,,"23.86,93.64",2024-10-15 08:46:10,2024-10-15 15:16:10,Chin,Falam,Tonzang,Sialmei (Sial mong),village,3.2
20.545,98.127,1.0,2.1,ml,,,,,,th_12407_202410161445,2024-10-16T14:45:56.000Z,,Myanmar,MM,Asia,earthquake,1729092126,1729089956,0,,"20.55,98.13",2024-10-16 14:45:56,2024-10-16 21:15:56,Shan,Langkho,Langkho,Ho Hpar,village,9.9
24.79,95.0,120.0,3.2,ml,,,,,,in_UHV6NGo5YlBRU1NNWW1GcnlNZGx0Zz09,2024-10-17T01:35:29.000Z,"Nawngpu-Awng, Sagaing Region, Myanmar (Burma)",Myanmar,MM,Asia,earthquake,1729128669,1729127894,0,,"24.79,95.00",2024-10-17 01:18:14,2024-10-17 07:48:14,Saigang,Hkamti,Homalin,Man Maw,village,2.6
18.223,97.515,1.0,2.0,ml,,,,,,th_12410_202410170120,2024-10-17T01:20:41.000Z,Hpapun District,Myanmar,MM,Asia,earthquake,1729129127,1729128041,0,,"18.22,97.52",2024-10-17 01:20:41,2024-10-17 07:50:41,Kayin,Hpapun,Hpapun,Kyoe Kho Doe,village,10.1
21.328,98.223,1.0,2.6,ml,,,,,,th_12411_202410170856,2024-10-17T08:56:47.000Z,"Kyu-ywet, Shan, Myanmar (Burma)",Myanmar,MM,Asia,earthquake,1729163351,1729155407,0,,"21.33,98.22",2024-10-17 08:56:47,2024-10-17 15:26:47,Shan,Loilen,Kyethi,Hseng Mun,village,7.6
21.003,97.902,3.0,2.4,ml,,,,,,th_12412_202410171811,2024-10-17T18:11:20.000Z,"Makkeng, Shan, Myanmar (Burma)",Myanmar,MM,Asia,earthquake,1729190268,1729188680,0,,"21.00,97.90",2024-10-17 18:11:20,2024-10-18 00:41:20,Shan,Loilen,Nansang,Kar Lay,town,5.8
20.167,97.919,2.0,2.2,ml,,,,,,th_12413_202410171927,2024-10-17T19:27:11.000Z,"Wan Hat, Shan, Myanmar (Burma)",Myanmar,MM,Asia,earthquake,1729195759,1729193231,0,,"20.17,97.92",2024-10-17 19:27:11,2024-10-18 01:57:11,Shan,Langkho,Langkho,Ti Long,village,5.0
21.069,99.37,2.0,3.2,ml,,,,,,th_12414_202410180432,2024-10-18T04:32:24.000Z,"Wan Na-hsai, Shan, Myanmar (Burma)",Myanmar,MM,Asia,earthquake,1729226921,1729225944,0,,"21.07,99.37",2024-10-18 04:32:24,2024-10-18 11:02:24,Shan,Kengtung,Kengtung,Har Waing,village,2.0
22.736,98.99,10.0,3.3,ml,,,,,,th_12418_202410181016,2024-10-18T10:16:49.000Z,Moegraix District,Myanmar - China Border Region,MM,Asia,earthquake,1729302684,1729246609,0,,"22.74,98.99",2024-10-18 10:16:49,2024-10-18 16:46:49,Shan,Matman,Narphan,沙拉,village,8.1
22.976,99.134,10.0,3.3,ml,,,,,,th_12415_202410181214,2024-10-18T12:14:13.000Z,"Kawngrang, Shan, Myanmar (Burma)",Myanmar,MM,Asia,earthquake,1729257639,1729253653,0,,"22.98,99.13",2024-10-18 12:14:13,2024-10-18 18:44:13,Shan,Hopang,Pangwaun,羊碟,village,1.9
20.614,99.154,3.0,2.1,ml,,,,,,th_12424_202410202132,2024-10-20T21:32:44.000Z,"Me-ki-li, Shan, Myanmar (Burma)",Myanmar,MM,Asia,earthquake,1729469716,1729459964,1,,"20.60,99.17",2024-10-20 21:32:44,2024-10-21 04:02:44,Shan,Monghsat,Monghsat,Hwayt Khee,village,2.0
20.396,98.206,3.0,2.2,ml,,,,,,th_12425_202410202247,2024-10-20T22:47:23.000Z,"Na-law, Shan, Myanmar (Burma)",Myanmar,MM,Asia,earthquake,1729469775,1729464443,0,,"20.40,98.21",2024-10-20 22:47:23,2024-10-21 05:17:23,Shan,Langkho,Mongpan,Nar Law,village,10.0
21.142,98.484,2.0,2.5,ml,,,,,,th_12430_202410231246,2024-10-23T12:46:59.000Z,"Wan Lao, Shan, Myanmar (Burma)",Myanmar,MM,Asia,earthquake,1729689287,1729687619,0,,"21.14,98.48",2024-10-23 12:46:59,2024-10-23 19:16:59,Shan,Loilen,Kunhing,,village,4.9
22.59,94.1,32.0,3.8,ml,,,,,,in_bmV2NlBFUUtyR3dOckExNU96cnhQQT09,2024-10-24T04:28:29.000Z,"Namko, Magway Region, Myanmar (Burma)",Myanmar,MM,Asia,earthquake,1729743924,1729742652,0,,"22.59,94.10",2024-10-24 04:04:12,2024-10-24 10:34:12,Magway,Gangaw,Gangaw,Thar Lin,village,0.9
20.934,97.687,5.0,2.7,ml,,,,,,th_12432_202410250247,2024-10-25T02:47:37.000Z,,Myanmar,MM,Asia,earthquake,1729825431,1729824457,0,,"20.93,97.69",2024-10-25 02:47:37,2024-10-25 09:17:37,Shan,Loilen,Nansang,Htin Shu Myaing,village,2.2
21.218,99.217,4.0,2.4,ml,,,,,,th_12433_202410251327,2024-10-25T13:27:38.000Z,"Mawnkak, Shan, Myanmar (Burma)",Myanmar,MM,Asia,earthquake,1729863481,1729862858,0,,"21.22,99.22",2024-10-25 13:27:38,2024-10-25 19:57:38,Shan,Kengtung,Mongping,Nawng Hkit,village,4.6
20.319,97.948,2.0,2.7,ml,,,,,,th_12434_202410260015,2024-10-26T00:15:08.000Z,"Wan Kun, Shan, Myanmar (Burma)",Myanmar,MM,Asia,earthquake,1729903156,1729901708,0,,"20.32,97.95",2024-10-26 00:15:08,2024-10-26 06:45:08,Shan,Langkho,Langkho,Wan Mai,village,4.1
20.109,98.542,2.0,1.8,ml,,,,,,th_12435_202410260027,2024-10-26T00:27:54.000Z,"Ta Hpa-leng, Shan, Myanmar (Burma)",Myanmar,MM,Asia,earthquake,1729904064,1729902474,0,,"20.11,98.54",2024-10-26 00:27:54,2024-10-26 06:57:54,Shan,Monghsat,Mongton,Ho Hpai,village,27.5
19.398,96.952,4.0,2.2,ml,,,,,,th_12437_202410271102,2024-10-27T11:02:32.000Z,"Hoyar, Kayah State, Myanmar (Burma)",Myanmar,MM,Asia,earthquake,1730028279,1730026952,0,,"19.40,96.95",2024-10-27 11:02:32,2024-10-27 17:32:32,Kayah,Loikaw,Hpruso,Do Mo Kho,village,3.7
19.899,98.146,2.0,1.8,ml,,,,,,th_12438_202410271113,2024-10-27T11:13:58.000Z,"Wan Nawnghsem, Shan, Myanmar (Burma)",Myanmar,MM,Asia,earthquake,1730028948,1730027638,0,,"19.90,98.15",2024-10-27 11:13:58,2024-10-27 17:43:58,Shan,Langkho,Langkho,Loi Tai Leng,town,18.8
20.985,99.952,3.0,2.3,ml,,,,,,th_12439_202410280143,2024-10-28T01:43:58.000Z,"Wan Hkang Ho-paw, Shan, Myanmar (Burma)",Myanmar,MM,Asia,earthquake,1730080547,1730079838,0,,"20.99,99.95",2024-10-28 01:43:58,2024-10-28 08:13:58,Shan,Tachileik,Monghpyak,Han Waing (Thit),village,0.9
20.715,98.052,10.0,2.4,ml,,,,,,th_12440_202410281914,2024-10-28T19:14:45.000Z,"Loi-lam, Shan, Myanmar (Burma)",Myanmar,MM,Asia,earthquake,1730144638,1730142885,0,,"20.72,98.05",2024-10-28 19:14:45,2024-10-29 01:44:45,Shan,Langkho,Mongnai,Loi Aing,village,3.5
19.328,96.398,10.0,2.9,ml,,,,,,th_12442_202410290804,2024-10-29T08:04:37.000Z,"Sibaing, Bago Region, Myanmar (Burma)",Myanmar,MM,Asia,earthquake,1730190203,1730189077,0,,"19.33,96.40",2024-10-29 08:04:37,2024-10-29 14:34:37,Bago,Taungoo,Yedashe,Tat Soe,village,2.4
18.088,96.672,1.0,2.0,ml,,,,,,th_12443_202410291638,2024-10-29T16:38:59.000Z,"Pein Za Loke, Bago Region, Myanmar (Burma)",Myanmar,MM,Asia,earthquake,1730225384,1730219939,0,,"18.09,96.67",2024-10-29 16:38:59,2024-10-29 23:08:59,Bago,Bago,Nyaunglebin,Peinzalok,town,2.0
20.164,97.889,3.0,1.9,ml,,,,,,th_12444_202410291708,2024-10-29T17:08:49.000Z,"Wan Hat, Shan, Myanmar (Burma)",Myanmar,MM,Asia,earthquake,1730225440,1730221729,0,,"20.16,97.89",2024-10-29 17:08:49,2024-10-29 23:38:49,Shan,Langkho,Langkho,Ti Long,village,2.8
20.875,100.016,1.0,2.6,ml,,,,,,th_12447_202410300623,2024-10-30T06:23:50.000Z,"Wan Hwè-sai-kao, Shan, Myanmar (Burma)",Myanmar,MM,Asia,earthquake,1730273185,1730269430,0,,"20.88,100.02",2024-10-30 06:23:50,2024-10-30 12:53:50,Shan,Tachileik,Monghpyak,Hway Sho,village,2.9
21.461,99.537,4.0,2.8,ml,,,,,,th_12448_202410300626,2024-10-30T06:26:05.000Z,"Wan Pingfun, Shan, Myanmar (Burma)",Myanmar,MM,Asia,earthquake,1730273635,1730269565,0,,"21.46,99.54",2024-10-30 06:26:05,2024-10-30 12:56:05,Shan,Kengtung,Kengtung,Ho Leik,village,3.7
16.865,98.365,2.0,2.3,ml,,,,,,th_12449_202410301249,2024-10-30T12:49:55.000Z,"Hpakalu, Kayin State, Myanmar (Burma)",Myanmar,MM,Asia,earthquake,1730297625,1730292595,0,,"16.87,98.37",2024-10-30 12:49:55,2024-10-30 19:19:55,Kayin,Myawaddy,Myawaddy,Taw Oke,village,0.4
18.665,97.255,5.0,2.2,ml,,,,,,th_12451_202410311123,2024-10-31T11:23:14.000Z,"Dwedo, Kayin State, Myanmar (Burma)",Myanmar,MM,Asia,earthquake,1730374877,1730373794,0,,"18.67,97.26",2024-10-31 11:23:14,2024-10-31 17:53:14,Kayin,Hpapun,Hpapun,Ka Rei Khee,village,10.7
20.841,97.975,4.0,2.9,ml,,,,,,th_12452_202410311528,2024-10-31T15:28:52.000Z,"Wan Kang, Shan, Myanmar (Burma)",Myanmar,MM,Asia,earthquake,1730389492,1730388532,0,,"20.84,97.98",2024-10-31 15:28:52,2024-10-31 21:58:52,Shan,Loilen,Nansang,Wan Nawng,village,2.3
20.835,98.4,10.0,3.2,ml,,,,,,th_12457_202411020340,2024-11-02T03:40:30.000Z,"Hkamkang, Shan, Myanmar (Burma)",Myanmar,MM,Asia,earthquake,1730519439,1730518830,0,,"20.84,98.40",2024-11-02 03:40:30,2024-11-02 10:10:30,Shan,Langkho,Mongnai,,village,5.5
19.84,97.726,7.0,1.7,ml,,,,,,th_12458_202411021153,2024-11-02T11:53:31.000Z,"Ta-hsopteng, Shan, Myanmar (Burma)",Myanmar,MM,Asia,earthquake,1730550166,1730548411,0,,"19.84,97.73",2024-11-02 11:53:31,2024-11-02 18:23:31,Shan,Langkho,Mawkmai,Nar Aum,village,14.3
20.422,94.942,10.0,3.1,ml,,,,,,th_12459_202411022144,2024-11-02T21:44:20.000Z,"Yenangyaung, Magway Region, Myanmar (Burma)",Myanmar,MM,Asia,earthquake,1730588395,1730583860,0,,"20.42,94.94",2024-11-02 21:44:20,2024-11-03 04:14:20,Magway,Magway,Yenangyaung,Yin Mar Chaung,village,4.6
20.364,98.32,1.0,2.4,ml,,,,,,th_12460_202411030237,2024-11-03T02:37:35.000Z,"Mong Pan, Shan, Myanmar (Burma)",Myanmar,MM,Asia,earthquake,1730602143,1730601455,0,,"20.36,98.32",2024-11-03 02:37:35,2024-11-03 09:07:35,Shan,Langkho,Mongpan,Long Kyein,village,4.4
24.89,95.62,10.0,3.3,ml,,,,,,in_WjR5NUNIQ05rTUZ3dFFOYW5YdDNSUT09,2024-11-06T06:28:28.000Z,"Tonsaga, Sagaing Region, Myanmar (Burma)",Myanmar,MM,Asia,earthquake,1730874499,1730873992,0,,"24.89,95.62",2024-11-06 06:19:52,2024-11-06 12:49:52,Saigang,Hkamti,Homalin,Ton Sa Kar,village,8.9
17.944,97.569,10.0,2.6,ml,,,,,,th_12470_202411070724,2024-11-07T07:24:59.000Z,"Bwado, Kayin State, Myanmar (Burma)",Myanmar,MM,Asia,earthquake,1730964824,1730964299,0,,"17.94,97.57",2024-11-07 07:24:59,2024-11-07 13:54:59,Kayin,Hpapun,Hpapun,Hpaw Dee Doe,village,2.5
20.531,98.097,5.0,2.4,ml,,,,,,th_12471_202411070751,2024-11-07T07:51:32.000Z,"Nammawlong, Shan, Myanmar (Burma)",Myanmar,MM,Asia,earthquake,1730967194,1730965892,0,,"20.53,98.10",2024-11-07 07:51:32,2024-11-07 14:21:32,Shan,Langkho,Langkho,Ho Hpar,village,7.2
21.36,97.49,10.0,3.7,ml,,,,,,in_bjVOdHpnNkVQS2dob2cxR2N1RGtjUT09,2024-11-07T16:31:05.000Z,"Hkok Low, Shan, Myanmar (Burma)",Myanmar,MM,Asia,earthquake,1730997796,1730997065,0,,"21.36,97.49",2024-11-07 16:31:05,2024-11-07 23:01:05,Shan,Loilen,Laihka,Hpa Yar Len Si,village,1.3
18.236,96.164,10.0,3.5,ml,,,,,,th_12473_202411071803,2024-11-07T18:03:00.000Z,"Thitkyi, Bago Region, Myanmar (Burma)",Myanmar,MM,Asia,earthquake,1731003900,1731002580,0,,"18.24,96.16",2024-11-07 18:03:00,2024-11-08 00:33:00,Bago,Bago,Kyauktaga,Sar Byin Village,village,16.7
20.815,99.888,1.0,2.3,ml,,,,,,th_12474_202411071944,2024-11-07T19:44:02.000Z,"Monghpyak, Shan, Myanmar (Burma)",Myanmar,MM,Asia,earthquake,1731008993,1731008642,0,,"20.82,99.89",2024-11-07 19:44:02,2024-11-08 02:14:02,Shan,Tachileik,Monghpyak,Nam Hway Long,village,2.6
21.036,99.266,1.0,2.4,ml,,,,,,th_12477_202411081150,2024-11-08T11:50:12.000Z,"Wan Pong, Shan, Myanmar (Burma)",Myanmar,MM,Asia,earthquake,1731070863,1731066612,0,,"21.04,99.27",2024-11-08 11:50:12,2024-11-08 18:20:12,Shan,Kengtung,Kengtung,Nam Pang,village,4.9
20.161,97.81,1.0,2.0,ml,,,,,,th_12480_202411091723,2024-11-09T17:23:49.000Z,"Wan Hat, Shan, Myanmar (Burma)",Myanmar,MM,Asia,earthquake,1731174264,1731173029,0,,"20.16,97.81",2024-11-09 17:23:49,2024-11-09 23:53:49,Shan,Langkho,Langkho,Nar Kan,village,5.7
20.82,98.287,10.0,3.4,ml,,,,,,th_12482_202411100113,2024-11-10T01:13:20.000Z,"Wan Hsenhkünkiao, Shan, Myanmar (Burma)",Myanmar,MM,Asia,earthquake,1731201996,1731201200,0,,"20.82,98.29",2024-11-10 01:13:20,2024-11-10 07:43:20,Shan,Langkho,Mongnai,Keng Tawng,town,7.9
20.779,98.345,1.0,2.5,ml,,,,,,th_12483_202411101426,2024-11-10T14:26:06.000Z,"Kengtawng, Shan, Myanmar (Burma)",Myanmar,MM,Asia,earthquake,1731249189,1731248766,0,,"20.78,98.35",2024-11-10 14:26:06,2024-11-10 20:56:06,Shan,Langkho,Mongnai,Keng Tawng,town,2.1
22.5,94.52,28.0,3.5,ml,,,,,,in_ZHFWVEIvTkpzeTYrUmV0K2phZFlxQT09,2024-11-10T20:14:01.000Z,"Kyaukpôn-kan, Sagaing Region, Myanmar (Burma)",Myanmar,MM,Asia,earthquake,1731270702,1731269641,1,,"22.61,95.03",2024-11-10 20:14:01,2024-11-11 02:44:01,Saigang,Yinmarbin,Kani,Pwint Kar,village,3.5
20.576,99.156,3.0,2.1,ml,,,,,,th_12484_202411110855,2024-11-11T08:55:48.000Z,"Mong Hsat, Shan, Myanmar (Burma)",Myanmar,MM,Asia,earthquake,1731316198,1731315348,0,,"20.58,99.16",2024-11-11 08:55:48,2024-11-11 15:25:48,Shan,Monghsat,Monghsat,Par Nan,village,3.1
20.001,97.893,11.0,2.2,ml,,,,,,th_12485_202411111816,2024-11-11T18:16:27.000Z,"Wan Kongpao, Shan, Myanmar (Burma)",Myanmar,MM,Asia,earthquake,1731349170,1731348987,0,,"20.00,97.89",2024-11-11 18:16:27,2024-11-12 00:46:27,Shan,Langkho,Langkho,Wan Sa Lawng,village,16.1
20.327,98.242,1.0,2.1,ml,,,,,,th_12487_202411131857,2024-11-13T18:57:14.000Z,"Na-law, Shan, Myanmar (Burma)",Myanmar,MM,Asia,earthquake,1731525099,1731524234,0,,"20.33,98.24",2024-11-13 18:57:14,2024-11-14 01:27:14,Shan,Langkho,Mongpan,Nar Law,village,2.7
18.14,96.93,10.0,4.0,ml,,,,,,in_UzVhV2ZWUnNpdDFxS29jM1lRT1hGQT09,2024-11-14T19:18:01.000Z,"Bogata Auk, Bago Region, Myanmar (Burma)",Myanmar,MM,Asia,earthquake,1731612658,1731611881,0,,"18.14,96.93",2024-11-14 19:18:01,2024-11-15 01:48:01,Bago,Bago,Shwegyin,Inn Ga Ni,village,9.3
20.591,98.304,10.0,2.2,ml,,,,,,th_12490_202411151022,2024-11-15T10:22:26.000Z,"Nawnglao, Shan, Myanmar (Burma)",Myanmar,MM,Asia,earthquake,1731668251,1731666146,0,,"20.59,98.30",2024-11-15 10:22:26,2024-11-15 16:52:26,Shan,Langkho,Mongnai,Nawng Tawng,village,9.7
20.896,98.243,2.0,2.2,ml,,,,,,th_12491_202411151335,2024-11-15T13:35:38.000Z,"Wan Hsenhkünkiao, Shan, Myanmar (Burma)",Myanmar,MM,Asia,earthquake,1731679226,1731677738,0,,"20.90,98.24",2024-11-15 13:35:38,2024-11-15 20:05:38,Shan,Langkho,Mongnai,Keng Hkam,village,13.9
20.179,98.59,2.0,2.3,ml,,,,,,th_12493_202411151832,2024-11-15T18:32:03.000Z,"Wan Hsumpoi, Shan, Myanmar (Burma)",Myanmar,MM,Asia,earthquake,1731696248,1731695523,0,,"20.18,98.59",2024-11-15 18:32:03,2024-11-16 01:02:03,Shan,Langkho,Mongpan,Wan Htam,village,22.7
19.994,97.871,5.0,2.1,ml,,,,,,th_12494_202411160110,2024-11-16T01:10:09.000Z,"Ta Öngmu, Shan, Myanmar (Burma)",Myanmar,MM,Asia,earthquake,1731720740,1731719409,0,,"19.99,97.87",2024-11-16 01:10:09,2024-11-16 07:40:09,Shan,Langkho,Langkho,Wan Sa Lawng,village,13.9
25.25,96.82,10.0,3.6,ml,,,,,,in_VDQydlEvU2tTR0Rtd3p2V095MlZjQT09,2024-11-16T01:17:32.000Z,"Sahmaw, Kachin, Myanmar (Burma)",Myanmar,MM,Asia,earthquake,1731723511,1731719852,0,,"25.25,96.82",2024-11-16 01:17:32,2024-11-16 07:47:32,Kachin,Mohnyin,Mogaung,Inn Baung,village,0.9
19.015,95.302,10.0,3.0,ml,,,,,,th_12495_202411160118,2024-11-16T01:18:18.000Z,"Aukchaing, Bago Region, Myanmar (Burma)",Myanmar,MM,Asia,earthquake,1731723445,1731719898,0,,"19.02,95.30",2024-11-16 01:18:18,2024-11-16 07:48:18,Bago,Pyay,Pyay,Kan Gyi Kone,village,2.5
18.505,96.368,1.0,2.8,ml,,,,,,th_12496_202411161512,2024-11-16T15:12:48.000Z,"Thewa, Bago Region, Myanmar (Burma)",Myanmar,MM,Asia,earthquake,1731770760,1731769968,0,,"18.51,96.37",2024-11-16 15:12:48,2024-11-16 21:42:48,Bago,Taungoo,Phyu,Kyar Inn Su,village,3.1
21.073,99.799,10.0,2.4,ml,,,,,,th_12498_202411171543,2024-11-17T15:43:30.000Z,"Yangka, Shan, Myanmar (Burma)",Myanmar,MM,Asia,earthquake,1731864536,1731858210,0,,"21.07,99.80",2024-11-17 15:43:30,2024-11-17 22:13:30,Shan,Kengtung,Kengtung,Hway Lun,village,0.7
18.409,96.517,10.0,2.4,ml,,,,,,th_12497_202411171712,2024-11-17T17:12:59.000Z,"Nyaung Pin Thar, Bago Region, Myanmar (Burma)",Myanmar,MM,Asia,earthquake,1731864182,1731863579,0,,"18.41,96.52",2024-11-17 17:12:59,2024-11-17 23:42:59,Bago,Taungoo,Phyu,Ohn Pin Su,village,1.7
26.53,96.0,23.0,3.6,ml,,,,,,in_QzRya1NoYWVJbXdZOVU2ZkZ6K3FuUT09,2024-11-18T06:42:44.000Z,"Sela Nok, Sagaing Region, Myanmar (Burma)",Myanmar,MM,Asia,earthquake,1731911837,1731911248,0,,"26.53,96.00",2024-11-18 06:27:28,2024-11-18 12:57:28,Saigang,Hkamti,Nanyun,,village,19.7
16.76,95.96,10.0,4.3,ml,,,,,,in_SitXNDMyQyt3aFBYZm5uRkEyQnFvUT09,2024-11-20T12:13:46.000Z,"Bilin, Ayeyarwady, Myanmar (Burma)",Near South Coast Of Myanmar,MM,Asia,earthquake,1732101372,1732100690,1,,"16.97,95.19",2024-11-20 11:04:50,2024-11-20 17:34:50,Yangon,Yangon (South),Twantay,Ka Nyut Kone,village,0.2
16.82,95.89,10.0,4.3,ml,,,,,,in_NUxOOVpCeGhHc21CQzFVT1UrRGxYUT09,2024-11-20T12:39:37.000Z,"Akechaungwa, Ayeyarwady, Myanmar (Burma)",Near South Coast Of Myanmar,MM,Asia,earthquake,1732102148,1732101509,1,,"16.14,95.88",2024-11-20 11:18:29,2024-11-20 17:48:29,Yangon,Yangon (South),Twantay,Tu Chaung Lay,village,1.6
17.624,96.08,13.0,3.3,ml,,,,,,th_12504_202411201129,2024-11-20T11:29:20.000Z,"Da Te, Yangon Region, Myanmar (Burma)",Myanmar,MM,Asia,earthquake,1732104005,1732102160,0,,"17.62,96.08",2024-11-20 11:29:20,2024-11-20 17:59:20,Yangon,Yangon (North),Taikkyi,Shaw Pon,village,11.0
20.482,98.278,4.0,3.1,ml,,,,,,th_12505_202411201501,2024-11-20T15:01:32.000Z,"Wan Namhok, Shan, Myanmar (Burma)",Myanmar,MM,Asia,earthquake,1732115466,1732114892,0,,"20.48,98.28",2024-11-20 15:01:32,2024-11-20 21:31:32,Shan,Langkho,Mongnai,Long Kyein,village,18.2
20.713,100.043,5.0,2.4,ml,,,,,,th_12506_202411210021,2024-11-21T00:21:21.000Z,"Tarlay, Shan, Myanmar (Burma)",Myanmar,MM,Asia,earthquake,1732150400,1732148481,0,,"20.71,100.04",2024-11-21 00:21:21,2024-11-21 06:51:21,Shan,Tachileik,Tachileik,Pu Ho Mein,village,1.6
20.652,96.989,3.0,2.9,ml,,,,,,th_12508_202411210605,2024-11-21T06:05:23.000Z,"Nyaungshwe, Shan, Myanmar (Burma)",Myanmar,MM,Asia,earthquake,1732170142,1732169123,0,,"20.65,96.99",2024-11-21 06:05:23,2024-11-21 12:35:23,Shan,Taunggyi,Nyaungshwe,Loi Kin,village,2.5
26.62,96.02,60.0,3.7,ml,,,,,,in_Z01kZTZZNS81YytRK2hpL01iN2ZTUT09,2024-11-21T07:15:04.000Z,"Semtik Ga, Sagaing Region, Myanmar (Burma)",Myanmar,MM,Asia,earthquake,1732173237,1732172672,0,,"26.62,96.02",2024-11-21 07:04:32,2024-11-21 13:34:32,Saigang,Hkamti,Nanyun,,village,20.0
20.414,97.934,4.0,2.6,ml,,,,,,th_12510_202411211815,2024-11-21T18:15:51.000Z,"Wan Hkunlao, Shan, Myanmar (Burma)",Myanmar,MM,Asia,earthquake,1732213531,1732212951,0,,"20.41,97.93",2024-11-21 18:15:51,2024-11-22 00:45:51,Shan,Langkho,Langkho,Pang Pawng,village,1.8
20.848,98.412,2.0,3.3,ml,,,,,,th_12511_202411221049,2024-11-22T10:49:29.000Z,"Hkamkang, Shan, Myanmar (Burma)",Myanmar,MM,Asia,earthquake,1732273397,1732272569,0,,"20.85,98.41",2024-11-22 10:49:29,2024-11-22 17:19:29,Shan,Langkho,Mongnai,,village,7.1
17.553,97.734,2.0,1.8,ml,,,,,,th_12513_202411231249,2024-11-23T12:49:09.000Z,"Tamohpo, Kayin State, Myanmar (Burma)",Myanmar,MM,Asia,earthquake,1732367304,1732366149,0,,"17.55,97.73",2024-11-23 12:49:09,2024-11-23 19:19:09,Kayin,Hpapun,Hpapun,Me Pa Li Khee,village,6.5
18.129,96.856,2.0,3.3,ml,,,,,,th_12514_202411240155,2024-11-24T01:55:40.000Z,"Bogata Auk, Bago Region, Myanmar (Burma)",Myanmar,MM,Asia,earthquake,1732414414,1732413340,0,,"18.13,96.86",2024-11-24 01:55:40,2024-11-24 08:25:40,Bago,Bago,Shwegyin,Inn Ga Ni,village,2.3
18.958,97.685,5.0,3.7,ml,,,,,,th_12515_202411240436,2024-11-24T04:51:33.000Z,"Kayah State, Myanmar (Burma)",Myanmar,MM,Asia,earthquake,1732423717,1732423015,0,,"18.96,97.69",2024-11-24 04:36:55,2024-11-24 11:06:55,Kayah,Bawlake,Bawlake,,village,17.1
20.605,97.925,2.0,2.5,ml,,,,,,th_12516_202411241942,2024-11-24T19:42:30.000Z,"Narhkan, Shan, Myanmar (Burma)",Myanmar,MM,Asia,earthquake,1732478049,1732477350,0,,"20.61,97.93",2024-11-24 19:42:30,2024-11-25 02:12:30,Shan,Langkho,Mongnai,Ho Hpai,village,1.5
20.863,98.385,4.0,2.0,ml,,,,,,th_12518_202411242002,2024-11-24T20:02:10.000Z,"Wan Hsamkawng, Shan, Myanmar (Burma)",Myanmar,MM,Asia,earthquake,1732481285,1732478530,0,,"20.86,98.39",2024-11-24 20:02:10,2024-11-25 02:32:10,Shan,Langkho,Mongnai,,village,8.7
19.387,97.27,2.0,1.7,ml,,,,,,th_12519_202411242005,2024-11-24T20:05:36.000Z,"Dawtakale, Kayah State, Myanmar (Burma)",Myanmar,MM,Asia,earthquake,1732486112,1732478736,0,,"19.39,97.27",2024-11-24 20:05:36,2024-11-25 02:35:36,Kayah,Loikaw,Demoso,Kay Hlar,village,4.9
13.697,96.588,3.0,3.1,ml,,,,,,th_12520_202411250151,2024-11-25T01:51:48.000Z,,Off South Coast of Myanmar,MM,Asia,earthquake,1732502049,1732499508,0,,"13.70,96.59",2024-11-25 01:51:48,2024-11-25 08:21:48,,,,Shan Maw,village,162.1
20.731,98.039,1.0,2.3,ml,,,,,,th_12521_202411250302,2024-11-25T03:02:41.000Z,"Loi-lam, Shan, Myanmar (Burma)",Myanmar,MM,Asia,earthquake,1732505251,1732503761,0,,"20.73,98.04",2024-11-25 03:02:41,2024-11-25 09:32:41,Shan,Langkho,Mongnai,Loi Aing,village,1.4
20.642,97.98,3.0,2.5,ml,,,,,,th_12522_202411250429,2024-11-25T04:29:52.000Z,"Nawngleng, Shan, Myanmar (Burma)",Myanmar,MM,Asia,earthquake,1732509578,1732508992,0,,"20.64,97.98",2024-11-25 04:29:52,2024-11-25 10:59:52,Shan,Langkho,Mongnai,Ho Hpai,village,5.6
20.46,98.147,1.0,2.2,ml,,,,,,th_12523_202411251653,2024-11-25T16:53:59.000Z,"Hangna, Shan, Myanmar (Burma)",Myanmar,MM,Asia,earthquake,1732554651,1732553639,0,,"20.46,98.15",2024-11-25 16:53:59,2024-11-25 23:23:59,Shan,Langkho,Langkho,Wan Kyawng,village,6.9
24.7834,96.0433,10.0,4.9,mb,,,,,,in_QWVvOWorVHhLeHpBSCtReUFlSnA4dz09,2024-11-26T10:40:14.000Z,"Achyika, Kachin, Myanmar (Burma)",Myanmar,MM,Asia,earthquake,1732608632,1732608205,1,,"24.77,96.30",2024-11-26 08:03:25,2024-11-26 14:33:25,Kachin,Mohnyin,Mohnyin,Khaung Tone Si,village,12.8
20.465,98.204,1.0,2.4,ml,,,,,,th_12528_202411271332,2024-11-27T13:32:00.000Z,"Wan Tüngmong, Shan, Myanmar (Burma)",Myanmar,MM,Asia,earthquake,1732715195,1732714320,0,,"20.47,98.20",2024-11-27 13:32:00,2024-11-27 20:02:00,Shan,Langkho,Langkho,Wan Hsun Oik,village,12.9
18.408,95.927,10.0,3.0,ml,,,,,,th_12530_202411271702,2024-11-27T17:02:23.000Z,"Bago Region, Myanmar (Burma)",Myanmar,MM,Asia,earthquake,1732727655,1732726943,0,,"18.41,95.93",2024-11-27 17:02:23,2024-11-27 23:32:23,Bago,Thayarwady,Gyobingauk,Baw Bin,village,15.7
19.054,97.254,3.0,1.8,ml,,,,,,th_12533_202411272131,2024-11-27T21:31:21.000Z,"Bi-hku, Kayah State, Myanmar (Burma)",Myanmar,MM,Asia,earthquake,1732754335,1732743081,0,,"19.05,97.25",2024-11-27 21:31:21,2024-11-28 04:01:21,Kayah,Bawlake,Bawlake,Daw Se Khu,village,8.6
20.229,97.997,5.0,2.0,ml,,,,,,th_12532_202411272252,2024-11-27T22:52:15.000Z,"Wan Mawngkawk, Shan, Myanmar (Burma)",Myanmar,MM,Asia,earthquake,1732750440,1732747935,0,,"20.23,98.00",2024-11-27 22:52:15,2024-11-28 05:22:15,Shan,Langkho,Langkho,Pang Hsant,village,6.4
25.5243,94.948,89.0,4.3,mb,,,,,,in_Qy9WMVdtVE1Mc0hlMm93ZDhVUWxOdz09,2024-11-28T14:42:30.000Z,"Amimi, Sagaing Region, Myanmar (Burma)",Myanmar-india Border Region,MM,Asia,earthquake,1732759515,1732758778,0,,"25.62,94.90",2024-11-28 01:52:58,2024-11-28 08:22:58,Saigang,Hkamti,Lay Shi,Amimi,village,1.1
20.546,98.213,1.0,2.1,ml,,,,,,th_12535_202411281913,2024-11-28T19:13:28.000Z,"Wan Tüngmong, Shan, Myanmar (Burma)",Myanmar,MM,Asia,earthquake,1732824665,1732821208,0,,"20.55,98.21",2024-11-28 19:13:28,2024-11-29 01:43:28,Shan,Langkho,Mongnai,Ho Hpar,village,16.4
20.041,97.813,1.0,1.5,ml,,,,,,th_12536_202411281958,2024-11-28T19:58:09.000Z,"Wan Kongpao, Shan, Myanmar (Burma)",Myanmar,MM,Asia,earthquake,1732825195,1732823889,0,,"20.04,97.81",2024-11-28 19:58:09,2024-11-29 02:28:09,Shan,Langkho,Langkho,Wan Sa Lawng,village,8.2
19.573,95.905,10.0,3.8,ml,,,,,,th_12537_202411290502,2024-11-29T05:02:59.000Z,"Pingamyaung, Naypyidaw Union Territory, Myanmar (Burma)",Myanmar,MM,Asia,earthquake,1732857146,1732856579,0,,"19.57,95.91",2024-11-29 05:02:59,2024-11-29 11:32:59,Mandalay,Det Khi Na,Lewe,Pin Ngar Hmyaung,village,1.8
20.514,98.164,2.0,2.1,ml,,,,,,th_12538_202411291500,2024-11-29T15:00:47.000Z,"Wan Tüngmong, Shan, Myanmar (Burma)",Myanmar,MM,Asia,earthquake,1732895561,1732892447,0,,"20.51,98.16",2024-11-29 15:00:47,2024-11-29 21:30:47,Shan,Langkho,Langkho,Ho Hpar,village,10.2
19.197,96.663,4.0,2.3,ml,,,,,,th_12539_202411292254,2024-11-29T22:54:30.000Z,"Dedako, Kayin State, Myanmar (Burma)",Myanmar,MM,Asia,earthquake,1732921830,1732920870,0,,"19.20,96.66",2024-11-29 22:54:30,2024-11-30 05:24:30,Kayin,Hpa-An,Thandaunggyi,Nga Poe Ka Lay,village,0.5
21.081,98.695,1.0,2.3,ml,,,,,,th_12543_202411301335,2024-11-30T13:35:06.000Z,"Wan Hsai-möng, Shan, Myanmar (Burma)",Myanmar,MM,Asia,earthquake,1732974794,1732973706,0,,"21.08,98.70",2024-11-30 13:35:06,2024-11-30 20:05:06,Shan,Loilen,Kunhing,,village,7.0
18.905,96.32,1.0,2.5,ml,,,,,,th_12544_202411301439,2024-11-30T14:39:30.000Z,"Kanbaukkyi, Bago Region, Myanmar (Burma)",Myanmar,MM,Asia,earthquake,1732978440,1732977570,0,,"18.91,96.32",2024-11-30 14:39:30,2024-11-30 21:09:30,Bago,Taungoo,Oktwin,Tha Pyay Kone,village,0.6
18.3656,95.1501,59.0,4.85,ml,,,,,,gfz2024xore,2024-12-01T09:18:06.000Z,"Thephyu, Ayeyarwady, Myanmar (Burma)",Myanmar,MM,Asia,earthquake,1733040904,1733039862,0,,"18.39,95.31",2024-12-01 07:57:42,2024-12-01 14:27:42,Ayeyarwady,Hinthada,Kyangin,Ah Lel,village,3.4
20.074,97.448,3.0,2.5,ml,,,,,,th_12547_202412011558,2024-12-01T15:58:42.000Z,"Hkengnang, Shan, Myanmar (Burma)",Myanmar,MM,Asia,earthquake,1733069290,1733068722,0,,"20.07,97.45",2024-12-01 15:58:42,2024-12-01 22:28:42,Shan,Langkho,Mawkmai,Pang Tha Khwar (South),village,3.7
21.209,99.27,2.0,3.8,ml,,,,,,th_12549_202412020512,2024-12-02T05:12:14.000Z,"Mawnkak, Shan, Myanmar (Burma)",Myanmar,MM,Asia,earthquake,1733116843,1733116334,0,,"21.21,99.27",2024-12-02 05:12:14,2024-12-02 11:42:14,Shan,Kengtung,Mongping,Pang Hai,village,1.5
20.323,97.92,1.0,2.1,ml,,,,,,th_12552_202412021549,2024-12-02T15:49:09.000Z,"Kehkwang, Shan, Myanmar (Burma)",Myanmar,MM,Asia,earthquake,1733155013,1733154549,0,,"20.32,97.92",2024-12-02 15:49:09,2024-12-02 22:19:09,Shan,Langkho,Langkho,Nar Lin,village,6.6
21.139,99.559,5.0,2.5,ml,,,,,,th_12560_202412050905,2024-12-05T09:05:30.000Z,"Wan Üm, Shan, Myanmar (Burma)",Myanmar,MM,Asia,earthquake,1733394164,1733389530,0,,"21.14,99.56",2024-12-05 09:05:30,2024-12-05 15:35:30,Shan,Kengtung,Kengtung,Nar Bo,village,1.9
21.837,98.539,10.0,3.7,ml,,,,,,th_12561_202412051212,2024-12-05T12:12:10.000Z,"Wan Pan, Shan, Myanmar (Burma)",Myanmar,MM,Asia,earthquake,1733401837,1733400730,0,,"21.84,98.54",2024-12-05 12:12:10,2024-12-05 18:42:10,Shan,Loilen,Monghsu,Pang Tawng,village,3.0
18.99,97.667,2.0,1.6,ml,,,,,,th_12562_202412060021,2024-12-06T00:21:37.000Z,"Kayah State, Myanmar (Burma)",Myanmar,MM,Asia,earthquake,1733445541,1733444497,0,,"18.99,97.67",2024-12-06 00:21:37,2024-12-06 06:51:37,Kayah,Bawlake,Bawlake,,village,17.7
22.426,98.892,5.0,3.0,ml,,,,,,th_12563_202412060125,2024-12-06T01:25:46.000Z,"Nawnghkit, Shan, Myanmar (Burma)",Myanmar,MM,Asia,earthquake,1733449707,1733448346,0,,"22.43,98.89",2024-12-06 01:25:46,2024-12-06 07:55:46,Shan,Matman,Pangsang,Kawng Hkar,village,3.6
17.341,96.093,1.0,3.2,ml,,,,,,th_12564_202412060739,2024-12-06T07:39:26.000Z,"Taungtat, Yangon Region, Myanmar (Burma)",Myanmar,MM,Asia,earthquake,1733471926,1733470766,0,,"17.34,96.09",2024-12-06 07:39:26,2024-12-06 14:09:26,Yangon,Yangon (North),Hlegu,Pokthinnyo,village,5.0
22.822,98.392,10.0,3.1,ml,,,,,,th_12566_202412061015,2024-12-06T10:15:28.000Z,"Nawngleng, Shan, Myanmar (Burma)",Myanmar,MM,Asia,earthquake,1733482295,1733480128,0,,"22.82,98.39",2024-12-06 10:15:28,2024-12-06 16:45:28,Shan,Lashio,Tangyan,Nam Lin,village,0.9
23.21,98.022,10.0,3.5,ml,,,,,,th_12571_202412082112,2024-12-08T21:12:02.000Z,"Hoi-hkang, Shan, Myanmar (Burma)",Myanmar,MM,Asia,earthquake,1733695884,1733692322,0,,"23.21,98.02",2024-12-08 21:12:02,2024-12-09 03:42:02,Shan,Lashio,Hseni,Nawng Kyawng,village,3.4
23.533,97.803,10.0,3.8,ml,,,,,,th_12572_202412082118,2024-12-08T21:18:51.000Z,"Hpa-hpek, Shan, Myanmar (Burma)",Myanmar,MM,Asia,earthquake,1733696924,1733692731,0,,"23.53,97.80",2024-12-08 21:18:51,2024-12-09 03:48:51,Shan,Muse,Kutkai,Kawng Hkar Man Pying,village,1.3
23.402,97.897,10.0,3.8,ml,,,,,,th_12573_202412082127,2024-12-08T21:27:28.000Z,"Kutkai, Shan, Myanmar (Burma)",Myanmar,MM,Asia,earthquake,1733697503,1733693248,0,,"23.40,97.90",2024-12-08 21:27:28,2024-12-09 03:57:28,Shan,Muse,Kutkai,Ho Nawng,village,2.2
23.12,98.065,10.0,3.2,ml,,,,,,th_12574_202412082130,2024-12-08T21:30:27.000Z,"Nammaw, Shan, Myanmar (Burma)",Myanmar,MM,Asia,earthquake,1733698195,1733693427,0,,"23.12,98.07",2024-12-08 21:30:27,2024-12-09 04:00:27,Shan,Lashio,Lashio,Pang Long,village,2.6
10.842,98.906,1.0,2.2,ml,,,,,,th_12576_202412101956,2024-12-10T19:56:02.000Z,"Htam Din, Tanintharyi Region, Myanmar (Burma)",Myanmar,MM,Asia,earthquake,1733861647,1733860562,0,,"10.84,98.91",2024-12-10 19:56:02,2024-12-11 02:26:02,Tanitharyi,Kawthoung,Bokpyin,Ywar Hayt Lu,village,8.2
23.5715,94.5912,103.0,4.7,ml,,,,,,in_TnRvaUZwc2xGcDlvREkwSEJnRlFpQT09,2024-12-11T07:41:31.000Z,"Kaunggwe, Sagaing Region, Myanmar (Burma)",Myanmar,MM,Asia,earthquake,1733880896,1733880359,0,,"23.61,94.52",2024-12-11 01:25:59,2024-12-11 07:55:59,Saigang,Mawlaik,Mawlaik,Man Nwe,village,2.1
20.81,99.508,9.0,3.3,ml,,,,,,th_12578_202412110356,2024-12-11T03:56:17.000Z,"Na-kok, Shan, Myanmar (Burma)",Myanmar,MM,Asia,earthquake,1733890392,1733889377,0,,"20.81,99.51",2024-12-11 03:56:17,2024-12-11 10:26:17,Shan,Tachileik,Tachileik,Wān Kāt,village,8.7
22.5999,93.8524,59.461,4.4,mb,31.0,172.0,1.703,0.78,us,in_cEdNenk3Yzd2dkpycHVmVFp0TmxDQT09,2024-12-12T08:34:52.040Z,"Hakha, Myanmar","25km ESE of Hakha, Myanmar",MM,Asia,earthquake,1733919119,1733918009,1,,"22.67,93.72",2024-12-11 11:53:29,2024-12-11 18:23:29,Chin,Hakha,Hakha,Ruan,village,3.2
20.591,98.548,10.0,2.8,ml,,,,,,th_12580_202412111647,2024-12-11T16:47:06.000Z,"Wan Hwè-kao, Shan, Myanmar (Burma)",Myanmar,MM,Asia,earthquake,1733936370,1733935626,0,,"20.59,98.55",2024-12-11 16:47:06,2024-12-11 23:17:06,Shan,Langkho,Mongnai,Nge Taung,village,17.1
17.258,96.218,10.0,2.7,ml,,,,,,th_12581_202412111718,2024-12-11T17:18:18.000Z,"Nyaunggon, Yangon Region, Myanmar (Burma)",Myanmar,MM,Asia,earthquake,1733939556,1733937498,0,,"17.26,96.22",2024-12-11 17:18:18,2024-12-11 23:48:18,Yangon,Yangon (North),Hlegu,Hlay Hlaw Inn,village,1.3
25.53,96.92,10.0,3.6,ml,,,,,,in_SGpEWDVINmpWSFBZSjFzUEZoeU9xQT09,2024-12-14T00:28:24.000Z,"Hkadat, Kachin, Myanmar (Burma)",Myanmar,MM,Asia,earthquake,1734138422,1734136104,0,,"25.53,96.92",2024-12-14 00:28:24,2024-12-14 06:58:24,Kachin,Mohnyin,Mogaung,Ka War Pang,village,8.3
25.9291,96.5583,58.5,4.2,ml,,,,,,in_a0xFM25Nb25VdisranEweGhScTV4Zz09,2024-12-15T01:26:35.000Z,"Namhkam, Kachin, Myanmar (Burma)",Myanmar,MM,Asia,earthquake,1734139028,1734138335,1,,"25.47,97.02",2024-12-14 01:05:35,2024-12-14 07:35:35,Kachin,Mohnyin,Hpakant,Lawt Jar,village,6.4
20.891,99.437,8.0,2.5,ml,,,,,,th_12583_202412140106,2024-12-14T01:06:42.000Z,"Wan Menglu, Shan, Myanmar (Burma)",Myanmar,MM,Asia,earthquake,1734139750,1734138402,0,,"20.89,99.44",2024-12-14 01:06:42,2024-12-14 07:36:42,Shan,Monghsat,Monghsat,Mong Lu,village,3.9
18.979,97.702,2.0,1.8,ml,,,,,,th_12584_202412140417,2024-12-14T04:17:25.000Z,"Kayah State, Myanmar (Burma)",Myanmar,MM,Asia,earthquake,1734150464,1734149845,0,,"18.98,97.70",2024-12-14 04:17:25,2024-12-14 10:47:25,Kayah,Bawlake,Bawlake,,village,14.5
18.969,97.673,1.0,3.4,ml,,,,,,th_12585_202412140852,2024-12-14T08:52:51.000Z,"Kayah State, Myanmar (Burma)",Myanmar,MM,Asia,earthquake,1734166945,1734166371,0,,"18.97,97.67",2024-12-14 08:52:51,2024-12-14 15:22:51,Kayah,Bawlake,Bawlake,,village,17.8
19.077,97.746,2.0,1.6,ml,,,,,,th_12586_202412141008,2024-12-14T10:08:09.000Z,"Hwè-ün, Kayah State, Myanmar (Burma)",Myanmar,MM,Asia,earthquake,1734172937,1734170889,0,,"19.08,97.75",2024-12-14 10:08:09,2024-12-14 16:38:09,Kayah,Bawlake,Bawlake,,village,10.7
25.5,96.85,10.0,3.6,ml,,,,,,in_MmZyNUNhd3FYd3pYSnZOVVJkeEhWdz09,2024-12-14T10:31:53.000Z,"La War, Kachin, Myanmar (Burma)",Myanmar,MM,Asia,earthquake,1734173024,1734172313,0,,"25.50,96.85",2024-12-14 10:31:53,2024-12-14 17:01:53,Kachin,Mohnyin,Hpakant,Ka War Pang,village,2.6
21.348,99.17,5.0,2.4,ml,,,,,,th_12587_202412141140,2024-12-14T11:40:45.000Z,"Wan Kao-kwan, Shan, Myanmar (Burma)",Myanmar,MM,Asia,earthquake,1734178107,1734176445,0,,"21.35,99.17",2024-12-14 11:40:45,2024-12-14 18:10:45,Shan,Kengtung,Mongping,Pang Tar Lay,village,1.4
18.133,96.651,4.0,2.4,ml,,,,,,th_12589_202412141147,2024-12-14T11:47:58.000Z,"Thu Htay Kone, Bago Region, Myanmar (Burma)",Myanmar,MM,Asia,earthquake,1734179676,1734176878,0,,"18.13,96.65",2024-12-14 11:47:58,2024-12-14 18:17:58,Bago,Bago,Kyauktaga,Hpa Yar Gyi Kone,village,1.2
20.138,98.26,2.0,2.5,ml,,,,,,th_12588_202412141209,2024-12-14T12:09:36.000Z,"Hkonglong, Shan, Myanmar (Burma)",Myanmar,MM,Asia,earthquake,1734178929,1734178176,0,,"20.14,98.26",2024-12-14 12:09:36,2024-12-14 18:39:36,Shan,Langkho,Mongpan,Nawng Lum,village,8.4
19.155,96.891,4.0,2.1,ml,,,,,,th_12591_202412151900,2024-12-15T19:00:56.000Z,"Domusaw, Kayah State, Myanmar (Burma)",Myanmar,MM,Asia,earthquake,1734303484,1734289256,0,,"19.16,96.89",2024-12-15 19:00:56,2024-12-16 01:30:56,Kayah,Loikaw,Hpruso,Htaw Tho Khaw,village,2.9
20.269,97.92,5.0,2.1,ml,,,,,,th_12592_202412161404,2024-12-16T14:04:56.000Z,"Wan Nalin, Shan, Myanmar (Burma)",Myanmar,MM,Asia,earthquake,1734359277,1734357896,0,,"20.27,97.92",2024-12-16 14:04:56,2024-12-16 20:34:56,Shan,Langkho,Langkho,Nar Lin,village,1.5
21.106,98.701,9.0,2.8,ml,,,,,,th_12594_202412162324,2024-12-16T23:24:34.000Z,"Wan Na-long, Shan, Myanmar (Burma)",Myanmar,MM,Asia,earthquake,1734392771,1734391474,0,,"21.11,98.70",2024-12-16 23:24:34,2024-12-17 05:54:34,Shan,Loilen,Kunhing,Hpar Hkam (2),village,6.1
19.966,98.058,4.0,1.9,ml,,,,,,th_12595_202412171853,2024-12-17T18:53:20.000Z,"Wan Konlang, Shan, Myanmar (Burma)",Myanmar,MM,Asia,earthquake,1734486736,1734461600,0,,"19.97,98.06",2024-12-17 18:53:20,2024-12-18 01:23:20,Shan,Langkho,Langkho,Pong Lawng,village,20.2
22.7,93.44,15.0,3.9,ml,,,,,,in_MldndVI0dUdXUkdUNWNoa1dSd09BZz09,2024-12-18T07:01:24.000Z,"Thantlang, Chin State, Myanmar (Burma)",Myanmar,MM,Asia,earthquake,1734505152,1734504535,0,,"22.70,93.44",2024-12-18 06:48:55,2024-12-18 13:18:55,Chin,Hakha,Thantlang,Thantlang,town,1.3
19.873,98.926,1.0,2.0,ml,,,,,,th_12596_202412180920,2024-12-18T09:20:39.000Z,"Ponparkyin, Shan, Myanmar (Burma)",Myanmar,MM,Asia,earthquake,1734515615,1734513639,0,,"19.87,98.93",2024-12-18 09:20:39,2024-12-18 15:50:39,Shan,Monghsat,Mongton,Tar Hlat,village,0.7
17.797,95.985,10.0,2.9,ml,,,,,,th_12597_202412181505,2024-12-18T15:05:05.000Z,"Kaingdagyi, Bago Region, Myanmar (Burma)",Myanmar,MM,Asia,earthquake,1734536705,1734534305,0,,"17.80,95.99",2024-12-18 15:05:05,2024-12-18 21:35:05,Bago,Thayarwady,Thayarwady,Shwe Laung Kan,village,12.1
20.313,98.35,10.0,1.9,ml,,,,,,th_12598_202412181605,2024-12-18T16:05:56.000Z,"Mong Pan, Shan, Myanmar (Burma)",Myanmar,MM,Asia,earthquake,1734540111,1734537956,0,,"20.31,98.35",2024-12-18 16:05:56,2024-12-18 22:35:56,Shan,Langkho,Mongpan,Nawng Hee,village,1.4
27.3,100.24,10.0,3.8,ml,,,,,,in_RHdWSGJyVDBOTEdQZlhMK0ZrWmlydz09,2024-12-18T18:00:23.000Z,"Hkayazahkuso, Kachin, Myanmar (Burma)","Hkayazahkuso, Kachin, Myanmar (Burma)",MM,Asia,earthquake,1734541161,1734540414,1,,"26.42,98.54",2024-12-18 16:46:54,2024-12-18 23:16:54,,,,Daju,town,1.1
20.676,98.272,1.0,1.8,ml,,,,,,th_12599_202412181902,2024-12-18T19:02:07.000Z,"Wan Na-king, Shan, Myanmar (Burma)",Myanmar,MM,Asia,earthquake,1734603226,1734548527,0,,"20.68,98.27",2024-12-18 19:02:07,2024-12-19 01:32:07,Shan,Langkho,Mongnai,Nawng Tawng,village,3.3
23.7382,94.2148,75.0,4.1,ml,,,,,,in_WHVVZlNWdEtsL3pvUUE0S3RRZURxUT09,2024-12-20T14:46:46.000Z,"Hpaidin, Chin State, Myanmar (Burma)",Myanmar,MM,Asia,earthquake,1734701110,1734700389,1,,"23.64,94.04",2024-12-20 13:13:09,2024-12-20 19:43:09,Saigang,Tamu,Tamu,Nan Ka Teik,village,5.7
19.881,98.251,2.0,1.8,ml,,,,,,th_12603_202412210138,2024-12-21T01:38:01.000Z,"Wan Hsa-mu, Shan, Myanmar (Burma)",Myanmar,MM,Asia,earthquake,1734751983,1734745081,0,,"19.88,98.25",2024-12-21 01:38:01,2024-12-21 08:08:01,Shan,Langkho,Langkho,,village,9.9
22.86,94.57,10.0,4.1,ml,,,,,,in_VCtlWDNqRGhXYUptdGIzaWNVRjdqQT09,2024-12-21T08:39:29.000Z,"Kywegya, Sagaing Region, Myanmar (Burma)",Myanmar,MM,Asia,earthquake,1734770798,1734770369,0,,"22.86,94.57",2024-12-21 08:39:29,2024-12-21 15:09:29,Saigang,Kale,Mingin,Na Nwin Chaung,village,1.5
26.06,95.68,10.0,3.8,ml,,,,,,in_ZXV2V3AzUmI1V0lyR0dnUFl0SktPQT09,2024-12-21T16:50:14.000Z,"Lachau, Sagaing Region, Myanmar (Burma)",Myanmar,MM,Asia,earthquake,1734799573,1734799090,0,,"26.06,95.68",2024-12-21 16:38:10,2024-12-21 23:08:10,Saigang,Hkamti,Hkamti,,village,2.4
20.248,98.375,2.0,1.8,ml,,,,,,th_12613_202412222027,2024-12-22T20:27:23.000Z,"Mong Pan, Shan, Myanmar (Burma)",Myanmar,MM,Asia,earthquake,1734912502,1734899243,0,,"20.25,98.38",2024-12-22 20:27:23,2024-12-23 02:57:23,Shan,Langkho,Mongpan,Wun Hkaing,village,5.9
20.597,98.525,5.0,2.3,ml,,,,,,th_12612_202412222056,2024-12-22T20:56:59.000Z,"Wan Hwè-kao, Shan, Myanmar (Burma)",Myanmar,MM,Asia,earthquake,1734908622,1734901019,0,,"20.60,98.53",2024-12-22 20:56:59,2024-12-23 03:26:59,Shan,Langkho,Mongnai,Nge Taung,village,18.7
20.865,98.467,10.0,3.8,ml,,,,,,th_12606_202412222102,2024-12-22T21:02:48.000Z,"Hkamkang, Shan, Myanmar (Burma)",Myanmar,MM,Asia,earthquake,1734902032,1734901368,0,,"20.87,98.47",2024-12-22 21:02:48,2024-12-23 03:32:48,Shan,Langkho,Mongnai,Hsi Pawt,village,6.2
20.753,98.574,3.0,2.9,ml,,,,,,th_12607_202412222104,2024-12-22T21:04:57.000Z,"Wan Ta-möng, Shan, Myanmar (Burma)",Myanmar,MM,Asia,earthquake,1734902688,1734901497,0,,"20.75,98.57",2024-12-22 21:04:57,2024-12-23 03:34:57,Shan,Kengtung,Mongping,Nawng Hkun,village,10.7
16.014,98.079,2.0,3.4,ml,,,,,,th_12608_202412222132,2024-12-22T21:32:07.000Z,"Htipawkalo, Kayin State, Myanmar (Burma)",Myanmar,MM,Asia,earthquake,1734903970,1734903127,0,,"16.01,98.08",2024-12-22 21:32:07,2024-12-23 04:02:07,Kayin,Kawkareik,Kyainseikgyi,Myauk Kwin Hpyu,village,1.4
21.057,98.506,3.0,2.3,ml,,,,,,th_12610_202412222152,2024-12-22T21:52:07.000Z,"Wan Hpai, Shan, Myanmar (Burma)",Myanmar,MM,Asia,earthquake,1734907904,1734904327,0,,"21.06,98.51",2024-12-22 21:52:07,2024-12-23 04:22:07,Shan,Loilen,Kunhing,,village,3.3
15.945,98.161,5.0,3.4,ml,,,,,,th_12609_202412222154,2024-12-22T21:54:08.000Z,"Waitharli, Kayin State, Myanmar (Burma)",Myanmar,MM,Asia,earthquake,1734905591,1734904448,0,,"15.95,98.16",2024-12-22 21:54:08,2024-12-23 04:24:08,Kayin,Kawkareik,Kyainseikgyi,Ta Yoke Hmaw,village,3.0
20.531,98.444,3.0,2.0,ml,,,,,,th_12611_202412222214,2024-12-22T22:14:52.000Z,"Wan Namma, Shan, Myanmar (Burma)",Myanmar,MM,Asia,earthquake,1734907936,1734905692,0,,"20.53,98.44",2024-12-22 22:14:52,2024-12-23 04:44:52,Shan,Langkho,Mongnai,Wan Htam,village,19.3
20.577,98.634,2.0,1.8,ml,,,,,,th_12614_202412222222,2024-12-22T22:22:02.000Z,"Wan Hwè-kao, Shan, Myanmar (Burma)",Myanmar,MM,Asia,earthquake,1734913147,1734906122,0,,"20.58,98.63",2024-12-22 22:22:02,2024-12-23 04:52:02,Shan,Monghsat,Mongton,Nge Taung,village,12.9
20.859,98.373,4.0,3.0,ml,,,,,,th_12615_202412230707,2024-12-23T07:07:16.000Z,"Wan Hsamkawng, Shan, Myanmar (Burma)",Myanmar,MM,Asia,earthquake,1734939647,1734937636,0,,"20.86,98.37",2024-12-23 07:07:16,2024-12-23 13:37:16,Shan,Langkho,Mongnai,,village,8.6
19.5561,95.0905,84.036,4.9,mb,51.0,83.0,1.649,0.65,us,in_eHpZZVMvM3FzMUU0ZERaUGRoWTByZz09,2024-12-24T17:13:55.364Z,"Myaydo, Myanmar","24km NNW of Myaydo, Myanmar",MM,Asia,earthquake,1734977053,1734976645,1,,"19.24,94.79",2024-12-23 17:57:25,2024-12-24 00:27:25,Magway,Thayet,Thayet,Gon Ma Ni,village,1.9
22.331,98.971,10.0,3.0,ml,,,,,,th_12617_202412232109,2024-12-23T21:09:50.000Z,Matman District,Myanmar - China Border Region,MM,Asia,earthquake,1734990699,1734988190,0,,"22.33,98.97",2024-12-23 21:09:50,2024-12-24 03:39:50,Shan,Matman,Pangsang,Vengkao,town,4.4
19.006,97.645,2.0,2.3,ml,,,,,,th_12618_202412232214,2024-12-23T22:14:25.000Z,"Kayah State, Myanmar (Burma)",Myanmar,MM,Asia,earthquake,1734992608,1734992065,0,,"19.01,97.65",2024-12-23 22:14:25,2024-12-24 04:44:25,Kayah,Bawlake,Bawlake,,village,19.7
14.631,96.82,13.0,3.1,ml,,,,,,th_12619_202412232354,2024-12-23T23:54:26.000Z,Myanmar (Burma),Off South Coast of Myanmar,MM,Asia,earthquake,1735003167,1734998066,0,,"14.63,96.82",2024-12-23 23:54:26,2024-12-24 06:24:26,,,,Kyauk Hta Yan,village,108.4
15.203,96.565,10.0,3.0,ml,,,,,,th_12620_202412240000,2024-12-24T00:00:24.000Z,Myanmar (Burma),Off South Coast of Myanmar,MM,Asia,earthquake,1735004237,1734998424,1,,"15.13,96.51",2024-12-24 00:00:24,2024-12-24 06:30:24,,,,Ku Lar Koke (Auk Seik),village,121.8
23.68,94.25,90.0,3.5,ml,,,,,,in_cGV5cjhWVy8zZ3RWZXFMVTFmb0pUZz09,2024-12-25T04:57:12.000Z,"Pyaungbok, Sagaing Region, Myanmar (Burma)",Myanmar,MM,Asia,earthquake,1735102615,1735095147,0,,"23.68,94.25",2024-12-25 02:52:27,2024-12-25 09:22:27,Saigang,Mawlaik,Mawlaik,Nan Khauk Khauk,village,10.6
22.537,96.194,10.0,3.7,ml,,,,,,th_12623_202412260918,2024-12-26T09:18:43.000Z,"Letpanhla, Mandalay Region, Myanmar (Burma)",Myanmar,MM,Asia,earthquake,1735206045,1735204723,0,,"22.54,96.19",2024-12-26 09:18:43,2024-12-26 15:48:43,Mandalay,Pyinoolwin,Singu,Pyin Chaung,village,4.3
21.67,99.001,10.0,2.8,ml,,,,,,th_12624_202412261545,2024-12-26T15:45:07.000Z,"Ma-ngawk, Shan, Myanmar (Burma)",Myanmar,MM,Asia,earthquake,1735228818,1735227907,0,,"21.67,99.00",2024-12-26 15:45:07,2024-12-26 22:15:07,Shan,Kengtung,Mongkhet,Yawng Khin,village,2.8
23.51,94.59,80.0,3.4,ml,,,,,,in_aFZlSVdaemJTc1Ewd3lCeU9pMWg3Zz09,2024-12-26T21:01:11.000Z,"Kaunggwe, Sagaing Region, Myanmar (Burma)",Myanmar,MM,Asia,earthquake,1735246871,1735235313,0,,"23.51,94.59",2024-12-26 17:48:33,2024-12-27 00:18:33,Saigang,Mawlaik,Mawlaik,Htaw Thar,village,8.2
20.358,98.172,4.0,2.7,ml,,,,,,th_12626_202412272131,2024-12-27T21:31:45.000Z,"Wan Hsophwe, Shan, Myanmar (Burma)",Myanmar,MM,Asia,earthquake,1735335800,1735335105,0,,"20.36,98.17",2024-12-27 21:31:45,2024-12-28 04:01:45,Shan,Langkho,Mongpan,Nawng Par Mun,village,7.1
21.087,99.264,3.0,2.5,ml,,,,,,th_12627_202412280241,2024-12-28T02:41:50.000Z,"Wan Pong, Shan, Myanmar (Burma)",Myanmar,MM,Asia,earthquake,1735354984,1735353710,0,,"21.09,99.26",2024-12-28 02:41:50,2024-12-28 09:11:50,Shan,Kengtung,Mongping,Par Hu (Upper),village,2.4
19.619,96.214,10.0,2.9,ml,,,,,,th_12628_202412291211,2024-12-29T12:11:21.000Z,"(Setkon), Naypyidaw Union Territory, Myanmar (Burma)",Myanmar,MM,Asia,earthquake,1735475523,1735474281,0,,"19.62,96.21",2024-12-29 12:11:21,2024-12-29 18:41:21,Mandalay,Det Khi Na,Lewe,Zay Ya Thein,village,0.5
21.221,99.964,10.0,2.4,ml,,,,,,th_12633_202412301900,2024-12-30T19:00:44.000Z,"Wan Hkang, Shan, Myanmar (Burma)",Myanmar,MM,Asia,earthquake,1735589121,1735585244,0,,"21.22,99.96",2024-12-30 19:00:44,2024-12-31 01:30:44,Shan,Tachileik,Monghpyak,Kar Lai,village,2.9
20.71,98.159,1.0,3.1,ml,,,,,,th_12640_202412302306,2024-12-30T23:06:34.000Z,"Ho-ta, Shan, Myanmar (Burma)",Myanmar,MM,Asia,earthquake,1735600887,1735599994,0,,"20.71,98.16",2024-12-30 23:06:34,2024-12-31 05:36:34,Shan,Langkho,Mongnai,Nawng Yar Hseng,village,14.0
19.779,98.203,1.0,2.1,ml,,,,,,th_12641_202412310315,2024-12-31T03:15:56.000Z,"Loi Tai Leng, Shan, Myanmar (Burma)",Myanmar,MM,Asia,earthquake,1735615890,1735614956,0,,"19.78,98.20",2024-12-31 03:15:56,2024-12-31 09:45:56,Shan,Langkho,Langkho,Loi Tai Leng,town,4.2
