latitude,longitude,depth,mag,magType,nst,gap,dmin,rms,net,id,updated,location,place,country,continent,type,timeAdded,timestamp,locationInferred,state,initialPosition,time_utc,time_mmt
19.9060000,98.1320000,1.0000,2.30,ml,,,,,,th_12735_202501312357,2025-01-31T23:57:35.000Z,"Wan Nawnghsem, Shan, Myanmar (Burma)",Myanmar,MM,Asia,earthquake,1738368679,1738367855,0,,"19.91,98.13",2025-01-31 23:57:35,2025-02-01 06:27:35
21.1970000,99.8720000,1.0000,2.40,ml,,,,,,th_12736_202501312341,2025-01-31T23:41:00.000Z,"Wan Hpaya-hkè, Shan, Myanmar (Burma)",Myanmar,MM,Asia,earthquake,1738369381,1738366860,1,,"21.20,99.87",2025-01-31 23:41:00,2025-02-01 06:11:00
21.1830000,99.9710000,1.0000,2.10,ml,,,,,,th_12734_202501312122,2025-01-31T21:22:01.000Z,"Wan Hkang, Shan, Myanmar (Burma)",Myanmar,MM,Asia,earthquake,1738361710,1738358521,1,,"21.18,99.97",2025-01-31 21:22:01,2025-02-01 03:52:01
22.9610000,96.5750000,10.0000,3.40,ml,,,,,,th_12733_202501312057,2025-01-31T20:57:27.000Z,"Mogok, Mandalay Region, Myanmar (Burma)",Myanmar,MM,Asia,earthquake,1738361496,1738357047,0,,"22.96,96.58",2025-01-31 20:57:27,2025-02-01 03:27:27
19.4980000,95.5440000,10.0000,2.70,ml,,,,,,th_12732_202501311012,2025-01-31T10:12:52.000Z,"Kyauk-o, Magway Region, Myanmar (Burma)",Myanmar,MM,Asia,earthquake,1738322417,1738318372,0,,"19.50,95.54",2025-01-31 10:12:52,2025-01-31 16:42:52
20.2920000,98.2400000,1.0000,2.10,ml,,,,,,th_12729_202501310030,2025-01-31T00:30:54.000Z,"Na-law, Shan, Myanmar (Burma)",Myanmar,MM,Asia,earthquake,1738285396,1738283454,0,,"20.29,98.24",2025-01-31 00:30:54,2025-01-31 07:00:54
22.5200000,94.0700000,160.0000,3.60,ml,,,,,,th_12728_202501292221,2025-01-30T02:08:17.000Z,"Minyaw, Magway Region, Myanmar (Burma)",Myanmar,MM,Asia,earthquake,1738190376,1738189315,1,,"22.04,94.18",2025-01-29 22:21:55,2025-01-30 04:51:55
20.2160000,98.3460000,3.0000,1.60,ml,,,,,,th_12726_202501292001,2025-01-29T20:01:09.000Z,"Wan Kyawng, Shan, Myanmar (Burma)",Myanmar,MM,Asia,earthquake,1738182810,1738180869,0,,"20.22,98.35",2025-01-29 20:01:09,2025-01-30 02:31:09
21.8360000,98.9660000,4.0000,2.80,ml,,,,,,th_12723_202501271301,2025-01-27T13:01:19.000Z,"Wan Hsi-hsaw, Shan, Myanmar (Burma)",Myanmar,MM,Asia,earthquake,1737987153,1737982879,0,,"21.84,98.97",2025-01-27 13:01:19,2025-01-27 19:31:19
21.3550000,98.8680000,7.0000,2.80,ml,,,,,,th_12722_202501260221,2025-01-26T02:21:07.000Z,"Wan Ho-yok, Shan, Myanmar (Burma)",Myanmar,MM,Asia,earthquake,1737858774,1737858067,0,,"21.36,98.87",2025-01-26 02:21:07,2025-01-26 08:51:07
20.2949000,94.7698000,10.0000,4.50,mb,,,,,,us6000pm9m,2025-01-25T18:33:24.000Z,"Minbu, Myanmar",Myanmar,MM,Asia,earthquake,1737811675,1737789081,1,,"20.29,94.89",2025-01-25 07:11:21,2025-01-25 13:41:21
24.6224000,95.1177000,126.0880,5.10,mb,113,25,3.406,0.5,us,ems_202501_1760508,2025-01-24T20:39:11.971Z,"Wāngjing, India","Wāngjing, India",MM,Asia,earthquake,1737660727,1737660217,1,,"24.66,95.04",2025-01-23 19:23:37,2025-01-24 01:53:37
21.6860000,99.5620000,10.0000,2.60,ml,,,,,,th_12714_202501211957,2025-01-21T19:57:36.000Z,"Nawng, Shan, Myanmar (Burma)",Myanmar,MM,Asia,earthquake,1737492559,1737489456,0,,"21.69,99.56",2025-01-21 19:57:36,2025-01-22 02:27:36
17.8900000,96.1690000,10.0000,3.10,ml,,,,,,th_12711_202501210450,2025-01-21T04:50:16.000Z,"Zayat, Bago Region, Myanmar (Burma)",Myanmar,MM,Asia,earthquake,1737436052,1737435016,0,,"17.89,96.17",2025-01-21 04:50:16,2025-01-21 11:20:16
17.4970000,97.9960000,2.0000,2.40,ml,,,,,,th_12707_202501210252,2025-01-21T02:52:10.000Z,"Khaledi, Kayin State, Myanmar (Burma)",Myanmar,MM,Asia,earthquake,1737428518,1737427930,0,,"17.50,98.00",2025-01-21 02:52:10,2025-01-21 09:22:10
25.1300000,96.2100000,150.0000,3.70,ml,,,,,,in_d1k2ckFYQkp4NVREa0Z5SjMwQ1Z1Zz09,2025-01-19T13:20:12.000Z,He pan,Myanmar,MM,Asia,earthquake,1737275073,1737292812,1,,"28.63,87.69",2025-01-19 13:20:12,2025-01-19 19:50:12
24.4515000,95.0812000,126.4000,4.50,ml,,,,,,in_Slc4dWRKTWxvdldLMkI5MnZsSlpFQT09,2025-01-19T15:06:33.000Z,"Naungmo, Sagaing Region, Myanmar (Burma)",Myanmar,MM,Asia,earthquake,1737231112,1737230507,0,,"24.41,94.87",2025-01-18 20:01:47,2025-01-19 02:31:47
20.9220000,99.6250000,4.0000,2.40,ml,,,,,,th_12680_202501161239,2025-01-16T12:39:08.000Z,"Hsenlem, Shan, Myanmar (Burma)",Myanmar,MM,Asia,earthquake,1737031873,1737031148,0,,"20.92,99.63",2025-01-16 12:39:08,2025-01-16 19:09:08
15.1730000,96.4770000,8.0000,3.30,ml,,,,,,th_12678_202501142301,2025-01-14T23:01:27.000Z,Myanmar (Burma),Near South Coast of Myanmar,MM,Asia,earthquake,1736896973,1736895687,0,,"15.17,96.48",2025-01-14 23:01:27,2025-01-15 05:31:27
20.6450000,98.6200000,4.0000,2.50,ml,,,,,,th_12677_202501140812,2025-01-14T08:12:48.000Z,"Wan Hwè-kao, Shan, Myanmar (Burma)",Myanmar,MM,Asia,earthquake,1736843595,1736842368,0,,"20.65,98.62",2025-01-14 08:12:48,2025-01-14 14:42:48
21.9020000,98.6790000,9.0000,3.20,ml,,,,,,th_12674_202501132123,2025-01-13T21:23:45.000Z,"Kyawnglöng, Shan, Myanmar (Burma)",Myanmar,MM,Asia,earthquake,1736804023,1736803425,0,,"21.90,98.68",2025-01-13 21:23:45,2025-01-14 03:53:45
21.3010000,96.2640000,10.0000,3.80,ml,,,,,,th_12673_202501131300,2025-01-13T13:00:02.000Z,"Ywarkhainggyi, Mandalay Region, Myanmar (Burma)",Myanmar,MM,Asia,earthquake,1736773799,1736773202,0,,"21.30,96.26",2025-01-13 13:00:02,2025-01-13 19:30:02
26.6400000,96.3400000,80.0000,4.00,ml,,,,,,in_UkY3OVVMNUpMZlo3Q0VreGlvZDZaQT09,2025-01-13T13:43:15.000Z,"Shin Bway Yang, Kachin, Myanmar (Burma)",Myanmar,MM,Asia,earthquake,1736775662,1736772668,0,,"26.64,96.34",2025-01-13 12:51:08,2025-01-13 19:21:08
20.7070000,100.1800000,1.0000,1.80,ml,,,,,,th_12667_202501101818,2025-01-10T18:18:42.000Z,"Makka, Shan, Myanmar (Burma)",Myanmar,MM,Asia,earthquake,1736540887,1736533122,0,,"20.71,100.18",2025-01-10 18:18:42,2025-01-11 00:48:42
20.5980000,98.6870000,1.0000,2.10,ml,,,,,,th_12665_202501092222,2025-01-09T22:22:32.000Z,"Kang Nai, Shan, Myanmar (Burma)",Myanmar,MM,Asia,earthquake,1736463178,1736461352,0,,"20.60,98.69",2025-01-09 22:22:32,2025-01-10 04:52:32
20.8620000,99.4530000,13.0000,2.50,ml,,,,,,th_12664_202501091853,2025-01-09T18:53:13.000Z,"Wan Menglu, Shan, Myanmar (Burma)",Myanmar,MM,Asia,earthquake,1736449599,1736448793,0,,"20.86,99.45",2025-01-09 18:53:13,2025-01-10 01:23:13
20.3600000,97.2100000,10.0000,2.40,ml,,,,,,th_12663_202501091224,2025-01-09T12:24:18.000Z,"Nawnge, Shan, Myanmar (Burma)",Myanmar,MM,Asia,earthquake,1736427200,1736425458,0,,"20.36,97.21",2025-01-09 12:24:18,2025-01-09 18:54:18
19.8310000,97.8090000,1.0000,1.60,ml,,,,,,th_12661_202501072122,2025-01-07T21:22:10.000Z,"Wan Hwè-ya-yung, Shan, Myanmar (Burma)",Myanmar,MM,Asia,earthquake,1736292430,1736284930,0,,"19.83,97.81",2025-01-07 21:22:10,2025-01-08 03:52:10
17.9990000,96.7600000,1.0000,2.40,ml,,,,,,th_12660_202501071838,2025-01-07T18:38:22.000Z,"Pazunmyaung, Bago Region, Myanmar (Burma)",Myanmar,MM,Asia,earthquake,1736275891,1736275102,0,,"18.00,96.76",2025-01-07 18:38:22,2025-01-08 01:08:22
27.1800000,97.2300000,92.0000,3.90,ml,,,,,,in_aGE5OGVXRFpqNXl3SUd3WFI1RFkxUT09,2025-01-06T07:57:14.000Z,"Nahteukhu, Kachin, Myanmar (Burma)",Myanmar,MM,Asia,earthquake,1736149775,1736148863,0,,"27.18,97.23",2025-01-06 07:34:23,2025-01-06 14:04:23
21.0720000,98.8840000,10.0000,2.10,ml,,,,,,th_12657_202501052021,2025-01-05T20:21:26.000Z,"Möng Leng, Shan, Myanmar (Burma)",Myanmar,MM,Asia,earthquake,1736110874,1736108486,0,,"21.07,98.88",2025-01-05 20:21:26,2025-01-06 02:51:26
17.8430000,97.6930000,1.0000,2.10,ml,,,,,,th_12656_202501040229,2025-01-04T02:29:33.000Z,Hpapun District,Myanmar,MM,Asia,earthquake,1735958917,1735957773,0,,"17.84,97.69",2025-01-04 02:29:33,2025-01-04 08:59:33
24.9208000,95.4727000,158.9650,5.00,mb,69,91,3.733,0.74,us,us6000phdf,2025-01-03T16:17:43.343Z,"Phek, India","Phek, India",MM,Asia,earthquake,1735879787,1735878758,1,,"24.92,95.47",2025-01-03 04:32:38,2025-01-03 11:02:38
21.1440000,99.9950000,10.0000,2.60,ml,,,,,,th_12649_202501020118,2025-01-02T01:18:20.000Z,"Wan Hsenlong, Shan, Myanmar (Burma)",Myanmar,MM,Asia,earthquake,1735781365,1735780700,1,,"21.14,100.00",2025-01-02 01:18:20,2025-01-02 07:48:20
18.2510000,95.7310000,10.0000,2.90,ml,,,,,,th_12648_202501012046,2025-01-01T20:46:39.000Z,"Sinkuu, Bago Region, Myanmar (Burma)",Myanmar,MM,Asia,earthquake,1735765110,1735764399,0,,"18.25,95.73",2025-01-01 20:46:39,2025-01-02 03:16:39
17.9830000,96.2130000,10.0000,2.60,ml,,,,,,th_12647_202501011107,2025-01-01T11:07:33.000Z,"Zayat, Bago Region, Myanmar (Burma)",Myanmar,MM,Asia,earthquake,1735730381,1735729653,0,,"17.98,96.21",2025-01-01 11:07:33,2025-01-01 17:37:33
26.7100000,96.7000000,10.0000,3.50,ml,,,,,,in_MWpaOTBiaVhNankwa0ppOFA5VWdxZz09,2025-02-28T22:44:20.000Z,"'Nmawt Ga, Kachin, Myanmar (Burma)",Myanmar,MM,Asia,earthquake,1741278691,1740782660,0,,"26.71,96.70",2025-02-28 22:44:20,2025-03-01 05:14:20
20.6520000,98.6630000,10.0000,2.00,ml,,,,,,th_12801_202502281938,2025-02-28T19:38:31.000Z,"Wan Hwè-kao, Shan, Myanmar (Burma)",Myanmar,MM,Asia,earthquake,1740771985,1740771511,0,,"20.65,98.66",2025-02-28 19:38:31,2025-03-01 02:08:31
25.0300000,95.1100000,10.0000,3.00,ml,,,,,,in_dlFoNFEzb1QvS1ZpbHBoVHMyNzlwQT09,2025-02-28T05:49:31.000Z,"Maungkan, Sagaing Region, Myanmar (Burma)",Myanmar,MM,Asia,earthquake,1740721724,1740698615,0,,"25.03,95.11",2025-02-27 23:23:35,2025-02-28 05:53:35
23.5000000,93.5700000,10.0000,3.20,ml,,,,,,in_ZkdUREk2YzBZQ3hQNEcwYzJtVitBdz09,2025-02-27T12:36:18.000Z,"Tuithang, Chin State, Myanmar (Burma)",Myanmar,MM,Asia,earthquake,1740659732,1740656454,0,,"23.50,93.57",2025-02-27 11:40:54,2025-02-27 18:10:54
20.2860000,96.1530000,10.0000,2.90,ml,,,,,,th_12797_202502270133,2025-02-27T01:33:12.000Z,"Inbingyi, Mandalay Region, Myanmar (Burma)",Myanmar,MM,Asia,earthquake,1740621244,1740619992,0,,"20.29,96.15",2025-02-27 01:33:12,2025-02-27 08:03:12
23.7500000,93.6000000,10.0000,3.10,ml,,,,,,in_Tm9UY3pmK2UzUFFSSGlEV25HNkQyZz09,2025-02-25T19:07:32.000Z,"Tuikhiang, Chin State, Myanmar (Burma)",Myanmar,MM,Asia,earthquake,1740510358,1740509765,0,,"23.75,93.60",2025-02-25 18:56:05,2025-02-26 01:26:05
20.1330000,96.5050000,3.0000,2.70,ml,,,,,,th_12789_202502250019,2025-02-25T00:19:46.000Z,"Tatkon, Shan, Myanmar (Burma)",Myanmar,MM,Asia,earthquake,1740443937,1740442786,0,,"20.13,96.51",2025-02-25 00:19:46,2025-02-25 06:49:46
21.9388000,94.4149000,101.0000,4.30,mb,,,,,,in_d0NlS1NKZkVqNXplc0JCRTJVWVBldz09,2025-02-24T07:41:28.000Z,"Kyaw, Magway Region, Myanmar (Burma)",Myanmar,MM,Asia,earthquake,1740342722,1740342340,0,,"22.54,93.88",2025-02-23 20:25:40,2025-02-24 02:55:40
21.4823000,93.7080000,54.6000,5.20,mb,,,,,,ems_202502_1775088,2025-02-22T10:49:55.000Z,"Hakha, Myanmar","129km S of Hakha, Myanmar",MM,Asia,earthquake,1740221019,1740220409,0,,"21.53,93.92",2025-02-22 10:33:29,2025-02-22 17:03:29
21.1410000,99.8680000,1.0000,3.90,ml,,,,,,th_12784_202502212318,2025-02-21T23:29:22.000Z,"Wan Hpaya-hkè, Shan, Myanmar (Burma)",Myanmar,MM,Asia,earthquake,1740180300,1740179893,1,,"21.14,99.87",2025-02-21 23:18:13,2025-02-22 05:48:13
18.1110000,97.5840000,1.0000,1.90,ml,,,,,,th_12781_202502212033,2025-02-21T20:33:30.000Z,"Aulawsaukhi, Kayin State, Myanmar (Burma)",Myanmar,MM,Asia,earthquake,1740170432,1740170010,0,,"18.11,97.58",2025-02-21 20:33:30,2025-02-22 03:03:30
23.7800000,93.7700000,10.0000,3.20,ml,,,,,,in_cU1nTUJ5S3B5MTZsSEFzOWkwQ05Qdz09,2025-02-21T16:58:18.000Z,"Anlung, Chin State, Myanmar (Burma)",Myanmar,MM,Asia,earthquake,1740157003,1740156589,0,,"23.78,93.77",2025-02-21 16:49:49,2025-02-21 23:19:49
20.0040000,97.7620000,1.0000,1.80,ml,,,,,,th_12780_202502211457,2025-02-21T14:57:21.000Z,"Wān Kongmakpin, Shan, Myanmar (Burma)",Myanmar,MM,Asia,earthquake,1740150710,1740149841,0,,"20.00,97.76",2025-02-21 14:57:21,2025-02-21 21:27:21
21.1290000,99.8420000,1.0000,2.50,ml,,,,,,th_12779_202502211445,2025-02-21T14:45:44.000Z,"Yangka, Shan, Myanmar (Burma)",Myanmar,MM,Asia,earthquake,1740150046,1740149144,1,,"21.13,99.84",2025-02-21 14:45:44,2025-02-21 21:15:44
20.7900000,98.5650000,1.0000,2.40,ml,,,,,,th_12778_202502202310,2025-02-20T23:10:25.000Z,"Wan Nawnghkan, Shan, Myanmar (Burma)",Myanmar,MM,Asia,earthquake,1740094680,1740093025,0,,"20.79,98.57",2025-02-20 23:10:25,2025-02-21 05:40:25
26.6100000,96.6500000,85.0000,3.20,ml,,,,,,in_ajNpbFhjV2ZYd09mdkFtTThUaFplZz09,2025-02-20T14:36:30.000Z,"Gum Ga, Kachin, Myanmar (Burma)",Myanmar,MM,Asia,earthquake,1740061837,1740061232,0,,"26.61,96.65",2025-02-20 14:20:32,2025-02-20 20:50:32
20.8230000,98.5990000,10.0000,2.70,ml,,,,,,th_12776_202502200335,2025-02-20T03:35:46.000Z,"Wan Nawnghkan, Shan, Myanmar (Burma)",Myanmar,MM,Asia,earthquake,1740023484,1740022546,0,,"20.82,98.60",2025-02-20 03:35:46,2025-02-20 10:05:46
20.8340000,98.5850000,10.0000,2.40,ml,,,,,,th_12774_202502192128,2025-02-19T21:28:10.000Z,"Wan Nawnghkan, Shan, Myanmar (Burma)",Myanmar,MM,Asia,earthquake,1740001692,1740000490,0,,"20.83,98.59",2025-02-19 21:28:10,2025-02-20 03:58:10
16.4570000,96.5350000,10.0000,2.30,ml,,,,,,th_12772_202502192105,2025-02-19T21:05:34.000Z,"Kala-ywa, Yangon Region, Myanmar (Burma)",Near South Coast of Myanmar,MM,Asia,earthquake,1740000456,1739999134,0,,"16.46,96.54",2025-02-19 21:05:34,2025-02-20 03:35:34
20.3550000,98.2030000,10.0000,2.30,ml,,,,,,th_12771_202502191530,2025-02-19T15:30:18.000Z,"Na-law, Shan, Myanmar (Burma)",Myanmar,MM,Asia,earthquake,1739979683,1739979018,0,,"20.36,98.20",2025-02-19 15:30:18,2025-02-19 22:00:18
21.0970000,99.7800000,10.0000,2.40,ml,,,,,,th_12773_202502191246,2025-02-19T12:46:21.000Z,"Yangka, Shan, Myanmar (Burma)",Myanmar,MM,Asia,earthquake,1740001657,1739969181,0,,"21.10,99.78",2025-02-19 12:46:21,2025-02-19 19:16:21
21.1130000,99.8600000,1.0000,2.30,ml,,,,,,th_12770_202502190033,2025-02-19T00:33:26.000Z,"Yangka, Shan, Myanmar (Burma)",Myanmar,MM,Asia,earthquake,1739931376,1739925206,0,,"21.11,99.86",2025-02-19 00:33:26,2025-02-19 07:03:26
21.1960000,99.9580000,3.0000,2.30,ml,,,,,,th_12769_202502161323,2025-02-16T13:23:28.000Z,"Wan Hkang, Shan, Myanmar (Burma)",Myanmar,MM,Asia,earthquake,1739713179,1739712208,1,,"21.20,99.96",2025-02-16 13:23:28,2025-02-16 19:53:28
21.1750000,99.9570000,1.0000,2.70,ml,,,,,,th_12767_202502150016,2025-02-15T00:16:22.000Z,"Wan Hsenlong, Shan, Myanmar (Burma)",Myanmar,MM,Asia,earthquake,1739579288,1739578582,1,,"21.18,99.96",2025-02-15 00:16:22,2025-02-15 06:46:22
20.7310000,98.3300000,2.0000,1.90,ml,,,,,,th_12768_202502142253,2025-02-14T22:53:13.000Z,"Ta-kun, Shan, Myanmar (Burma)",Myanmar,MM,Asia,earthquake,1739579329,1739573593,0,,"20.73,98.33",2025-02-14 22:53:13,2025-02-15 05:23:13
24.2500000,94.3700000,63.0000,3.60,ml,,,,,,in_anB5NldSbHRscXhQbnJCZ3FyTjNmZz09,2025-02-14T21:50:17.000Z,"Tamu, Sagaing Region, Myanmar (Burma)",Myanmar,MM,Asia,earthquake,1739569755,1739569140,0,,"24.25,94.37",2025-02-14 21:39:00,2025-02-15 04:09:00
22.6000000,95.2800000,10.0000,4.00,ml,,,,,,in_dFNBQWtQcDhNdFJvMkNxN0toa1UxQT09,2025-02-14T13:57:39.000Z,"Kya Khat, Sagaing Region, Myanmar (Burma)",Myanmar,MM,Asia,earthquake,1739541994,1739541459,0,,"22.60,95.28",2025-02-14 13:57:39,2025-02-14 20:27:39
22.9700000,94.2900000,90.0000,4.40,ml,,,,,,in_aG1tK1ZLMVFMTVFOams2S2JLZkcyQT09,2025-02-13T07:22:18.000Z,"Theingon, Sagaing Region, Myanmar (Burma)",Myanmar,MM,Asia,earthquake,1739431271,1739430321,0,,"22.97,94.29",2025-02-13 07:05:21,2025-02-13 13:35:21
17.4910000,97.0150000,5.0000,2.40,ml,,,,,,th_12762_202502111056,2025-02-11T10:56:08.000Z,"Ka Dai Dutt, Mon State, Myanmar (Burma)",Myanmar,MM,Asia,earthquake,1739272861,1739271368,0,,"17.49,97.02",2025-02-11 10:56:08,2025-02-11 17:26:08
20.8490000,97.3720000,10.0000,3.30,ml,,,,,,th_12761_202502110835,2025-02-11T08:35:59.000Z,"Mong Pawn, Shan, Myanmar (Burma)",Myanmar,MM,Asia,earthquake,1739265202,1739262959,0,,"20.85,97.37",2025-02-11 08:35:59,2025-02-11 15:05:59
20.1680000,96.7840000,4.0000,2.50,ml,,,,,,th_12760_202502110825,2025-02-11T08:25:40.000Z,"Pinlaung, Shan, Myanmar (Burma)",Myanmar,MM,Asia,earthquake,1739263529,1739262340,0,,"20.17,96.78",2025-02-11 08:25:40,2025-02-11 14:55:40
21.1820000,99.9320000,1.0000,2.60,ml,,,,,,th_12759_202502110552,2025-02-11T05:52:27.000Z,"Wan Hsenlong, Shan, Myanmar (Burma)",Myanmar,MM,Asia,earthquake,1739254935,1739253147,1,,"21.18,99.93",2025-02-11 05:52:27,2025-02-11 12:22:27
21.1600000,99.9200000,2.0000,2.20,ml,,,,,,th_12756_202502101442,2025-02-10T14:42:29.000Z,"Wan Hsenlong, Shan, Myanmar (Burma)",Myanmar,MM,Asia,earthquake,1739199440,1739198549,1,,"21.16,99.92",2025-02-10 14:42:29,2025-02-10 21:12:29
20.6830000,96.7220000,10.0000,2.80,ml,,,,,,th_12755_202502091249,2025-02-09T12:49:00.000Z,"Innkhaung, Shan, Myanmar (Burma)",Myanmar,MM,Asia,earthquake,1739107024,1739105340,0,,"20.68,96.72",2025-02-09 12:49:00,2025-02-09 19:19:00
20.6350000,99.8120000,10.0000,2.30,ml,,,,,,th_12754_202502081323,2025-02-08T13:23:24.000Z,"Wan Hsenhkampeng, Shan, Myanmar (Burma)",Myanmar,MM,Asia,earthquake,1739021913,1739021004,0,,"20.64,99.81",2025-02-08 13:23:24,2025-02-08 19:53:24
18.0500000,97.5070000,1.0000,3.30,ml,,,,,,th_12753_202502080628,2025-02-08T06:28:53.000Z,"Hpapun, Kayin State, Myanmar (Burma)",Myanmar,MM,Asia,earthquake,1738996629,1738996133,0,,"18.05,97.51",2025-02-08 06:28:53,2025-02-08 12:58:53
18.9660000,97.4740000,5.0000,3.10,ml,,,,,,th_12752_202502080518,2025-02-08T05:18:42.000Z,"Loi Mun, Kayah State, Myanmar (Burma)",Myanmar,MM,Asia,earthquake,1738992938,1738991922,0,,"18.97,97.47",2025-02-08 05:18:42,2025-02-08 11:48:42
19.4450000,95.8920000,10.0000,3.50,ml,,,,,,th_12749_202502071207,2025-02-07T12:07:12.000Z,"Zibyubin, Naypyidaw Union Territory, Myanmar (Burma)",Myanmar,MM,Asia,earthquake,1738930579,1738930032,0,,"19.45,95.89",2025-02-07 12:07:12,2025-02-07 18:37:12
18.0660000,96.4540000,10.0000,3.00,ml,,,,,,th_12748_202502070917,2025-02-07T09:17:24.000Z,"Myo Chaung, Bago Region, Myanmar (Burma)",Myanmar,MM,Asia,earthquake,1738922376,1738919844,0,,"18.07,96.45",2025-02-07 09:17:24,2025-02-07 15:47:24
20.4600000,98.2880000,1.0000,2.00,ml,,,,,,th_12744_202502051400,2025-02-05T14:00:40.000Z,"Hwè-hawn, Shan, Myanmar (Burma)",Myanmar,MM,Asia,earthquake,1738766112,1738764040,0,,"20.46,98.29",2025-02-05 14:00:40,2025-02-05 20:30:40
21.1610000,99.9090000,10.0000,2.30,ml,,,,,,th_12743_202502041739,2025-02-04T17:39:06.000Z,"Wan Hsenlong, Shan, Myanmar (Burma)",Myanmar,MM,Asia,earthquake,1738698608,1738690746,1,,"21.16,99.91",2025-02-04 17:39:06,2025-02-05 00:09:06
20.0320000,97.8140000,10.0000,2.40,ml,,,,,,th_12742_202502041503,2025-02-04T15:03:19.000Z,"Wan Kongpao, Shan, Myanmar (Burma)",Myanmar,MM,Asia,earthquake,1738682167,1738681399,0,,"20.03,97.81",2025-02-04 15:03:19,2025-02-04 21:33:19
19.6900000,95.5000000,117.0000,3.60,ml,,,,,,in_OU93MUN4Y0RCM1RBa3hKcGtLbFpzZz09,2025-02-02T19:44:04.000Z,"Kone Thar, Magway Region, Myanmar (Burma)",Myanmar,MM,Asia,earthquake,1738528844,1738525444,0,,"19.69,95.50",2025-02-02 19:44:04,2025-02-03 02:14:04
20.9380000,99.9780000,4.0000,2.30,ml,,,,,,th_12739_202502021418,2025-02-02T14:18:22.000Z,"Wan Ta-ma, Shan, Myanmar (Burma)",Myanmar,MM,Asia,earthquake,1738506490,1738505902,0,,"20.94,99.98",2025-02-02 14:18:22,2025-02-02 20:48:22
19.7980000,96.0780000,6.0000,3.70,ml,,,,,,th_12738_202502020317,2025-02-02T03:17:05.000Z,"Naypyidaw, Naypyidaw Union Territory, Myanmar (Burma)",Myanmar,MM,Asia,earthquake,1738466996,1738466225,0,,"19.80,96.08",2025-02-02 03:17:05,2025-02-02 09:47:05
22.8300000,93.9500000,10.0000,4.40,ml,,,,,,in_V0RkWU5hMzlvWVFMWUMzSWNVa1pSZz09,2025-02-01T12:50:21.000Z,"Darbo, Chin State, Myanmar (Burma)",Myanmar,MM,Asia,earthquake,1738414070,1738413645,0,,"22.83,93.95",2025-02-01 12:40:45,2025-02-01 19:10:45
19.0910000,96.4060000,10.0000,3.10,ml,,,,,,th_13341_202504020259,2025-04-02T02:59:01.000Z,"Kyun Kone, Bago Region, Myanmar (Burma)",Myanmar,MM,Asia,earthquake,1743563299,1743562741,0,,"19.09,96.41",2025-04-02 02:59:01,2025-04-02 09:29:01
20.7510000,96.3600000,8.0000,3.00,ml,,,,,,th_13340_202504020219,2025-04-02T02:19:00.000Z,"Yin Mar Bin, Mandalay Region, Myanmar (Burma)",Myanmar,MM,Asia,earthquake,1743561427,1743560340,0,,"20.75,96.36",2025-04-02 02:19:00,2025-04-02 08:49:00
22.7210000,96.9260000,10.0000,3.60,ml,,,,,,th_13335_202504012255,2025-04-01T23:35:43.000Z,"Mánweng, Shan, Myanmar (Burma)",Myanmar,MM,Asia,earthquake,1743550278,1743548130,0,,"22.72,96.93",2025-04-01 22:55:30,2025-04-02 05:25:30
19.6520000,96.4130000,10.0000,2.80,ml,,,,,,th_13334_202504012209,2025-04-01T22:09:24.000Z,"Mayandaung Atet, Naypyidaw Union Territory, Myanmar (Burma)",Myanmar,MM,Asia,earthquake,1743546670,1743545364,0,,"19.65,96.41",2025-04-01 22:09:24,2025-04-02 04:39:24
20.9640000,96.3220000,10.0000,3.40,ml,,,,,,th_13333_202504012118,2025-04-01T21:18:07.000Z,"Patchaung, Shan, Myanmar (Burma)",Myanmar,MM,Asia,earthquake,1743542842,1743542287,0,,"20.96,96.32",2025-04-01 21:18:07,2025-04-02 03:48:07
20.8060000,96.2940000,10.0000,3.50,ml,,,,,,th_13332_202504012059,2025-04-01T21:14:42.000Z,"Yin Mar Bin, Mandalay Region, Myanmar (Burma)",Myanmar,MM,Asia,earthquake,1743541928,1743541181,0,,"20.81,96.29",2025-04-01 20:59:41,2025-04-02 03:29:41
19.3250000,96.5200000,10.0000,2.70,ml,,,,,,th_13331_202504012051,2025-04-01T20:51:35.000Z,"Kyauktaga Auk, Kayin State, Myanmar (Burma)",Myanmar,MM,Asia,earthquake,1743541866,1743540695,0,,"19.33,96.52",2025-04-01 20:51:35,2025-04-02 03:21:35
18.6690000,96.6110000,10.0000,2.60,ml,,,,,,th_13330_202504012037,2025-04-01T20:37:17.000Z,"Kyaungbintha, Bago Region, Myanmar (Burma)",Myanmar,MM,Asia,earthquake,1743540339,1743539837,0,,"18.67,96.61",2025-04-01 20:37:17,2025-04-02 03:07:17
22.1780000,96.2860000,10.0000,3.70,ml,,,,,,th_13328_202504011926,2025-04-01T19:42:51.000Z,"Daw-wa-kyaung, Mandalay Region, Myanmar (Burma)",Myanmar,MM,Asia,earthquake,1743536303,1743535584,0,,"22.18,96.29",2025-04-01 19:26:24,2025-04-02 01:56:24
19.1560000,96.3400000,10.0000,2.40,ml,,,,,,th_13326_202504011834,2025-04-01T18:34:59.000Z,"Yedashe, Bago Region, Myanmar (Burma)",Myanmar,MM,Asia,earthquake,1743533268,1743532499,0,,"19.16,96.34",2025-04-01 18:34:59,2025-04-02 01:04:59
20.6710000,98.7110000,13.0000,2.40,ml,,,,,,th_13325_202504011816,2025-04-01T18:16:45.000Z,"Kang Nai, Shan, Myanmar (Burma)",Myanmar,MM,Asia,earthquake,1743532962,1743531405,0,,"20.67,98.71",2025-04-01 18:16:45,2025-04-02 00:46:45
19.8160000,97.8480000,1.0000,2.20,ml,,,,,,th_13324_202504011815,2025-04-01T18:15:29.000Z,"Wan Hwè-ya-yung, Shan, Myanmar (Burma)",Myanmar,MM,Asia,earthquake,1743532178,1743531329,0,,"19.82,97.85",2025-04-01 18:15:29,2025-04-02 00:45:29
19.2040000,96.4670000,10.0000,2.80,ml,,,,,,th_13323_202504011739,2025-04-01T17:39:59.000Z,"Karenchaung, Bago Region, Myanmar (Burma)",Myanmar,MM,Asia,earthquake,1743529957,1743529199,0,,"19.20,96.47",2025-04-01 17:39:59,2025-04-02 00:09:59
21.1220000,99.8770000,10.0000,2.40,ml,,,,,,th_13322_202504011705,2025-04-01T17:05:37.000Z,"Yangka, Shan, Myanmar (Burma)",Myanmar,MM,Asia,earthquake,1743527956,1743527137,1,,"21.12,99.88",2025-04-01 17:05:37,2025-04-01 23:35:37
24.6700000,94.9200000,17.0000,3.50,ml,,,,,,in_VlhUWXRvNVlKb01rTnNVUTVtSDNyUT09,2025-04-01T17:14:38.000Z,"Mong Tawng, Sagaing Region, Myanmar (Burma)",Myanmar,MM,Asia,earthquake,1743527385,1743526888,0,,"24.67,94.92",2025-04-01 17:01:28,2025-04-01 23:31:28
19.8970000,97.9720000,1.0000,1.80,ml,,,,,,th_13321_202504011648,2025-04-01T16:48:05.000Z,"Ta Ho-pong, Shan, Myanmar (Burma)",Myanmar,MM,Asia,earthquake,1743526577,1743526085,0,,"19.90,97.97",2025-04-01 16:48:05,2025-04-01 23:18:05
20.0827000,96.0863000,3.2230,4.80,mb,108,55,1.12,0.69,us,in_UFNIWmcvSXRySS94NG1YZEJKWGpjUT09,2025-04-02T09:23:04.729Z,,"37km N of Nay Pyi Taw, Burma (Myanmar)",MM,Asia,earthquake,1743521722,1743521260,0,,"20.07,96.13",2025-04-01 15:27:40,2025-04-01 21:57:40
21.8550000,96.4710000,10.0000,3.20,ml,,,,,,th_13317_202504011512,2025-04-01T15:12:57.000Z,"Lema, Mandalay Region, Myanmar (Burma)",Myanmar,MM,Asia,earthquake,1743521019,1743520377,0,,"21.86,96.47",2025-04-01 15:12:57,2025-04-01 21:42:57
19.1930000,96.3760000,10.0000,2.20,ml,,,,,,th_13316_202504011510,2025-04-01T15:10:24.000Z,"Hnawpin, Bago Region, Myanmar (Burma)",Myanmar,MM,Asia,earthquake,1743520977,1743520224,0,,"19.19,96.38",2025-04-01 15:10:24,2025-04-01 21:40:24
18.6950000,96.5490000,10.0000,2.40,ml,,,,,,th_13315_202504011452,2025-04-01T14:52:57.000Z,"Zayatkyi, Bago Region, Myanmar (Burma)",Myanmar,MM,Asia,earthquake,1743519696,1743519177,0,,"18.70,96.55",2025-04-01 14:52:57,2025-04-01 21:22:57
19.1350000,96.5640000,10.0000,2.90,ml,,,,,,th_13313_202504011436,2025-04-01T14:37:18.000Z,"Kyemin Ale, Kayin State, Myanmar (Burma)",Myanmar,MM,Asia,earthquake,1743518949,1743518238,1,,"19.30,96.56",2025-04-01 14:37:18,2025-04-01 21:07:18
18.8470000,96.5820000,10.0000,2.40,ml,,,,,,th_13312_202504011424,2025-04-01T14:24:26.000Z,"Kyauk-o-bya, Bago Region, Myanmar (Burma)",Myanmar,MM,Asia,earthquake,1743518225,1743517466,0,,"18.85,96.58",2025-04-01 14:24:26,2025-04-01 20:54:26
19.0360000,96.2390000,10.0000,3.30,ml,,,,,,th_13311_202504011352,2025-04-01T13:52:42.000Z,"Kyun Kone, Bago Region, Myanmar (Burma)",Myanmar,MM,Asia,earthquake,1743516275,1743515562,0,,"19.04,96.24",2025-04-01 13:52:42,2025-04-01 20:22:42
19.8820000,97.9610000,3.0000,3.80,ml,,,,,,th_13310_202504011340,2025-04-01T13:49:40.000Z,"Ta Ho-pong, Shan, Myanmar (Burma)",Myanmar,MM,Asia,earthquake,1743515309,1743514854,0,,"19.88,97.96",2025-04-01 13:40:54,2025-04-01 20:10:54
20.1190000,96.3690000,10.0000,3.60,ml,,,,,,th_13309_202504011325,2025-04-01T13:35:40.000Z,"Kyatpye, Naypyidaw Union Territory, Myanmar (Burma)",Myanmar,MM,Asia,earthquake,1743514266,1743513906,0,,"20.12,96.37",2025-04-01 13:25:06,2025-04-01 19:55:06
19.7300000,96.3500000,10.0000,2.50,ml,,,,,,th_13307_202504011242,2025-04-01T12:42:43.000Z,"Ziyaing, နေပြည်တော် ပြည်တောင်စုနယ်မြေ, Myanmar (Burma)",Myanmar,MM,Asia,earthquake,1743511822,1743511363,0,,"19.73,96.35",2025-04-01 12:42:43,2025-04-01 19:12:43
19.1500000,96.4670000,10.0000,2.80,ml,,,,,,th_13306_202504011223,2025-04-01T12:23:03.000Z,"Karenchaung, Bago Region, Myanmar (Burma)",Myanmar,MM,Asia,earthquake,1743510650,1743510183,0,,"19.15,96.47",2025-04-01 12:23:03,2025-04-01 18:53:03
19.0660000,96.6550000,10.0000,2.10,ml,,,,,,th_13305_202504011211,2025-04-01T12:11:23.000Z,"Than Daung Gyi, Kayin State, Myanmar (Burma)",Myanmar,MM,Asia,earthquake,1743510314,1743509483,0,,"19.07,96.66",2025-04-01 12:11:23,2025-04-01 18:41:23
22.0500000,95.9514000,10.0000,5.00,mb,68,68,1.278,0.7,us,in_a1RuSmQ0ZnRuTGs1bGtNTUM1V0lhdz09,2025-04-02T18:16:59.229Z,"Mandalay, Burma (Myanmar)","15km WNW of Mandalay, Burma (Myanmar)",MM,Asia,earthquake,1743505679,1743505307,1,,"21.94,95.97",2025-04-01 11:01:47,2025-04-01 17:31:47
19.4520000,96.5760000,10.0000,3.30,ml,,,,,,th_13301_202504010847,2025-04-01T08:47:31.000Z,"Keykadaw, Kayin State, Myanmar (Burma)",Myanmar,MM,Asia,earthquake,1743498842,1743497251,0,,"19.45,96.58",2025-04-01 08:47:31,2025-04-01 15:17:31
19.1390000,96.5330000,10.0000,3.00,ml,,,,,,th_13299_202504010657,2025-04-01T06:57:32.000Z,"Alegyaung Auk, Kayin State, Myanmar (Burma)",Myanmar,MM,Asia,earthquake,1743496316,1743490652,0,,"19.14,96.53",2025-04-01 06:57:32,2025-04-01 13:27:32
19.6220000,96.3020000,10.0000,3.60,ml,,,,,,th_13297_202504010638,2025-04-01T08:35:46.000Z,"Thitchazeik, နေပြည်တော် ပြည်တောင်စုနယ်မြေ, Myanmar (Burma)",Myanmar,MM,Asia,earthquake,1743496084,1743489534,0,,"19.62,96.30",2025-04-01 06:38:54,2025-04-01 13:08:54
19.0860000,96.2630000,10.0000,2.60,ml,,,,,,th_13296_202504010539,2025-04-01T05:39:28.000Z,"Kyun Kone, Bago Region, Myanmar (Burma)",Myanmar,MM,Asia,earthquake,1743495955,1743485968,0,,"19.09,96.26",2025-04-01 05:39:28,2025-04-01 12:09:28
19.7890000,97.9320000,3.0000,2.40,ml,,,,,,th_13295_202504010523,2025-04-01T05:23:11.000Z,"Homein, Shan, Myanmar (Burma)",Myanmar,MM,Asia,earthquake,1743495830,1743484991,0,,"19.79,97.93",2025-04-01 05:23:11,2025-04-01 11:53:11
20.6420000,96.0030000,10.0000,3.70,ml,,,,,,th_13294_202504010513,2025-04-01T08:35:46.000Z,"Pyawbwe, Mandalay Region, Myanmar (Burma)",Myanmar,MM,Asia,earthquake,1743495728,1743484413,0,,"20.64,96.00",2025-04-01 05:13:33,2025-04-01 11:43:33
18.0730000,96.5430000,10.0000,3.10,ml,,,,,,th_13293_202504010333,2025-04-01T03:33:49.000Z,"Hpa Do, Bago Region, Myanmar (Burma)",Myanmar,MM,Asia,earthquake,1743495460,1743478429,0,,"18.07,96.54",2025-04-01 03:33:49,2025-04-01 10:03:49
18.9340000,96.5190000,10.0000,2.30,ml,,,,,,th_13291_202504010148,2025-04-01T01:48:37.000Z,"Taungoo, Bago Region, Myanmar (Burma)",Myanmar,MM,Asia,earthquake,1743472989,1743472117,0,,"18.93,96.52",2025-04-01 01:48:37,2025-04-01 08:18:37
20.0230000,97.9340000,4.0000,2.10,ml,,,,,,th_13289_202504010102,2025-04-01T01:02:41.000Z,"Wan Kongpao, Shan, Myanmar (Burma)",Myanmar,MM,Asia,earthquake,1743469786,1743469361,0,,"20.02,97.93",2025-04-01 01:02:41,2025-04-01 07:32:41
20.1410000,98.0900000,4.0000,2.20,ml,,,,,,th_13288_202504010037,2025-04-01T00:37:49.000Z,"Üng-yao, Shan, Myanmar (Burma)",Myanmar,MM,Asia,earthquake,1743468857,1743467869,0,,"20.14,98.09",2025-04-01 00:37:49,2025-04-01 07:07:49
18.2080000,96.8030000,10.0000,2.80,ml,,,,,,th_13286_202503312247,2025-03-31T22:47:43.000Z,"Bogata Auk, Bago Region, Myanmar (Burma)",Myanmar,MM,Asia,earthquake,1743462645,1743461263,0,,"18.21,96.80",2025-03-31 22:47:43,2025-04-01 05:17:43
22.0590000,96.4040000,10.0000,4.00,ml,,,,,,ems_202503_1789391,2025-03-31T22:29:01.000Z,"Pyin Oo Lwin, Mandalay Region, Myanmar (Burma)",Myanmar,MM,Asia,earthquake,1743460151,1743459510,0,,"22.06,96.40",2025-03-31 22:18:30,2025-04-01 04:48:30
21.9870000,96.3820000,10.0000,4.00,ml,,,,,,ems_202503_1789388,2025-03-31T22:07:44.000Z,"Anesakhan, Mandalay Region, Myanmar (Burma)",Myanmar,MM,Asia,earthquake,1743458881,1743458173,0,,"21.99,96.38",2025-03-31 21:56:13,2025-04-01 04:26:13
20.2610000,96.2060000,10.0000,3.60,ml,,,,,,th_13282_202503312145,2025-03-31T21:56:49.000Z,"Nyaung Lunt, Naypyidaw Union Territory, Myanmar (Burma)",Myanmar,MM,Asia,earthquake,1743458106,1743457550,0,,"20.26,96.21",2025-03-31 21:45:50,2025-04-01 04:15:50
19.0110000,97.7050000,6.0000,1.80,ml,,,,,,th_13283_202503312131,2025-03-31T21:31:08.000Z,"Kayah State, Myanmar (Burma)",Myanmar,MM,Asia,earthquake,1743458164,1743456668,0,,"19.01,97.71",2025-03-31 21:31:08,2025-04-01 04:01:08
19.9440000,97.9300000,1.0000,2.20,ml,,,,,,th_13280_202503312053,2025-03-31T20:53:19.000Z,"Ta Ho-pong, Shan, Myanmar (Burma)",Myanmar,MM,Asia,earthquake,1743455500,1743454399,0,,"19.94,97.93",2025-03-31 20:53:19,2025-04-01 03:23:19
18.8850000,96.5550000,2.0000,2.40,ml,,,,,,th_13278_202503312010,2025-03-31T20:10:57.000Z,"Dothaung, Bago Region, Myanmar (Burma)",Myanmar,MM,Asia,earthquake,1743452610,1743451857,0,,"18.89,96.56",2025-03-31 20:10:57,2025-04-01 02:40:57
18.4050000,96.8490000,2.0000,2.30,ml,,,,,,th_13277_202503312008,2025-03-31T20:08:52.000Z,"Bothet, Bago Region, Myanmar (Burma)",Myanmar,MM,Asia,earthquake,1743452242,1743451732,0,,"18.41,96.85",2025-03-31 20:08:52,2025-04-01 02:38:52
21.8100000,96.1480000,6.0000,3.40,ml,,,,,,th_13279_202503311958,2025-03-31T19:58:17.000Z,"Man Kyee Kine, Mandalay Region, Myanmar (Burma)",Myanmar,MM,Asia,earthquake,1743453074,1743451097,0,,"21.81,96.15",2025-03-31 19:58:17,2025-04-01 02:28:17
20.1370000,97.8240000,2.0000,2.40,ml,,,,,,th_13275_202503311923,2025-03-31T19:23:38.000Z,"Wan Hat, Shan, Myanmar (Burma)",Myanmar,MM,Asia,earthquake,1743449445,1743449018,0,,"20.14,97.82",2025-03-31 19:23:38,2025-04-01 01:53:38
21.9068000,96.0099000,10.0000,4.10,mb,14,167,4.4,0.33,us,in_ZU15cTBkejBJRW1xNjhzZGYrSGJHQT09,2025-04-02T03:34:25.173Z,"Mandalay, Mandalay Region, Myanmar (Burma)","4km NE of Sagaing, Burma (Myanmar)",MM,Asia,earthquake,1743449318,1743448269,0,,"21.51,95.61",2025-03-31 19:11:09,2025-04-01 01:41:09
19.9650000,97.8050000,3.0000,1.80,ml,,,,,,th_13274_202503311908,2025-03-31T19:08:41.000Z,"Ta Öngmu, Shan, Myanmar (Burma)",Myanmar,MM,Asia,earthquake,1743448963,1743448121,0,,"19.97,97.81",2025-03-31 19:08:41,2025-04-01 01:38:41
19.2020000,96.6570000,3.0000,2.10,ml,,,,,,th_13272_202503311904,2025-03-31T19:04:04.000Z,"Dedako, Kayin State, Myanmar (Burma)",Myanmar,MM,Asia,earthquake,1743448453,1743447844,0,,"19.20,96.66",2025-03-31 19:04:04,2025-04-01 01:34:04
20.1300000,97.7240000,1.0000,2.00,ml,,,,,,th_13270_202503311855,2025-03-31T18:55:24.000Z,"Kantu-awn, Shan, Myanmar (Burma)",Myanmar,MM,Asia,earthquake,1743447722,1743447324,0,,"20.13,97.72",2025-03-31 18:55:24,2025-04-01 01:25:24
21.8150000,96.2190000,10.0000,3.30,ml,,,,,,th_13271_202503311840,2025-03-31T18:40:18.000Z,"Ohn Chaw, Mandalay Region, Myanmar (Burma)",Myanmar,MM,Asia,earthquake,1743447837,1743446418,0,,"21.82,96.22",2025-03-31 18:40:18,2025-04-01 01:10:18
21.7830000,96.1450000,10.0000,3.40,ml,,,,,,th_13268_202503311823,2025-03-31T18:23:46.000Z,"Daunggyigwe, Mandalay Region, Myanmar (Burma)",Myanmar,MM,Asia,earthquake,1743447132,1743445426,0,,"21.78,96.15",2025-03-31 18:23:46,2025-04-01 00:53:46
19.6230000,96.2280000,10.0000,2.60,ml,,,,,,th_13267_202503311822,2025-03-31T18:22:34.000Z,"Aye Lar, Naypyidaw Union Territory, Myanmar (Burma)",Myanmar,MM,Asia,earthquake,1743447086,1743445354,0,,"19.62,96.23",2025-03-31 18:22:34,2025-04-01 00:52:34
19.1270000,96.6670000,12.0000,2.20,ml,,,,,,th_13264_202503311754,2025-03-31T17:54:35.000Z,"Than Daung Gyi, Kayin State, Myanmar (Burma)",Myanmar,MM,Asia,earthquake,1743444781,1743443675,0,,"19.13,96.67",2025-03-31 17:54:35,2025-04-01 00:24:35
21.2630000,95.9780000,10.0000,3.10,ml,,,,,,th_13262_202503311724,2025-03-31T17:24:14.000Z,"Thabyeyoe, Mandalay Region, Myanmar (Burma)",Myanmar,MM,Asia,earthquake,1743443682,1743441854,0,,"21.26,95.98",2025-03-31 17:24:14,2025-03-31 23:54:14
21.3790000,96.7100000,10.0000,3.20,ml,,,,,,th_13258_202503311627,2025-03-31T16:27:31.000Z,"Sawbya, Shan, Myanmar (Burma)",Myanmar,MM,Asia,earthquake,1743442414,1743438451,0,,"21.38,96.71",2025-03-31 16:27:31,2025-03-31 22:57:31
18.7290000,96.8670000,10.0000,2.20,ml,,,,,,th_13256_202503311519,2025-03-31T15:19:21.000Z,"Yawchi, Kayin State, Myanmar (Burma)",Myanmar,MM,Asia,earthquake,1743435463,1743434361,0,,"18.73,96.87",2025-03-31 15:19:21,2025-03-31 21:49:21
19.9060000,98.0130000,3.0000,2.80,ml,,,,,,th_13252_202503311325,2025-03-31T13:25:16.000Z,"Ta Ho-pong, Shan, Myanmar (Burma)",Myanmar,MM,Asia,earthquake,1743428481,1743427516,0,,"19.91,98.01",2025-03-31 13:25:16,2025-03-31 19:55:16
19.7170000,98.3820000,2.0000,1.90,ml,,,,,,th_13251_202503311315,2025-03-31T13:15:23.000Z,"Wan Punglong, Shan, Myanmar (Burma)",Myanmar,MM,Asia,earthquake,1743427592,1743426923,0,,"19.72,98.38",2025-03-31 13:15:23,2025-03-31 19:45:23
18.6730000,96.5500000,10.0000,3.40,ml,,,,,,th_13249_202503311249,2025-03-31T12:49:07.000Z,"Zayatkyi, Bago Region, Myanmar (Burma)",Myanmar,MM,Asia,earthquake,1743425893,1743425347,0,,"18.67,96.55",2025-03-31 12:49:07,2025-03-31 19:19:07
20.8840000,96.3080000,10.0000,3.30,ml,,,,,,th_13247_202503311219,2025-03-31T12:19:07.000Z,"Pothanaing, Mandalay Region, Myanmar (Burma)",Myanmar,MM,Asia,earthquake,1743423851,1743423547,0,,"20.88,96.31",2025-03-31 12:19:07,2025-03-31 18:49:07
22.3600000,97.7900000,10.0000,3.90,ml,,,,,,in_cUt6UWVhelpwc2hGbXUxWDRlLzdaZz09,2025-03-31T12:12:22.000Z,"Lenti, Shan, Myanmar (Burma)",Myanmar,MM,Asia,earthquake,1743423922,1743423142,0,,"22.36,97.79",2025-03-31 12:12:22,2025-03-31 18:42:22
21.1120000,96.2270000,7.0000,3.30,ml,,,,,,th_13245_202503311205,2025-03-31T12:05:00.000Z,"Nyaunggyat, Shan, Myanmar (Burma)",Myanmar,MM,Asia,earthquake,1743423293,1743422700,0,,"21.11,96.23",2025-03-31 12:05:00,2025-03-31 18:35:00
19.7440000,98.5020000,1.0000,1.70,ml,,,,,,th_13244_202503311149,2025-03-31T11:49:55.000Z,"Wan Hsenlong, Shan, Myanmar (Burma)",Myanmar,MM,Asia,earthquake,1743422861,1743421795,0,,"19.74,98.50",2025-03-31 11:49:55,2025-03-31 18:19:55
21.7480000,96.5180000,10.0000,4.00,ml,,,,,,ems_202503_1789214,2025-03-31T11:42:41.000Z,"Lema, Mandalay Region, Myanmar (Burma)",Myanmar,MM,Asia,earthquake,1743421372,1743419878,0,,"21.75,96.52",2025-03-31 11:17:58,2025-03-31 17:47:58
20.1860000,97.8300000,1.0000,2.10,ml,,,,,,th_13240_202503311100,2025-03-31T11:00:41.000Z,"Wan Hat, Shan, Myanmar (Burma)",Myanmar,MM,Asia,earthquake,1743419826,1743418841,0,,"20.19,97.83",2025-03-31 11:00:41,2025-03-31 17:30:41
21.8220000,96.6480000,10.0000,3.80,ml,,,,,,th_13239_202503311024,2025-03-31T10:49:41.000Z,"Kontha, Mandalay Region, Myanmar (Burma)",Myanmar,MM,Asia,earthquake,1743417937,1743416662,0,,"21.82,96.65",2025-03-31 10:24:22,2025-03-31 16:54:22
19.6530000,96.2420000,10.0000,2.70,ml,,,,,,th_13238_202503311011,2025-03-31T10:11:30.000Z,"Aunggon, နေပြည်တော် ပြည်တောင်စုနယ်မြေ, Myanmar (Burma)",Myanmar,MM,Asia,earthquake,1743417216,1743415890,0,,"19.65,96.24",2025-03-31 10:11:30,2025-03-31 16:41:30
19.0610000,96.3230000,10.0000,3.60,ml,,,,,,th_13237_202503310951,2025-03-31T10:14:48.000Z,"Kyun Kone, Bago Region, Myanmar (Burma)",Myanmar,MM,Asia,earthquake,1743415341,1743414673,1,,"19.06,96.32",2025-03-31 09:51:13,2025-03-31 16:21:13
19.9910000,97.9690000,4.0000,4.10,ml,,,,,,ems_202503_1789191,2025-03-31T10:14:48.000Z,"Ta Ho-pong, Shan, Myanmar (Burma)",Myanmar,MM,Asia,earthquake,1743416112,1743414168,0,,"19.99,97.97",2025-03-31 09:42:48,2025-03-31 16:12:48
20.1470000,96.4350000,10.0000,3.50,ml,,,,,,th_13231_202503310813,2025-03-31T08:28:50.000Z,"Kyaunggon, Naypyidaw Union Territory, Myanmar (Burma)",Myanmar,MM,Asia,earthquake,1743409542,1743408805,0,,"20.15,96.44",2025-03-31 08:13:25,2025-03-31 14:43:25
18.6130000,96.3490000,10.0000,2.80,ml,,,,,,th_13227_202503310659,2025-03-31T06:59:35.000Z,"Nyaung Chay Htauk, Bago Region, Myanmar (Burma)",Myanmar,MM,Asia,earthquake,1743404869,1743404375,0,,"18.61,96.35",2025-03-31 06:59:35,2025-03-31 13:29:35
20.0490000,98.3330000,1.0000,2.90,ml,,,,,,th_13226_202503310548,2025-03-31T05:48:22.000Z,"Wan Umlong, Shan, Myanmar (Burma)",Myanmar,MM,Asia,earthquake,1743400682,1743400102,0,,"20.05,98.33",2025-03-31 05:48:22,2025-03-31 12:18:22
21.9960000,96.3250000,9.0000,4.40,ml,,,,,,ems_202503_1789136,2025-03-31T06:14:45.000Z,"Anesakhan, Mandalay Region, Myanmar (Burma)",Myanmar,MM,Asia,earthquake,1743421629,1743400020,0,,"22.00,96.33",2025-03-31 05:47:00,2025-03-31 12:17:00
18.9660000,96.3130000,10.0000,3.00,ml,,,,,,th_13225_202503310538,2025-03-31T05:38:44.000Z,"Kanbaukkyi, Bago Region, Myanmar (Burma)",Myanmar,MM,Asia,earthquake,1743400225,1743399524,0,,"18.97,96.31",2025-03-31 05:38:44,2025-03-31 12:08:44
21.6960000,96.3350000,10.0000,4.50,ml,,,,,,ems_202503_1789126,2025-03-31T05:42:46.000Z,"Gwebin, Mandalay Region, Myanmar (Burma)",Myanmar,MM,Asia,earthquake,1743421655,1743398257,0,,"21.70,96.34",2025-03-31 05:17:37,2025-03-31 11:47:37
20.3100000,92.2000000,10.0000,3.70,ml,,,,,,in_TVdnWXFyaDNPS2xMODZ0c2xIMmM2QT09,2025-03-31T05:17:29.000Z,,Myanmar,MM,Asia,earthquake,1743399080,1743398249,0,,"20.31,92.20",2025-03-31 05:17:29,2025-03-31 11:47:29
18.7140000,96.4690000,10.0000,2.90,ml,,,,,,th_13223_202503310505,2025-03-31T05:05:35.000Z,"Zayatkyi, Bago Region, Myanmar (Burma)",Myanmar,MM,Asia,earthquake,1743398433,1743397535,0,,"18.71,96.47",2025-03-31 05:05:35,2025-03-31 11:35:35
19.7340000,97.9110000,1.0000,2.40,ml,,,,,,th_13222_202503310454,2025-03-31T04:54:02.000Z,"Homein, Shan, Myanmar (Burma)",Myanmar,MM,Asia,earthquake,1743397383,1743396842,0,,"19.73,97.91",2025-03-31 04:54:02,2025-03-31 11:24:02
19.0090000,96.3750000,10.0000,3.10,ml,,,,,,th_13221_202503310356,2025-03-31T03:56:17.000Z,"Kaytumati, Bago Region, Myanmar (Burma)",Myanmar,MM,Asia,earthquake,1743393835,1743393377,0,,"19.01,96.38",2025-03-31 03:56:17,2025-03-31 10:26:17
19.0210000,96.8320000,4.0000,2.60,ml,,,,,,th_13220_202503310328,2025-03-31T03:28:00.000Z,"Pawe Doka, Kayin State, Myanmar (Burma)",Myanmar,MM,Asia,earthquake,1743392524,1743391680,0,,"19.02,96.83",2025-03-31 03:28:00,2025-03-31 09:58:00
20.2530000,98.5420000,4.0000,2.60,ml,,,,,,th_13218_202503310323,2025-03-31T03:24:42.000Z,"Zinbon, Kayin State, Myanmar (Burma)",Myanmar,MM,Asia,earthquake,1743392107,1743391482,1,,"18.82,96.81",2025-03-31 03:24:42,2025-03-31 09:54:42
21.8490000,96.7260000,10.0000,3.70,ml,,,,,,th_13217_202503310305,2025-03-31T03:35:44.000Z,"Kontha, Mandalay Region, Myanmar (Burma)",Myanmar,MM,Asia,earthquake,1743391483,1743390319,0,,"21.85,96.73",2025-03-31 03:05:19,2025-03-31 09:35:19
21.7100000,96.2200000,10.0000,3.70,ml,,,,,,th_13216_202503310229,2025-03-31T02:49:42.000Z,"Kado, Mandalay Region, Myanmar (Burma)",Myanmar,MM,Asia,earthquake,1743388730,1743388183,0,,"21.71,96.22",2025-03-31 02:29:43,2025-03-31 08:59:43
19.1310000,96.6200000,10.0000,2.60,ml,,,,,,th_13215_202503310201,2025-03-31T02:01:12.000Z,"Alegyaung Auk, Kayin State, Myanmar (Burma)",Myanmar,MM,Asia,earthquake,1743386869,1743386472,0,,"19.13,96.62",2025-03-31 02:01:12,2025-03-31 08:31:12
21.3020000,96.0460000,10.0000,3.50,ml,,,,,,th_13213_202503310146,2025-03-31T01:56:41.000Z,"Thakhutmyint, Mandalay Region, Myanmar (Burma)",Myanmar,MM,Asia,earthquake,1743386165,1743385596,0,,"21.30,96.05",2025-03-31 01:46:36,2025-03-31 08:16:36
19.8120000,96.3860000,10.0000,2.80,ml,,,,,,th_13212_202503310141,2025-03-31T01:41:04.000Z,"Kwedugyi, Naypyidaw Union Territory, Myanmar (Burma)",Myanmar,MM,Asia,earthquake,1743385803,1743385264,0,,"19.81,96.39",2025-03-31 01:41:04,2025-03-31 08:11:04
21.8060000,96.3630000,10.0000,3.60,ml,,,,,,th_13211_202503310113,2025-03-31T01:49:43.000Z,"Thon-Daung-Ywa-Ma, Mandalay Region, Myanmar (Burma)",Myanmar,MM,Asia,earthquake,1743385474,1743383634,0,,"21.81,96.36",2025-03-31 01:13:54,2025-03-31 07:43:54
20.3840000,98.3920000,15.0000,2.30,ml,,,,,,th_13210_202503310023,2025-03-31T00:23:05.000Z,"Mong Pan, Shan, Myanmar (Burma)",Myanmar,MM,Asia,earthquake,1743381161,1743380585,0,,"20.38,98.39",2025-03-31 00:23:05,2025-03-31 06:53:05
21.9000000,96.5350000,10.0000,4.00,ml,,,,,,ems_202503_1789038,2025-03-31T00:14:41.000Z,"Baw, Mandalay Region, Myanmar (Burma)",Myanmar,MM,Asia,earthquake,1743421725,1743379678,0,,"21.90,96.54",2025-03-31 00:07:58,2025-03-31 06:37:58
21.7960000,96.4320000,15.0000,4.20,ml,,,,,,in_a2VTU3Z1U3NDSTdXOWxZSXNpUW9zdz09,2025-03-31T00:07:40.000Z,"Ngapyawaing, Mandalay Region, Myanmar (Burma)",Myanmar,MM,Asia,earthquake,1743379937,1743378958,1,,"21.47,95.66",2025-03-30 23:55:58,2025-03-31 06:25:58
19.3160000,96.2400000,10.0000,3.80,ml,,,,,,th_13207_202503302322,2025-03-30T23:35:40.000Z,"Thagaya, Bago Region, Myanmar (Burma)",Myanmar,MM,Asia,earthquake,1743377319,1743376923,0,,"19.32,96.24",2025-03-30 23:22:03,2025-03-31 05:52:03
18.5260000,96.6550000,10.0000,2.90,ml,,,,,,th_13205_202503302308,2025-03-30T23:08:49.000Z,"Mon, Bago Region, Myanmar (Burma)",Myanmar,MM,Asia,earthquake,1743377129,1743376129,0,,"18.53,96.66",2025-03-30 23:08:49,2025-03-31 05:38:49
21.5500000,93.3400000,139.0000,3.50,ml,,,,,,in_MDVjYUtkL0N1Zk1zTHcrWE1UYW5VQT09,2025-03-30T22:21:39.000Z,"Longat, Chin State, Myanmar (Burma)",Myanmar,MM,Asia,earthquake,1743373092,1743372455,0,,"21.55,93.34",2025-03-30 22:07:35,2025-03-31 04:37:35
20.1710000,98.4170000,5.0000,2.90,ml,,,,,,th_13203_202503302155,2025-03-30T21:55:38.000Z,"Wan Hpa, Shan, Myanmar (Burma)",Myanmar,MM,Asia,earthquake,1743371943,1743371738,0,,"20.17,98.42",2025-03-30 21:55:38,2025-03-31 04:25:38
20.2400000,96.4360000,10.0000,3.10,ml,,,,,,th_13201_202503302059,2025-03-30T20:59:01.000Z,"Kyaunggon, Naypyidaw Union Territory, Myanmar (Burma)",Myanmar,MM,Asia,earthquake,1743368789,1743368341,0,,"20.24,96.44",2025-03-30 20:59:01,2025-03-31 03:29:01
20.0410000,96.2140000,10.0000,3.00,ml,,,,,,th_13200_202503302048,2025-03-30T20:48:58.000Z,"Shwemyo, Naypyidaw Union Territory, Myanmar (Burma)",Myanmar,MM,Asia,earthquake,1743368094,1743367738,0,,"20.04,96.21",2025-03-30 20:48:58,2025-03-31 03:18:58
21.7830000,96.2880000,10.0000,4.20,ml,,,,,,in_aHRMaDhVUVdXUjFMeUlIbUlmcXZhdz09,2025-03-30T20:21:43.000Z,"Wagan, Magway Region, Myanmar (Burma)",Myanmar,MM,Asia,earthquake,1743366598,1743365790,1,,"21.58,95.06",2025-03-30 20:16:30,2025-03-31 02:46:30
20.6440000,96.0160000,10.0000,2.80,ml,,,,,,th_13198_202503301955,2025-03-30T19:55:45.000Z,"Pyawbwe, Mandalay Region, Myanmar (Burma)",Myanmar,MM,Asia,earthquake,1743365065,1743364545,0,,"20.64,96.02",2025-03-30 19:55:45,2025-03-31 02:25:45
21.9740000,96.2420000,9.0000,3.40,ml,,,,,,th_13197_202503301929,2025-03-30T19:29:10.000Z,"Yetaw, Mandalay Region, Myanmar (Burma)",Myanmar,MM,Asia,earthquake,1743363320,1743362950,0,,"21.97,96.24",2025-03-30 19:29:10,2025-03-31 01:59:10
19.0180000,96.8100000,3.0000,2.90,ml,,,,,,th_13196_202503301912,2025-03-30T19:12:55.000Z,"Pawe Doka, Kayin State, Myanmar (Burma)",Myanmar,MM,Asia,earthquake,1743362672,1743361975,0,,"19.02,96.81",2025-03-30 19:12:55,2025-03-31 01:42:55
19.1430000,96.8650000,10.0000,2.00,ml,,,,,,th_13193_202503301738,2025-03-30T17:38:19.000Z,"Kalamuchi, Kayin State, Myanmar (Burma)",Myanmar,MM,Asia,earthquake,1743356951,1743356299,0,,"19.14,96.87",2025-03-30 17:38:19,2025-03-31 00:08:19
22.2590000,96.4910000,10.0000,4.20,ml,,,,,,in_azI1T0tEQU52UW4weXpYdy8yQ0M4QT09,2025-03-30T17:49:47.000Z,"Mingon, Sagaing Region, Myanmar (Burma)",Myanmar,MM,Asia,earthquake,1743356848,1743355854,1,,"22.40,95.84",2025-03-30 17:30:54,2025-03-31 00:00:54
19.7290000,96.4800000,10.0000,2.50,ml,,,,,,th_13189_202503301703,2025-03-30T17:03:52.000Z,"Saungdaung Anauk, Naypyidaw Union Territory, Myanmar (Burma)",Myanmar,MM,Asia,earthquake,1743355593,1743354232,0,,"19.73,96.48",2025-03-30 17:03:52,2025-03-30 23:33:52
18.5380000,96.5060000,3.0000,2.20,ml,,,,,,th_13190_202503301656,2025-03-30T16:56:51.000Z,"Amegon, Bago Region, Myanmar (Burma)",Myanmar,MM,Asia,earthquake,1743355817,1743353811,0,,"18.54,96.51",2025-03-30 16:56:51,2025-03-30 23:26:51
18.8970000,96.8270000,3.0000,2.30,ml,,,,,,th_13188_202503301653,2025-03-30T16:53:09.000Z,"ဘောဂလိမြို့, ကရင်ပြည်နယ်, Myanmar (Burma)",Myanmar,MM,Asia,earthquake,1743355264,1743353589,0,,"18.90,96.83",2025-03-30 16:53:09,2025-03-30 23:23:09
19.3060000,96.5190000,10.0000,2.30,ml,,,,,,th_13187_202503301626,2025-03-30T16:26:31.000Z,"Kyauktaga Auk, Kayin State, Myanmar (Burma)",Myanmar,MM,Asia,earthquake,1743354700,1743351991,0,,"19.31,96.52",2025-03-30 16:26:31,2025-03-30 22:56:31
26.5200000,96.5700000,105.0000,3.60,ml,,,,,,in_NmJ0NU9JbUtqTncyekdjTWx4NmVXUT09,2025-03-30T16:21:45.000Z,"Shin Lon Ga, Kachin, Myanmar (Burma)",Myanmar,MM,Asia,earthquake,1743351470,1743350587,0,,"26.52,96.57",2025-03-30 16:03:07,2025-03-30 22:33:07
20.9680000,96.3680000,10.0000,3.20,ml,,,,,,th_13183_202503301525,2025-03-30T15:25:32.000Z,"Patchaung, Shan, Myanmar (Burma)",Myanmar,MM,Asia,earthquake,1743348959,1743348332,0,,"20.97,96.37",2025-03-30 15:25:32,2025-03-30 21:55:32
18.5550000,96.5270000,10.0000,3.80,ml,,,,,,th_13181_202503301430,2025-03-30T15:07:47.000Z,"Oakphyat, Bago Region, Myanmar (Burma)",Myanmar,MM,Asia,earthquake,1743345607,1743345029,0,,"18.56,96.53",2025-03-30 14:30:29,2025-03-30 21:00:29
16.4710000,97.7690000,2.0000,2.30,ml,,,,,,th_13179_202503301359,2025-03-30T13:59:48.000Z,"Kaw Bwee, Mon State, Myanmar (Burma)",Myanmar,MM,Asia,earthquake,1743344230,1743343188,0,,"16.47,97.77",2025-03-30 13:59:48,2025-03-30 20:29:48
19.2710000,96.3890000,10.0000,2.90,ml,,,,,,th_13177_202503301326,2025-03-30T13:26:43.000Z,"Sibaing, Bago Region, Myanmar (Burma)",Myanmar,MM,Asia,earthquake,1743342080,1743341203,0,,"19.27,96.39",2025-03-30 13:26:43,2025-03-30 19:56:43
20.0770000,97.9880000,4.0000,2.50,ml,,,,,,th_13175_202503301317,2025-03-30T13:17:14.000Z,"Wan Konlang, Shan, Myanmar (Burma)",Myanmar,MM,Asia,earthquake,1743341445,1743340634,0,,"20.08,97.99",2025-03-30 13:17:14,2025-03-30 19:47:14
21.9020000,96.0800000,10.0000,4.10,ml,,,,,,ems_202503_1788859,2025-03-30T13:35:53.000Z,"Mandalay, Mandalay Region, Myanmar (Burma)",Myanmar,MM,Asia,earthquake,1743421942,1743340107,0,,"21.90,96.08",2025-03-30 13:08:27,2025-03-30 19:38:27
21.7820000,96.6950000,10.0000,3.40,ml,,,,,,th_13172_202503301227,2025-03-30T12:27:01.000Z,"Kontha, Mandalay Region, Myanmar (Burma)",Myanmar,MM,Asia,earthquake,1743338557,1743337621,0,,"21.78,96.70",2025-03-30 12:27:01,2025-03-30 18:57:01
20.2320000,98.4180000,5.0000,3.10,ml,,,,,,th_13167_202503301032,2025-03-30T10:32:44.000Z,"Mong Pan, Shan, Myanmar (Burma)",Myanmar,MM,Asia,earthquake,1743331065,1743330764,0,,"20.23,98.42",2025-03-30 10:32:44,2025-03-30 17:02:44
19.9240000,96.3610000,10.0000,3.10,ml,,,,,,th_13166_202503301011,2025-03-30T10:11:03.000Z,"Yebyaungbyan, Naypyidaw Union Territory, Myanmar (Burma)",Myanmar,MM,Asia,earthquake,1743329807,1743329463,0,,"19.92,96.36",2025-03-30 10:11:03,2025-03-30 16:41:03
21.9520000,96.6230000,10.0000,3.50,ml,,,,,,th_13165_202503301000,2025-03-30T10:00:25.000Z,"Thinkadon, Mandalay Region, Myanmar (Burma)",Myanmar,MM,Asia,earthquake,1743329385,1743328825,0,,"21.95,96.62",2025-03-30 10:00:25,2025-03-30 16:30:25
19.1770000,96.6210000,10.0000,3.40,ml,,,,,,th_13162_202503300925,2025-03-30T09:25:31.000Z,"Alegyaung Auk, Kayin State, Myanmar (Burma)",Myanmar,MM,Asia,earthquake,1743327099,1743326731,0,,"19.18,96.62",2025-03-30 09:25:31,2025-03-30 15:55:31
19.7300000,97.9530000,5.0000,2.10,ml,,,,,,th_13163_202503300900,2025-03-30T09:00:59.000Z,"Homein, Shan, Myanmar (Burma)",Myanmar,MM,Asia,earthquake,1743327156,1743325259,0,,"19.73,97.95",2025-03-30 09:00:59,2025-03-30 15:30:59
22.4993000,95.9447000,10.0000,4.30,mb,,,,,,in_KzllWXZId010S2NMS2VaeFNhWXArdz09,2025-03-31T06:40:30.000Z,"Letpanhla, Mandalay Region, Myanmar (Burma)",Myanmar,MM,Asia,earthquake,1743324617,1743323877,1,,"22.41,95.88",2025-03-30 08:37:57,2025-03-30 15:07:57
20.1740000,97.9140000,2.0000,2.20,ml,,,,,,th_13159_202503300813,2025-03-30T08:13:43.000Z,"Wan Hat, Shan, Myanmar (Burma)",Myanmar,MM,Asia,earthquake,1743322844,1743322423,0,,"20.17,97.91",2025-03-30 08:13:43,2025-03-30 14:43:43
20.0980000,98.4830000,2.0000,2.10,ml,,,,,,th_13158_202503300811,2025-03-30T08:11:11.000Z,"Ta Hpa-leng, Shan, Myanmar (Burma)",Myanmar,MM,Asia,earthquake,1743322664,1743322271,0,,"20.10,98.48",2025-03-30 08:11:11,2025-03-30 14:41:11
20.1080000,98.5350000,10.0000,2.80,ml,,,,,,th_13157_202503300806,2025-03-30T08:06:22.000Z,"Ta Hpa-leng, Shan, Myanmar (Burma)",Myanmar,MM,Asia,earthquake,1743322354,1743321982,0,,"20.11,98.54",2025-03-30 08:06:22,2025-03-30 14:36:22
20.6270000,96.2420000,9.0000,3.90,ml,,,,,,th_13156_202503300722,2025-03-30T07:22:20.000Z,"Shwe Nyaung, Mandalay Region, Myanmar (Burma)",Myanmar,MM,Asia,earthquake,1743320669,1743319340,0,,"20.63,96.24",2025-03-30 07:22:20,2025-03-30 13:52:20
22.1993000,95.9393000,10.0000,5.10,mb,65,69,4.578,0.64,us,in_eXpPQWRWcHlCYUF5NjgwWCtQbGY0dz09,2025-03-31T01:52:31.274Z,"Mandalay, Burma (Myanmar)","28km NNW of Mandalay, Burma (Myanmar)",MM,Asia,earthquake,1743319022,1743318481,1,,"22.14,95.88",2025-03-30 07:08:01,2025-03-30 13:38:01
18.0210000,97.5800000,2.0000,2.40,ml,,,,,,th_13154_202503300645,2025-03-30T06:45:02.000Z,"Bwado, Kayin State, Myanmar (Burma)",Myanmar,MM,Asia,earthquake,1743317315,1743317102,0,,"18.02,97.58",2025-03-30 06:45:02,2025-03-30 13:15:02
19.0220000,96.3500000,10.0000,2.90,ml,,,,,,th_13153_202503300641,2025-03-30T06:41:42.000Z,"Kaytumati, Bago Region, Myanmar (Burma)",Myanmar,MM,Asia,earthquake,1743317169,1743316902,0,,"19.02,96.35",2025-03-30 06:41:42,2025-03-30 13:11:42
18.5990000,96.5710000,10.0000,3.20,ml,,,,,,th_13151_202503300601,2025-03-30T06:01:27.000Z,"Oakphyat, Bago Region, Myanmar (Burma)",Myanmar,MM,Asia,earthquake,1743314933,1743314487,0,,"18.60,96.57",2025-03-30 06:01:27,2025-03-30 12:31:27
18.6190000,96.4920000,10.0000,2.50,ml,,,,,,th_13149_202503300548,2025-03-30T05:48:33.000Z,Htantabin Township,Myanmar,MM,Asia,earthquake,1743314550,1743313713,0,,"18.62,96.49",2025-03-30 05:48:33,2025-03-30 12:18:33
19.3590000,96.2340000,10.0000,2.80,ml,,,,,,th_13146_202503300518,2025-03-30T05:18:49.000Z,"Myohla, Bago Region, Myanmar (Burma)",Myanmar,MM,Asia,earthquake,1743312778,1743311929,0,,"19.36,96.23",2025-03-30 05:18:49,2025-03-30 11:48:49
19.9950000,97.4060000,10.0000,2.30,ml,,,,,,th_13148_202503300512,2025-03-30T05:12:36.000Z,"Mak, Shan, Myanmar (Burma)",Myanmar,MM,Asia,earthquake,1743313147,1743311556,0,,"20.00,97.41",2025-03-30 05:12:36,2025-03-30 11:42:36
18.7820000,96.5150000,10.0000,3.60,ml,,,,,,th_13145_202503300508,2025-03-30T05:08:00.000Z,"Bomari, Bago Region, Myanmar (Burma)",Myanmar,MM,Asia,earthquake,1743311533,1743311280,0,,"18.78,96.52",2025-03-30 05:08:00,2025-03-30 11:38:00
19.6420000,96.4680000,10.0000,2.80,ml,,,,,,th_13144_202503300449,2025-03-30T04:49:40.000Z,,Myanmar,MM,Asia,earthquake,1743311056,1743310180,0,,"19.64,96.47",2025-03-30 04:49:40,2025-03-30 11:19:40
20.0160000,96.2560000,10.0000,3.20,ml,,,,,,th_13143_202503300416,2025-03-30T04:16:21.000Z,"Setkon, Naypyidaw Union Territory, Myanmar (Burma)",Myanmar,MM,Asia,earthquake,1743309435,1743308181,0,,"20.02,96.26",2025-03-30 04:16:21,2025-03-30 10:46:21
21.0210000,96.1760000,10.0000,3.60,ml,,,,,,th_13142_202503300401,2025-03-30T04:01:10.000Z,"Alegan, Mandalay Region, Myanmar (Burma)",Myanmar,MM,Asia,earthquake,1743308260,1743307270,0,,"21.02,96.18",2025-03-30 04:01:10,2025-03-30 10:31:10
20.3370000,97.5400000,10.0000,2.50,ml,,,,,,th_13139_202503300347,2025-03-30T03:47:14.000Z,"Hpa-san, Shan, Myanmar (Burma)",Myanmar,MM,Asia,earthquake,1743307001,1743306434,0,,"20.34,97.54",2025-03-30 03:47:14,2025-03-30 10:17:14
18.6760000,96.5630000,10.0000,3.00,ml,,,,,,th_13133_202503300226,2025-03-30T02:26:24.000Z,"Zayatkyi, Bago Region, Myanmar (Burma)",Myanmar,MM,Asia,earthquake,1743301862,1743301584,0,,"18.68,96.56",2025-03-30 02:26:24,2025-03-30 08:56:24
20.2280000,98.3260000,3.0000,3.00,ml,,,,,,th_13131_202503300153,2025-03-30T01:53:32.000Z,"Wan Kyawng, Shan, Myanmar (Burma)",Myanmar,MM,Asia,earthquake,1743300020,1743299612,0,,"20.23,98.33",2025-03-30 01:53:32,2025-03-30 08:23:32
21.6380000,96.4590000,10.0000,3.80,ml,,,,,,th_13130_202503300150,2025-03-30T01:50:12.000Z,,Myanmar,MM,Asia,earthquake,1743299971,1743299412,0,,"21.64,96.46",2025-03-30 01:50:12,2025-03-30 08:20:12
19.0630000,96.3230000,10.0000,3.70,ml,,,,,,th_13129_202503300119,2025-03-30T01:19:46.000Z,"Kyun Kone, Bago Region, Myanmar (Burma)",Myanmar,MM,Asia,earthquake,1743298435,1743297586,0,,"19.06,96.32",2025-03-30 01:19:46,2025-03-30 07:49:46
21.4000000,95.6100000,10.0000,3.80,ml,,,,,,in_akQzMUJvMXVwR3dHZFI1WjE1UjM1dz09,2025-03-30T00:58:42.000Z,"Natogyi, Mandalay Region, Myanmar (Burma)",Myanmar,MM,Asia,earthquake,1743310182,1743296322,0,,"21.40,95.61",2025-03-30 00:58:42,2025-03-30 07:28:42
21.3930000,96.3990000,10.0000,3.70,ml,,,,,,th_13126_202503300027,2025-03-30T00:27:24.000Z,"Myogyi, Shan, Myanmar (Burma)",Myanmar,MM,Asia,earthquake,1743296481,1743294444,0,,"21.39,96.40",2025-03-30 00:27:24,2025-03-30 06:57:24
20.5600000,96.8900000,20.0000,3.90,ml,,,,,,in_T2FXK2djais4QklyWUlZWWlLOFNTZz09,2025-03-30T00:08:34.000Z,"Myayni Gone, Shan, Myanmar (Burma)",Myanmar,MM,Asia,earthquake,1743294267,1743293314,0,,"20.56,96.89",2025-03-30 00:08:34,2025-03-30 06:38:34
19.6500000,96.4210000,7.0000,3.40,ml,,,,,,th_13124_202503292352,2025-03-29T23:52:29.000Z,"Mayandaung Atet, Naypyidaw Union Territory, Myanmar (Burma)",Myanmar,MM,Asia,earthquake,1743293137,1743292349,0,,"19.65,96.42",2025-03-29 23:52:29,2025-03-30 06:22:29
19.8010000,96.3300000,10.0000,3.20,ml,,,,,,th_13123_202503292348,2025-03-29T23:48:41.000Z,"Yezin, Naypyidaw Union Territory, Myanmar (Burma)",Myanmar,MM,Asia,earthquake,1743292774,1743292121,0,,"19.80,96.33",2025-03-29 23:48:41,2025-03-30 06:18:41
22.5390000,96.1030000,10.0000,3.90,ml,,,,,,in_WHEyWEpWRkFFZFhRc29lOGt4SnJldz09,2025-03-30T09:01:31.000Z,"Letpanhla, Mandalay Region, Myanmar (Burma)",Myanmar,MM,Asia,earthquake,1743291345,1743290855,0,,"22.40,95.91",2025-03-29 23:27:35,2025-03-30 05:57:35
21.6470000,96.3880000,10.0000,3.60,ml,,,,,,th_13121_202503292311,2025-03-29T23:11:03.000Z,"Gwebin, Mandalay Region, Myanmar (Burma)",Myanmar,MM,Asia,earthquake,1743290590,1743289863,0,,"21.65,96.39",2025-03-29 23:11:03,2025-03-30 05:41:03
18.6860000,96.5420000,10.0000,3.60,ml,,,,,,th_13120_202503292231,2025-03-29T22:31:02.000Z,"Zayatkyi, Bago Region, Myanmar (Burma)",Myanmar,MM,Asia,earthquake,1743287887,1743287462,0,,"18.69,96.54",2025-03-29 22:31:02,2025-03-30 05:01:02
22.8900000,95.5400000,10.0000,3.50,ml,,,,,,in_MEJKT3pGMU9CWEo3eUFnZzVxWElJZz09,2025-03-29T21:50:32.000Z,"Aingbyaunggyaung, Sagaing Region, Myanmar (Burma)",Myanmar,MM,Asia,earthquake,1743285809,1743285032,0,,"22.89,95.54",2025-03-29 21:50:32,2025-03-30 04:20:32
20.0620000,97.9200000,2.0000,2.20,ml,,,,,,th_13119_202503292128,2025-03-29T21:28:58.000Z,"Wan Kongpao, Shan, Myanmar (Burma)",Myanmar,MM,Asia,earthquake,1743285021,1743283738,0,,"20.06,97.92",2025-03-29 21:28:58,2025-03-30 03:58:58
22.6800000,95.9700000,10.0000,3.40,ml,,,,,,in_KzRkOHR4dTdHK2YrVUxaaXYxc0JOUT09,2025-03-29T21:09:54.000Z,,Myanmar,MM,Asia,earthquake,1743310082,1743282594,0,,"22.68,95.97",2025-03-29 21:09:54,2025-03-30 03:39:54
18.4980000,96.4800000,14.0000,2.90,ml,,,,,,th_13117_202503292103,2025-03-29T21:03:35.000Z,"Phyu, Bago Region, Myanmar (Burma)",Myanmar,MM,Asia,earthquake,1743283663,1743282215,0,,"18.50,96.48",2025-03-29 21:03:35,2025-03-30 03:33:35
21.7770000,96.4030000,10.0000,3.70,ml,,,,,,th_13115_202503292048,2025-03-29T20:48:58.000Z,"Shwegyaung, Mandalay Region, Myanmar (Burma)",Myanmar,MM,Asia,earthquake,1743282621,1743281338,0,,"21.78,96.40",2025-03-29 20:48:58,2025-03-30 03:18:58
19.6910000,96.4800000,10.0000,2.80,ml,,,,,,th_13114_202503292025,2025-03-29T20:25:35.000Z,"Koywa, Naypyidaw Union Territory, Myanmar (Burma)",Myanmar,MM,Asia,earthquake,1743280781,1743279935,0,,"19.69,96.48",2025-03-29 20:25:35,2025-03-30 02:55:35
19.1910000,96.5190000,10.0000,3.00,ml,,,,,,th_13112_202503292007,2025-03-29T20:08:52.000Z,"Karenchaung, Bago Region, Myanmar (Burma)",Myanmar,MM,Asia,earthquake,1743279293,1743278932,0,,"19.37,98.51",2025-03-29 20:08:52,2025-03-30 02:38:52
19.2830000,96.5330000,10.0000,3.10,ml,,,,,,th_13111_202503292004,2025-03-29T20:04:38.000Z,"Pebo, Kayin State, Myanmar (Burma)",Myanmar,MM,Asia,earthquake,1743279101,1743278678,1,,"19.28,96.53",2025-03-29 20:04:38,2025-03-30 02:34:38
19.8220000,97.7600000,11.0000,2.30,ml,,,,,,th_13110_202503291944,2025-03-29T19:44:51.000Z,"Ta-hsopteng, Shan, Myanmar (Burma)",Myanmar,MM,Asia,earthquake,1743278560,1743277491,0,,"19.82,97.76",2025-03-29 19:44:51,2025-03-30 02:14:51
19.4570000,97.4490000,10.0000,3.60,ml,,,,,,th_13109_202503291930,2025-03-29T19:42:44.000Z,"Dawhkaw-aw, Kayah State, Myanmar (Burma)",Myanmar,MM,Asia,earthquake,1743277259,1743276650,0,,"19.46,97.45",2025-03-29 19:30:50,2025-03-30 02:00:50
18.6580000,96.5670000,9.0000,2.80,ml,,,,,,th_13108_202503291909,2025-03-29T19:09:14.000Z,"Zayatkyi, Bago Region, Myanmar (Burma)",Myanmar,MM,Asia,earthquake,1743276114,1743275354,0,,"18.66,96.57",2025-03-29 19:09:14,2025-03-30 01:39:14
18.6220000,96.4380000,10.0000,2.70,ml,,,,,,th_13107_202503291905,2025-03-29T19:05:44.000Z,Oktwin Township,Myanmar,MM,Asia,earthquake,1743275620,1743275144,0,,"18.62,96.44",2025-03-29 19:05:44,2025-03-30 01:35:44
20.3600000,96.6710000,19.0000,3.30,ml,,,,,,th_13105_202503291804,2025-03-29T18:04:21.000Z,"Bampin, Shan, Myanmar (Burma)",Myanmar,MM,Asia,earthquake,1743272106,1743271461,0,,"20.36,96.67",2025-03-29 18:04:21,2025-03-30 00:34:21
18.7140000,96.5070000,16.0000,3.30,ml,,,,,,th_13103_202503291711,2025-03-29T17:11:35.000Z,,Myanmar,MM,Asia,earthquake,1743269283,1743268295,0,,"18.71,96.51",2025-03-29 17:11:35,2025-03-29 23:41:35
19.0390000,96.4590000,10.0000,2.80,ml,,,,,,th_13102_202503291702,2025-03-29T17:02:28.000Z,"Kaytumati, Bago Region, Myanmar (Burma)",Myanmar,MM,Asia,earthquake,1743268816,1743267748,0,,"19.04,96.46",2025-03-29 17:02:28,2025-03-29 23:32:28
18.7490000,96.4700000,10.0000,3.30,ml,,,,,,th_13099_202503291700,2025-03-29T17:00:59.000Z,,Myanmar,MM,Asia,earthquake,1743268100,1743267659,0,,"18.75,96.47",2025-03-29 17:00:59,2025-03-29 23:30:59
21.1100000,95.9300000,10.0000,3.80,ml,,,,,,in_RTRxME5EL1VSTlRhR3FHd3hIQXVpdz09,2025-03-29T16:54:41.000Z,"Paukkan, Mandalay Region, Myanmar (Burma)",Myanmar,MM,Asia,earthquake,1743267980,1743267281,0,,"21.11,95.93",2025-03-29 16:54:41,2025-03-29 23:24:41
20.0480000,96.3210000,10.0000,3.60,ml,,,,,,th_13096_202503291632,2025-03-29T16:32:50.000Z,"Kintha, Naypyidaw Union Territory, Myanmar (Burma)",Myanmar,MM,Asia,earthquake,1743266334,1743265970,0,,"20.05,96.32",2025-03-29 16:32:50,2025-03-29 23:02:50
21.6900000,96.1710000,8.0000,3.30,ml,,,,,,th_13095_202503291621,2025-03-29T16:21:46.000Z,"Bellin, Mandalay Region, Myanmar (Burma)",Myanmar,MM,Asia,earthquake,1743265714,1743265306,0,,"21.69,96.17",2025-03-29 16:21:46,2025-03-29 22:51:46
21.8300000,96.0110000,10.0000,3.70,ml,,,,,,th_13094_202503291613,2025-03-29T16:13:16.000Z,"Ye Lun Kyaw, Mandalay Region, Myanmar (Burma)",Myanmar,MM,Asia,earthquake,1743265208,1743264796,0,,"21.83,96.01",2025-03-29 16:13:16,2025-03-29 22:43:16
17.3560000,97.6730000,5.0000,3.40,ml,,,,,,th_13093_202503291528,2025-03-29T15:28:37.000Z,"Myaing Gyi Ngu, Kayin State, Myanmar (Burma)",Myanmar,MM,Asia,earthquake,1743262510,1743262117,0,,"17.36,97.67",2025-03-29 15:28:37,2025-03-29 21:58:37
19.8030000,96.3070000,10.0000,2.50,ml,,,,,,th_13092_202503291522,2025-03-29T15:22:11.000Z,"Yezin, Naypyidaw Union Territory, Myanmar (Burma)",Myanmar,MM,Asia,earthquake,1743262177,1743261731,0,,"19.80,96.31",2025-03-29 15:22:11,2025-03-29 21:52:11
19.0420000,96.3180000,11.0000,2.50,ml,,,,,,th_13091_202503291519,2025-03-29T15:19:18.000Z,"Kyun Kone, Bago Region, Myanmar (Burma)",Myanmar,MM,Asia,earthquake,1743261833,1743261558,0,,"19.04,96.32",2025-03-29 15:19:18,2025-03-29 21:49:18
19.2900000,96.3470000,21.0000,2.60,ml,,,,,,th_13090_202503291459,2025-03-29T14:59:23.000Z,"Sibaing, Bago Region, Myanmar (Burma)",Myanmar,MM,Asia,earthquake,1743260857,1743260363,0,,"19.29,96.35",2025-03-29 14:59:23,2025-03-29 21:29:23
21.9010000,96.3670000,2.0000,3.50,ml,,,,,,th_13089_202503291448,2025-03-29T14:48:40.000Z,"Yatanarpon Cyber City, Mandalay Region, Myanmar (Burma)",Myanmar,MM,Asia,earthquake,1743260044,1743259720,0,,"21.90,96.37",2025-03-29 14:48:40,2025-03-29 21:18:40
18.1820000,96.6190000,19.0000,2.90,ml,,,,,,th_13088_202503291444,2025-03-29T14:44:31.000Z,"Kyauktaga, Bago Region, Myanmar (Burma)",Myanmar,MM,Asia,earthquake,1743259931,1743259471,0,,"18.18,96.62",2025-03-29 14:44:31,2025-03-29 21:14:31
20.8300000,96.2080000,10.0000,3.20,ml,,,,,,th_13087_202503291427,2025-03-29T14:27:39.000Z,"Hlaingdet, Mandalay Region, Myanmar (Burma)",Myanmar,MM,Asia,earthquake,1743259289,1743258459,0,,"20.83,96.21",2025-03-29 14:27:39,2025-03-29 20:57:39
19.7070000,97.8020000,10.0000,1.80,ml,,,,,,th_13086_202503291427,2025-03-29T14:27:04.000Z,"Kiu-neng, Shan, Myanmar (Burma)",Myanmar,MM,Asia,earthquake,1743259086,1743258424,0,,"19.71,97.80",2025-03-29 14:27:04,2025-03-29 20:57:04
19.5950000,96.3960000,10.0000,2.60,ml,,,,,,th_13085_202503291411,2025-03-29T14:11:45.000Z,"Seikuhudaung, Naypyidaw Union Territory, Myanmar (Burma)",Myanmar,MM,Asia,earthquake,1743258442,1743257505,0,,"19.60,96.40",2025-03-29 14:11:45,2025-03-29 20:41:45
19.0980000,96.4900000,10.0000,3.00,ml,,,,,,th_13084_202503291347,2025-03-29T13:47:26.000Z,"Kanbin, Bago Region, Myanmar (Burma)",Myanmar,MM,Asia,earthquake,1743256652,1743256046,0,,"19.10,96.49",2025-03-29 13:47:26,2025-03-29 20:17:26
21.2500000,95.7900000,10.0000,3.70,ml,,,,,,in_V0dUNUxKQzFFa2sxRVFjRFFoNm5DQT09,2025-03-29T13:32:38.000Z,"Aungtha North, Mandalay Region, Myanmar (Burma)",Myanmar,MM,Asia,earthquake,1743256403,1743255158,0,,"21.25,95.79",2025-03-29 13:32:38,2025-03-29 20:02:38
18.8790000,96.4630000,10.0000,2.70,ml,,,,,,th_13082_202503291328,2025-03-29T13:28:51.000Z,"Taungoo, Bago Region, Myanmar (Burma)",Myanmar,MM,Asia,earthquake,1743255563,1743254931,0,,"18.88,96.46",2025-03-29 13:28:51,2025-03-29 19:58:51
19.6430000,97.8190000,1.0000,1.90,ml,,,,,,th_13081_202503291325,2025-03-29T13:25:52.000Z,"Daw Pawtu, Kayah State, Myanmar (Burma)",Myanmar,MM,Asia,earthquake,1743254995,1743254752,0,,"19.64,97.82",2025-03-29 13:25:52,2025-03-29 19:55:52
18.1100000,96.6370000,10.0000,2.70,ml,,,,,,th_13080_202503291256,2025-03-29T12:56:05.000Z,"Babugon, Bago Region, Myanmar (Burma)",Myanmar,MM,Asia,earthquake,1743253437,1743252965,0,,"18.11,96.64",2025-03-29 12:56:05,2025-03-29 19:26:05
19.9970000,98.3330000,10.0000,1.90,ml,,,,,,th_13079_202503291248,2025-03-29T12:48:43.000Z,"Wan Umlong, Shan, Myanmar (Burma)",Myanmar,MM,Asia,earthquake,1743253120,1743252523,0,,"20.00,98.33",2025-03-29 12:48:43,2025-03-29 19:18:43
18.8280000,96.5120000,10.0000,2.60,ml,,,,,,th_13076_202503291226,2025-03-29T12:26:47.000Z,"Tabye, Bago Region, Myanmar (Burma)",Myanmar,MM,Asia,earthquake,1743251845,1743251207,0,,"18.83,96.51",2025-03-29 12:26:47,2025-03-29 18:56:47
19.2410000,96.6950000,10.0000,2.40,ml,,,,,,th_13075_202503291222,2025-03-29T12:22:18.000Z,"Dedako, Kayin State, Myanmar (Burma)",Myanmar,MM,Asia,earthquake,1743251804,1743250938,0,,"19.24,96.70",2025-03-29 12:22:18,2025-03-29 18:52:18
19.2000000,96.3950000,10.0000,2.70,ml,,,,,,th_13074_202503291145,2025-03-29T11:45:52.000Z,"Hnawpin, Bago Region, Myanmar (Burma)",Myanmar,MM,Asia,earthquake,1743249496,1743248752,0,,"19.20,96.40",2025-03-29 11:45:52,2025-03-29 18:15:52
20.1320000,96.2430000,10.0000,3.50,ml,,,,,,th_13073_202503291141,2025-03-29T11:41:32.000Z,"Tatkon, Naypyidaw Union Territory, Myanmar (Burma)",Myanmar,MM,Asia,earthquake,1743248992,1743248492,0,,"20.13,96.24",2025-03-29 11:41:32,2025-03-29 18:11:32
21.6830000,96.4040000,10.0000,3.90,ml,,,,,,th_13072_202503291138,2025-03-29T11:38:31.000Z,"Gwebin, Mandalay Region, Myanmar (Burma)",Myanmar,MM,Asia,earthquake,1743248847,1743248311,0,,"21.68,96.40",2025-03-29 11:38:31,2025-03-29 18:08:31
18.9530000,96.5120000,10.0000,2.40,ml,,,,,,th_13071_202503291117,2025-03-29T11:17:48.000Z,"Taungoo, Bago Region, Myanmar (Burma)",Myanmar,MM,Asia,earthquake,1743247839,1743247068,0,,"18.95,96.51",2025-03-29 11:17:48,2025-03-29 17:47:48
19.8420000,96.3650000,10.0000,3.10,ml,,,,,,th_13070_202503291046,2025-03-29T10:46:24.000Z,"Yezin, Naypyidaw Union Territory, Myanmar (Burma)",Myanmar,MM,Asia,earthquake,1743245533,1743245184,0,,"19.84,96.37",2025-03-29 10:46:24,2025-03-29 17:16:24
19.0960000,96.5170000,10.0000,3.00,ml,,,,,,th_13069_202503291041,2025-03-29T10:41:36.000Z,"Thandaung, Kayin State, Myanmar (Burma)",Myanmar,MM,Asia,earthquake,1743245234,1743244896,0,,"19.10,96.52",2025-03-29 10:41:36,2025-03-29 17:11:36
19.0790000,96.5880000,10.0000,3.40,ml,,,,,,th_13067_202503291012,2025-03-29T10:12:01.000Z,"Thandaung, Kayin State, Myanmar (Burma)",Myanmar,MM,Asia,earthquake,1743243554,1743243121,0,,"19.08,96.59",2025-03-29 10:12:01,2025-03-29 16:42:01
18.8690000,96.4820000,10.0000,3.20,ml,,,,,,th_13066_202503291001,2025-03-29T10:01:32.000Z,"Htantabin, Bago Region, Myanmar (Burma)",Myanmar,MM,Asia,earthquake,1743242917,1743242492,0,,"18.87,96.48",2025-03-29 10:01:32,2025-03-29 16:31:32
19.0230000,97.4560000,1.0000,2.30,ml,,,,,,th_13065_202503290958,2025-03-29T09:58:32.000Z,"Ho-hwè-ko-sa-pa, Kayah State, Myanmar (Burma)",Myanmar,MM,Asia,earthquake,1743242556,1743242312,0,,"19.02,97.46",2025-03-29 09:58:32,2025-03-29 16:28:32
19.6791000,96.0858000,2.9000,5.10,mb,,,,,,ems_202503_1788311,2025-03-29T18:27:09.000Z,"Dekkhina Thiri, Naypyidaw Union Territory, Myanmar (Burma)",Myanmar,MM,Asia,earthquake,1743240682,1743240047,0,,"19.65,96.11",2025-03-29 09:20:47,2025-03-29 15:50:47
18.9950000,96.4910000,10.0000,2.80,ml,,,,,,th_13063_202503290914,2025-03-29T09:14:53.000Z,"Taungoo, Bago Region, Myanmar (Burma)",Myanmar,MM,Asia,earthquake,1743240145,1743239693,0,,"19.00,96.49",2025-03-29 09:14:53,2025-03-29 15:44:53
18.7280000,96.5260000,10.0000,2.90,ml,,,,,,th_13062_202503290900,2025-03-29T09:00:27.000Z,"Zayatkyi, Bago Region, Myanmar (Burma)",Myanmar,MM,Asia,earthquake,1743239164,1743238827,0,,"18.73,96.53",2025-03-29 09:00:27,2025-03-29 15:30:27
19.9410000,98.1920000,3.0000,2.20,ml,,,,,,th_13059_202503290805,2025-03-29T08:05:09.000Z,"Wan Hsa-mu, Shan, Myanmar (Burma)",Myanmar,MM,Asia,earthquake,1743236185,1743235509,0,,"19.94,98.19",2025-03-29 08:05:09,2025-03-29 14:35:09
19.6680000,96.3850000,10.0000,3.20,ml,,,,,,th_13058_202503290759,2025-03-29T07:59:55.000Z,"Mayandaung Auk, Naypyidaw Union Territory, Myanmar (Burma)",Myanmar,MM,Asia,earthquake,1743235787,1743235195,0,,"19.67,96.39",2025-03-29 07:59:55,2025-03-29 14:29:55
19.2560000,96.4450000,10.0000,3.00,ml,,,,,,th_13056_202503290723,2025-03-29T07:23:55.000Z,"Hnawpin, Bago Region, Myanmar (Burma)",Myanmar,MM,Asia,earthquake,1743233408,1743233035,0,,"19.26,96.45",2025-03-29 07:23:55,2025-03-29 13:53:55
19.2640000,96.4410000,10.0000,3.50,ml,,,,,,th_13055_202503290702,2025-03-29T07:02:57.000Z,"Sibaing, Bago Region, Myanmar (Burma)",Myanmar,MM,Asia,earthquake,1743232148,1743231777,0,,"19.26,96.44",2025-03-29 07:02:57,2025-03-29 13:32:57
19.1880000,96.5130000,10.0000,3.00,ml,,,,,,th_13054_202503290638,2025-03-29T06:38:50.000Z,"Karenchaung, Bago Region, Myanmar (Burma)",Myanmar,MM,Asia,earthquake,1743231098,1743230330,0,,"19.19,96.51",2025-03-29 06:38:50,2025-03-29 13:08:50
21.1800000,95.8200000,27.0000,4.30,ml,,,,,,in_M2NKMjVJazZWWkF5ZWt2MzRIZ2hxZz09,2025-03-29T06:23:59.000Z,"Pindale, Mandalay Region, Myanmar (Burma)",Myanmar,MM,Asia,earthquake,1743230113,1743229439,0,,"21.18,95.82",2025-03-29 06:23:59,2025-03-29 12:53:59
21.4020000,98.4410000,12.0000,3.00,ml,,,,,,th_13052_202503290556,2025-03-29T05:56:31.000Z,"Hsaihkao, Shan, Myanmar (Burma)",Myanmar,MM,Asia,earthquake,1743228293,1743227791,0,,"21.40,98.44",2025-03-29 05:56:31,2025-03-29 12:26:31
19.2710000,96.3270000,10.0000,3.60,ml,,,,,,th_13050_202503290517,2025-03-29T05:17:16.000Z,Swar Wa Pauk,Myanmar,MM,Asia,earthquake,1743226035,1743225436,0,,"19.27,96.33",2025-03-29 05:17:16,2025-03-29 11:47:16
19.2140000,96.3980000,10.0000,3.10,ml,,,,,,th_13049_202503290503,2025-03-29T05:03:48.000Z,"Hnawpin, Bago Region, Myanmar (Burma)",Myanmar,MM,Asia,earthquake,1743225161,1743224628,0,,"19.21,96.40",2025-03-29 05:03:48,2025-03-29 11:33:48
18.7880000,96.4890000,10.0000,2.90,ml,,,,,,th_13048_202503290441,2025-03-29T04:41:45.000Z,,Myanmar,MM,Asia,earthquake,1743223701,1743223305,0,,"18.79,96.49",2025-03-29 04:41:45,2025-03-29 11:11:45
18.6850000,96.6280000,10.0000,3.50,ml,,,,,,th_13047_202503290426,2025-03-29T04:26:26.000Z,,Myanmar,MM,Asia,earthquake,1743222800,1743222386,0,,"18.69,96.63",2025-03-29 04:26:26,2025-03-29 10:56:26
19.9230000,96.5770000,10.0000,3.30,ml,,,,,,th_13046_202503290348,2025-03-29T03:48:00.000Z,"Thabyegon, Shan, Myanmar (Burma)",Myanmar,MM,Asia,earthquake,1743220510,1743220080,0,,"19.92,96.58",2025-03-29 03:48:00,2025-03-29 10:18:00
19.4170000,96.4120000,10.0000,3.00,ml,,,,,,th_13045_202503290342,2025-03-29T03:42:50.000Z,,Myanmar,MM,Asia,earthquake,1743220321,1743219770,0,,"19.42,96.41",2025-03-29 03:42:50,2025-03-29 10:12:50
18.6960000,96.3000000,10.0000,2.80,ml,,,,,,th_13044_202503290328,2025-03-29T03:28:20.000Z,"Bon Chaung, Bago Region, Myanmar (Burma)",Myanmar,MM,Asia,earthquake,1743219294,1743218900,0,,"18.70,96.30",2025-03-29 03:28:20,2025-03-29 09:58:20
20.1820000,95.7370000,10.0000,3.60,ml,,,,,,th_13043_202503290319,2025-03-29T03:19:16.000Z,"Shwebon, Magway Region, Myanmar (Burma)",Myanmar,MM,Asia,earthquake,1743218898,1743218356,0,,"20.18,95.74",2025-03-29 03:19:16,2025-03-29 09:49:16
19.4040000,96.5600000,10.0000,2.90,ml,,,,,,th_13042_202503290314,2025-03-29T03:14:11.000Z,"Keykadaw, Kayin State, Myanmar (Burma)",Myanmar,MM,Asia,earthquake,1743218359,1743218051,0,,"19.40,96.56",2025-03-29 03:14:11,2025-03-29 09:44:11
19.8670000,96.3410000,10.0000,3.30,ml,,,,,,th_13040_202503290239,2025-03-29T02:39:26.000Z,"Yebyaungbyan, Naypyidaw Union Territory, Myanmar (Burma)",Myanmar,MM,Asia,earthquake,1743216751,1743215966,0,,"19.87,96.34",2025-03-29 02:39:26,2025-03-29 09:09:26
18.7900000,97.4220000,1.0000,2.40,ml,,,,,,th_13039_202503290223,2025-03-29T02:23:36.000Z,"Hwè Papük, Kayah State, Myanmar (Burma)",Myanmar,MM,Asia,earthquake,1743215312,1743215016,0,,"18.79,97.42",2025-03-29 02:23:36,2025-03-29 08:53:36
19.5300000,97.7170000,13.0000,2.70,ml,,,,,,th_13038_202503290208,2025-03-29T02:08:28.000Z,,Myanmar,MM,Asia,earthquake,1743214679,1743214108,0,,"19.53,97.72",2025-03-29 02:08:28,2025-03-29 08:38:28
18.8340000,96.5800000,3.0000,3.10,ml,,,,,,th_13036_202503290153,2025-03-29T01:53:09.000Z,,Myanmar,MM,Asia,earthquake,1743213675,1743213189,0,,"18.83,96.58",2025-03-29 01:53:09,2025-03-29 08:23:09
21.6580000,96.2800000,10.0000,3.70,ml,,,,,,th_13037_202503290146,2025-03-29T01:46:00.000Z,"Kado, Mandalay Region, Myanmar (Burma)",Myanmar,MM,Asia,earthquake,1743213932,1743212760,0,,"21.66,96.28",2025-03-29 01:46:00,2025-03-29 08:16:00
20.1270000,97.7650000,4.0000,3.10,ml,,,,,,th_13034_202503290138,2025-03-29T01:38:37.000Z,"Mawkmai, Shan, Myanmar (Burma)",Myanmar,MM,Asia,earthquake,1743212886,1743212317,0,,"20.13,97.77",2025-03-29 01:38:37,2025-03-29 08:08:37
19.8810000,96.3170000,10.0000,3.00,ml,,,,,,th_13033_202503290132,2025-03-29T01:32:58.000Z,"Shanywa (deserted), Naypyidaw Union Territory, Myanmar (Burma)",Myanmar,MM,Asia,earthquake,1743212349,1743211978,0,,"19.88,96.32",2025-03-29 01:32:58,2025-03-29 08:02:58
20.6430000,95.9880000,10.0000,3.80,ml,,,,,,th_13032_202503290120,2025-03-29T01:20:15.000Z,Pyawbwe Township,Myanmar,MM,Asia,earthquake,1743211646,1743211215,0,,"20.64,95.99",2025-03-29 01:20:15,2025-03-29 07:50:15
18.5470000,96.4270000,10.0000,3.30,ml,,,,,,th_13031_202503290115,2025-03-29T01:15:17.000Z,"Zeyawaddy, Bago Region, Myanmar (Burma)",Myanmar,MM,Asia,earthquake,1743211283,1743210917,0,,"18.55,96.43",2025-03-29 01:15:17,2025-03-29 07:45:17
20.4810000,96.2990000,10.0000,3.80,ml,,,,,,th_13029_202503290041,2025-03-29T00:41:15.000Z,"Nankwe, Mandalay Region, Myanmar (Burma)",Myanmar,MM,Asia,earthquake,1743209568,1743208875,0,,"20.48,96.30",2025-03-29 00:41:15,2025-03-29 07:11:15
18.7000000,96.7040000,2.0000,3.40,ml,,,,,,th_13028_202503290025,2025-03-29T00:25:06.000Z,"Alesengyaung, Kayin State, Myanmar (Burma)",Myanmar,MM,Asia,earthquake,1743208375,1743207906,0,,"18.70,96.70",2025-03-29 00:25:06,2025-03-29 06:55:06
19.4970000,97.5890000,1.0000,2.30,ml,,,,,,th_13027_202503290019,2025-03-29T00:19:04.000Z,"Hsop Mè-la-yu, Kayah State, Myanmar (Burma)",Myanmar,MM,Asia,earthquake,1743207975,1743207544,0,,"19.50,97.59",2025-03-29 00:19:04,2025-03-29 06:49:04
17.9840000,97.5710000,1.0000,3.10,ml,,,,,,th_13026_202503290012,2025-03-29T00:12:17.000Z,Hpapun Township,Myanmar,MM,Asia,earthquake,1743207664,1743207137,0,,"17.98,97.57",2025-03-29 00:12:17,2025-03-29 06:42:17
22.1380000,95.9400000,10.0000,3.60,ml,,,,,,th_13024_202503282359,2025-03-28T23:59:49.000Z,"Tahlaing, Sagaing Region, Myanmar (Burma)",Myanmar,MM,Asia,earthquake,1743206990,1743206389,0,,"22.14,95.94",2025-03-28 23:59:49,2025-03-29 06:29:49
18.3400000,96.4580000,10.0000,3.10,ml,,,,,,th_13017_202503282215,2025-03-28T22:15:02.000Z,"Ka Nyut Kwin, Bago Region, Myanmar (Burma)",Myanmar,MM,Asia,earthquake,1743200611,1743200102,0,,"18.34,96.46",2025-03-28 22:15:02,2025-03-29 04:45:02
21.6610000,96.3750000,10.0000,3.40,ml,,,,,,th_13016_202503282206,2025-03-28T22:06:34.000Z,"Gwebin, Mandalay Region, Myanmar (Burma)",Myanmar,MM,Asia,earthquake,1743200535,1743199594,0,,"21.66,96.38",2025-03-28 22:06:34,2025-03-29 04:36:34
19.3850000,96.6020000,5.0000,2.80,ml,,,,,,th_13013_202503282147,2025-03-28T21:47:35.000Z,"Keykadaw, Kayin State, Myanmar (Burma)",Myanmar,MM,Asia,earthquake,1743199320,1743198455,0,,"19.39,96.60",2025-03-28 21:47:35,2025-03-29 04:17:35
19.9250000,98.0230000,2.0000,2.80,ml,,,,,,th_13011_202503282138,2025-03-28T21:38:59.000Z,"Ta Ho-pong, Shan, Myanmar (Burma)",Myanmar,MM,Asia,earthquake,1743198861,1743197939,0,,"19.93,98.02",2025-03-28 21:38:59,2025-03-29 04:08:59
19.8610000,97.9750000,1.0000,2.40,ml,,,,,,th_13009_202503282134,2025-03-28T21:34:40.000Z,"Pang Tae Waet, Shan, Myanmar (Burma)",Myanmar,MM,Asia,earthquake,1743198207,1743197680,0,,"19.86,97.98",2025-03-28 21:34:40,2025-03-29 04:04:40
19.8150000,98.0250000,1.0000,1.90,ml,,,,,,th_13008_202503282130,2025-03-28T21:30:24.000Z,,Myanmar,MM,Asia,earthquake,1743198119,1743197424,0,,"19.82,98.03",2025-03-28 21:30:24,2025-03-29 04:00:24
19.2090000,96.4250000,10.0000,2.80,ml,,,,,,th_13006_202503282126,2025-03-28T21:26:37.000Z,"Hnawpin, Bago Region, Myanmar (Burma)",Myanmar,MM,Asia,earthquake,1743197652,1743197197,0,,"19.21,96.43",2025-03-28 21:26:37,2025-03-29 03:56:37
20.9760000,96.3360000,10.0000,3.30,ml,,,,,,th_13007_202503282123,2025-03-28T21:23:28.000Z,"Patchaung, Shan, Myanmar (Burma)",Myanmar,MM,Asia,earthquake,1743197739,1743197008,0,,"20.98,96.34",2025-03-28 21:23:28,2025-03-29 03:53:28
19.8390000,98.1140000,1.0000,2.20,ml,,,,,,th_13010_202503282111,2025-03-28T21:11:56.000Z,,Myanmar,MM,Asia,earthquake,1743198331,1743196316,0,,"19.84,98.11",2025-03-28 21:11:56,2025-03-29 03:41:56
19.8990000,98.0110000,10.0000,2.00,ml,,,,,,th_13014_202503282101,2025-03-28T21:01:33.000Z,"Ta Ho-pong, Shan, Myanmar (Burma)",Myanmar,MM,Asia,earthquake,1743199375,1743195693,0,,"19.90,98.01",2025-03-28 21:01:33,2025-03-29 03:31:33
19.7370000,96.2790000,10.0000,2.90,ml,,,,,,th_13002_202503282050,2025-03-28T20:50:24.000Z,"Thegyun, Naypyidaw Union Territory, Myanmar (Burma)",Myanmar,MM,Asia,earthquake,1743195451,1743195024,0,,"19.74,96.28",2025-03-28 20:50:24,2025-03-29 03:20:24
19.2050000,96.2140000,10.0000,2.80,ml,,,,,,th_13003_202503282049,2025-03-28T20:49:12.000Z,"Baungdok, Bago Region, Myanmar (Burma)",Myanmar,MM,Asia,earthquake,1743195731,1743194952,0,,"19.21,96.21",2025-03-28 20:49:12,2025-03-29 03:19:12
18.9430000,96.7830000,10.0000,2.20,ml,,,,,,th_13005_202503282045,2025-03-28T20:45:30.000Z,"ဘောဂလိမြို့, ကရင်ပြည်နယ်, Myanmar (Burma)",Myanmar,MM,Asia,earthquake,1743197078,1743194730,0,,"18.94,96.78",2025-03-28 20:45:30,2025-03-29 03:15:30
18.6100000,96.8050000,10.0000,2.30,ml,,,,,,th_13004_202503282039,2025-03-28T20:39:45.000Z,"Awa-ein, Kayin State, Myanmar (Burma)",Myanmar,MM,Asia,earthquake,1743196755,1743194385,0,,"18.61,96.81",2025-03-28 20:39:45,2025-03-29 03:09:45
21.6000000,94.9500000,10.0000,3.60,ml,,,,,,in_OW90MFY5S3I3VlppdGxUbzBGUE1wUT09,2025-03-28T20:16:44.000Z,"Myaing, Magway Region, Myanmar (Burma)",Myanmar,MM,Asia,earthquake,1743205163,1743193004,0,,"21.60,94.95",2025-03-28 20:16:44,2025-03-29 02:46:44
19.2740000,96.5120000,10.0000,2.70,ml,,,,,,th_12998_202503281953,2025-03-28T19:53:17.000Z,"Pebo, Kayin State, Myanmar (Burma)",Myanmar,MM,Asia,earthquake,1743192837,1743191597,0,,"19.27,96.51",2025-03-28 19:53:17,2025-03-29 02:23:17
15.5460000,98.4140000,1.0000,1.40,ml,,,,,,th_12999_202503281946,2025-03-28T19:46:54.000Z,"Thabyu, Kayin State, Myanmar (Burma)",Myanmar,MM,Asia,earthquake,1743192995,1743191214,0,,"15.55,98.41",2025-03-28 19:46:54,2025-03-29 02:16:54
19.0710000,96.5430000,10.0000,2.60,ml,,,,,,th_12996_202503281924,2025-03-28T19:24:52.000Z,"Thandaung, Kayin State, Myanmar (Burma)",Myanmar,MM,Asia,earthquake,1743190560,1743189892,0,,"19.07,96.54",2025-03-28 19:24:52,2025-03-29 01:54:52
20.1500000,97.9520000,10.0000,1.70,ml,,,,,,th_12994_202503281913,2025-03-28T19:13:29.000Z,"Wan Hwè-ning, Shan, Myanmar (Burma)",Myanmar,MM,Asia,earthquake,1743189958,1743189209,0,,"20.15,97.95",2025-03-28 19:13:29,2025-03-29 01:43:29
22.2430000,96.2040000,10.0000,3.60,ml,,,,,,th_12992_202503281854,2025-03-28T18:54:06.000Z,"Lamaing, Mandalay Region, Myanmar (Burma)",Myanmar,MM,Asia,earthquake,1743188781,1743188046,1,,"22.24,96.20",2025-03-28 18:54:06,2025-03-29 01:24:06
19.8420000,96.2940000,10.0000,3.10,ml,,,,,,th_12991_202503281844,2025-03-28T18:44:33.000Z,"Yezin, Naypyidaw Union Territory, Myanmar (Burma)",Myanmar,MM,Asia,earthquake,1743188217,1743187473,0,,"19.84,96.29",2025-03-28 18:44:33,2025-03-29 01:14:33
19.8530000,97.9770000,1.0000,2.10,ml,,,,,,th_12989_202503281840,2025-03-28T18:40:20.000Z,"Pang Tae Waet, Shan, Myanmar (Burma)",Myanmar,MM,Asia,earthquake,1743187890,1743187220,0,,"19.85,97.98",2025-03-28 18:40:20,2025-03-29 01:10:20
20.1070000,98.0010000,4.0000,2.40,ml,,,,,,th_12988_202503281838,2025-03-28T18:38:08.000Z,"Wan Hwè-ning, Shan, Myanmar (Burma)",Myanmar,MM,Asia,earthquake,1743187770,1743187088,0,,"20.11,98.00",2025-03-28 18:38:08,2025-03-29 01:08:08
22.1500000,95.4100000,10.0000,4.20,ml,,,,,,in_bklJZlg5UjdkVGtGdFE2THJBVWVOUT09,2025-03-28T18:26:29.000Z,"Aungchantha, Sagaing Region, Myanmar (Burma)",Myanmar,MM,Asia,earthquake,1743187298,1743186389,0,,"22.15,95.41",2025-03-28 18:26:29,2025-03-29 00:56:29
19.5710000,97.7170000,3.0000,1.90,ml,,,,,,th_12987_202503281824,2025-03-28T18:24:33.000Z,"Daw Pawtu, Kayah State, Myanmar (Burma)",Myanmar,MM,Asia,earthquake,1743187226,1743186273,0,,"19.57,97.72",2025-03-28 18:24:33,2025-03-29 00:54:33
19.2670000,96.1950000,10.0000,2.60,ml,,,,,,th_12984_202503281821,2025-03-28T18:21:37.000Z,"Yae Pyar Aye, Bago Region, Myanmar (Burma)",Myanmar,MM,Asia,earthquake,1743186586,1743186097,0,,"19.27,96.20",2025-03-28 18:21:37,2025-03-29 00:51:37
19.8940000,98.6510000,3.0000,1.70,ml,,,,,,th_12985_202503281819,2025-03-28T18:19:30.000Z,"Mone Hta, Shan, Myanmar (Burma)",Myanmar,MM,Asia,earthquake,1743186793,1743185970,0,,"19.89,98.65",2025-03-28 18:19:30,2025-03-29 00:49:30
19.2190000,96.3290000,10.0000,3.50,ml,,,,,,th_12983_202503281805,2025-03-28T18:05:58.000Z,"Aunggyantha, Bago Region, Myanmar (Burma)",Myanmar,MM,Asia,earthquake,1743186298,1743185158,0,,"19.22,96.33",2025-03-28 18:05:58,2025-03-29 00:35:58
20.4870000,96.3350000,10.0000,3.40,ml,,,,,,th_12982_202503281803,2025-03-28T18:03:55.000Z,"Nankwe, Mandalay Region, Myanmar (Burma)",Myanmar,MM,Asia,earthquake,1743185969,1743185035,0,,"20.49,96.34",2025-03-28 18:03:55,2025-03-29 00:33:55
20.1380000,98.0640000,1.0000,1.80,ml,,,,,,th_12980_202503281757,2025-03-28T17:57:32.000Z,"Üng-yao, Shan, Myanmar (Burma)",Myanmar,MM,Asia,earthquake,1743185235,1743184652,0,,"20.14,98.06",2025-03-28 17:57:32,2025-03-29 00:27:32
21.8290000,96.4060000,10.0000,3.80,ml,,,,,,th_12979_202503281751,2025-03-28T17:51:30.000Z,"Shwegyaung, Mandalay Region, Myanmar (Burma)",Myanmar,MM,Asia,earthquake,1743185103,1743184290,0,,"21.83,96.41",2025-03-28 17:51:30,2025-03-29 00:21:30
21.7770000,96.2690000,10.0000,3.50,ml,,,,,,th_12977_202503281747,2025-03-28T17:47:02.000Z,"Hngetkyithaik, Mandalay Region, Myanmar (Burma)",Myanmar,MM,Asia,earthquake,1743184561,1743184022,0,,"21.78,96.27",2025-03-28 17:47:02,2025-03-29 00:17:02
18.7420000,97.5330000,1.0000,1.70,ml,,,,,,th_12978_202503281741,2025-03-28T17:41:53.000Z,"Mei Se Nan, Kayah State, Myanmar (Burma)",Myanmar,MM,Asia,earthquake,1743184859,1743183713,0,,"18.74,97.53",2025-03-28 17:41:53,2025-03-29 00:11:53
20.2705000,96.0878000,10.0000,4.50,mb,,,,,,in_eFNtZWd6MHBuUnY4cllxang1UWNWQT09,2025-03-29T07:36:02.000Z,"Letpan, Naypyidaw Union Territory, Myanmar (Burma)",Myanmar,MM,Asia,earthquake,1743180984,1743180380,0,,"20.37,96.34",2025-03-28 16:46:20,2025-03-28 23:16:20
22.8700000,95.3700000,10.0000,3.60,ml,,,,,,in_NFZ0WkdGVmhWU05ad0IySlpYM0dpdz09,2025-03-28T16:19:59.000Z,"ဆိမ့်, စစ်ကိုင်းတိုင်းဒေသကြီး, Myanmar (Burma)",Myanmar,MM,Asia,earthquake,1743179543,1743178799,0,,"22.87,95.37",2025-03-28 16:19:59,2025-03-28 22:49:59
18.0300000,96.6560000,10.0000,3.30,ml,,,,,,th_12965_202503281612,2025-03-28T16:12:13.000Z,"Pein Za Loke, Bago Region, Myanmar (Burma)",Myanmar,MM,Asia,earthquake,1743178964,1743178333,0,,"18.03,96.66",2025-03-28 16:12:13,2025-03-28 22:42:13
19.6330000,97.7610000,1.0000,1.70,ml,,,,,,th_12963_202503281604,2025-03-28T16:04:29.000Z,"Daw Pawtu, Kayah State, Myanmar (Burma)",Myanmar,MM,Asia,earthquake,1743178777,1743177869,0,,"19.63,97.76",2025-03-28 16:04:29,2025-03-28 22:34:29
18.7370000,96.6130000,10.0000,2.80,ml,,,,,,th_12966_202503281559,2025-03-28T15:59:41.000Z,"Alesengyaung, Kayin State, Myanmar (Burma)",Myanmar,MM,Asia,earthquake,1743178971,1743177581,0,,"18.74,96.61",2025-03-28 15:59:41,2025-03-28 22:29:41
18.8230000,96.2770000,10.0000,3.70,ml,,,,,,th_12960_202503281557,2025-03-28T15:57:43.000Z,"Letpangon, Bago Region, Myanmar (Burma)",Myanmar,MM,Asia,earthquake,1743177977,1743177463,0,,"18.82,96.28",2025-03-28 15:57:43,2025-03-28 22:27:43
19.5460000,97.6790000,2.0000,2.40,ml,,,,,,th_12962_202503281555,2025-03-28T15:55:13.000Z,"Mè-hsa-tè, Kayah State, Myanmar (Burma)",Myanmar,MM,Asia,earthquake,1743178779,1743177313,0,,"19.55,97.68",2025-03-28 15:55:13,2025-03-28 22:25:13
21.1630000,96.2260000,10.0000,3.50,ml,,,,,,th_12959_202503281546,2025-03-28T15:46:48.000Z,"Kanzwel, Mandalay Region, Myanmar (Burma)",Myanmar,MM,Asia,earthquake,1743177587,1743176808,0,,"21.16,96.23",2025-03-28 15:46:48,2025-03-28 22:16:48
19.4240000,97.6730000,1.0000,1.80,ml,,,,,,th_12958_202503281541,2025-03-28T15:41:04.000Z,"Hwè-yao, Kayah State, Myanmar (Burma)",Myanmar,MM,Asia,earthquake,1743177139,1743176464,0,,"19.42,97.67",2025-03-28 15:41:04,2025-03-28 22:11:04
19.0120000,96.3140000,10.0000,3.90,ml,,,,,,th_12957_202503281536,2025-03-28T15:36:10.000Z,"Kyun Kone, Bago Region, Myanmar (Burma)",Myanmar,MM,Asia,earthquake,1743176678,1743176170,0,,"19.01,96.31",2025-03-28 15:36:10,2025-03-28 22:06:10
20.4440000,97.3400000,4.0000,2.50,ml,,,,,,th_12956_202503281527,2025-03-28T15:27:46.000Z,"Hsohsa, Shan, Myanmar (Burma)",Myanmar,MM,Asia,earthquake,1743176631,1743175666,0,,"20.44,97.34",2025-03-28 15:27:46,2025-03-28 21:57:46
21.5670000,96.3940000,10.0000,3.60,ml,,,,,,th_12952_202503281517,2025-03-28T15:17:28.000Z,"Chaungzon, Mandalay Region, Myanmar (Burma)",Myanmar,MM,Asia,earthquake,1743175878,1743175048,0,,"21.57,96.39",2025-03-28 15:17:28,2025-03-28 21:47:28
19.8210000,96.2270000,10.0000,3.10,ml,,,,,,th_12955_202503281505,2025-03-28T15:05:00.000Z,"Naypyidaw Union Territory, Myanmar (Burma)",Myanmar,MM,Asia,earthquake,1743176453,1743174300,0,,"19.82,96.23",2025-03-28 15:05:00,2025-03-28 21:35:00
19.7210000,96.4400000,5.0000,2.60,ml,,,,,,th_12951_202503281503,2025-03-28T15:03:11.000Z,"Salu, Naypyidaw Union Territory, Myanmar (Burma)",Myanmar,MM,Asia,earthquake,1743175441,1743174191,0,,"19.72,96.44",2025-03-28 15:03:11,2025-03-28 21:33:11
21.9984000,95.9659000,10.0000,4.20,mb,21,158,4.475,0.82,us,in_ay9oK2VaclJZUE9XQXYwTExzbWowQT09,2025-03-29T21:35:06.040Z,"Mandalay, Burma (Myanmar)","12km WNW of Mandalay, Burma (Myanmar)",MM,Asia,earthquake,1743174190,1743173359,1,,"21.59,94.99",2025-03-28 14:49:19,2025-03-28 21:19:19
20.1130000,98.2550000,2.0000,2.20,ml,,,,,,th_12947_202503281443,2025-03-28T14:43:04.000Z,"Hkonglong, Shan, Myanmar (Burma)",Myanmar,MM,Asia,earthquake,1743173681,1743172984,0,,"20.11,98.26",2025-03-28 14:43:04,2025-03-28 21:13:04
19.8590000,98.0560000,2.0000,2.30,ml,,,,,,th_12946_202503281436,2025-03-28T14:36:53.000Z,"Loikwang, Shan, Myanmar (Burma)",Myanmar,MM,Asia,earthquake,1743173416,1743172613,0,,"19.86,98.06",2025-03-28 14:36:53,2025-03-28 21:06:53
19.0720000,97.4360000,4.0000,2.10,ml,,,,,,th_12945_202503281429,2025-03-28T14:29:48.000Z,"Ho-hwè-ko-sa-pa, Kayah State, Myanmar (Burma)",Myanmar,MM,Asia,earthquake,1743173418,1743172188,0,,"19.07,97.44",2025-03-28 14:29:48,2025-03-28 20:59:48
18.5930000,97.2890000,1.0000,2.40,ml,,,,,,th_12944_202503281424,2025-03-28T14:24:32.000Z,"Dwedo, Kayin State, Myanmar (Burma)",Myanmar,MM,Asia,earthquake,1743172469,1743171872,0,,"18.59,97.29",2025-03-28 14:24:32,2025-03-28 20:54:32
18.6890000,96.6100000,10.0000,2.70,ml,,,,,,th_12942_202503281420,2025-03-28T14:20:17.000Z,"Zayatkyi, Bago Region, Myanmar (Burma)",Myanmar,MM,Asia,earthquake,1743172038,1743171617,0,,"18.69,96.61",2025-03-28 14:20:17,2025-03-28 20:50:17
19.8630000,96.0470000,10.0000,2.80,ml,,,,,,th_12941_202503281411,2025-03-28T14:11:30.000Z,"Kyweshin, Naypyidaw Union Territory, Myanmar (Burma)",Myanmar,MM,Asia,earthquake,1743171769,1743171090,0,,"19.86,96.05",2025-03-28 14:11:30,2025-03-28 20:41:30
18.9430000,96.4910000,10.0000,3.10,ml,,,,,,th_12940_202503281356,2025-03-28T13:56:58.000Z,"Taungoo, Bago Region, Myanmar (Burma)",Myanmar,MM,Asia,earthquake,1743170558,1743170218,0,,"18.94,96.49",2025-03-28 13:56:58,2025-03-28 20:26:58
18.6750000,96.5240000,37.0000,2.60,ml,,,,,,th_12939_202503281349,2025-03-28T13:49:41.000Z,"Zayatkyi, Bago Region, Myanmar (Burma)",Myanmar,MM,Asia,earthquake,1743170253,1743169781,0,,"18.68,96.52",2025-03-28 13:49:41,2025-03-28 20:19:41
19.5140000,96.1380000,10.0000,2.80,ml,,,,,,th_12938_202503281326,2025-03-28T13:26:04.000Z,"Aungtha, Naypyidaw Union Territory, Myanmar (Burma)",Myanmar,MM,Asia,earthquake,1743169640,1743168364,0,,"19.51,96.14",2025-03-28 13:26:04,2025-03-28 19:56:04
21.6400000,96.9310000,10.0000,3.40,ml,,,,,,th_12937_202503281318,2025-03-28T13:18:08.000Z,"ဝဵင်းမႂ်ႇပႃႇတိုင်း, ရှမ်းပြည်နယ်, Myanmar (Burma)",Myanmar,MM,Asia,earthquake,1743169158,1743167888,0,,"21.64,96.93",2025-03-28 13:18:08,2025-03-28 19:48:08
18.6240000,96.9000000,2.0000,2.50,ml,,,,,,th_12935_202503281317,2025-03-28T13:17:16.000Z,"Kanekiywa, Bago Region, Myanmar (Burma)",Myanmar,MM,Asia,earthquake,1743168523,1743167836,0,,"18.62,96.90",2025-03-28 13:17:16,2025-03-28 19:47:16
18.0790000,96.4890000,10.0000,2.70,ml,,,,,,th_12934_202503281311,2025-03-28T13:11:43.000Z,"Myo Chaung, Bago Region, Myanmar (Burma)",Myanmar,MM,Asia,earthquake,1743167977,1743167503,0,,"18.08,96.49",2025-03-28 13:11:43,2025-03-28 19:41:43
21.9000000,94.6700000,10.0000,3.80,ml,,,,,,in_Ni84NVhncXhoTEJQOU1VQ1JvMjk2dz09,2025-03-28T12:52:50.000Z,"Mintainbin, Sagaing Region, Myanmar (Burma)",Myanmar,MM,Asia,earthquake,1743167429,1743166370,0,,"21.90,94.67",2025-03-28 12:52:50,2025-03-28 19:22:50
20.4010000,96.1790000,10.0000,3.80,ml,,,,,,th_12929_202503281236,2025-03-28T12:36:50.000Z,"Yamethin, Mandalay Region, Myanmar (Burma)",Myanmar,MM,Asia,earthquake,1743166285,1743165410,0,,"20.40,96.18",2025-03-28 12:36:50,2025-03-28 19:06:50
22.0108000,95.9699000,10.0000,4.60,mb,73,64,4.477,0.63,us,in_MnVZQ3lIelNhaGFBKzl0a1pUYThuZz09,2025-03-29T16:09:39.040Z,"Mandalay, Burma (Myanmar)","12km WNW of Mandalay, Burma (Myanmar)",MM,Asia,earthquake,1743165363,1743164516,1,,"22.09,95.36",2025-03-28 12:21:56,2025-03-28 18:51:56
19.0740000,96.6890000,1.0000,2.90,ml,,,,,,th_12925_202503281213,2025-03-28T12:13:55.000Z,"Than Daung Gyi, Kayin State, Myanmar (Burma)",Myanmar,MM,Asia,earthquake,1743164811,1743164035,0,,"19.07,96.69",2025-03-28 12:13:55,2025-03-28 18:43:55
18.2770000,97.3910000,1.0000,2.40,ml,,,,,,th_12924_202503281209,2025-03-28T12:09:57.000Z,"Klothuhta Zayat, Kayin State, Myanmar (Burma)",Myanmar,MM,Asia,earthquake,1743164366,1743163797,0,,"18.28,97.39",2025-03-28 12:09:57,2025-03-28 18:39:57
19.7800000,98.4320000,10.0000,2.90,ml,,,,,,th_12921_202503281157,2025-03-28T11:57:53.000Z,"Wan Punglong, Shan, Myanmar (Burma)",Myanmar,MM,Asia,earthquake,1743163697,1743163073,1,,"19.78,98.43",2025-03-28 11:57:53,2025-03-28 18:27:53
22.6214000,95.8636000,18.0000,4.50,mb,,,,,,th_12919_202503281116,2025-03-29T07:34:48.000Z,"Kyauk Myaung, Sagaing Region, Myanmar (Burma)",Myanmar,MM,Asia,earthquake,1743162262,1743160613,0,,"20.12,96.26",2025-03-28 11:16:53,2025-03-28 17:46:53
23.2000000,96.6000000,10.0000,4.00,ml,,,,,,in_KzJuVFFJeENtYmptOWNLSEpoS01Ldz09,2025-03-28T11:16:51.000Z,"Ninhtauk, Shan, Myanmar (Burma)",Myanmar,MM,Asia,earthquake,1743161835,1743160611,0,,"23.20,96.60",2025-03-28 11:16:51,2025-03-28 17:46:51
19.2140000,96.3000000,10.0000,3.30,ml,,,,,,th_12917_202503281110,2025-03-28T11:10:55.000Z,"Baungdok, Bago Region, Myanmar (Burma)",Myanmar,MM,Asia,earthquake,1743160605,1743160255,0,,"19.21,96.30",2025-03-28 11:10:55,2025-03-28 17:40:55
19.8010000,97.9590000,1.0000,2.80,ml,,,,,,th_12915_202503281053,2025-03-28T10:53:25.000Z,"Pang Tae Waet, Shan, Myanmar (Burma)",Myanmar,MM,Asia,earthquake,1743159818,1743159205,0,,"19.80,97.96",2025-03-28 10:53:25,2025-03-28 17:23:25
19.3250000,96.4940000,10.0000,3.00,ml,,,,,,th_12914_202503281050,2025-03-28T10:50:11.000Z,"Kyauktaga Auk, Kayin State, Myanmar (Burma)",Myanmar,MM,Asia,earthquake,1743159484,1743159011,0,,"19.33,96.49",2025-03-28 10:50:11,2025-03-28 17:20:11
19.0480000,96.5410000,10.0000,3.10,ml,,,,,,th_12912_202503281028,2025-03-28T10:28:54.000Z,"Kanbin, Bago Region, Myanmar (Burma)",Myanmar,MM,Asia,earthquake,1743158548,1743157734,0,,"19.05,96.54",2025-03-28 10:28:54,2025-03-28 16:58:54
19.7619000,96.1921000,10.0000,4.50,mb,26,193,2.906,0.63,us,in_UjdhQWNobDZkSVpPK2o3VXhEWWQzdz09,2025-04-01T09:04:38.585Z,"Pyinmana, Burma (Myanmar)","3km NNW of Pyinmana, Burma (Myanmar)",MM,Asia,earthquake,1743157384,1743155736,0,,"19.43,95.47",2025-03-28 09:55:36,2025-03-28 16:25:36
21.6385000,97.7004000,10.0000,4.10,mb,,,,,,ems_202503_1788071,2025-03-28T19:10:56.000Z,"Loiham, Shan, Myanmar (Burma)",Myanmar,MM,Asia,earthquake,1743189076,1743154006,0,,"21.64,97.70",2025-03-28 09:26:46,2025-03-28 15:56:46
23.5224000,95.3699000,10.0000,4.40,ml,,,,,,in_TUQxRXgyMy9LR24rWitTV3dGd3hBUT09,2025-03-28T18:54:41.000Z,"Inma, Sagaing Region, Myanmar (Burma)",Myanmar,MM,Asia,earthquake,1743154191,1743153508,1,,"23.35,95.31",2025-03-28 09:18:28,2025-03-28 15:48:28
19.9250000,96.3770000,10.0000,3.80,ml,,,,,,th_12905_202503280911,2025-03-28T09:11:46.000Z,"Yebyaungbyan, Naypyidaw Union Territory, Myanmar (Burma)",Myanmar,MM,Asia,earthquake,1743153556,1743153106,0,,"19.93,96.38",2025-03-28 09:11:46,2025-03-28 15:41:46
19.0070000,96.5180000,10.0000,3.80,ml,,,,,,th_12903_202503280852,2025-03-28T08:52:00.000Z,"Taungoo, Bago Region, Myanmar (Burma)",Myanmar,MM,Asia,earthquake,1743152540,1743151920,0,,"19.01,96.52",2025-03-28 08:52:00,2025-03-28 15:22:00
19.3660000,96.3890000,10.0000,3.70,ml,,,,,,th_12902_202503280845,2025-03-28T08:45:57.000Z,"Thagaya, Bago Region, Myanmar (Burma)",Myanmar,MM,Asia,earthquake,1743151993,1743151557,0,,"19.37,96.39",2025-03-28 08:45:57,2025-03-28 15:15:57
22.4788000,95.8756000,10.0000,4.50,mb,,,,,,ems_202503_1787836,2025-03-28T10:47:26.000Z,"Gwegon, Sagaing Region, Myanmar (Burma)",Myanmar,MM,Asia,earthquake,1743152596,1743148620,0,,"22.44,96.04",2025-03-28 07:57:00,2025-03-28 14:27:00
18.9670000,96.4160000,10.0000,3.50,ml,,,,,,th_12904_202503280750,2025-03-28T07:50:43.000Z,"Taungoo, Bago Region, Myanmar (Burma)",Myanmar,MM,Asia,earthquake,1743152833,1743148243,0,,"18.97,96.42",2025-03-28 07:50:43,2025-03-28 14:20:43
20.0222000,96.8632000,10.0000,3.90,ml,,,,,,th_12898_202503280742,2025-03-28T18:02:30.000Z,"Kawbyin, Bago Region, Myanmar (Burma)",Myanmar,MM,Asia,earthquake,1743148418,1743147756,1,,"18.55,96.72",2025-03-28 07:42:36,2025-03-28 14:12:36
22.7463000,95.8757000,10.0000,4.60,mb,81,68,4.88,0.71,us,in_Y3JWZ2ZFZGFlZVMySHZRSlNmbE1YUT09,2025-03-28T10:28:27.640Z,"Shwebo, Myanmar",Burma,MM,Asia,earthquake,1743149333,1743147418,1,,"22.55,95.34",2025-03-28 07:36:58,2025-03-28 14:06:58
22.6466000,95.7747000,10.0000,4.40,mb,,,,,,ems_202503_1788043,2025-03-28T17:44:48.000Z,"Shwebo, Sagaing Region, Myanmar (Burma)",Myanmar,MM,Asia,earthquake,1743183902,1743147217,0,,"22.65,95.77",2025-03-28 07:33:37,2025-03-28 14:03:37
22.7236000,95.8606000,10.0000,4.60,mb,42,153,4.881,0.74,us,us7000pnb8,2025-03-28T17:20:20.040Z,"Shwebo, Burma (Myanmar)","23km NE of Shwebo, Burma (Myanmar)",MM,Asia,earthquake,1743149990,1743146867,0,,"22.71,95.85",2025-03-28 07:27:47,2025-03-28 13:57:47
19.3005000,96.2925000,10.0000,4.90,mb,50,101,2.646,0.91,us,us7000pnb6,2025-03-28T16:17:09.695Z,,Burma (Myanmar),MM,Asia,earthquake,1743165914,1743144345,1,,"19.30,96.29",2025-03-28 06:45:45,2025-03-28 13:15:45
21.8980000,95.8365000,10.0000,4.90,mb,,,,,,ems_202503_1787809,2025-03-28T16:12:15.000Z,"Letpanzin, Mandalay Region, Myanmar (Burma)",Myanmar,MM,Asia,earthquake,1743178351,1743144144,0,,"21.90,95.84",2025-03-28 06:42:24,2025-03-28 13:12:24
19.9711000,95.8212000,10.0000,4.80,mb,,,,,,ems_202503_1788015,2025-03-28T16:41:51.000Z,"Kyayebo, Naypyidaw Union Territory, Myanmar (Burma)",Myanmar,MM,Asia,earthquake,1743180134,1743143955,0,,"19.97,95.82",2025-03-28 06:39:15,2025-03-28 13:09:15
21.7073000,95.9692000,10.0000,6.70,mww,106,41,4.273,0.84,us,us7000pn9z,2025-04-02T22:53:05.825Z,"Sagaing, Myanmar",Burma (Myanmar),MM,Asia,earthquake,1743144577,1743143524,0,,"21.71,95.97",2025-03-28 06:32:04,2025-03-28 13:02:04
21.9963000,95.9258000,10.0000,7.70,mww,245,24,3.481,0.9,us,gfz2025gbpv,2025-04-02T21:26:26.980Z,,"2025 Mandalay, Burma (Myanmar) Earthquake",MM,Asia,earthquake,1743143314,1743142852,0,,"22.07,96.12",2025-03-28 06:20:52,2025-03-28 12:50:52
15.4210000,94.7390000,10.0000,3.60,ml,,,,,,th_12892_202503272117,2025-03-27T21:17:41.000Z,,Near South Coast of Myanmar,MM,Asia,earthquake,1743111139,1743110261,0,,"15.42,94.74",2025-03-27 21:17:41,2025-03-28 03:47:41
18.6670000,97.3270000,10.0000,2.00,ml,,,,,,th_12891_202503271228,2025-03-27T12:28:56.000Z,"Kayah State, Myanmar (Burma)",Myanmar,MM,Asia,earthquake,1743079736,1743078536,0,,"18.67,97.33",2025-03-27 12:28:56,2025-03-27 18:58:56
17.5210000,95.8970000,10.0000,2.70,ml,,,,,,th_12890_202503261905,2025-03-26T19:05:28.000Z,"Okekan, Yangon Region, Myanmar (Burma)",Myanmar,MM,Asia,earthquake,1743018173,1743015928,0,,"17.52,95.90",2025-03-26 19:05:28,2025-03-27 01:35:28
21.1040000,98.4770000,1.0000,2.70,ml,,,,,,th_12889_202503261324,2025-03-26T13:24:34.000Z,"Keng Hkam, Shan, Myanmar (Burma)",Myanmar,MM,Asia,earthquake,1742996153,1742995474,0,,"21.10,98.48",2025-03-26 13:24:34,2025-03-26 19:54:34
18.1020000,97.4580000,1.0000,1.60,ml,,,,,,th_12884_202503241857,2025-03-24T18:57:31.000Z,"Hpapun, Kayin State, Myanmar (Burma)",Myanmar,MM,Asia,earthquake,1742843964,1742842651,0,,"18.10,97.46",2025-03-24 18:57:31,2025-03-25 01:27:31
20.1860000,98.1590000,10.0000,2.70,ml,,,,,,th_12882_202503241622,2025-03-24T16:22:54.000Z,"Pongsan, Shan, Myanmar (Burma)",Myanmar,MM,Asia,earthquake,1742834181,1742833374,0,,"20.19,98.16",2025-03-24 16:22:54,2025-03-24 22:52:54
20.3760000,96.8560000,10.0000,2.80,ml,,,,,,th_12880_202503241339,2025-03-24T13:39:21.000Z,"Bankan, Shan, Myanmar (Burma)",Myanmar,MM,Asia,earthquake,1742824512,1742823561,0,,"20.38,96.86",2025-03-24 13:39:21,2025-03-24 20:09:21
19.1190000,96.2580000,10.0000,2.80,ml,,,,,,th_12877_202503240546,2025-03-24T05:46:01.000Z,"Kyun Kone, Bago Region, Myanmar (Burma)",Myanmar,MM,Asia,earthquake,1742795827,1742795161,0,,"19.12,96.26",2025-03-24 05:46:01,2025-03-24 12:16:01
20.6370000,98.3460000,1.0000,2.40,ml,,,,,,th_12875_202503240316,2025-03-24T03:16:19.000Z,"Wan Kengh Kam, Shan, Myanmar (Burma)",Myanmar,MM,Asia,earthquake,1742787543,1742786179,0,,"20.64,98.35",2025-03-24 03:16:19,2025-03-24 09:46:19
20.4870000,98.6530000,1.0000,1.70,ml,,,,,,th_12874_202503231740,2025-03-23T17:40:56.000Z,"Wan Hsa-la, Shan, Myanmar (Burma)",Myanmar,MM,Asia,earthquake,1742752541,1742751656,0,,"20.49,98.65",2025-03-23 17:40:56,2025-03-24 00:10:56
20.0000000,97.9390000,1.0000,2.10,ml,,,,,,th_12872_202503231517,2025-03-23T15:17:34.000Z,"Ta Ho-pong, Shan, Myanmar (Burma)",Myanmar,MM,Asia,earthquake,1742743601,1742743054,0,,"20.00,97.94",2025-03-23 15:17:34,2025-03-23 21:47:34
18.1640000,96.4880000,10.0000,2.30,ml,,,,,,th_12868_202503201616,2025-03-20T16:16:10.000Z,"Zalokkyi, Bago Region, Myanmar (Burma)",Myanmar,MM,Asia,earthquake,1742488288,1742487370,0,,"18.16,96.49",2025-03-20 16:16:10,2025-03-20 22:46:10
18.0030000,96.4670000,10.0000,3.50,ml,,,,,,th_12865_202503191058,2025-03-19T10:58:16.000Z,"Baingda, Bago Region, Myanmar (Burma)",Myanmar,MM,Asia,earthquake,1742382468,1742381896,0,,"18.00,96.47",2025-03-19 10:58:16,2025-03-19 17:28:16
17.9720000,96.4770000,10.0000,3.00,ml,,,,,,th_12864_202503191016,2025-03-19T10:16:26.000Z,"Baingda, Bago Region, Myanmar (Burma)",Myanmar,MM,Asia,earthquake,1742380056,1742379386,0,,"17.97,96.48",2025-03-19 10:16:26,2025-03-19 16:46:26
17.7440000,96.4680000,10.0000,2.70,ml,,,,,,th_12863_202503190925,2025-03-19T09:25:37.000Z,"Aye Thu Kha, Bago Region, Myanmar (Burma)",Myanmar,MM,Asia,earthquake,1742377768,1742376337,0,,"17.74,96.47",2025-03-19 09:25:37,2025-03-19 15:55:37
24.3636000,94.8449000,107.7170,5.10,mww,74,53,3.144,0.61,us,in_WnFUQ200RGhHTk9rSTdDZHVsd05qUT09,2025-03-18T11:32:08.451Z,"Nyaunggon, Sagaing Region, Myanmar (Burma)",Myanmar-india Border Region,MM,Asia,earthquake,1742284772,1742284139,0,,"24.42,94.69",2025-03-18 07:48:59,2025-03-18 14:18:59
21.1750000,99.2500000,2.0000,2.30,ml,,,,,,th_12860_202503161317,2025-03-16T13:17:52.000Z,"Mawnkak, Shan, Myanmar (Burma)",Myanmar,MM,Asia,earthquake,1742134214,1742131072,0,,"21.18,99.25",2025-03-16 13:17:52,2025-03-16 19:47:52
21.8150000,98.5640000,10.0000,3.10,ml,,,,,,th_12858_202503160605,2025-03-16T06:05:45.000Z,"Wan Pan, Shan, Myanmar (Burma)",Myanmar,MM,Asia,earthquake,1742106142,1742105145,0,,"21.82,98.56",2025-03-16 06:05:45,2025-03-16 12:35:45
22.1040000,98.8060000,10.0000,2.60,ml,,,,,,th_12857_202503152113,2025-03-15T21:13:53.000Z,"Pang Yang, Shan, Myanmar (Burma)",Myanmar,MM,Asia,earthquake,1742078664,1742073233,0,,"22.10,98.81",2025-03-15 21:13:53,2025-03-16 03:43:53
21.4060000,100.7140000,1.0000,2.40,ml,,,,,,th_12855_202503151738,2025-03-15T17:38:06.000Z,"Bok Hsopnam, Shan, Myanmar (Burma)",Myanmar,MM,Asia,earthquake,1742061581,1742060286,0,,"21.41,100.71",2025-03-15 17:38:06,2025-03-16 00:08:06
21.1530000,99.6020000,5.0000,2.30,ml,,,,,,th_12854_202503151258,2025-03-15T12:58:17.000Z,"Shan, Myanmar (Burma)",Myanmar,MM,Asia,earthquake,1742044242,1742043497,0,,"21.15,99.60",2025-03-15 12:58:17,2025-03-15 19:28:17
15.0530000,96.6980000,10.0000,3.20,ml,,,,,,th_12853_202503132007,2025-03-13T20:07:28.000Z,Myanmar (Burma),Near South Coast of Myanmar,MM,Asia,earthquake,1741897701,1741896448,0,,"15.05,96.70",2025-03-13 20:07:28,2025-03-14 02:37:28
14.9980000,96.6940000,10.0000,2.90,ml,,,,,,th_12852_202503131816,2025-03-13T18:16:50.000Z,Myanmar (Burma),Off South Coast of Myanmar,MM,Asia,earthquake,1741892727,1741889810,0,,"15.00,96.69",2025-03-13 18:16:50,2025-03-14 00:46:50
14.7670000,96.3760000,10.0000,3.90,ml,,,,,,th_12850_202503131756,2025-03-13T17:56:18.000Z,Myanmar (Burma),Off South Coast of Myanmar,MM,Asia,earthquake,1741889516,1741888578,0,,"14.77,96.38",2025-03-13 17:56:18,2025-03-14 00:26:18
23.0400000,93.8700000,10.0000,3.20,ml,,,,,,in_VitaTEZEYW8vQ05qajBSY1Q4a1hwUT09,2025-03-11T23:07:36.000Z,"Khitam, Chin State, Myanmar (Burma)",Myanmar,MM,Asia,earthquake,1741734316,1741733910,0,,"23.04,93.87",2025-03-11 22:58:30,2025-03-12 05:28:30
21.1920000,99.9640000,1.0000,3.10,ml,,,,,,th_12845_202503102137,2025-03-10T21:37:53.000Z,"Wan Hkang, Shan, Myanmar (Burma)",Myanmar,MM,Asia,earthquake,1741643586,1741642673,1,,"21.19,99.96",2025-03-10 21:37:53,2025-03-11 04:07:53
17.9010000,95.8940000,4.0000,3.10,ml,,,,,,th_12844_202503102109,2025-03-10T21:09:50.000Z,"Sanbok, Bago Region, Myanmar (Burma)",Myanmar,MM,Asia,earthquake,1741641803,1741640990,0,,"17.90,95.89",2025-03-10 21:09:50,2025-03-11 03:39:50
21.1010000,99.5750000,1.0000,2.20,ml,,,,,,th_12843_202503102002,2025-03-10T20:02:58.000Z,"Pangkawkawm, Shan, Myanmar (Burma)",Myanmar,MM,Asia,earthquake,1741640017,1741636978,0,,"21.10,99.58",2025-03-10 20:02:58,2025-03-11 02:32:58
15.6460000,96.2790000,10.0000,3.50,ml,,,,,,th_12841_202503091558,2025-03-09T15:58:58.000Z,Myanmar (Burma),Off South Coast of Myanmar,MM,Asia,earthquake,1741536788,1741535938,0,,"15.65,96.28",2025-03-09 15:58:58,2025-03-09 22:28:58
24.9112000,95.2946000,132.1890,4.30,mb,39,138,3.705,0.83,us,in_N0hjNjJhZjJsM2p6NGFXdHg1aTFDQT09,2025-03-09T08:59:13.040Z,Homalin Township,Homalin Township,MM,Asia,earthquake,1741507506,1741506914,1,,"25.03,95.28",2025-03-09 07:55:14,2025-03-09 14:25:14
19.9670000,97.7600000,10.0000,1.90,ml,,,,,,th_12837_202503081402,2025-03-08T14:02:43.000Z,"Wān Kongmakpin, Shan, Myanmar (Burma)",Myanmar,MM,Asia,earthquake,1741443201,1741442563,0,,"19.97,97.76",2025-03-08 14:02:43,2025-03-08 20:32:43
23.8800000,94.4400000,115.0000,3.80,ml,,,,,,in_Z0Jkcmt3ellQNmN2U093STBHTXRJdz09,2025-03-08T03:07:32.000Z,"Yuwa, Sagaing Region, Myanmar (Burma)",Myanmar,MM,Asia,earthquake,1741402950,1741402347,0,,"23.88,94.44",2025-03-08 02:52:27,2025-03-08 09:22:27
23.0800000,93.9800000,90.0000,4.20,ml,,,,,,in_Mk8wNUhhU0o4dDJiYW5NNzJ1VTIzUT09,2025-03-07T23:14:32.000Z,Falam Township,Myanmar-India Border Region,MM,Asia,earthquake,1741389077,1741388615,0,,"23.08,93.98",2025-03-07 23:03:35,2025-03-08 05:33:35
23.9200000,93.5000000,10.0000,3.20,ml,,,,,,in_K2VNUWpQQ2kvU3pHRHpZQlJFMzAwdz09,2025-03-07T02:42:34.000Z,"Khuaivum, Chin State, Myanmar (Burma)",Myanmar,MM,Asia,earthquake,1741315189,1741295874,0,,"23.92,93.50",2025-03-06 21:17:54,2025-03-07 03:47:54
18.9270000,96.5630000,4.0000,2.10,ml,,,,,,th_12832_202503061448,2025-03-06T14:48:48.000Z,"Taungoo, Bago Region, Myanmar (Burma)",Myanmar,MM,Asia,earthquake,1741277909,1741272528,0,,"18.93,96.56",2025-03-06 14:48:48,2025-03-06 21:18:48
21.5700000,98.6090000,10.0000,3.50,ml,,,,,,th_12829_202503051544,2025-03-05T15:44:04.000Z,"Ka-lo, Shan, Myanmar (Burma)",Myanmar,MM,Asia,earthquake,1741190063,1741189444,0,,"21.57,98.61",2025-03-05 15:44:04,2025-03-05 22:14:04
21.6760000,98.5550000,10.0000,3.10,ml,,,,,,th_12828_202503051536,2025-03-05T15:36:18.000Z,"Wan Hpa, Shan, Myanmar (Burma)",Myanmar,MM,Asia,earthquake,1741189484,1741188978,0,,"21.68,98.56",2025-03-05 15:36:18,2025-03-05 22:06:18
21.5760000,98.4950000,10.0000,2.60,ml,,,,,,th_12827_202503051426,2025-03-05T14:26:16.000Z,"Wan Hpakha, Shan, Myanmar (Burma)",Myanmar,MM,Asia,earthquake,1741186832,1741184776,0,,"21.58,98.50",2025-03-05 14:26:16,2025-03-05 20:56:16
21.5600000,98.6360000,10.0000,2.50,ml,,,,,,th_12826_202503051411,2025-03-05T14:11:37.000Z,"Wan Ta-sing, Shan, Myanmar (Burma)",Myanmar,MM,Asia,earthquake,1741186774,1741183897,0,,"21.56,98.64",2025-03-05 14:11:37,2025-03-05 20:41:37
21.3330000,98.7470000,10.0000,3.40,ml,,,,,,th_12825_202503051354,2025-03-05T13:54:02.000Z,"Wan Kawnghum, Shan, Myanmar (Burma)",Myanmar,MM,Asia,earthquake,1741183449,1741182842,0,,"21.33,98.75",2025-03-05 13:54:02,2025-03-05 20:24:02
21.4870000,98.6030000,10.0000,3.60,ml,,,,,,th_12824_202503051340,2025-03-05T13:40:02.000Z,"Hai-leng, Shan, Myanmar (Burma)",Myanmar,MM,Asia,earthquake,1741183407,1741182002,0,,"21.49,98.60",2025-03-05 13:40:02,2025-03-05 20:10:02
21.4600000,98.5870000,10.0000,3.00,ml,,,,,,th_12823_202503051133,2025-03-05T11:33:06.000Z,"Holein, Shan, Myanmar (Burma)",Myanmar,MM,Asia,earthquake,1741189697,1741174386,0,,"21.46,98.59",2025-03-05 11:33:06,2025-03-05 18:03:06
24.8700000,97.0880000,10.0000,3.50,ml,,,,,,th_12823_202503051132,2025-03-05T11:32:17.000Z,"Tahona, Kachin, Myanmar (Burma)",Myanmar - China Border Region,MM,Asia,earthquake,1741175313,1741174337,0,,"24.87,97.09",2025-03-05 11:32:17,2025-03-05 18:02:17
24.5216000,94.6350000,84.0000,4.30,mb,,,,,,us6000pwzr,2025-03-05T10:05:56.000Z,"Dokthida, Sagaing Region, Myanmar (Burma)",Myanmar-india Border Region,MM,Asia,earthquake,1741162143,1741157441,0,,"24.56,94.62",2025-03-05 06:50:41,2025-03-05 13:20:41
24.5929000,94.6843000,88.5580,5.40,mww,126,43,3.378,0.83,us,gfz2025elnu,2025-03-06T06:03:37.881Z,,"62km E of Wāngjing, India",MM,Asia,earthquake,1741153425,1741152995,1,,"24.77,94.68",2025-03-05 05:36:35,2025-03-05 12:06:35
17.3220000,97.4740000,10.0000,2.90,ml,,,,,,th_12820_202503050407,2025-03-05T04:07:10.000Z,"Laykay, Mon State, Myanmar (Burma)",Myanmar,MM,Asia,earthquake,1741148807,1741147630,0,,"17.32,97.47",2025-03-05 04:07:10,2025-03-05 10:37:10
17.0230000,96.0030000,10.0000,3.10,ml,,,,,,th_12819_202503042253,2025-03-04T22:53:55.000Z,"Htantabin, Yangon Region, Myanmar (Burma)",Myanmar,MM,Asia,earthquake,1741132411,1741128835,0,,"17.02,96.00",2025-03-04 22:53:55,2025-03-05 05:23:55
16.7850000,95.3680000,10.0000,3.50,ml,,,,,,th_12818_202503042250,2025-03-04T22:50:48.000Z,"Shwelaung, Ayeyarwady, Myanmar (Burma)",Myanmar,MM,Asia,earthquake,1741130083,1741128648,0,,"16.79,95.37",2025-03-04 22:50:48,2025-03-05 05:20:48
16.7338000,95.7140000,10.0000,4.70,mb,54,104,3.524,0.7,us,gfz2025ekzn,2025-03-05T10:18:58.864Z,"Maubin, Myanmar","6km E of Maubin, Myanmar",MM,Asia,earthquake,1741127794,1741127045,1,,"16.92,95.83",2025-03-04 22:24:05,2025-03-05 04:54:05
16.8522000,95.5569000,10.0000,5.10,mww,80,80,3.601,0.6,us,us6000pwx1,2025-03-10T22:34:25.111Z,"Maubin, Myanmar","16km NW of Maubin, Myanmar",MM,Asia,earthquake,1741128494,1741126003,0,,"16.86,95.62",2025-03-04 22:06:43,2025-03-05 04:36:43
24.8500000,95.9300000,10.0000,4.20,ml,,,,,,in_emdvU0YxMXhZYzdrTitHajRvenRWdz09,2025-03-03T04:45:49.000Z,"Meza, Kachin, Myanmar (Burma)",Myanmar,MM,Asia,earthquake,1741279103,1740977149,0,,"24.85,95.93",2025-03-03 04:45:49,2025-03-03 11:15:49
16.3220000,95.6218000,10.0000,4.50,mb,28,154,3.816,0.79,us,us6000pwjj,2025-03-05T04:16:39.404Z,"Pyapon, Myanmar","7km WNW of Pyapon, Myanmar",MM,Asia,earthquake,1740973872,1740972782,0,,"16.32,95.62",2025-03-03 03:33:02,2025-03-03 10:03:02
21.1650000,99.3280000,5.0000,3.30,ml,,,,,,th_12811_202503020422,2025-03-02T04:22:17.000Z,"Mawnkak, Shan, Myanmar (Burma)",Myanmar,MM,Asia,earthquake,1740890233,1740889337,0,,"21.17,99.33",2025-03-02 04:22:17,2025-03-02 10:52:17
19.5640000,97.8250000,5.0000,2.70,ml,,,,,,th_12806_202503011411,2025-03-01T14:11:15.000Z,"Daw Pawtu, Kayah State, Myanmar (Burma)",Myanmar,MM,Asia,earthquake,1740838705,1740838275,0,,"19.56,97.83",2025-03-01 14:11:15,2025-03-01 20:41:15
20.3696000,95.0693000,118.8000,4.20,mb,,,,,,us6000pw91,2025-03-01T09:26:59.000Z,"Yenangyaung, Myanmar","23km ESE of Yenangyaung, Myanmar",MM,Asia,earthquake,1740821236,1740819420,0,,"20.37,95.07",2025-03-01 08:57:00,2025-03-01 15:27:00
26.6100000,95.3400000,14.0000,3.40,ml,,,,,,in_Y2hVU0ZTUWdFdUNYdjBEU09POE94QT09,2025-03-01T06:23:51.000Z,"Hkamkaw Langma, Sagaing Region, Myanmar (Burma)",Myanmar,MM,Asia,earthquake,1741278398,1740810231,0,,"26.61,95.34",2025-03-01 06:23:51,2025-03-01 12:53:51
21.0280000,99.7050000,2.0000,3.30,ml,,,,,,th_12803_202503010301,2025-03-01T03:01:19.000Z,"Wan Hkang Ho-paw, Shan, Myanmar (Burma)",Myanmar,MM,Asia,earthquake,1740798715,1740798079,0,,"21.03,99.71",2025-03-01 03:01:19,2025-03-01 09:31:19
19.9870000,97.9700000,10.0000,2.00,ml,,,,,,th_14194_202505031210,2025-05-03T12:10:00.000Z,"Ta Ho-pong, Shan, Myanmar (Burma)",Myanmar,MM,Asia,earthquake,1746274516,1746274200,1,,"19.99,97.97",2025-05-03 12:10:00,2025-05-03 18:40:00
19.2390000,96.2050000,10.0000,3.10,ml,,,,,,th_14193_202505031159,2025-05-03T11:59:01.000Z,"Baungdok, Bago Region, Myanmar (Burma)",Myanmar,MM,Asia,earthquake,1746273937,1746273541,0,,"19.24,96.21",2025-05-03 11:59:01,2025-05-03 18:29:01
19.2530000,96.2340000,10.0000,2.40,ml,,,,,,th_14192_202505031143,2025-05-03T11:43:05.000Z,"Swar, Bago Region, Myanmar (Burma)",Myanmar,MM,Asia,earthquake,1746272918,1746272585,0,,"19.25,96.23",2025-05-03 11:43:05,2025-05-03 18:13:05
18.7190000,96.4020000,10.0000,2.40,ml,,,,,,th_14190_202505030959,2025-05-03T09:59:38.000Z,"Kywebwe, Bago Region, Myanmar (Burma)",Myanmar,MM,Asia,earthquake,1746266839,1746266378,0,,"18.72,96.40",2025-05-03 09:59:38,2025-05-03 16:29:38
19.1650000,97.1100000,10.0000,2.30,ml,,,,,,th_14189_202505030915,2025-05-03T09:15:58.000Z,"He-sa-hku, Kayah State, Myanmar (Burma)",Myanmar,MM,Asia,earthquake,1746266794,1746263758,0,,"19.17,97.11",2025-05-03 09:15:58,2025-05-03 15:45:58
19.2350000,96.3830000,10.0000,2.60,ml,,,,,,th_14188_202505030600,2025-05-03T06:00:30.000Z,"Sibaing, Bago Region, Myanmar (Burma)",Myanmar,MM,Asia,earthquake,1746252385,1746252030,0,,"19.24,96.38",2025-05-03 06:00:30,2025-05-03 12:30:30
19.7350000,96.2190000,10.0000,2.80,ml,,,,,,th_14186_202505030117,2025-05-03T01:17:00.000Z,"Pyinmana, Naypyidaw Union Territory, Myanmar (Burma)",Myanmar,MM,Asia,earthquake,1746235396,1746235020,0,,"19.74,96.22",2025-05-03 01:17:00,2025-05-03 07:47:00
20.8820000,98.6700000,10.0000,2.60,ml,,,,,,th_14184_202505022009,2025-05-02T20:09:41.000Z,"Möng Pu, Shan, Myanmar (Burma)",Myanmar,MM,Asia,earthquake,1746217101,1746216581,0,,"20.88,98.67",2025-05-02 20:09:41,2025-05-03 02:39:41
19.0640000,96.4460000,10.0000,3.00,ml,,,,,,th_14183_202505022003,2025-05-02T20:03:59.000Z,"Kaytumati, Bago Region, Myanmar (Burma)",Myanmar,MM,Asia,earthquake,1746217048,1746216239,0,,"19.06,96.45",2025-05-02 20:03:59,2025-05-03 02:33:59
20.0470000,97.9370000,10.0000,1.60,ml,,,,,,th_14180_202505021749,2025-05-02T17:49:20.000Z,"Wan Kongpao, Shan, Myanmar (Burma)",Myanmar,MM,Asia,earthquake,1746208443,1746208160,0,,"20.05,97.94",2025-05-02 17:49:20,2025-05-03 00:19:20
21.6670000,96.5270000,10.0000,2.80,ml,,,,,,th_14179_202505021733,2025-05-02T17:33:18.000Z,"Gwebin, Mandalay Region, Myanmar (Burma)",Myanmar,MM,Asia,earthquake,1746208272,1746207198,0,,"21.67,96.53",2025-05-02 17:33:18,2025-05-03 00:03:18
19.8270000,97.9860000,10.0000,1.40,ml,,,,,,th_14178_202505021733,2025-05-02T17:33:01.000Z,"Pang Tae Waet, Shan, Myanmar (Burma)",Myanmar,MM,Asia,earthquake,1746208083,1746207181,0,,"19.83,97.99",2025-05-02 17:33:01,2025-05-03 00:03:01
17.2200000,96.1510000,10.0000,3.10,ml,,,,,,th_14177_202505021515,2025-05-02T15:15:51.000Z,"Si Sone Kone, Yangon Region, Myanmar (Burma)",Myanmar,MM,Asia,earthquake,1746199609,1746198951,0,,"17.22,96.15",2025-05-02 15:15:51,2025-05-02 21:45:51
22.0170000,96.8960000,10.0000,2.70,ml,,,,,,th_14176_202505021441,2025-05-02T14:41:09.000Z,"Nam-maw-lon, Shan, Myanmar (Burma)",Myanmar,MM,Asia,earthquake,1746198251,1746196869,0,,"22.02,96.90",2025-05-02 14:41:09,2025-05-02 21:11:09
21.9600000,96.2800000,10.0000,4.00,ml,,,,,,ems_202505_1803105,2025-05-02T11:21:40.000Z,"Thon-Daung-Ywa-Ma, Mandalay Region, Myanmar (Burma)",Myanmar,MM,Asia,earthquake,1746184914,1746183844,0,,"21.96,96.28",2025-05-02 11:04:04,2025-05-02 17:34:04
18.7570000,96.6040000,10.0000,2.10,ml,,,,,,th_14174_202505020717,2025-05-02T07:17:27.000Z,"Alesengyaung, Kayin State, Myanmar (Burma)",Myanmar,MM,Asia,earthquake,1746170565,1746170247,0,,"18.76,96.60",2025-05-02 07:17:27,2025-05-02 13:47:27
18.8080000,96.6540000,10.0000,2.60,ml,,,,,,th_14173_202505020355,2025-05-02T03:55:56.000Z,"Alesengyaung, Kayin State, Myanmar (Burma)",Myanmar,MM,Asia,earthquake,1746160089,1746158156,0,,"18.81,96.65",2025-05-02 03:55:56,2025-05-02 10:25:56
21.8620000,96.3880000,10.0000,3.90,ml,,,,,,th_14171_202505020153,2025-05-02T02:07:42.000Z,"Pyin Sar, Mandalay Region, Myanmar (Burma)",Myanmar,MM,Asia,earthquake,1746151388,1746150780,0,,"21.86,96.39",2025-05-02 01:53:00,2025-05-02 08:23:00
18.6270000,96.4240000,10.0000,2.00,ml,,,,,,th_14170_202505012016,2025-05-01T20:16:56.000Z,"Nyaung Chay Htauk, Bago Region, Myanmar (Burma)",Myanmar,MM,Asia,earthquake,1746130967,1746130616,0,,"18.63,96.42",2025-05-01 20:16:56,2025-05-02 02:46:56
20.9630000,96.3300000,10.0000,3.10,ml,,,,,,th_14169_202505011950,2025-05-01T19:50:44.000Z,"Patchaung, Shan, Myanmar (Burma)",Myanmar,MM,Asia,earthquake,1746129589,1746129044,0,,"20.96,96.33",2025-05-01 19:50:44,2025-05-02 02:20:44
18.8810000,95.5970000,10.0000,2.90,ml,,,,,,th_14167_202505011603,2025-05-01T16:03:16.000Z,"Kywetabaung, Bago Region, Myanmar (Burma)",Myanmar,MM,Asia,earthquake,1746115817,1746115396,0,,"18.88,95.60",2025-05-01 16:03:16,2025-05-01 22:33:16
21.8820000,96.3460000,5.0000,3.20,ml,,,,,,th_14166_202505011544,2025-05-01T15:44:24.000Z,"Yatanarpon Cyber City, Mandalay Region, Myanmar (Burma)",Myanmar,MM,Asia,earthquake,1746115090,1746114264,0,,"21.88,96.35",2025-05-01 15:44:24,2025-05-01 22:14:24
19.1930000,96.1420000,10.0000,2.20,ml,,,,,,th_14165_202505011510,2025-05-01T15:10:54.000Z,"Mayogon, Bago Region, Myanmar (Burma)",Myanmar,MM,Asia,earthquake,1746112639,1746112254,0,,"19.19,96.14",2025-05-01 15:10:54,2025-05-01 21:40:54
19.9190000,96.1370000,10.0000,2.30,ml,,,,,,th_14164_202505011436,2025-05-01T14:36:46.000Z,"Pobba Thiri, Naypyidaw Union Territory, Myanmar (Burma)",Myanmar,MM,Asia,earthquake,1746110861,1746110206,0,,"19.92,96.14",2025-05-01 14:36:46,2025-05-01 21:06:46
19.2310000,96.5120000,10.0000,2.10,ml,,,,,,th_14162_202505011401,2025-05-01T14:01:27.000Z,"Pebo, Kayin State, Myanmar (Burma)",Myanmar,MM,Asia,earthquake,1746108383,1746108087,0,,"19.23,96.51",2025-05-01 14:01:27,2025-05-01 20:31:27
19.2100000,96.4020000,10.0000,2.30,ml,,,,,,th_14161_202505011310,2025-05-01T13:10:12.000Z,"Hnawpin, Bago Region, Myanmar (Burma)",Myanmar,MM,Asia,earthquake,1746105392,1746105012,1,,"19.21,96.40",2025-05-01 13:10:12,2025-05-01 19:40:12
23.2300000,94.0800000,30.0000,3.40,ml,,,,,,in_NmxEcTRvWUZVenhranlyTHZrLzI1UT09,2025-05-01T08:21:31.000Z,"Kale, Chin State, Myanmar (Burma)",Myanmar,MM,Asia,earthquake,1746087305,1746086852,0,,"23.23,94.08",2025-05-01 08:07:32,2025-05-01 14:37:32
20.2950000,96.1150000,10.0000,3.30,ml,,,,,,th_14159_202505010641,2025-05-01T06:41:48.000Z,"Inbingyi, Mandalay Region, Myanmar (Burma)",Myanmar,MM,Asia,earthquake,1746083128,1746081708,0,,"20.30,96.12",2025-05-01 06:41:48,2025-05-01 13:11:48
20.9930000,99.0430000,10.0000,2.50,ml,,,,,,th_14158_202505010538,2025-05-01T05:38:17.000Z,"Mongkyet, Shan, Myanmar (Burma)",Myanmar,MM,Asia,earthquake,1746078262,1746077897,0,,"20.99,99.04",2025-05-01 05:38:17,2025-05-01 12:08:17
20.7360000,96.9510000,10.0000,3.10,ml,,,,,,th_14157_202505010515,2025-05-01T05:15:18.000Z,"Ayetharyar, Shan, Myanmar (Burma)",Myanmar,MM,Asia,earthquake,1746076874,1746076518,0,,"20.74,96.95",2025-05-01 05:15:18,2025-05-01 11:45:18
19.4750000,96.3680000,10.0000,2.00,ml,,,,,,th_14156_202504302226,2025-04-30T22:26:44.000Z,"Thitkyem, Naypyidaw Union Territory, Myanmar (Burma)",Myanmar,MM,Asia,earthquake,1746052932,1746052004,0,,"19.48,96.37",2025-04-30 22:26:44,2025-05-01 04:56:44
19.7350000,98.5200000,2.0000,2.40,ml,,,,,,th_14154_202504302203,2025-04-30T22:03:14.000Z,"Wan Hsenlong, Shan, Myanmar (Burma)",Myanmar,MM,Asia,earthquake,1746051193,1746050594,0,,"19.74,98.52",2025-04-30 22:03:14,2025-05-01 04:33:14
20.1450000,96.5970000,10.0000,2.10,ml,,,,,,th_14153_202504302154,2025-04-30T21:54:09.000Z,"Lonpar Anauk, Shan, Myanmar (Burma)",Myanmar,MM,Asia,earthquake,1746050990,1746050049,0,,"20.15,96.60",2025-04-30 21:54:09,2025-05-01 04:24:09
20.7350000,96.3560000,10.0000,2.60,ml,,,,,,th_14152_202504302000,2025-04-30T20:00:37.000Z,"Yin Mar Bin, Mandalay Region, Myanmar (Burma)",Myanmar,MM,Asia,earthquake,1746043930,1746043237,0,,"20.74,96.36",2025-04-30 20:00:37,2025-05-01 02:30:37
19.6620000,96.6200000,10.0000,2.60,ml,,,,,,th_14151_202504301946,2025-04-30T19:46:02.000Z,"Lawu, Shan, Myanmar (Burma)",Myanmar,MM,Asia,earthquake,1746043021,1746042362,0,,"19.66,96.62",2025-04-30 19:46:02,2025-05-01 02:16:02
18.5120000,96.5450000,10.0000,2.20,ml,,,,,,th_14150_202504301942,2025-04-30T19:42:29.000Z,"Oakphyat, Bago Region, Myanmar (Burma)",Myanmar,MM,Asia,earthquake,1746042518,1746042149,0,,"18.51,96.55",2025-04-30 19:42:29,2025-05-01 02:12:29
18.5700000,96.3380000,10.0000,2.30,ml,,,,,,th_14149_202504301907,2025-04-30T19:07:57.000Z,"Thewa, Bago Region, Myanmar (Burma)",Myanmar,MM,Asia,earthquake,1746040492,1746040077,0,,"18.57,96.34",2025-04-30 19:07:57,2025-05-01 01:37:57
20.0150000,97.8590000,10.0000,1.90,ml,,,,,,th_14147_202504301754,2025-04-30T17:54:35.000Z,"Wan Kongpao, Shan, Myanmar (Burma)",Myanmar,MM,Asia,earthquake,1746036595,1746035675,0,,"20.02,97.86",2025-04-30 17:54:35,2025-05-01 00:24:35
20.0960000,98.0890000,6.0000,2.70,ml,,,,,,th_14146_202504301748,2025-04-30T17:48:32.000Z,"Üng-yao, Shan, Myanmar (Burma)",Myanmar,MM,Asia,earthquake,1746035609,1746035312,0,,"20.10,98.09",2025-04-30 17:48:32,2025-05-01 00:18:32
18.7900000,97.5470000,5.0000,1.40,ml,,,,,,th_14145_202504301731,2025-04-30T17:31:13.000Z,"Loi Mun, Kayah State, Myanmar (Burma)",Myanmar,MM,Asia,earthquake,1746034800,1746034273,0,,"18.79,97.55",2025-04-30 17:31:13,2025-05-01 00:01:13
22.0570000,96.3270000,8.0000,3.60,ml,,,,,,th_14144_202504301525,2025-04-30T15:35:37.000Z,"Pyin Oo Lwin, Mandalay Region, Myanmar (Burma)",Myanmar,MM,Asia,earthquake,1746027051,1746026700,0,,"22.06,96.33",2025-04-30 15:25:00,2025-04-30 21:55:00
19.0410000,96.4360000,10.0000,2.10,ml,,,,,,th_14143_202504301432,2025-04-30T14:32:16.000Z,"Kaytumati, Bago Region, Myanmar (Burma)",Myanmar,MM,Asia,earthquake,1746024179,1746023536,0,,"19.04,96.44",2025-04-30 14:32:16,2025-04-30 21:02:16
21.6970000,96.3750000,10.0000,2.80,ml,,,,,,th_14142_202504301423,2025-04-30T14:23:34.000Z,"Gwebin, Mandalay Region, Myanmar (Burma)",Myanmar,MM,Asia,earthquake,1746023491,1746023014,0,,"21.70,96.38",2025-04-30 14:23:34,2025-04-30 20:53:34
21.7950000,96.3610000,16.0000,4.00,ml,,,,,,ems_202504_1802192,2025-04-30T12:42:42.000Z,"Thon-Daung-Ywa-Ma, Mandalay Region, Myanmar (Burma)",Myanmar,MM,Asia,earthquake,1746016971,1746016458,0,,"21.80,96.36",2025-04-30 12:34:18,2025-04-30 19:04:18
19.0990000,97.4650000,4.0000,1.50,ml,,,,,,th_14140_202504301215,2025-04-30T12:15:29.000Z,"Ho-hwè-ko-sa-pa, Kayah State, Myanmar (Burma)",Myanmar,MM,Asia,earthquake,1746016243,1746015329,0,,"19.10,97.47",2025-04-30 12:15:29,2025-04-30 18:45:29
19.0560000,96.4140000,10.0000,2.90,ml,,,,,,th_14138_202504300943,2025-04-30T09:43:21.000Z,"Kaytumati, Bago Region, Myanmar (Burma)",Myanmar,MM,Asia,earthquake,1746006486,1746006201,0,,"19.06,96.41",2025-04-30 09:43:21,2025-04-30 16:13:21
18.4440000,96.5180000,10.0000,2.70,ml,,,,,,th_14139_202504300909,2025-04-30T09:09:17.000Z,"Phyu, Bago Region, Myanmar (Burma)",Myanmar,MM,Asia,earthquake,1746006533,1746004157,0,,"18.44,96.52",2025-04-30 09:09:17,2025-04-30 15:39:17
19.1180000,96.4070000,10.0000,2.70,ml,,,,,,th_14137_202504300805,2025-04-30T08:05:47.000Z,"Kyun Kone, Bago Region, Myanmar (Burma)",Myanmar,MM,Asia,earthquake,1746003463,1746000347,0,,"19.12,96.41",2025-04-30 08:05:47,2025-04-30 14:35:47
18.6220000,96.6170000,10.0000,2.50,ml,,,,,,th_14136_202504300517,2025-04-30T05:17:06.000Z,"Kyaungbintha, Bago Region, Myanmar (Burma)",Myanmar,MM,Asia,earthquake,1745990502,1745990226,0,,"18.62,96.62",2025-04-30 05:17:06,2025-04-30 11:47:06
20.0430000,97.8870000,4.0000,2.20,ml,,,,,,th_14135_202504300445,2025-04-30T04:45:25.000Z,"Wan Kongpao, Shan, Myanmar (Burma)",Myanmar,MM,Asia,earthquake,1745989364,1745988325,0,,"20.04,97.89",2025-04-30 04:45:25,2025-04-30 11:15:25
19.9700000,97.8660000,4.0000,3.30,ml,,,,,,th_14134_202504300438,2025-04-30T04:38:40.000Z,"Ta Öngmu, Shan, Myanmar (Burma)",Myanmar,MM,Asia,earthquake,1745988461,1745987920,0,,"19.97,97.87",2025-04-30 04:38:40,2025-04-30 11:08:40
20.0450000,97.8670000,10.0000,2.70,ml,,,,,,th_14133_202504300349,2025-04-30T03:49:46.000Z,"Wan Kongpao, Shan, Myanmar (Burma)",Myanmar,MM,Asia,earthquake,1745985279,1745984986,0,,"20.05,97.87",2025-04-30 03:49:46,2025-04-30 10:19:46
19.9560000,97.9500000,4.0000,1.90,ml,,,,,,th_14132_202504300015,2025-04-30T00:15:59.000Z,"Ta Ho-pong, Shan, Myanmar (Burma)",Myanmar,MM,Asia,earthquake,1745973905,1745972159,0,,"19.96,97.95",2025-04-30 00:15:59,2025-04-30 06:45:59
20.7180000,97.8820000,4.0000,2.20,ml,,,,,,th_14131_202504292341,2025-04-29T23:41:15.000Z,"Hai Hpak, Shan, Myanmar (Burma)",Myanmar,MM,Asia,earthquake,1745971362,1745970075,0,,"20.72,97.88",2025-04-29 23:41:15,2025-04-30 06:11:15
20.9920000,98.5450000,4.0000,2.80,ml,,,,,,th_14130_202504292339,2025-04-29T23:39:22.000Z,"Wan Hpai, Shan, Myanmar (Burma)",Myanmar,MM,Asia,earthquake,1745971306,1745969962,0,,"20.99,98.55",2025-04-29 23:39:22,2025-04-30 06:09:22
19.1580000,96.4820000,10.0000,2.80,ml,,,,,,th_14129_202504292216,2025-04-29T22:16:57.000Z,"Karenchaung, Bago Region, Myanmar (Burma)",Myanmar,MM,Asia,earthquake,1745965332,1745965017,1,,"19.16,96.48",2025-04-29 22:16:57,2025-04-30 04:46:57
19.8820000,96.3450000,10.0000,2.50,ml,,,,,,th_14128_202504292101,2025-04-29T21:01:34.000Z,"Yebyaungbyan, Naypyidaw Union Territory, Myanmar (Burma)",Myanmar,MM,Asia,earthquake,1745960832,1745960494,0,,"19.88,96.35",2025-04-29 21:01:34,2025-04-30 03:31:34
19.0300000,96.2440000,10.0000,2.30,ml,,,,,,th_14125_202504291845,2025-04-29T18:45:57.000Z,"Kyun Kone, Bago Region, Myanmar (Burma)",Myanmar,MM,Asia,earthquake,1745953073,1745952357,0,,"19.03,96.24",2025-04-29 18:45:57,2025-04-30 01:15:57
20.0280000,96.2240000,10.0000,2.50,ml,,,,,,th_14124_202504291810,2025-04-29T18:10:24.000Z,"Shwemyo, Naypyidaw Union Territory, Myanmar (Burma)",Myanmar,MM,Asia,earthquake,1745950524,1745950224,0,,"20.03,96.22",2025-04-29 18:10:24,2025-04-30 00:40:24
20.0550000,96.2970000,10.0000,2.50,ml,,,,,,th_14123_202504291630,2025-04-29T16:30:49.000Z,"Kintha, Naypyidaw Union Territory, Myanmar (Burma)",Myanmar,MM,Asia,earthquake,1745944687,1745944249,0,,"20.06,96.30",2025-04-29 16:30:49,2025-04-29 23:00:49
19.5500000,96.2390000,10.0000,2.50,ml,,,,,,th_14122_202504291600,2025-04-29T16:00:36.000Z,"Kyar Inn, Naypyidaw Union Territory, Myanmar (Burma)",Myanmar,MM,Asia,earthquake,1745942877,1745942436,0,,"19.55,96.24",2025-04-29 16:00:36,2025-04-29 22:30:36
20.1130000,97.9690000,1.0000,1.60,ml,,,,,,th_14121_202504291458,2025-04-29T14:58:25.000Z,"Wan Hwè-ning, Shan, Myanmar (Burma)",Myanmar,MM,Asia,earthquake,1745939196,1745938705,0,,"20.11,97.97",2025-04-29 14:58:25,2025-04-29 21:28:25
20.5390000,98.1500000,10.0000,2.20,ml,,,,,,th_14120_202504291357,2025-04-29T13:57:51.000Z,"Wan Tüngmong, Shan, Myanmar (Burma)",Myanmar,MM,Asia,earthquake,1745935461,1745935071,0,,"20.54,98.15",2025-04-29 13:57:51,2025-04-29 20:27:51
19.1880000,96.3320000,10.0000,2.30,ml,,,,,,th_14117_202504290916,2025-04-29T09:16:44.000Z,"Yedashe, Bago Region, Myanmar (Burma)",Myanmar,MM,Asia,earthquake,1745919019,1745918204,0,,"19.19,96.33",2025-04-29 09:16:44,2025-04-29 15:46:44
22.4760000,96.1700000,10.0000,3.20,ml,,,,,,th_14119_202504290855,2025-04-29T08:55:34.000Z,"Nyaung Woon, Mandalay Region, Myanmar (Burma)",Myanmar,MM,Asia,earthquake,1745919578,1745916934,0,,"22.48,96.17",2025-04-29 08:55:34,2025-04-29 15:25:34
17.4760000,95.9930000,10.0000,2.30,ml,,,,,,th_14118_202504290853,2025-04-29T08:53:33.000Z,"Kinpadi, Yangon Region, Myanmar (Burma)",Myanmar,MM,Asia,earthquake,1745919510,1745916813,0,,"17.48,95.99",2025-04-29 08:53:33,2025-04-29 15:23:33
19.2360000,96.5210000,10.0000,2.50,ml,,,,,,th_14115_202504290817,2025-04-29T08:17:32.000Z,"Pebo, Kayin State, Myanmar (Burma)",Myanmar,MM,Asia,earthquake,1745915878,1745914652,0,,"19.24,96.52",2025-04-29 08:17:32,2025-04-29 14:47:32
22.0850000,96.5630000,10.0000,3.20,ml,,,,,,th_14114_202504290726,2025-04-29T07:26:12.000Z,"Myainggyi, Mandalay Region, Myanmar (Burma)",Myanmar,MM,Asia,earthquake,1745912278,1745911572,0,,"22.09,96.56",2025-04-29 07:26:12,2025-04-29 13:56:12
19.5490000,96.3290000,10.0000,2.60,ml,,,,,,th_14113_202504290316,2025-04-29T03:16:54.000Z,"Kyauk-o, နေပြည်တော် ပြည်တောင်စုနယ်မြေ, Myanmar (Burma)",Myanmar,MM,Asia,earthquake,1745897314,1745896614,0,,"19.55,96.33",2025-04-29 03:16:54,2025-04-29 09:46:54
20.0440000,98.0060000,5.0000,1.80,ml,,,,,,th_14112_202504282312,2025-04-28T23:12:19.000Z,"Wan Konlang, Shan, Myanmar (Burma)",Myanmar,MM,Asia,earthquake,1745882527,1745881939,0,,"20.04,98.01",2025-04-28 23:12:19,2025-04-29 05:42:19
19.3420000,96.5820000,10.0000,2.30,ml,,,,,,th_14111_202504282224,2025-04-28T22:24:06.000Z,"Keykadaw, Kayin State, Myanmar (Burma)",Myanmar,MM,Asia,earthquake,1745879896,1745879046,0,,"19.34,96.58",2025-04-28 22:24:06,2025-04-29 04:54:06
20.3400000,96.5060000,10.0000,2.60,ml,,,,,,th_14110_202504282125,2025-04-28T21:25:22.000Z,"Nyaungchin-myauk, Shan, Myanmar (Burma)",Myanmar,MM,Asia,earthquake,1745876321,1745875522,0,,"20.34,96.51",2025-04-28 21:25:22,2025-04-29 03:55:22
18.1110000,97.6620000,1.0000,2.10,ml,,,,,,th_14109_202504282048,2025-04-28T20:48:46.000Z,"Aulawsaukhi, Kayin State, Myanmar (Burma)",Myanmar,MM,Asia,earthquake,1745874335,1745873326,0,,"18.11,97.66",2025-04-28 20:48:46,2025-04-29 03:18:46
20.0980000,97.9430000,10.0000,2.00,ml,,,,,,th_14108_202504281716,2025-04-28T17:16:29.000Z,"Wan Hwè-ning, Shan, Myanmar (Burma)",Myanmar,MM,Asia,earthquake,1745860890,1745860589,0,,"20.10,97.94",2025-04-28 17:16:29,2025-04-28 23:46:29
21.8390000,96.4780000,10.0000,2.70,ml,,,,,,th_14107_202504281659,2025-04-28T16:59:01.000Z,"Lema, Mandalay Region, Myanmar (Burma)",Myanmar,MM,Asia,earthquake,1745860124,1745859541,0,,"21.84,96.48",2025-04-28 16:59:01,2025-04-28 23:29:01
18.7680000,96.5160000,10.0000,2.00,ml,,,,,,th_14105_202504281559,2025-04-28T15:59:51.000Z,"Bomari, Bago Region, Myanmar (Burma)",Myanmar,MM,Asia,earthquake,1745856508,1745855991,0,,"18.77,96.52",2025-04-28 15:59:51,2025-04-28 22:29:51
22.3580000,97.8420000,10.0000,3.50,ml,,,,,,th_14104_202504281548,2025-04-28T16:00:33.000Z,"Lenti, Shan, Myanmar (Burma)",Myanmar,MM,Asia,earthquake,1745856018,1745855316,0,,"22.36,97.84",2025-04-28 15:48:36,2025-04-28 22:18:36
19.6500000,96.4460000,10.0000,2.70,ml,,,,,,th_14103_202504281252,2025-04-28T12:52:01.000Z,"Koywa, Naypyidaw Union Territory, Myanmar (Burma)",Myanmar,MM,Asia,earthquake,1745845110,1745844721,0,,"19.65,96.45",2025-04-28 12:52:01,2025-04-28 19:22:01
19.5240000,96.0690000,10.0000,2.50,ml,,,,,,th_14102_202504280920,2025-04-28T09:20:28.000Z,"Kontha, Naypyidaw Union Territory, Myanmar (Burma)",Myanmar,MM,Asia,earthquake,1745832692,1745832028,0,,"19.52,96.07",2025-04-28 09:20:28,2025-04-28 15:50:28
19.9810000,97.8690000,10.0000,2.20,ml,,,,,,th_14101_202504280650,2025-04-28T06:50:39.000Z,"Ta Öngmu, Shan, Myanmar (Burma)",Myanmar,MM,Asia,earthquake,1745823388,1745823039,0,,"19.98,97.87",2025-04-28 06:50:39,2025-04-28 13:20:39
19.9510000,96.3590000,10.0000,2.70,ml,,,,,,th_14100_202504280544,2025-04-28T05:44:31.000Z,"Thalaing, Naypyidaw Union Territory, Myanmar (Burma)",Myanmar,MM,Asia,earthquake,1745819508,1745819071,0,,"19.95,96.36",2025-04-28 05:44:31,2025-04-28 12:14:31
19.4054000,96.0750000,10.0000,4.40,mb,,,,,,in_YllqdThkeXU1QXZyVWNNeThXY3UzUT09,2025-04-28T06:49:35.000Z,"Yae Ni, Bago Region, Myanmar (Burma)",Myanmar,MM,Asia,earthquake,1745804437,1745803680,1,,"19.24,96.23",2025-04-28 01:28:00,2025-04-28 07:58:00
19.9570000,96.5290000,10.0000,2.50,ml,,,,,,th_14096_202504272032,2025-04-27T20:32:20.000Z,"Taunggya, Shan, Myanmar (Burma)",Myanmar,MM,Asia,earthquake,1745787467,1745785940,0,,"19.96,96.53",2025-04-27 20:32:20,2025-04-28 03:02:20
18.6310000,96.4750000,10.0000,2.80,ml,,,,,,th_14095_202504271843,2025-04-27T18:43:04.000Z,"Kan Ka Lay, ပဲခူးတိုင်းဒေသကြီး, Myanmar (Burma)",Myanmar,MM,Asia,earthquake,1745781542,1745779384,0,,"18.63,96.48",2025-04-27 18:43:04,2025-04-28 01:13:04
21.5370000,98.5100000,10.0000,3.40,ml,,,,,,th_14094_202504271704,2025-04-27T17:04:11.000Z,"Wan Hpakha, Shan, Myanmar (Burma)",Myanmar,MM,Asia,earthquake,1745774245,1745773451,0,,"21.54,98.51",2025-04-27 17:04:11,2025-04-27 23:34:11
21.8610000,96.2360000,10.0000,4.40,ml,,,,,,in_YUUxeDlKU0duaENMNnM2eGdwOE9lZz09,2025-04-27T16:14:39.000Z,"Mandalay, Mandalay Region, Myanmar (Burma)",Myanmar,MM,Asia,earthquake,1745770093,1745769326,1,,"21.99,96.10",2025-04-27 15:55:26,2025-04-27 22:25:26
19.7200000,96.3470000,10.0000,2.60,ml,,,,,,th_14092_202504271432,2025-04-27T14:32:06.000Z,"Ziyaing, နေပြည်တော် ပြည်တောင်စုနယ်မြေ, Myanmar (Burma)",Myanmar,MM,Asia,earthquake,1745764634,1745764326,0,,"19.72,96.35",2025-04-27 14:32:06,2025-04-27 21:02:06
19.6650000,96.3810000,10.0000,2.30,ml,,,,,,th_14091_202504271257,2025-04-27T12:57:14.000Z,"Mayandaung Auk, Naypyidaw Union Territory, Myanmar (Burma)",Myanmar,MM,Asia,earthquake,1745758998,1745758634,1,,"19.67,96.38",2025-04-27 12:57:14,2025-04-27 19:27:14
21.6480000,96.6230000,10.0000,3.00,ml,,,,,,th_14090_202504270756,2025-04-27T07:56:54.000Z,"Zayitke, Mandalay Region, Myanmar (Burma)",Myanmar,MM,Asia,earthquake,1745742199,1745740614,0,,"21.65,96.62",2025-04-27 07:56:54,2025-04-27 14:26:54
19.2950000,96.4090000,10.0000,2.50,ml,,,,,,th_14089_202504270701,2025-04-27T07:01:08.000Z,"Sibaing, Bago Region, Myanmar (Burma)",Myanmar,MM,Asia,earthquake,1745738201,1745737268,0,,"19.30,96.41",2025-04-27 07:01:08,2025-04-27 13:31:08
18.7770000,96.5460000,10.0000,2.30,ml,,,,,,th_14088_202504270449,2025-04-27T04:49:31.000Z,"Bomari, Bago Region, Myanmar (Burma)",Myanmar,MM,Asia,earthquake,1745730511,1745729371,0,,"18.78,96.55",2025-04-27 04:49:31,2025-04-27 11:19:31
17.3180000,96.0630000,10.0000,2.90,ml,,,,,,th_14086_202504262252,2025-04-26T22:52:41.000Z,"Taungtat, Yangon Region, Myanmar (Burma)",Myanmar,MM,Asia,earthquake,1745708824,1745707961,0,,"17.32,96.06",2025-04-26 22:52:41,2025-04-27 05:22:41
21.5620000,96.1030000,10.0000,2.90,ml,,,,,,th_14085_202504262138,2025-04-26T21:38:14.000Z,"Sa Mar, Mandalay Region, Myanmar (Burma)",Myanmar,MM,Asia,earthquake,1745704279,1745703494,0,,"21.56,96.10",2025-04-26 21:38:14,2025-04-27 04:08:14
21.5620000,96.3450000,10.0000,3.20,ml,,,,,,th_14084_202504262008,2025-04-26T20:08:11.000Z,"Chaungzon, Mandalay Region, Myanmar (Burma)",Myanmar,MM,Asia,earthquake,1745704196,1745698091,0,,"21.56,96.35",2025-04-26 20:08:11,2025-04-27 02:38:11
20.8310000,96.4060000,10.0000,2.40,ml,,,,,,th_14083_202504261940,2025-04-26T19:40:15.000Z,"Pyinyaung, Mandalay Region, Myanmar (Burma)",Myanmar,MM,Asia,earthquake,1745697330,1745696415,0,,"20.83,96.41",2025-04-26 19:40:15,2025-04-27 02:10:15
19.8320000,98.0340000,10.0000,1.70,ml,,,,,,th_14082_202504261843,2025-04-26T18:43:37.000Z,"Loikwang, Shan, Myanmar (Burma)",Myanmar,MM,Asia,earthquake,1745693475,1745693017,1,,"19.83,98.03",2025-04-26 18:43:37,2025-04-27 01:13:37
19.9170000,97.9910000,1.0000,1.70,ml,,,,,,th_14081_202504261819,2025-04-26T18:19:46.000Z,"Ta Ho-pong, Shan, Myanmar (Burma)",Myanmar,MM,Asia,earthquake,1745692186,1745691586,1,,"19.92,97.99",2025-04-26 18:19:46,2025-04-27 00:49:46
19.1630000,96.5110000,10.0000,2.50,ml,,,,,,th_14080_202504261805,2025-04-26T18:05:29.000Z,"Karenchaung, Bago Region, Myanmar (Burma)",Myanmar,MM,Asia,earthquake,1745691154,1745690729,0,,"19.16,96.51",2025-04-26 18:05:29,2025-04-27 00:35:29
19.0830000,96.3540000,10.0000,2.10,ml,,,,,,th_14076_202504261449,2025-04-26T14:49:49.000Z,"Kyun Kone, Bago Region, Myanmar (Burma)",Myanmar,MM,Asia,earthquake,1745679429,1745678989,1,,"19.08,96.35",2025-04-26 14:49:49,2025-04-26 21:19:49
21.4950000,96.2800000,10.0000,4.00,ml,,,,,,ems_202504_1800294,2025-04-26T14:35:34.000Z,"Thanywa, Mandalay Region, Myanmar (Burma)",Myanmar,MM,Asia,earthquake,1745678146,1745677407,0,,"21.50,96.28",2025-04-26 14:23:27,2025-04-26 20:53:27
22.1400000,96.5210000,10.0000,2.80,ml,,,,,,th_14074_202504261239,2025-04-26T12:39:50.000Z,"Nawng Thahkaw, Mandalay Region, Myanmar (Burma)",Myanmar,MM,Asia,earthquake,1745672004,1745671190,0,,"22.14,96.52",2025-04-26 12:39:50,2025-04-26 19:09:50
20.8840000,97.9700000,10.0000,2.60,ml,,,,,,th_14073_202504261233,2025-04-26T12:33:27.000Z,"Wan Kang, Shan, Myanmar (Burma)",Myanmar,MM,Asia,earthquake,1745671446,1745670807,0,,"20.88,97.97",2025-04-26 12:33:27,2025-04-26 19:03:27
18.1610000,96.2760000,10.0000,2.50,ml,,,,,,th_14072_202504261101,2025-04-26T11:01:07.000Z,"Atet Bandayaw, Bago Region, Myanmar (Burma)",Myanmar,MM,Asia,earthquake,1745665676,1745665267,0,,"18.16,96.28",2025-04-26 11:01:07,2025-04-26 17:31:07
20.0050000,98.0210000,10.0000,2.10,ml,,,,,,th_14070_202504260922,2025-04-26T09:23:27.000Z,"Amegon, Bago Region, Myanmar (Burma)",Myanmar,MM,Asia,earthquake,1745659861,1745659407,1,,"18.60,96.50",2025-04-26 09:23:27,2025-04-26 15:53:27
19.1970000,96.4970000,10.0000,3.00,ml,,,,,,th_14069_202504260904,2025-04-26T09:04:54.000Z,"Karenchaung, Bago Region, Myanmar (Burma)",Myanmar,MM,Asia,earthquake,1745658764,1745658294,0,,"19.20,96.50",2025-04-26 09:04:54,2025-04-26 15:34:54
19.9770000,98.0440000,10.0000,1.90,ml,,,,,,th_14068_202504260722,2025-04-26T07:22:13.000Z,"Wan Konlang, Shan, Myanmar (Burma)",Myanmar,MM,Asia,earthquake,1745652605,1745652133,0,,"19.98,98.04",2025-04-26 07:22:13,2025-04-26 13:52:13
18.0110000,96.6050000,10.0000,2.40,ml,,,,,,th_14067_202504260643,2025-04-26T06:43:17.000Z,"Hpa Do, Bago Region, Myanmar (Burma)",Myanmar,MM,Asia,earthquake,1745650371,1745649797,0,,"18.01,96.61",2025-04-26 06:43:17,2025-04-26 13:13:17
21.8960000,96.5840000,10.0000,3.00,ml,,,,,,th_14065_202504260310,2025-04-26T03:10:13.000Z,"Baw, Mandalay Region, Myanmar (Burma)",Myanmar,MM,Asia,earthquake,1745638316,1745637013,0,,"21.90,96.58",2025-04-26 03:10:13,2025-04-26 09:40:13
21.6150000,96.2890000,10.0000,3.30,ml,,,,,,th_14064_202504260110,2025-04-26T01:10:46.000Z,"Kado, Mandalay Region, Myanmar (Burma)",Myanmar,MM,Asia,earthquake,1745630603,1745629846,0,,"21.62,96.29",2025-04-26 01:10:46,2025-04-26 07:40:46
18.5470000,96.5090000,10.0000,2.30,ml,,,,,,th_14063_202504252138,2025-04-25T21:38:21.000Z,"Amegon, Bago Region, Myanmar (Burma)",Myanmar,MM,Asia,earthquake,1745617495,1745617101,0,,"18.55,96.51",2025-04-25 21:38:21,2025-04-26 04:08:21
21.0860000,96.5190000,10.0000,2.70,ml,,,,,,th_14062_202504252100,2025-04-25T21:00:04.000Z,"Myaing, Shan, Myanmar (Burma)",Myanmar,MM,Asia,earthquake,1745616160,1745614804,0,,"21.09,96.52",2025-04-25 21:00:04,2025-04-26 03:30:04
18.9680000,96.3850000,10.0000,2.80,ml,,,,,,th_14059_202504251933,2025-04-25T19:33:23.000Z,"Kaytumati, Bago Region, Myanmar (Burma)",Myanmar,MM,Asia,earthquake,1745610029,1745609603,0,,"18.97,96.39",2025-04-25 19:33:23,2025-04-26 02:03:23
18.9770000,96.4370000,10.0000,2.20,ml,,,,,,th_14060_202504251931,2025-04-25T19:31:18.000Z,"Bago Region, Myanmar (Burma)",Myanmar,MM,Asia,earthquake,1745610411,1745609478,0,,"18.98,96.44",2025-04-25 19:31:18,2025-04-26 02:01:18
20.4000000,98.1120000,10.0000,2.60,ml,,,,,,th_14058_202504251912,2025-04-25T19:12:06.000Z,"Hangna, Shan, Myanmar (Burma)",Myanmar,MM,Asia,earthquake,1745608637,1745608326,0,,"20.40,98.11",2025-04-25 19:12:06,2025-04-26 01:42:06
18.5530000,96.4850000,10.0000,2.30,ml,,,,,,th_14057_202504251858,2025-04-25T18:58:33.000Z,"Amegon, Bago Region, Myanmar (Burma)",Myanmar,MM,Asia,earthquake,1745608104,1745607513,0,,"18.55,96.49",2025-04-25 18:58:33,2025-04-26 01:28:33
22.1880000,96.3730000,10.0000,3.10,ml,,,,,,th_14056_202504251852,2025-04-25T18:52:48.000Z,"Daw-wa-kyaung, Mandalay Region, Myanmar (Burma)",Myanmar,MM,Asia,earthquake,1745607702,1745607168,0,,"22.19,96.37",2025-04-25 18:52:48,2025-04-26 01:22:48
19.1280000,96.6360000,10.0000,2.00,ml,,,,,,th_14055_202504251722,2025-04-25T17:22:34.000Z,"Than Daung Gyi, Kayin State, Myanmar (Burma)",Myanmar,MM,Asia,earthquake,1745605570,1745601754,0,,"19.13,96.64",2025-04-25 17:22:34,2025-04-25 23:52:34
19.1800000,96.5010000,10.0000,2.00,ml,,,,,,th_14054_202504251713,2025-04-25T17:13:30.000Z,"Karenchaung, Bago Region, Myanmar (Burma)",Myanmar,MM,Asia,earthquake,1745605051,1745601210,0,,"19.18,96.50",2025-04-25 17:13:30,2025-04-25 23:43:30
19.0760000,96.4290000,10.0000,3.60,ml,,,,,,th_14052_202504251647,2025-04-25T16:56:53.000Z,"Kyun Kone, Bago Region, Myanmar (Burma)",Myanmar,MM,Asia,earthquake,1745599998,1745599670,0,,"19.08,96.43",2025-04-25 16:47:50,2025-04-25 23:17:50
20.1970000,98.3730000,10.0000,2.60,ml,,,,,,th_14051_202504251620,2025-04-25T16:20:02.000Z,"Wan Kyawng, Shan, Myanmar (Burma)",Myanmar,MM,Asia,earthquake,1745598326,1745598002,0,,"20.20,98.37",2025-04-25 16:20:02,2025-04-25 22:50:02
20.2200000,98.4670000,1.0000,2.10,ml,,,,,,th_14050_202504251535,2025-04-25T15:35:23.000Z,"Wan Hpa, Shan, Myanmar (Burma)",Myanmar,MM,Asia,earthquake,1745595715,1745595323,0,,"20.22,98.47",2025-04-25 15:35:23,2025-04-25 22:05:23
19.1070000,96.2820000,10.0000,3.00,ml,,,,,,th_14047_202504251349,2025-04-25T13:49:58.000Z,"Kyun Kone, Bago Region, Myanmar (Burma)",Myanmar,MM,Asia,earthquake,1745589484,1745588998,0,,"19.11,96.28",2025-04-25 13:49:58,2025-04-25 20:19:58
18.6280000,96.3950000,10.0000,3.20,ml,,,,,,th_14046_202504251348,2025-04-25T13:48:19.000Z,"Nyaung Chay Htauk, Bago Region, Myanmar (Burma)",Myanmar,MM,Asia,earthquake,1745589244,1745588899,0,,"18.63,96.40",2025-04-25 13:48:19,2025-04-25 20:18:19
18.8440000,96.5520000,10.0000,2.00,ml,,,,,,th_14045_202504251344,2025-04-25T13:44:18.000Z,"Htantabin, Bago Region, Myanmar (Burma)",Myanmar,MM,Asia,earthquake,1745589128,1745588658,0,,"18.84,96.55",2025-04-25 13:44:18,2025-04-25 20:14:18
18.3930000,96.5920000,10.0000,2.20,ml,,,,,,th_14043_202504251009,2025-04-25T10:09:50.000Z,"Buyagon, Bago Region, Myanmar (Burma)",Myanmar,MM,Asia,earthquake,1745577654,1745575790,0,,"18.39,96.59",2025-04-25 10:09:50,2025-04-25 16:39:50
20.7220000,97.6020000,4.0000,2.00,ml,,,,,,th_14042_202504250953,2025-04-25T09:53:49.000Z,"Nammang, Shan, Myanmar (Burma)",Myanmar,MM,Asia,earthquake,1745575427,1745574829,0,,"20.72,97.60",2025-04-25 09:53:49,2025-04-25 16:23:49
20.0020000,96.3190000,10.0000,2.40,ml,,,,,,th_14041_202504250931,2025-04-25T09:31:03.000Z,"Thalaing, Naypyidaw Union Territory, Myanmar (Burma)",Myanmar,MM,Asia,earthquake,1745573845,1745573463,0,,"20.00,96.32",2025-04-25 09:31:03,2025-04-25 16:01:03
18.6970000,96.5330000,10.0000,2.00,ml,,,,,,th_14040_202504250856,2025-04-25T08:56:01.000Z,"Zayatkyi, Bago Region, Myanmar (Burma)",Myanmar,MM,Asia,earthquake,1745571756,1745571361,0,,"18.70,96.53",2025-04-25 08:56:01,2025-04-25 15:26:01
21.6180000,96.4920000,10.0000,3.50,ml,,,,,,th_14038_202504250729,2025-04-25T07:42:38.000Z,"Gwebin, Mandalay Region, Myanmar (Burma)",Myanmar,MM,Asia,earthquake,1745566549,1745566166,0,,"21.62,96.49",2025-04-25 07:29:26,2025-04-25 13:59:26
19.3540000,96.3450000,10.0000,2.30,ml,,,,,,th_14037_202504250551,2025-04-25T05:51:25.000Z,"Thagaya, Bago Region, Myanmar (Burma)",Myanmar,MM,Asia,earthquake,1745560672,1745560285,0,,"19.35,96.35",2025-04-25 05:51:25,2025-04-25 12:21:25
19.3830000,96.9370000,4.0000,2.00,ml,,,,,,th_14036_202504250525,2025-04-25T05:25:54.000Z,"Hoyar, Kayah State, Myanmar (Burma)",Myanmar,MM,Asia,earthquake,1745560220,1745558754,0,,"19.38,96.94",2025-04-25 05:25:54,2025-04-25 11:55:54
18.2140000,96.6170000,10.0000,2.30,ml,,,,,,th_14034_202504250048,2025-04-25T00:48:32.000Z,"Penwegon, Bago Region, Myanmar (Burma)",Myanmar,MM,Asia,earthquake,1745542455,1745542112,0,,"18.21,96.62",2025-04-25 00:48:32,2025-04-25 07:18:32
20.7620000,96.4240000,10.0000,2.70,ml,,,,,,th_14033_202504242153,2025-04-24T21:53:01.000Z,"Pyingyaung, Mandalay Region, Myanmar (Burma)",Myanmar,MM,Asia,earthquake,1745532412,1745531581,0,,"20.76,96.42",2025-04-24 21:53:01,2025-04-25 04:23:01
21.5760000,96.6460000,10.0000,3.00,ml,,,,,,th_14032_202504242148,2025-04-24T21:48:15.000Z,"Mezaliywa, Shan, Myanmar (Burma)",Myanmar,MM,Asia,earthquake,1745531951,1745531295,0,,"21.58,96.65",2025-04-24 21:48:15,2025-04-25 04:18:15
19.4950000,96.3460000,10.0000,2.40,ml,,,,,,th_14031_202504242035,2025-04-24T20:35:40.000Z,"Thitkyem, Naypyidaw Union Territory, Myanmar (Burma)",Myanmar,MM,Asia,earthquake,1745527690,1745526940,0,,"19.50,96.35",2025-04-24 20:35:40,2025-04-25 03:05:40
19.7400000,96.9590000,10.0000,2.10,ml,,,,,,th_14030_202504242010,2025-04-24T20:10:21.000Z,"Engla, Shan, Myanmar (Burma)",Myanmar,MM,Asia,earthquake,1745525833,1745525421,0,,"19.74,96.96",2025-04-24 20:10:21,2025-04-25 02:40:21
20.3510000,98.2640000,10.0000,2.10,ml,,,,,,th_14029_202504241823,2025-04-24T18:23:15.000Z,"Na-law, Shan, Myanmar (Burma)",Myanmar,MM,Asia,earthquake,1745519354,1745518995,1,,"20.35,98.26",2025-04-24 18:23:15,2025-04-25 00:53:15
20.6720000,96.1460000,10.0000,3.20,ml,,,,,,th_14028_202504241745,2025-04-24T17:45:29.000Z,"Shanywa, Mandalay Region, Myanmar (Burma)",Myanmar,MM,Asia,earthquake,1745517101,1745516729,0,,"20.67,96.15",2025-04-24 17:45:29,2025-04-25 00:15:29
21.4680000,96.0260000,10.0000,2.90,ml,,,,,,th_14027_202504241643,2025-04-24T16:43:58.000Z,"Da Ye Gaung, Mandalay Region, Myanmar (Burma)",Myanmar,MM,Asia,earthquake,1745513601,1745513038,0,,"21.47,96.03",2025-04-24 16:43:58,2025-04-24 23:13:58
18.7600000,96.6660000,10.0000,2.90,ml,,,,,,th_14026_202504241532,2025-04-24T15:32:20.000Z,"Alesengyaung, Kayin State, Myanmar (Burma)",Myanmar,MM,Asia,earthquake,1745509526,1745508740,0,,"18.76,96.67",2025-04-24 15:32:20,2025-04-24 22:02:20
20.7540000,96.3790000,10.0000,2.90,ml,,,,,,th_14023_202504241239,2025-04-24T12:39:34.000Z,"Pyingyaung, Mandalay Region, Myanmar (Burma)",Myanmar,MM,Asia,earthquake,1745498728,1745498374,0,,"20.75,96.38",2025-04-24 12:39:34,2025-04-24 19:09:34
18.0900000,96.8840000,10.0000,2.60,ml,,,,,,th_14022_202504240352,2025-04-24T03:52:30.000Z,"Minlan Tazeik, Bago Region, Myanmar (Burma)",Myanmar,MM,Asia,earthquake,1745467543,1745466750,0,,"18.09,96.88",2025-04-24 03:52:30,2025-04-24 10:22:30
19.3290000,96.3130000,10.0000,2.60,ml,,,,,,th_14021_202504240316,2025-04-24T03:16:53.000Z,"Thagaya, Bago Region, Myanmar (Burma)",Myanmar,MM,Asia,earthquake,1745465066,1745464613,0,,"19.33,96.31",2025-04-24 03:16:53,2025-04-24 09:46:53
23.7300000,93.6500000,24.0000,3.20,ml,,,,,,in_TStxcGZMYW02SUZLU2JRWkF3aDFZZz09,2025-04-23T21:00:31.000Z,"Tuikhiang, Chin State, Myanmar (Burma)",Myanmar,MM,Asia,earthquake,1745441849,1745441071,0,,"23.73,93.65",2025-04-23 20:44:31,2025-04-24 03:14:31
23.4300000,93.5200000,69.0000,3.60,ml,,,,,,in_WjVncnNxcGJJd295YmNJU0VPOFdGQT09,2025-04-23T20:14:34.000Z,"Mual Nuam (A), Chin State, Myanmar (Burma)",Myanmar,MM,Asia,earthquake,1745438932,1745438037,0,,"23.43,93.52",2025-04-23 19:53:57,2025-04-24 02:23:57
19.1590000,96.2290000,10.0000,3.10,ml,,,,,,th_14019_202504231913,2025-04-23T19:13:52.000Z,"Baungdok, Bago Region, Myanmar (Burma)",Myanmar,MM,Asia,earthquake,1745436093,1745435632,0,,"19.16,96.23",2025-04-23 19:13:52,2025-04-24 01:43:52
19.3770000,96.3330000,10.0000,2.20,ml,,,,,,th_14018_202504231842,2025-04-23T18:42:02.000Z,"Wayonle, Bago Region, Myanmar (Burma)",Myanmar,MM,Asia,earthquake,1745434775,1745433722,0,,"19.38,96.33",2025-04-23 18:42:02,2025-04-24 01:12:02
17.9790000,97.6490000,1.0000,1.40,ml,,,,,,th_14017_202504231839,2025-04-23T18:39:26.000Z,"Bwado, Kayin State, Myanmar (Burma)",Myanmar,MM,Asia,earthquake,1745434341,1745433566,0,,"17.98,97.65",2025-04-23 18:39:26,2025-04-24 01:09:26
21.7860000,96.3330000,11.0000,3.10,ml,,,,,,th_14016_202504231744,2025-04-23T17:44:54.000Z,"Thon-Daung-Ywa-Ma, Mandalay Region, Myanmar (Burma)",Myanmar,MM,Asia,earthquake,1745430820,1745430294,0,,"21.79,96.33",2025-04-23 17:44:54,2025-04-24 00:14:54
20.1360000,96.2320000,10.0000,2.90,ml,,,,,,th_14015_202504231332,2025-04-23T13:32:06.000Z,"Tatkon, Naypyidaw Union Territory, Myanmar (Burma)",Myanmar,MM,Asia,earthquake,1745415537,1745415126,0,,"20.14,96.23",2025-04-23 13:32:06,2025-04-23 20:02:06
18.2090000,97.1350000,10.0000,2.20,ml,,,,,,th_14014_202504231228,2025-04-23T12:28:24.000Z,"Tedodita Sakan, Kayin State, Myanmar (Burma)",Myanmar,MM,Asia,earthquake,1745411555,1745411304,0,,"18.21,97.14",2025-04-23 12:28:24,2025-04-23 18:58:24
19.8050000,95.7850000,10.0000,3.50,ml,,,,,,th_14013_202504231119,2025-04-23T11:35:36.000Z,"Kalama, Magway Region, Myanmar (Burma)",Myanmar,MM,Asia,earthquake,1745407917,1745407141,0,,"19.81,95.79",2025-04-23 11:19:01,2025-04-23 17:49:01
21.7240000,96.4110000,13.0000,3.50,ml,,,,,,th_14010_202504230532,2025-04-23T05:42:39.000Z,"Gwebin, Mandalay Region, Myanmar (Burma)",Myanmar,MM,Asia,earthquake,1745386661,1745386372,0,,"21.72,96.41",2025-04-23 05:32:52,2025-04-23 12:02:52
21.6140000,96.6950000,10.0000,3.30,ml,,,,,,th_14008_202504222323,2025-04-22T23:23:23.000Z,"Shan, Myanmar (Burma)",Myanmar,MM,Asia,earthquake,1745365251,1745364203,0,,"21.61,96.70",2025-04-22 23:23:23,2025-04-23 05:53:23
20.0860000,97.9140000,10.0000,2.40,ml,,,,,,th_14007_202504222135,2025-04-22T21:35:31.000Z,"Wan Kongpao, Shan, Myanmar (Burma)",Myanmar,MM,Asia,earthquake,1745358164,1745357731,0,,"20.09,97.91",2025-04-22 21:35:31,2025-04-23 04:05:31
19.2700000,96.3110000,10.0000,2.30,ml,,,,,,th_14006_202504222114,2025-04-22T21:14:02.000Z,"Swar, Bago Region, Myanmar (Burma)",Myanmar,MM,Asia,earthquake,1745357410,1745356442,0,,"19.27,96.31",2025-04-22 21:14:02,2025-04-23 03:44:02
19.3930000,96.6040000,10.0000,2.10,ml,,,,,,th_14005_202504221906,2025-04-22T19:06:24.000Z,"Keykadaw, Kayin State, Myanmar (Burma)",Myanmar,MM,Asia,earthquake,1745349217,1745348784,0,,"19.39,96.60",2025-04-22 19:06:24,2025-04-23 01:36:24
19.3190000,96.5020000,10.0000,2.90,ml,,,,,,th_14003_202504221755,2025-04-22T17:55:34.000Z,"Kyauktaga Auk, Kayin State, Myanmar (Burma)",Myanmar,MM,Asia,earthquake,1745344976,1745344534,0,,"19.32,96.50",2025-04-22 17:55:34,2025-04-23 00:25:34
19.6260000,97.7650000,1.0000,2.00,ml,,,,,,th_14002_202504221742,2025-04-22T17:42:30.000Z,"Daw Pawtu, Kayah State, Myanmar (Burma)",Myanmar,MM,Asia,earthquake,1745344146,1745343750,0,,"19.63,97.77",2025-04-22 17:42:30,2025-04-23 00:12:30
21.8920000,96.4360000,10.0000,3.30,ml,,,,,,th_14001_202504221724,2025-04-22T17:24:38.000Z,"Anesakhan, Mandalay Region, Myanmar (Burma)",Myanmar,MM,Asia,earthquake,1745343593,1745342678,0,,"21.89,96.44",2025-04-22 17:24:38,2025-04-22 23:54:38
19.1930000,97.4330000,1.0000,2.40,ml,,,,,,th_14000_202504221700,2025-04-22T17:00:32.000Z,"Hawhkom, Kayah State, Myanmar (Burma)",Myanmar,MM,Asia,earthquake,1745341684,1745341232,0,,"19.19,97.43",2025-04-22 17:00:32,2025-04-22 23:30:32
19.7700000,97.9010000,1.0000,2.00,ml,,,,,,th_13999_202504221627,2025-04-22T16:27:13.000Z,"Homein, Shan, Myanmar (Burma)",Myanmar,MM,Asia,earthquake,1745339593,1745339233,0,,"19.77,97.90",2025-04-22 16:27:13,2025-04-22 22:57:13
23.4600000,93.9900000,10.0000,4.00,ml,,,,,,in_cGlPQ1JpdEN5SnRlNENnelBBRFB4dz09,2025-04-22T15:42:30.000Z,"Monglang, Chin State, Myanmar (Burma)",Myanmar,MM,Asia,earthquake,1745336419,1745335741,0,,"23.46,93.99",2025-04-22 15:29:01,2025-04-22 21:59:01
19.6440000,96.4310000,10.0000,2.90,ml,,,,,,th_13998_202504221449,2025-04-22T14:49:58.000Z,"Mayandaung Atet, Naypyidaw Union Territory, Myanmar (Burma)",Myanmar,MM,Asia,earthquake,1745334666,1745333398,1,,"19.64,96.43",2025-04-22 14:49:58,2025-04-22 21:19:58
20.1520000,97.9210000,10.0000,1.70,ml,,,,,,th_13997_202504221436,2025-04-22T14:36:38.000Z,"Wan Hwè-ning, Shan, Myanmar (Burma)",Myanmar,MM,Asia,earthquake,1745333167,1745332598,0,,"20.15,97.92",2025-04-22 14:36:38,2025-04-22 21:06:38
20.8230000,97.4570000,10.0000,4.20,ml,,,,,,ems_202504_1798063,2025-04-22T13:35:51.000Z,"Mong Pawn, Shan, Myanmar (Burma)",Myanmar,MM,Asia,earthquake,1745328997,1745327710,0,,"20.82,97.46",2025-04-22 13:15:10,2025-04-22 19:45:10
19.8000000,98.5580000,1.0000,1.80,ml,,,,,,th_13995_202504221212,2025-04-22T12:12:31.000Z,"Mone Hta, Shan, Myanmar (Burma)",Myanmar,MM,Asia,earthquake,1745324356,1745323951,0,,"19.80,98.56",2025-04-22 12:12:31,2025-04-22 18:42:31
20.1210000,97.9360000,10.0000,2.10,ml,,,,,,th_13994_202504221105,2025-04-22T11:05:13.000Z,"Wan Hwè-ning, Shan, Myanmar (Burma)",Myanmar,MM,Asia,earthquake,1745320254,1745319913,0,,"20.12,97.94",2025-04-22 11:05:13,2025-04-22 17:35:13
21.1040000,99.7190000,10.0000,2.80,ml,,,,,,th_13993_202504221041,2025-04-22T10:41:25.000Z,"Loi Pang Koi, Shan, Myanmar (Burma)",Myanmar,MM,Asia,earthquake,1745319316,1745318485,0,,"21.10,99.72",2025-04-22 10:41:25,2025-04-22 17:11:25
19.8060000,98.0070000,10.0000,2.10,ml,,,,,,th_13992_202504221013,2025-04-22T10:13:39.000Z,"Homein, Shan, Myanmar (Burma)",Myanmar,MM,Asia,earthquake,1745317758,1745316819,0,,"19.81,98.01",2025-04-22 10:13:39,2025-04-22 16:43:39
19.5670000,96.2870000,10.0000,3.00,ml,,,,,,th_13991_202504221000,2025-04-22T10:00:49.000Z,"Bogadaw, နေပြည်တော် ပြည်တောင်စုနယ်မြေ, Myanmar (Burma)",Myanmar,MM,Asia,earthquake,1745316397,1745316049,0,,"19.57,96.29",2025-04-22 10:00:49,2025-04-22 16:30:49
19.9630000,96.2660000,10.0000,2.40,ml,,,,,,th_13990_202504220635,2025-04-22T06:35:45.000Z,"Tegon, Naypyidaw Union Territory, Myanmar (Burma)",Myanmar,MM,Asia,earthquake,1745304776,1745303745,0,,"19.96,96.27",2025-04-22 06:35:45,2025-04-22 13:05:45
21.9200000,96.2780000,10.0000,3.60,ml,,,,,,th_13988_202504220609,2025-04-22T06:28:49.000Z,"Thon-Daung-Ywa-Ma, Mandalay Region, Myanmar (Burma)",Myanmar,MM,Asia,earthquake,1745302891,1745302186,0,,"21.92,96.28",2025-04-22 06:09:46,2025-04-22 12:39:46
19.1430000,96.5340000,10.0000,2.50,ml,,,,,,th_13989_202504220606,2025-04-22T06:06:55.000Z,"Alegyaung Auk, Kayin State, Myanmar (Burma)",Myanmar,MM,Asia,earthquake,1745303165,1745302015,1,,"19.14,96.53",2025-04-22 06:06:55,2025-04-22 12:36:55
19.3950000,96.3330000,10.0000,2.50,ml,,,,,,th_13987_202504220342,2025-04-22T03:42:07.000Z,"Wayonle, Bago Region, Myanmar (Burma)",Myanmar,MM,Asia,earthquake,1745294188,1745293327,0,,"19.40,96.33",2025-04-22 03:42:07,2025-04-22 10:12:07
19.0910000,96.3910000,10.0000,2.70,ml,,,,,,th_13986_202504220154,2025-04-22T01:54:55.000Z,"Kyun Kone, Bago Region, Myanmar (Burma)",Myanmar,MM,Asia,earthquake,1745287217,1745286895,0,,"19.09,96.39",2025-04-22 01:54:55,2025-04-22 08:24:55
19.6600000,96.3320000,10.0000,2.30,ml,,,,,,th_13985_202504220123,2025-04-22T01:23:03.000Z,"Kutoeseit, Naypyidaw Union Territory, Myanmar (Burma)",Myanmar,MM,Asia,earthquake,1745285312,1745284983,0,,"19.66,96.33",2025-04-22 01:23:03,2025-04-22 07:53:03
18.9870000,96.4470000,10.0000,2.30,ml,,,,,,th_13984_202504212213,2025-04-21T22:13:11.000Z,"Taungoo, Bago Region, Myanmar (Burma)",Myanmar,MM,Asia,earthquake,1745274172,1745273591,0,,"18.99,96.45",2025-04-21 22:13:11,2025-04-22 04:43:11
19.4190000,96.3480000,10.0000,2.40,ml,,,,,,th_13983_202504212156,2025-04-21T21:56:16.000Z,"Wayonle, Bago Region, Myanmar (Burma)",Myanmar,MM,Asia,earthquake,1745273043,1745272576,0,,"19.42,96.35",2025-04-21 21:56:16,2025-04-22 04:26:16
18.3110000,96.8020000,10.0000,2.00,ml,,,,,,th_13982_202504212125,2025-04-21T21:25:40.000Z,"Kyaukkyi, Bago Region, Myanmar (Burma)",Myanmar,MM,Asia,earthquake,1745271307,1745270740,0,,"18.31,96.80",2025-04-21 21:25:40,2025-04-22 03:55:40
21.9210000,96.3730000,10.0000,3.40,ml,,,,,,th_13981_202504212104,2025-04-21T21:04:45.000Z,"Anesakhan, Mandalay Region, Myanmar (Burma)",Myanmar,MM,Asia,earthquake,1745270382,1745269485,0,,"21.92,96.37",2025-04-21 21:04:45,2025-04-22 03:34:45
19.9670000,98.0280000,10.0000,1.80,ml,,,,,,th_13980_202504212041,2025-04-21T20:41:15.000Z,"Ta Ho-pong, Shan, Myanmar (Burma)",Myanmar,MM,Asia,earthquake,1745268488,1745268075,0,,"19.97,98.03",2025-04-21 20:41:15,2025-04-22 03:11:15
19.4370000,96.4190000,10.0000,2.60,ml,,,,,,th_13979_202504212019,2025-04-21T20:19:03.000Z,"Wayonle, Bago Region, Myanmar (Burma)",Myanmar,MM,Asia,earthquake,1745267098,1745266743,0,,"19.44,96.42",2025-04-21 20:19:03,2025-04-22 02:49:03
19.9720000,97.9900000,10.0000,1.50,ml,,,,,,th_13978_202504211913,2025-04-21T19:13:21.000Z,"Ta Ho-pong, Shan, Myanmar (Burma)",Myanmar,MM,Asia,earthquake,1745264155,1745262801,0,,"19.97,97.99",2025-04-21 19:13:21,2025-04-22 01:43:21
16.4630000,98.6400000,3.0000,1.80,ml,,,,,,th_13977_202504211909,2025-04-21T19:09:57.000Z,"Thabawtboe, Kayin State, Myanmar (Burma)",Myanmar,MM,Asia,earthquake,1745263464,1745262597,0,,"16.46,98.64",2025-04-21 19:09:57,2025-04-22 01:39:57
21.0530000,99.8300000,1.0000,1.90,ml,,,,,,th_13976_202504211900,2025-04-21T19:00:53.000Z,"Yangka, Shan, Myanmar (Burma)",Myanmar,MM,Asia,earthquake,1745262512,1745262053,0,,"21.05,99.83",2025-04-21 19:00:53,2025-04-22 01:30:53
19.9380000,97.9910000,1.0000,3.30,ml,,,,,,th_13975_202504211854,2025-04-21T18:54:39.000Z,"Ta Ho-pong, Shan, Myanmar (Burma)",Myanmar,MM,Asia,earthquake,1745262138,1745261679,1,,"19.94,97.99",2025-04-21 18:54:39,2025-04-22 01:24:39
21.9050000,98.0770000,10.0000,2.60,ml,,,,,,th_13974_202504211740,2025-04-21T17:40:41.000Z,"Wan Hai, Shan, Myanmar (Burma)",Myanmar,MM,Asia,earthquake,1745257723,1745257241,0,,"21.91,98.08",2025-04-21 17:40:41,2025-04-22 00:10:41
19.9380000,98.0150000,10.0000,1.70,ml,,,,,,th_13973_202504211736,2025-04-21T17:36:12.000Z,"Ta Ho-pong, Shan, Myanmar (Burma)",Myanmar,MM,Asia,earthquake,1745257390,1745256972,0,,"19.94,98.02",2025-04-21 17:36:12,2025-04-22 00:06:12
21.2930000,98.4460000,10.0000,2.40,ml,,,,,,th_13972_202504211723,2025-04-21T17:23:03.000Z,"Kunhing, Shan, Myanmar (Burma)",Myanmar,MM,Asia,earthquake,1745257118,1745256183,0,,"21.29,98.45",2025-04-21 17:23:03,2025-04-21 23:53:03
21.6780000,96.4460000,10.0000,3.30,ml,,,,,,th_13971_202504211433,2025-04-21T14:33:02.000Z,"Gwebin, Mandalay Region, Myanmar (Burma)",Myanmar,MM,Asia,earthquake,1745246393,1745245982,0,,"21.68,96.45",2025-04-21 14:33:02,2025-04-21 21:03:02
21.3780000,96.2400000,10.0000,3.80,ml,,,,,,th_13970_202504211045,2025-04-21T10:56:52.000Z,"Ywarkhainggyi, Mandalay Region, Myanmar (Burma)",Myanmar,MM,Asia,earthquake,1745232777,1745232348,0,,"21.38,96.24",2025-04-21 10:45:48,2025-04-21 17:15:48
20.0110000,97.8900000,10.0000,2.00,ml,,,,,,th_13967_202504210848,2025-04-21T08:48:15.000Z,"Wan Kongpao, Shan, Myanmar (Burma)",Myanmar,MM,Asia,earthquake,1745225931,1745225295,0,,"20.01,97.89",2025-04-21 08:48:15,2025-04-21 15:18:15
21.9080000,98.1020000,10.0000,3.00,ml,,,,,,th_13966_202504210834,2025-04-21T08:34:00.000Z,"Wan Hai, Shan, Myanmar (Burma)",Myanmar,MM,Asia,earthquake,1745225135,1745224440,0,,"21.91,98.10",2025-04-21 08:34:00,2025-04-21 15:04:00
22.0990000,98.0170000,10.0000,3.00,ml,,,,,,th_13965_202504210821,2025-04-21T08:21:53.000Z,"Man Kat, Shan, Myanmar (Burma)",Myanmar,MM,Asia,earthquake,1745224751,1745223713,0,,"22.10,98.02",2025-04-21 08:21:53,2025-04-21 14:51:53
22.0670000,98.1260000,10.0000,3.20,ml,,,,,,th_13964_202504210816,2025-04-21T08:16:36.000Z,"Kawnglang, Shan, Myanmar (Burma)",Myanmar,MM,Asia,earthquake,1745224298,1745223396,0,,"22.07,98.13",2025-04-21 08:16:36,2025-04-21 14:46:36
22.0490000,98.0960000,10.0000,3.10,ml,,,,,,th_13963_202504210812,2025-04-21T08:12:30.000Z,"Kawnglang, Shan, Myanmar (Burma)",Myanmar,MM,Asia,earthquake,1745224255,1745223150,0,,"22.05,98.10",2025-04-21 08:12:30,2025-04-21 14:42:30
22.0080000,98.0850000,10.0000,3.10,ml,,,,,,th_13962_202504210805,2025-04-21T08:05:54.000Z,"Keng Lon, Shan, Myanmar (Burma)",Myanmar,MM,Asia,earthquake,1745224211,1745222754,0,,"22.01,98.09",2025-04-21 08:05:54,2025-04-21 14:35:54
20.3300000,96.1740000,10.0000,2.90,ml,,,,,,th_13961_202504210649,2025-04-21T06:49:50.000Z,"Inbingyi, Mandalay Region, Myanmar (Burma)",Myanmar,MM,Asia,earthquake,1745219711,1745218190,0,,"20.33,96.17",2025-04-21 06:49:50,2025-04-21 13:19:50
22.0810000,96.4650000,10.0000,3.90,ml,,,,,,th_13960_202504210458,2025-04-21T05:21:37.000Z,"Pyin Oo Lwin, Mandalay Region, Myanmar (Burma)",Myanmar,MM,Asia,earthquake,1745212811,1745211496,0,,"22.08,96.47",2025-04-21 04:58:16,2025-04-21 11:28:16
19.2140000,97.5240000,2.0000,1.70,ml,,,,,,th_13956_202504202149,2025-04-20T21:49:04.000Z,"Ywarthit, Kayah State, Myanmar (Burma)",Myanmar,MM,Asia,earthquake,1745186713,1745185744,0,,"19.21,97.52",2025-04-20 21:49:04,2025-04-21 04:19:04
19.0610000,96.4520000,10.0000,4.30,ml,,,,,,in_OXRGL1ppK1h3UUtlUGcxSnFPdWZWUT09,2025-04-20T21:28:37.000Z,"Kaytumati, Bago Region, Myanmar (Burma)",Myanmar,MM,Asia,earthquake,1745184337,1745183870,0,,"19.26,96.38",2025-04-20 21:17:50,2025-04-21 03:47:50
22.1670000,96.2460000,10.0000,3.20,ml,,,,,,th_13953_202504201911,2025-04-20T19:11:52.000Z,"Aungthapye, Mandalay Region, Myanmar (Burma)",Myanmar,MM,Asia,earthquake,1745177916,1745176312,0,,"22.17,96.25",2025-04-20 19:11:52,2025-04-21 01:41:52
19.9700000,97.6360000,6.0000,2.70,ml,,,,,,th_13951_202504201902,2025-04-20T19:02:08.000Z,"Wan Panglu, Shan, Myanmar (Burma)",Myanmar,MM,Asia,earthquake,1745176068,1745175728,0,,"19.97,97.64",2025-04-20 19:02:08,2025-04-21 01:32:08
19.9130000,97.9460000,10.0000,2.30,ml,,,,,,th_13950_202504201820,2025-04-20T18:20:28.000Z,"Ta Ho-pong, Shan, Myanmar (Burma)",Myanmar,MM,Asia,earthquake,1745173616,1745173228,0,,"19.91,97.95",2025-04-20 18:20:28,2025-04-21 00:50:28
19.9150000,97.7650000,10.0000,2.10,ml,,,,,,th_13949_202504201738,2025-04-20T17:38:27.000Z,"Wan Hwè-ya-yung, Shan, Myanmar (Burma)",Myanmar,MM,Asia,earthquake,1745170974,1745170707,0,,"19.92,97.77",2025-04-20 17:38:27,2025-04-21 00:08:27
19.3690000,96.1830000,10.0000,2.30,ml,,,,,,th_13948_202504201459,2025-04-20T14:59:33.000Z,"Myohla, Bago Region, Myanmar (Burma)",Myanmar,MM,Asia,earthquake,1745161462,1745161173,0,,"19.37,96.18",2025-04-20 14:59:33,2025-04-20 21:29:33
19.0230000,96.4100000,10.0000,2.60,ml,,,,,,th_13947_202504201335,2025-04-20T13:35:24.000Z,"Kaytumati, Bago Region, Myanmar (Burma)",Myanmar,MM,Asia,earthquake,1745156403,1745156124,0,,"19.02,96.41",2025-04-20 13:35:24,2025-04-20 20:05:24
19.7250000,98.5340000,1.0000,1.90,ml,,,,,,th_13946_202504201241,2025-04-20T12:41:34.000Z,"Wan Hsenlong, Shan, Myanmar (Burma)",Myanmar,MM,Asia,earthquake,1745153538,1745152894,0,,"19.73,98.53",2025-04-20 12:41:34,2025-04-20 19:11:34
19.9670000,96.2560000,10.0000,2.90,ml,,,,,,th_13945_202504201109,2025-04-20T11:09:04.000Z,"Tegon, Naypyidaw Union Territory, Myanmar (Burma)",Myanmar,MM,Asia,earthquake,1745147674,1745147344,0,,"19.97,96.26",2025-04-20 11:09:04,2025-04-20 17:39:04
19.2580000,96.5130000,110.0000,2.40,ml,,,,,,th_13944_202504201050,2025-04-20T10:50:32.000Z,"Pebo, Kayin State, Myanmar (Burma)",Myanmar,MM,Asia,earthquake,1745146671,1745146232,0,,"19.26,96.51",2025-04-20 10:50:32,2025-04-20 17:20:32
18.7490000,96.3440000,10.0000,2.10,ml,,,,,,th_13943_202504201016,2025-04-20T10:16:56.000Z,"Bon Chaung, Bago Region, Myanmar (Burma)",Myanmar,MM,Asia,earthquake,1745144787,1745144216,0,,"18.75,96.34",2025-04-20 10:16:56,2025-04-20 16:46:56
18.9400000,96.3090000,10.0000,2.80,ml,,,,,,th_13942_202504200713,2025-04-20T07:13:52.000Z,"Kanbaukkyi, Bago Region, Myanmar (Burma)",Myanmar,MM,Asia,earthquake,1745133564,1745133232,0,,"18.94,96.31",2025-04-20 07:13:52,2025-04-20 13:43:52
21.5160000,96.2240000,10.0000,3.90,ml,,,,,,th_13941_202504200701,2025-04-20T07:07:52.000Z,"Thanywa, Mandalay Region, Myanmar (Burma)",Myanmar,MM,Asia,earthquake,1745132836,1745132500,0,,"21.52,96.22",2025-04-20 07:01:40,2025-04-20 13:31:40
19.8960000,97.8280000,45.0000,2.10,ml,,,,,,th_13940_202504200542,2025-04-20T05:42:45.000Z,"Ta Öngmu, Shan, Myanmar (Burma)",Myanmar,MM,Asia,earthquake,1745128023,1745127765,0,,"19.90,97.83",2025-04-20 05:42:45,2025-04-20 12:12:45
18.9560000,96.4870000,10.0000,2.70,ml,,,,,,th_13939_202504200246,2025-04-20T02:46:29.000Z,"Taungoo, Bago Region, Myanmar (Burma)",Myanmar,MM,Asia,earthquake,1745117626,1745117189,0,,"18.96,96.49",2025-04-20 02:46:29,2025-04-20 09:16:29
20.0180000,96.3040000,10.0000,2.60,ml,,,,,,th_13938_202504200135,2025-04-20T01:35:29.000Z,"Setkon, Naypyidaw Union Territory, Myanmar (Burma)",Myanmar,MM,Asia,earthquake,1745113911,1745112929,0,,"20.02,96.30",2025-04-20 01:35:29,2025-04-20 08:05:29
19.7270000,98.4280000,2.0000,1.90,ml,,,,,,th_13936_202504200028,2025-04-20T00:28:12.000Z,"Wan Hsenlong, Shan, Myanmar (Burma)",Myanmar,MM,Asia,earthquake,1745109528,1745108892,0,,"19.73,98.43",2025-04-20 00:28:12,2025-04-20 06:58:12
19.7420000,96.3630000,10.0000,2.40,ml,,,,,,th_13935_202504200021,2025-04-20T00:21:30.000Z,"Teinpyaung Auk, Naypyidaw Union Territory, Myanmar (Burma)",Myanmar,MM,Asia,earthquake,1745108999,1745108490,0,,"19.74,96.36",2025-04-20 00:21:30,2025-04-20 06:51:30
21.5690000,96.3430000,10.0000,3.00,ml,,,,,,th_13933_202504192214,2025-04-19T22:14:55.000Z,"Chaungzon, Mandalay Region, Myanmar (Burma)",Myanmar,MM,Asia,earthquake,1745101972,1745100895,0,,"21.57,96.34",2025-04-19 22:14:55,2025-04-20 04:44:55
21.3070000,99.5780000,10.0000,2.10,ml,,,,,,th_13931_202504192200,2025-04-19T22:00:23.000Z,"Keng Tung, Shan, Myanmar (Burma)",Myanmar,MM,Asia,earthquake,1745101187,1745100023,0,,"21.31,99.58",2025-04-19 22:00:23,2025-04-20 04:30:23
19.4010000,96.5270000,10.0000,2.00,ml,,,,,,th_13930_202504192102,2025-04-19T21:02:50.000Z,"Amayadaung, Kayin State, Myanmar (Burma)",Myanmar,MM,Asia,earthquake,1745097245,1745096570,0,,"19.40,96.53",2025-04-19 21:02:50,2025-04-20 03:32:50
21.7320000,96.1180000,10.0000,3.30,ml,,,,,,th_13927_202504191841,2025-04-19T18:41:28.000Z,"Sintgaing, Mandalay Region, Myanmar (Burma)",Myanmar,MM,Asia,earthquake,1745088615,1745088088,0,,"21.73,96.12",2025-04-19 18:41:28,2025-04-20 01:11:28
21.7850000,96.4140000,10.0000,3.00,ml,,,,,,th_13926_202504191819,2025-04-19T18:19:16.000Z,"Shwegyaung, Mandalay Region, Myanmar (Burma)",Myanmar,MM,Asia,earthquake,1745087332,1745086756,0,,"21.79,96.41",2025-04-19 18:19:16,2025-04-20 00:49:16
20.2120000,96.5600000,10.0000,2.40,ml,,,,,,th_13924_202504191648,2025-04-19T16:48:26.000Z,"Lonpar Anauk, Shan, Myanmar (Burma)",Myanmar,MM,Asia,earthquake,1745081796,1745081306,0,,"20.21,96.56",2025-04-19 16:48:26,2025-04-19 23:18:26
20.6930000,96.2400000,10.0000,3.40,ml,,,,,,th_13923_202504191622,2025-04-19T16:22:04.000Z,"Payangazu, Mandalay Region, Myanmar (Burma)",Myanmar,MM,Asia,earthquake,1745080675,1745079724,0,,"20.69,96.24",2025-04-19 16:22:04,2025-04-19 22:52:04
20.2490000,98.9490000,3.0000,2.00,ml,,,,,,th_13921_202504191535,2025-04-19T15:35:09.000Z,"Mongton, Shan, Myanmar (Burma)",Myanmar,MM,Asia,earthquake,1745077493,1745076909,0,,"20.25,98.95",2025-04-19 15:35:09,2025-04-19 22:05:09
21.8410000,96.2180000,10.0000,2.90,ml,,,,,,th_13920_202504191525,2025-04-19T15:25:44.000Z,"Ohn Chaw, Mandalay Region, Myanmar (Burma)",Myanmar,MM,Asia,earthquake,1745077020,1745076344,0,,"21.84,96.22",2025-04-19 15:25:44,2025-04-19 21:55:44
20.4450000,96.6160000,10.0000,2.50,ml,,,,,,th_13919_202504191450,2025-04-19T14:50:09.000Z,"Alawngbauk, Shan, Myanmar (Burma)",Myanmar,MM,Asia,earthquake,1745075622,1745074209,0,,"20.45,96.62",2025-04-19 14:50:09,2025-04-19 21:20:09
19.7830000,96.5520000,10.0000,2.40,ml,,,,,,th_13918_202504191425,2025-04-19T14:25:32.000Z,"Saungdaung Anauk, Naypyidaw Union Territory, Myanmar (Burma)",Myanmar,MM,Asia,earthquake,1745073145,1745072732,0,,"19.78,96.55",2025-04-19 14:25:32,2025-04-19 20:55:32
19.2710000,96.5810000,10.0000,2.10,ml,,,,,,th_13917_202504191351,2025-04-19T13:51:01.000Z,"Kyemin Ale, Kayin State, Myanmar (Burma)",Myanmar,MM,Asia,earthquake,1745071035,1745070661,0,,"19.27,96.58",2025-04-19 13:51:01,2025-04-19 20:21:01
22.0080000,96.6060000,10.0000,2.70,ml,,,,,,th_13916_202504191220,2025-04-19T12:20:53.000Z,"Thinkadon, Mandalay Region, Myanmar (Burma)",Myanmar,MM,Asia,earthquake,1745066102,1745065253,0,,"22.01,96.61",2025-04-19 12:20:53,2025-04-19 18:50:53
20.1660000,98.1530000,4.0000,2.10,ml,,,,,,th_13915_202504191216,2025-04-19T12:16:26.000Z,"Üng-yao, Shan, Myanmar (Burma)",Myanmar,MM,Asia,earthquake,1745065447,1745064986,0,,"20.17,98.15",2025-04-19 12:16:26,2025-04-19 18:46:26
18.6090000,96.5540000,10.0000,2.50,ml,,,,,,th_13914_202504191153,2025-04-19T11:53:35.000Z,"Oakphyat, Bago Region, Myanmar (Burma)",Myanmar,MM,Asia,earthquake,1745064638,1745063615,0,,"18.61,96.55",2025-04-19 11:53:35,2025-04-19 18:23:35
18.5470000,96.5910000,10.0000,4.10,ml,,,,,,ems_202504_1796810,2025-04-19T12:00:37.000Z,"Oakphyat, Bago Region, Myanmar (Burma)",Myanmar,MM,Asia,earthquake,1745064052,1745063425,0,,"18.55,96.59",2025-04-19 11:50:25,2025-04-19 18:20:25
20.4610000,98.3300000,10.0000,2.20,ml,,,,,,th_13912_202504191031,2025-04-19T10:31:09.000Z,"Wan Namhok, Shan, Myanmar (Burma)",Myanmar,MM,Asia,earthquake,1745059067,1745058669,0,,"20.46,98.33",2025-04-19 10:31:09,2025-04-19 17:01:09
20.1440000,98.0350000,10.0000,1.90,ml,,,,,,th_13910_202504191010,2025-04-19T10:10:34.000Z,"Wan Hwè-ning, Shan, Myanmar (Burma)",Myanmar,MM,Asia,earthquake,1745058045,1745057434,0,,"20.14,98.04",2025-04-19 10:10:34,2025-04-19 16:40:34
19.9400000,97.9420000,23.0000,1.80,ml,,,,,,th_13911_202504190944,2025-04-19T09:44:19.000Z,"Ta Ho-pong, Shan, Myanmar (Burma)",Myanmar,MM,Asia,earthquake,1745058059,1745055859,0,,"19.94,97.94",2025-04-19 09:44:19,2025-04-19 16:14:19
19.8000000,98.3930000,3.0000,2.00,ml,,,,,,th_13909_202504190749,2025-04-19T07:49:07.000Z,"Wan Punglong, Shan, Myanmar (Burma)",Myanmar,MM,Asia,earthquake,1745049431,1745048947,0,,"19.80,98.39",2025-04-19 07:49:07,2025-04-19 14:19:07
18.9920000,96.7950000,10.0000,2.20,ml,,,,,,th_13908_202504190712,2025-04-19T07:12:43.000Z,"Bahèdo, Kayin State, Myanmar (Burma)",Myanmar,MM,Asia,earthquake,1745047439,1745046763,0,,"18.99,96.80",2025-04-19 07:12:43,2025-04-19 13:42:43
20.0880000,97.8930000,10.0000,2.00,ml,,,,,,th_13906_202504190149,2025-04-19T01:49:40.000Z,"Wan Kongpao, Shan, Myanmar (Burma)",Myanmar,MM,Asia,earthquake,1745028404,1745027380,0,,"20.09,97.89",2025-04-19 01:49:40,2025-04-19 08:19:40
21.0870000,96.1950000,10.0000,4.20,ml,,,,,,ems_202504_1796651,2025-04-19T01:28:41.000Z,"Thabyethar, Mandalay Region, Myanmar (Burma)",Myanmar,MM,Asia,earthquake,1745026133,1745025609,0,,"21.09,96.20",2025-04-19 01:20:09,2025-04-19 07:50:09
19.0830000,96.5490000,10.0000,2.70,ml,,,,,,th_13904_202504182125,2025-04-18T21:25:36.000Z,"Kayin State, Myanmar (Burma)",Myanmar,MM,Asia,earthquake,1745012965,1745011536,1,,"19.08,96.55",2025-04-18 21:25:36,2025-04-19 03:55:36
21.1520000,96.4150000,10.0000,2.90,ml,,,,,,th_13903_202504182123,2025-04-18T21:23:19.000Z,"Ywangan, Shan, Myanmar (Burma)",Myanmar,MM,Asia,earthquake,1745012916,1745011399,0,,"21.15,96.42",2025-04-18 21:23:19,2025-04-19 03:53:19
15.4230000,96.7050000,10.0000,2.60,ml,,,,,,th_13902_202504182046,2025-04-18T20:46:25.000Z,Myanmar (Burma),Near South Coast of Myanmar,MM,Asia,earthquake,1745010237,1745009185,0,,"15.42,96.71",2025-04-18 20:46:25,2025-04-19 03:16:25
19.9530000,96.3800000,10.0000,2.60,ml,,,,,,th_13901_202504182039,2025-04-18T20:39:55.000Z,"Thalaing, Naypyidaw Union Territory, Myanmar (Burma)",Myanmar,MM,Asia,earthquake,1745009275,1745008795,0,,"19.95,96.38",2025-04-18 20:39:55,2025-04-19 03:09:55
19.0400000,96.5910000,10.0000,2.30,ml,,,,,,th_13900_202504182030,2025-04-18T20:30:55.000Z,"Thandaung, Kayin State, Myanmar (Burma)",Myanmar,MM,Asia,earthquake,1745008787,1745008255,0,,"19.04,96.59",2025-04-18 20:30:55,2025-04-19 03:00:55
20.4174000,96.1335000,10.0000,4.20,ml,,,,,,in_WkNRUHNwYjlhM3RVSG4yRlFRWEh0Zz09,2025-04-19T15:27:46.000Z,"Yamethin, Mandalay Region, Myanmar (Burma)",Myanmar,MM,Asia,earthquake,1744999946,1744999282,0,,"20.51,96.12",2025-04-18 18:01:22,2025-04-19 00:31:22
19.3320000,96.4190000,10.0000,4.40,ml,,,,,,ems_202504_1796536,2025-04-18T17:42:36.000Z,"Sibaing, Bago Region, Myanmar (Burma)",Myanmar,MM,Asia,earthquake,1744998171,1744997646,0,,"19.33,96.42",2025-04-18 17:34:06,2025-04-19 00:04:06
19.2500000,96.3970000,10.0000,2.20,ml,,,,,,th_13897_202504181703,2025-04-18T17:03:25.000Z,"Sibaing, Bago Region, Myanmar (Burma)",Myanmar,MM,Asia,earthquake,1744996929,1744995805,0,,"19.25,96.40",2025-04-18 17:03:25,2025-04-18 23:33:25
21.7600000,96.2360000,10.0000,2.80,ml,,,,,,th_13895_202504181526,2025-04-18T15:26:33.000Z,"Daunggyigwe, Mandalay Region, Myanmar (Burma)",Myanmar,MM,Asia,earthquake,1744990760,1744989993,0,,"21.76,96.24",2025-04-18 15:26:33,2025-04-18 21:56:33
18.9560000,97.6750000,1.0000,1.70,ml,,,,,,th_13896_202504181510,2025-04-18T15:10:29.000Z,"Kayah State, Myanmar (Burma)",Myanmar,MM,Asia,earthquake,1744991328,1744989029,0,,"18.96,97.68",2025-04-18 15:10:29,2025-04-18 21:40:29
21.8060000,96.4110000,10.0000,3.60,ml,,,,,,th_13894_202504181326,2025-04-18T13:42:34.000Z,"Shwegyaung, Mandalay Region, Myanmar (Burma)",Myanmar,MM,Asia,earthquake,1744983378,1744982794,0,,"21.81,96.41",2025-04-18 13:26:34,2025-04-18 19:56:34
19.7090000,98.4850000,10.0000,2.00,ml,,,,,,th_13893_202504181323,2025-04-18T13:23:18.000Z,"Wan Hsenlong, Shan, Myanmar (Burma)",Myanmar,MM,Asia,earthquake,1744983019,1744982598,1,,"19.71,98.49",2025-04-18 13:23:18,2025-04-18 19:53:18
20.1030000,96.4800000,10.0000,3.70,ml,,,,,,th_13892_202504181239,2025-04-18T12:49:37.000Z,"Tatkon, Shan, Myanmar (Burma)",Myanmar,MM,Asia,earthquake,1744980532,1744979952,0,,"20.10,96.48",2025-04-18 12:39:12,2025-04-18 19:09:12
20.3520000,96.4170000,10.0000,3.50,ml,,,,,,th_13891_202504180940,2025-04-18T10:28:38.000Z,"Htongyidaung, Mandalay Region, Myanmar (Burma)",Myanmar,MM,Asia,earthquake,1744969706,1744969235,0,,"20.35,96.42",2025-04-18 09:40:35,2025-04-18 16:10:35
17.4650000,96.2810000,10.0000,2.90,ml,,,,,,th_13890_202504180852,2025-04-18T08:52:39.000Z,"Htan Taw Gyi, Bago Region, Myanmar (Burma)",Myanmar,MM,Asia,earthquake,1744966951,1744966359,0,,"17.47,96.28",2025-04-18 08:52:39,2025-04-18 15:22:39
18.7730000,96.5780000,10.0000,3.90,ml,,,,,,th_13888_202504180230,2025-04-18T02:42:55.000Z,"Alesengyaung, Kayin State, Myanmar (Burma)",Myanmar,MM,Asia,earthquake,1744943789,1744943435,0,,"18.77,96.58",2025-04-18 02:30:35,2025-04-18 09:00:35
20.4620000,96.2890000,10.0000,3.20,ml,,,,,,th_13887_202504180123,2025-04-18T01:23:29.000Z,"Bwetywa, Mandalay Region, Myanmar (Burma)",Myanmar,MM,Asia,earthquake,1744940489,1744939409,0,,"20.46,96.29",2025-04-18 01:23:29,2025-04-18 07:53:29
21.1480000,99.3110000,10.0000,2.70,ml,,,,,,th_13885_202504180015,2025-04-18T00:15:00.000Z,"Mawnkak, Shan, Myanmar (Burma)",Myanmar,MM,Asia,earthquake,1744935758,1744935300,0,,"21.15,99.31",2025-04-18 00:15:00,2025-04-18 06:45:00
22.6973000,96.0694000,10.0000,4.10,ml,,,,,,in_WjZIWUwreldxTUtPRGQzaHB4cjMrQT09,2025-04-18T02:52:40.000Z,"KyiTaukPauk, Mandalay Region, Myanmar (Burma)",Myanmar,MM,Asia,earthquake,1744925862,1744925263,0,,"22.51,96.07",2025-04-17 21:27:43,2025-04-18 03:57:43
21.1030000,99.2570000,1.0000,3.00,ml,,,,,,th_13883_202504172017,2025-04-17T20:17:20.000Z,"Wan Pong, Shan, Myanmar (Burma)",Myanmar,MM,Asia,earthquake,1744921513,1744921040,0,,"21.10,99.26",2025-04-17 20:17:20,2025-04-18 02:47:20
20.2850000,98.2390000,1.0000,2.10,ml,,,,,,th_13882_202504171838,2025-04-17T18:38:55.000Z,"Na-law, Shan, Myanmar (Burma)",Myanmar,MM,Asia,earthquake,1744915486,1744915135,0,,"20.29,98.24",2025-04-17 18:38:55,2025-04-18 01:08:55
19.7950000,97.7270000,5.0000,1.80,ml,,,,,,th_13880_202504171748,2025-04-17T17:48:10.000Z,"Ta-hsopteng, Shan, Myanmar (Burma)",Myanmar,MM,Asia,earthquake,1744912459,1744912090,0,,"19.80,97.73",2025-04-17 17:48:10,2025-04-18 00:18:10
19.7100000,98.4940000,1.0000,1.40,ml,,,,,,th_13879_202504171744,2025-04-17T17:44:07.000Z,"Wan Hsenlong, Shan, Myanmar (Burma)",Myanmar,MM,Asia,earthquake,1744912345,1744911847,0,,"19.71,98.49",2025-04-17 17:44:07,2025-04-18 00:14:07
18.1850000,96.3770000,10.0000,2.00,ml,,,,,,th_13878_202504171634,2025-04-17T16:34:26.000Z,"Zalokkyi, Bago Region, Myanmar (Burma)",Myanmar,MM,Asia,earthquake,1744908729,1744907666,0,,"18.19,96.38",2025-04-17 16:34:26,2025-04-17 23:04:26
17.3450000,96.0310000,10.0000,3.10,ml,,,,,,th_13877_202504171352,2025-04-17T13:52:14.000Z,"Taik Kyi, Yangon Region, Myanmar (Burma)",Myanmar,MM,Asia,earthquake,1744898388,1744897934,0,,"17.35,96.03",2025-04-17 13:52:14,2025-04-17 20:22:14
19.0140000,96.4070000,10.0000,2.90,ml,,,,,,th_13876_202504171205,2025-04-17T12:05:41.000Z,"Kaytumati, Bago Region, Myanmar (Burma)",Myanmar,MM,Asia,earthquake,1744891836,1744891541,0,,"19.01,96.41",2025-04-17 12:05:41,2025-04-17 18:35:41
19.3030000,96.2880000,10.0000,2.70,ml,,,,,,th_13875_202504171157,2025-04-17T11:57:42.000Z,"Thagaya, Bago Region, Myanmar (Burma)",Myanmar,MM,Asia,earthquake,1744891486,1744891062,0,,"19.30,96.29",2025-04-17 11:57:42,2025-04-17 18:27:42
19.0320000,96.5290000,10.0000,2.80,ml,,,,,,th_13874_202504171109,2025-04-17T11:09:56.000Z,"Kanbin, Bago Region, Myanmar (Burma)",Myanmar,MM,Asia,earthquake,1744888714,1744888196,0,,"19.03,96.53",2025-04-17 11:09:56,2025-04-17 17:39:56
18.9580000,96.5670000,10.0000,2.50,ml,,,,,,th_13873_202504170744,2025-04-17T07:44:26.000Z,"Taungoo, Bago Region, Myanmar (Burma)",Myanmar,MM,Asia,earthquake,1744876342,1744875866,0,,"18.96,96.57",2025-04-17 07:44:26,2025-04-17 14:14:26
22.1019000,96.1062000,10.0000,4.50,mb,51,67,1.421,0.51,us,in_aXl5VFY0eWFuOGNnQnpJQ2hXRWJ3UT09,2025-04-17T17:12:51.780Z,"Mandalay, Burma (Myanmar)","14km N of Mandalay, Burma (Myanmar)",MM,Asia,earthquake,1744871962,1744871554,1,,"21.95,96.10",2025-04-17 06:32:34,2025-04-17 13:02:34
22.6110000,96.2700000,9.0000,3.70,ml,,,,,,th_13871_202504170454,2025-04-17T05:07:43.000Z,"Shan, Myanmar (Burma)",Myanmar,MM,Asia,earthquake,1744866060,1744865695,0,,"22.61,96.27",2025-04-17 04:54:55,2025-04-17 11:24:55
21.6440000,99.0660000,1.0000,3.00,ml,,,,,,th_13870_202504170430,2025-04-17T04:30:06.000Z,"Wan Kawnhawng, Shan, Myanmar (Burma)",Myanmar,MM,Asia,earthquake,1744864511,1744864206,0,,"21.64,99.07",2025-04-17 04:30:06,2025-04-17 11:00:06
19.6800000,97.7060000,5.0000,2.40,ml,,,,,,th_13869_202504170158,2025-04-17T01:58:00.000Z,"Kiu-neng, Shan, Myanmar (Burma)",Myanmar,MM,Asia,earthquake,1744855470,1744855080,0,,"19.68,97.71",2025-04-17 01:58:00,2025-04-17 08:28:00
18.9990000,96.4640000,10.0000,2.50,ml,,,,,,th_13868_202504170036,2025-04-17T00:36:43.000Z,"Kaytumati, Bago Region, Myanmar (Burma)",Myanmar,MM,Asia,earthquake,1744851625,1744850203,0,,"19.00,96.46",2025-04-17 00:36:43,2025-04-17 07:06:43
22.2980000,96.2690000,10.0000,3.20,ml,,,,,,th_13867_202504170033,2025-04-17T00:33:39.000Z,"Sedaw, Mandalay Region, Myanmar (Burma)",Myanmar,MM,Asia,earthquake,1744851577,1744850019,0,,"22.30,96.27",2025-04-17 00:33:39,2025-04-17 07:03:39
21.2150000,96.3440000,10.0000,2.80,ml,,,,,,th_13866_202504170018,2025-04-17T00:18:31.000Z,"Kanze, Mandalay Region, Myanmar (Burma)",Myanmar,MM,Asia,earthquake,1744850082,1744849111,0,,"21.22,96.34",2025-04-17 00:18:31,2025-04-17 06:48:31
18.6930000,96.4020000,10.0000,2.60,ml,,,,,,th_13865_202504162354,2025-04-16T23:54:02.000Z,"Kywebwe, Bago Region, Myanmar (Burma)",Myanmar,MM,Asia,earthquake,1744848256,1744847642,0,,"18.69,96.40",2025-04-16 23:54:02,2025-04-17 06:24:02
21.7870000,96.4280000,8.0000,3.40,ml,,,,,,th_13864_202504162339,2025-04-16T23:39:02.000Z,"Shwegyaung, Mandalay Region, Myanmar (Burma)",Myanmar,MM,Asia,earthquake,1744847393,1744846742,0,,"21.79,96.43",2025-04-16 23:39:02,2025-04-17 06:09:02
18.6130000,96.5100000,10.0000,3.00,ml,,,,,,th_13863_202504162331,2025-04-16T23:31:56.000Z,"Kan Ka Lay, ပဲခူးတိုင်းဒေသကြီး, Myanmar (Burma)",Myanmar,MM,Asia,earthquake,1744846805,1744846316,0,,"18.61,96.51",2025-04-16 23:31:56,2025-04-17 06:01:56
19.6670000,96.2030000,10.0000,3.50,ml,,,,,,th_13862_202504162301,2025-04-16T23:14:36.000Z,"Zaungchan, နေပြည်တော် ပြည်တောင်စုနယ်မြေ, Myanmar (Burma)",Myanmar,MM,Asia,earthquake,1744845019,1744844508,0,,"19.67,96.20",2025-04-16 23:01:48,2025-04-17 05:31:48
19.1850000,96.3680000,10.0000,2.90,ml,,,,,,th_13860_202504162153,2025-04-16T21:53:06.000Z,"Yedashe, Bago Region, Myanmar (Burma)",Myanmar,MM,Asia,earthquake,1744840779,1744840386,0,,"19.19,96.37",2025-04-16 21:53:06,2025-04-17 04:23:06
19.0680000,96.3380000,10.0000,3.30,ml,,,,,,th_13859_202504162133,2025-04-16T21:33:20.000Z,"Kyun Kone, Bago Region, Myanmar (Burma)",Myanmar,MM,Asia,earthquake,1744839627,1744839200,0,,"19.07,96.34",2025-04-16 21:33:20,2025-04-17 04:03:20
19.0890000,96.5480000,10.0000,2.20,ml,,,,,,th_13858_202504162030,2025-04-16T20:30:33.000Z,"Kayin State, Myanmar (Burma)",Myanmar,MM,Asia,earthquake,1744835954,1744835433,1,,"19.09,96.55",2025-04-16 20:30:33,2025-04-17 03:00:33
19.7120000,95.8450000,10.0000,2.60,ml,,,,,,th_13856_202504161732,2025-04-16T17:32:11.000Z,"Thayetchaung, Naypyidaw Union Territory, Myanmar (Burma)",Myanmar,MM,Asia,earthquake,1744825119,1744824731,0,,"19.71,95.85",2025-04-16 17:32:11,2025-04-17 00:02:11
17.0530000,95.9830000,10.0000,2.60,ml,,,,,,th_13855_202504161717,2025-04-16T17:17:10.000Z,"Htantabin, Yangon Region, Myanmar (Burma)",Myanmar,MM,Asia,earthquake,1744824535,1744823830,0,,"17.05,95.98",2025-04-16 17:17:10,2025-04-16 23:47:10
19.0540000,97.4690000,2.0000,1.60,ml,,,,,,th_13854_202504161705,2025-04-16T17:05:09.000Z,"Ho-hwè-ko-sa-pa, Kayah State, Myanmar (Burma)",Myanmar,MM,Asia,earthquake,1744823437,1744823109,0,,"19.05,97.47",2025-04-16 17:05:09,2025-04-16 23:35:09
19.1530000,96.3940000,10.0000,2.30,ml,,,,,,th_13853_202504161605,2025-04-16T16:05:28.000Z,"Yedashe, Bago Region, Myanmar (Burma)",Myanmar,MM,Asia,earthquake,1744823392,1744819528,0,,"19.15,96.39",2025-04-16 16:05:28,2025-04-16 22:35:28
18.8810000,96.2840000,10.0000,2.40,ml,,,,,,th_13852_202504161600,2025-04-16T16:00:46.000Z,"Letpangon, Bago Region, Myanmar (Burma)",Myanmar,MM,Asia,earthquake,1744819494,1744819246,0,,"18.88,96.28",2025-04-16 16:00:46,2025-04-16 22:30:46
18.7570000,96.5000000,10.0000,2.40,ml,,,,,,th_13851_202504161323,2025-04-16T13:23:51.000Z,"Bomari, Bago Region, Myanmar (Burma)",Myanmar,MM,Asia,earthquake,1744810203,1744809831,0,,"18.76,96.50",2025-04-16 13:23:51,2025-04-16 19:53:51
20.1580000,96.1520000,10.0000,4.10,ml,,,,,,ems_202504_1795523,2025-04-16T10:35:55.000Z,"Tatkon, Naypyidaw Union Territory, Myanmar (Burma)",Myanmar,MM,Asia,earthquake,1744799778,1744799266,0,,"20.16,96.15",2025-04-16 10:27:46,2025-04-16 16:57:46
19.5960000,96.3780000,10.0000,2.40,ml,,,,,,th_13849_202504160850,2025-04-16T08:50:39.000Z,"Seikuhudaung, Naypyidaw Union Territory, Myanmar (Burma)",Myanmar,MM,Asia,earthquake,1744794245,1744793439,0,,"19.60,96.38",2025-04-16 08:50:39,2025-04-16 15:20:39
18.4210000,96.7320000,10.0000,2.40,ml,,,,,,th_13848_202504160707,2025-04-16T07:07:15.000Z,"Kyaungbya, Bago Region, Myanmar (Burma)",Myanmar,MM,Asia,earthquake,1744788710,1744787235,0,,"18.42,96.73",2025-04-16 07:07:15,2025-04-16 13:37:15
18.6590000,96.4990000,10.0000,2.80,ml,,,,,,th_13847_202504160700,2025-04-16T07:00:13.000Z,"Zayatkyi, Bago Region, Myanmar (Burma)",Myanmar,MM,Asia,earthquake,1744787075,1744786813,0,,"18.66,96.50",2025-04-16 07:00:13,2025-04-16 13:30:13
22.1410000,96.3940000,10.0000,3.20,ml,,,,,,th_13846_202504160622,2025-04-16T06:22:18.000Z,"Khai-aw, Mandalay Region, Myanmar (Burma)",Myanmar,MM,Asia,earthquake,1744785288,1744784538,0,,"22.14,96.39",2025-04-16 06:22:18,2025-04-16 12:52:18
19.3410000,96.2960000,10.0000,2.70,ml,,,,,,th_13845_202504160526,2025-04-16T05:26:09.000Z,"Thagaya, Bago Region, Myanmar (Burma)",Myanmar,MM,Asia,earthquake,1744782463,1744781169,0,,"19.34,96.30",2025-04-16 05:26:09,2025-04-16 11:56:09
21.1400000,96.1100000,10.0000,3.70,ml,,,,,,in_TTBNQlpSQnQxajVyeEpOcFJSMGs5UT09,2025-04-16T04:46:24.000Z,"Donekone, Mandalay Region, Myanmar (Burma)",Myanmar,MM,Asia,earthquake,1744779559,1744778784,0,,"21.14,96.11",2025-04-16 04:46:24,2025-04-16 11:16:24
19.3240000,96.2600000,10.0000,2.60,ml,,,,,,th_13843_202504160434,2025-04-16T04:34:15.000Z,"Thagaya, Bago Region, Myanmar (Burma)",Myanmar,MM,Asia,earthquake,1744778628,1744778055,0,,"19.32,96.26",2025-04-16 04:34:15,2025-04-16 11:04:15
18.9610000,96.5940000,10.0000,2.20,ml,,,,,,th_13842_202504160412,2025-04-16T04:12:03.000Z,"Oo Shit Kone, Kayin State, Myanmar (Burma)",Myanmar,MM,Asia,earthquake,1744777087,1744776723,0,,"18.96,96.59",2025-04-16 04:12:03,2025-04-16 10:42:03
19.2630000,96.3960000,10.0000,2.20,ml,,,,,,th_13840_202504160227,2025-04-16T02:27:51.000Z,"Sibaing, Bago Region, Myanmar (Burma)",Myanmar,MM,Asia,earthquake,1744772337,1744770471,0,,"19.26,96.40",2025-04-16 02:27:51,2025-04-16 08:57:51
19.9780000,96.1650000,10.0000,2.30,ml,,,,,,th_13841_202504160222,2025-04-16T02:22:59.000Z,"Pazunzeik, Naypyidaw Union Territory, Myanmar (Burma)",Myanmar,MM,Asia,earthquake,1744772871,1744770179,0,,"19.98,96.17",2025-04-16 02:22:59,2025-04-16 08:52:59
18.7580000,96.4540000,10.0000,3.30,ml,,,,,,th_13839_202504160124,2025-04-16T01:24:46.000Z,"Bomari, Bago Region, Myanmar (Burma)",Myanmar,MM,Asia,earthquake,1744767084,1744766686,0,,"18.76,96.45",2025-04-16 01:24:46,2025-04-16 07:54:46
19.9750000,96.3200000,10.0000,2.50,ml,,,,,,th_13838_202504160112,2025-04-16T01:12:58.000Z,"Thalaing, Naypyidaw Union Territory, Myanmar (Burma)",Myanmar,MM,Asia,earthquake,1744766416,1744765978,0,,"19.98,96.32",2025-04-16 01:12:58,2025-04-16 07:42:58
19.6570000,97.7790000,10.0000,2.10,ml,,,,,,th_13836_202504152257,2025-04-15T22:57:25.000Z,"Daw Pawtu, Kayah State, Myanmar (Burma)",Myanmar,MM,Asia,earthquake,1744758702,1744757845,0,,"19.66,97.78",2025-04-15 22:57:25,2025-04-16 05:27:25
20.1610000,98.1300000,10.0000,2.00,ml,,,,,,th_13835_202504152248,2025-04-15T22:48:27.000Z,"Üng-yao, Shan, Myanmar (Burma)",Myanmar,MM,Asia,earthquake,1744758644,1744757307,0,,"20.16,98.13",2025-04-15 22:48:27,2025-04-16 05:18:27
19.2380000,96.2450000,10.0000,2.30,ml,,,,,,th_13834_202504152144,2025-04-15T21:44:13.000Z,"Baungdok, Bago Region, Myanmar (Burma)",Myanmar,MM,Asia,earthquake,1744754216,1744753453,0,,"19.24,96.25",2025-04-15 21:44:13,2025-04-16 04:14:13
18.5980000,96.3970000,10.0000,2.70,ml,,,,,,th_13833_202504152128,2025-04-15T21:28:48.000Z,"Nyaung Chay Htauk, Bago Region, Myanmar (Burma)",Myanmar,MM,Asia,earthquake,1744753078,1744752528,0,,"18.60,96.40",2025-04-15 21:28:48,2025-04-16 03:58:48
19.5850000,97.7270000,10.0000,1.90,ml,,,,,,th_13832_202504152048,2025-04-15T20:48:47.000Z,"Daw Pawtu, Kayah State, Myanmar (Burma)",Myanmar,MM,Asia,earthquake,1744750697,1744750127,0,,"19.59,97.73",2025-04-15 20:48:47,2025-04-16 03:18:47
18.9230000,96.3490000,10.0000,3.70,ml,,,,,,th_13830_202504151911,2025-04-15T19:56:37.000Z,"Kanbaukkyi, Bago Region, Myanmar (Burma)",Myanmar,MM,Asia,earthquake,1744744630,1744744318,0,,"18.92,96.35",2025-04-15 19:11:58,2025-04-16 01:41:58
19.6740000,97.5840000,3.0000,2.70,ml,,,,,,th_13829_202504151909,2025-04-15T19:09:12.000Z,"Shadaw, Kayah State, Myanmar (Burma)",Myanmar,MM,Asia,earthquake,1744744443,1744744152,0,,"19.67,97.58",2025-04-15 19:09:12,2025-04-16 01:39:12
15.4310000,96.0750000,10.0000,3.40,ml,,,,,,th_13828_202504151839,2025-04-15T18:39:55.000Z,Myanmar (Burma),Myanmar,MM,Asia,earthquake,1744742865,1744742395,0,,"15.43,96.08",2025-04-15 18:39:55,2025-04-16 01:09:55
19.8500000,97.9420000,8.0000,1.60,ml,,,,,,th_13827_202504151825,2025-04-15T18:25:52.000Z,"Pang Tae Waet, Shan, Myanmar (Burma)",Myanmar,MM,Asia,earthquake,1744742684,1744741552,0,,"19.85,97.94",2025-04-15 18:25:52,2025-04-16 00:55:52
18.6040000,96.4420000,15.0000,4.10,ml,,,,,,ems_202504_1795258,2025-04-15T17:35:35.000Z,"Kan Ka Lay, ပဲခူးတိုင်းဒေသကြီး, Myanmar (Burma)",Myanmar,MM,Asia,earthquake,1744738544,1744737861,0,,"18.60,96.44",2025-04-15 17:24:21,2025-04-15 23:54:21
18.7940000,96.3830000,10.0000,2.30,ml,,,,,,th_13825_202504151611,2025-04-15T16:11:57.000Z,"Oktwin, Bago Region, Myanmar (Burma)",Myanmar,MM,Asia,earthquake,1744733934,1744733517,0,,"18.79,96.38",2025-04-15 16:11:57,2025-04-15 22:41:57
19.6300000,97.8290000,2.0000,1.70,ml,,,,,,th_13824_202504151540,2025-04-15T15:40:23.000Z,"Daw Pawtu, Kayah State, Myanmar (Burma)",Myanmar,MM,Asia,earthquake,1744732620,1744731623,0,,"19.63,97.83",2025-04-15 15:40:23,2025-04-15 22:10:23
21.7710000,96.4320000,10.0000,2.90,ml,,,,,,th_13822_202504151428,2025-04-15T14:28:27.000Z,"Shwegyaung, Mandalay Region, Myanmar (Burma)",Myanmar,MM,Asia,earthquake,1744728648,1744727307,0,,"21.77,96.43",2025-04-15 14:28:27,2025-04-15 20:58:27
19.8890000,97.9120000,1.0000,1.80,ml,,,,,,th_13821_202504151039,2025-04-15T10:39:30.000Z,"Ta Ho-pong, Shan, Myanmar (Burma)",Myanmar,MM,Asia,earthquake,1744713906,1744713570,0,,"19.89,97.91",2025-04-15 10:39:30,2025-04-15 17:09:30
15.5670000,95.7390000,4.0000,3.30,ml,,,,,,th_13820_202504150958,2025-04-15T09:58:24.000Z,Myanmar (Burma),Near South Coast of Myanmar,MM,Asia,earthquake,1744711479,1744711104,0,,"15.57,95.74",2025-04-15 09:58:24,2025-04-15 16:28:24
18.8540000,96.3320000,25.0000,2.40,ml,,,,,,th_13819_202504150943,2025-04-15T09:43:11.000Z,"Letpangon, Bago Region, Myanmar (Burma)",Myanmar,MM,Asia,earthquake,1744710539,1744710191,0,,"18.85,96.33",2025-04-15 09:43:11,2025-04-15 16:13:11
17.8490000,96.3050000,15.0000,2.50,ml,,,,,,th_13818_202504150938,2025-04-15T09:38:59.000Z,"Dawe, Bago Region, Myanmar (Burma)",Myanmar,MM,Asia,earthquake,1744710452,1744709939,0,,"17.85,96.31",2025-04-15 09:38:59,2025-04-15 16:08:59
20.1610000,96.3050000,17.0000,4.00,ml,,,,,,ems_202504_1795139,2025-04-15T09:21:35.000Z,"Kyatpye, Naypyidaw Union Territory, Myanmar (Burma)",Myanmar,MM,Asia,earthquake,1744708911,1744708578,0,,"20.16,96.31",2025-04-15 09:16:18,2025-04-15 15:46:18
21.7320000,96.0920000,10.0000,3.00,ml,,,,,,th_13816_202504150826,2025-04-15T08:26:34.000Z,"Sintgaing, Mandalay Region, Myanmar (Burma)",Myanmar,MM,Asia,earthquake,1744709605,1744705594,0,,"21.73,96.09",2025-04-15 08:26:34,2025-04-15 14:56:34
19.3060000,96.3870000,10.0000,2.20,ml,,,,,,th_13815_202504150804,2025-04-15T08:04:14.000Z,"Sibaing, Bago Region, Myanmar (Burma)",Myanmar,MM,Asia,earthquake,1744709627,1744704254,0,,"19.31,96.39",2025-04-15 08:04:14,2025-04-15 14:34:14
15.7450000,95.9050000,10.0000,3.70,ml,,,,,,ems_202504_1795133,2025-04-15T08:56:36.000Z,Myanmar (Burma),Near South Coast Of Myanmar,MM,Asia,earthquake,1744707404,1744702544,0,,"15.75,95.91",2025-04-15 07:35:44,2025-04-15 14:05:44
19.8760000,97.9260000,1.0000,1.90,ml,,,,,,th_13813_202504150636,2025-04-15T06:36:22.000Z,"Ta Ho-pong, Shan, Myanmar (Burma)",Myanmar,MM,Asia,earthquake,1744709635,1744698982,0,,"19.88,97.93",2025-04-15 06:36:22,2025-04-15 13:06:22
15.2810000,96.6800000,10.0000,2.80,ml,,,,,,th_13811_202504150603,2025-04-15T06:03:27.000Z,Myanmar (Burma),Near South Coast of Myanmar,MM,Asia,earthquake,1744709641,1744697007,0,,"15.28,96.68",2025-04-15 06:03:27,2025-04-15 12:33:27
21.8530000,96.3650000,10.0000,3.70,ml,,,,,,ems_202504_1795134,2025-04-15T08:56:36.000Z,"Pyin Sar, Mandalay Region, Myanmar (Burma)",Myanmar,MM,Asia,earthquake,1744707431,1744686307,0,,"21.85,96.37",2025-04-15 03:05:07,2025-04-15 09:35:07
18.6530000,96.4400000,10.0000,2.30,ml,,,,,,th_13808_202504142320,2025-04-14T23:20:07.000Z,"Nyaung Chay Htauk, Bago Region, Myanmar (Burma)",Myanmar,MM,Asia,earthquake,1744709653,1744672807,0,,"18.65,96.44",2025-04-14 23:20:07,2025-04-15 05:50:07
18.9160000,96.4890000,10.0000,2.10,ml,,,,,,th_13807_202504142117,2025-04-14T21:17:01.000Z,"Taungoo, Bago Region, Myanmar (Burma)",Myanmar,MM,Asia,earthquake,1744709659,1744665421,0,,"18.92,96.49",2025-04-14 21:17:01,2025-04-15 03:47:01
19.3840000,96.3230000,10.0000,2.20,ml,,,,,,th_13806_202504142104,2025-04-14T21:04:25.000Z,"Wayonle, Bago Region, Myanmar (Burma)",Myanmar,MM,Asia,earthquake,1744709666,1744664665,0,,"19.38,96.32",2025-04-14 21:04:25,2025-04-15 03:34:25
22.0680000,96.3030000,10.0000,3.10,ml,,,,,,th_13805_202504142042,2025-04-14T20:42:53.000Z,"Pyin Oo Lwin, Mandalay Region, Myanmar (Burma)",Myanmar,MM,Asia,earthquake,1744709671,1744663373,0,,"22.07,96.30",2025-04-14 20:42:53,2025-04-15 03:12:53
21.9780000,96.3220000,10.0000,3.80,ml,,,,,,ems_202504_1794932,2025-04-14T20:08:19.000Z,"Anesakhan, Mandalay Region, Myanmar (Burma)",Myanmar,MM,Asia,earthquake,1744661315,1744659971,0,,"21.98,96.32",2025-04-14 19:46:11,2025-04-15 02:16:11
19.8820000,96.2040000,10.0000,2.70,ml,,,,,,th_13803_202504141911,2025-04-14T19:11:08.000Z,"Kyidaunggan, Naypyidaw Union Territory, Myanmar (Burma)",Myanmar,MM,Asia,earthquake,1744709672,1744657868,0,,"19.88,96.20",2025-04-14 19:11:08,2025-04-15 01:41:08
18.6970000,96.6760000,10.0000,2.00,ml,,,,,,th_13802_202504141850,2025-04-14T18:50:32.000Z,"Alesengyaung, Kayin State, Myanmar (Burma)",Myanmar,MM,Asia,earthquake,1744709682,1744656632,0,,"18.70,96.68",2025-04-14 18:50:32,2025-04-15 01:20:32
19.8200000,96.3130000,10.0000,2.30,ml,,,,,,th_13801_202504141848,2025-04-14T18:48:20.000Z,"Naypyidaw Union Territory, Myanmar (Burma)",Myanmar,MM,Asia,earthquake,1744709687,1744656500,0,,"19.82,96.31",2025-04-14 18:48:20,2025-04-15 01:18:20
21.7690000,96.3540000,10.0000,3.50,ml,,,,,,ems_202504_1794902,2025-04-14T18:57:20.000Z,"Hngetkyithaik, Mandalay Region, Myanmar (Burma)",Myanmar,MM,Asia,earthquake,1744657058,1744655932,0,,"21.77,96.35",2025-04-14 18:38:52,2025-04-15 01:08:52
19.8430000,97.9830000,10.0000,1.50,ml,,,,,,th_13799_202504141830,2025-04-14T18:30:54.000Z,"Pang Tae Waet, Shan, Myanmar (Burma)",Myanmar,MM,Asia,earthquake,1744709695,1744655454,0,,"19.84,97.98",2025-04-14 18:30:54,2025-04-15 01:00:54
19.7310000,97.6970000,10.0000,1.70,ml,,,,,,th_13798_202504141815,2025-04-14T18:15:47.000Z,"Ta-hsopteng, Shan, Myanmar (Burma)",Myanmar,MM,Asia,earthquake,1744709701,1744654547,0,,"19.73,97.70",2025-04-14 18:15:47,2025-04-15 00:45:47
19.9990000,98.0330000,10.0000,2.50,ml,,,,,,th_13793_202504141649,2025-04-14T16:49:01.000Z,"Wan Konlang, Shan, Myanmar (Burma)",Myanmar,MM,Asia,earthquake,1744649760,1744649341,0,,"20.00,98.03",2025-04-14 16:49:01,2025-04-14 23:19:01
19.0320000,96.3570000,10.0000,2.00,ml,,,,,,th_13792_202504141442,2025-04-14T14:42:04.000Z,"Kyungon, Bago Region, Myanmar (Burma)",Myanmar,MM,Asia,earthquake,1744648554,1744641724,0,,"19.03,96.36",2025-04-14 14:42:04,2025-04-14 21:12:04
18.7230000,96.7330000,10.0000,1.90,ml,,,,,,th_13791_202504141406,2025-04-14T14:06:28.000Z,"Alesengyaung, Kayin State, Myanmar (Burma)",Myanmar,MM,Asia,earthquake,1744648437,1744639588,0,,"18.72,96.73",2025-04-14 14:06:28,2025-04-14 20:36:28
19.2350000,96.3540000,10.0000,2.00,ml,,,,,,th_13790_202504141322,2025-04-14T13:22:29.000Z,"Aunggyantha, Bago Region, Myanmar (Burma)",Myanmar,MM,Asia,earthquake,1744648312,1744636949,0,,"19.24,96.35",2025-04-14 13:22:29,2025-04-14 19:52:29
21.0100000,98.5060000,10.0000,2.30,ml,,,,,,th_13789_202504141313,2025-04-14T13:13:41.000Z,"Wan Hpai, Shan, Myanmar (Burma)",Myanmar,MM,Asia,earthquake,1744648039,1744636421,0,,"21.01,98.51",2025-04-14 13:13:41,2025-04-14 19:43:41
26.0300000,95.4800000,10.0000,3.40,ml,,,,,,in_TkZieGREcGp1bWZUL1BqVHI1aEsrUT09,2025-04-14T13:07:49.000Z,"Hintiu, Sagaing Region, Myanmar (Burma)",Myanmar,MM,Asia,earthquake,1744635816,1744635304,0,,"26.03,95.48",2025-04-14 12:55:04,2025-04-14 19:25:04
19.4410000,97.5340000,10.0000,1.80,ml,,,,,,th_13787_202504141235,2025-04-14T12:35:51.000Z,"Kayah State, Myanmar (Burma)",Myanmar,MM,Asia,earthquake,1744648047,1744634151,1,,"19.44,97.53",2025-04-14 12:35:51,2025-04-14 19:05:51
17.6200000,96.2950000,10.0000,2.20,ml,,,,,,th_13786_202504141228,2025-04-14T12:28:36.000Z,"Zaungdu, Bago Region, Myanmar (Burma)",Myanmar,MM,Asia,earthquake,1744648052,1744633716,0,,"17.62,96.30",2025-04-14 12:28:36,2025-04-14 18:58:36
19.3860000,96.2960000,10.0000,3.10,ml,,,,,,th_13785_202504141220,2025-04-14T12:20:56.000Z,"Myohla, Bago Region, Myanmar (Burma)",Myanmar,MM,Asia,earthquake,1744648058,1744633256,0,,"19.39,96.30",2025-04-14 12:20:56,2025-04-14 18:50:56
17.4050000,96.3410000,10.0000,2.20,ml,,,,,,th_13784_202504141210,2025-04-14T12:10:52.000Z,"Kyun Oo, Bago Region, Myanmar (Burma)",Myanmar,MM,Asia,earthquake,1744648058,1744632652,0,,"17.41,96.34",2025-04-14 12:10:52,2025-04-14 18:40:52
19.6770000,97.7510000,10.0000,2.40,ml,,,,,,th_13783_202504141133,2025-04-14T11:33:43.000Z,"Kiu-neng, Shan, Myanmar (Burma)",Myanmar,MM,Asia,earthquake,1744648064,1744630423,0,,"19.68,97.75",2025-04-14 11:33:43,2025-04-14 18:03:43
18.2900000,96.5840000,10.0000,2.30,ml,,,,,,th_13782_202504141127,2025-04-14T11:27:23.000Z,"Ingone, Bago Region, Myanmar (Burma)",Myanmar,MM,Asia,earthquake,1744648070,1744630043,0,,"18.29,96.58",2025-04-14 11:27:23,2025-04-14 17:57:23
19.9980000,96.8430000,10.0000,2.10,ml,,,,,,th_13781_202504141110,2025-04-14T11:10:11.000Z,"Peinnegon, Shan, Myanmar (Burma)",Myanmar,MM,Asia,earthquake,1744648076,1744629011,0,,"20.00,96.84",2025-04-14 11:10:11,2025-04-14 17:40:11
19.2640000,96.7160000,10.0000,2.50,ml,,,,,,th_13780_202504141107,2025-04-14T11:07:18.000Z,"Kalekho Atet, Kayin State, Myanmar (Burma)",Myanmar,MM,Asia,earthquake,1744648082,1744628838,0,,"19.26,96.72",2025-04-14 11:07:18,2025-04-14 17:37:18
19.1240000,97.2190000,10.0000,1.70,ml,,,,,,th_13779_202504140942,2025-04-14T09:42:24.000Z,"Bi-hku, Kayah State, Myanmar (Burma)",Myanmar,MM,Asia,earthquake,1744648092,1744623744,0,,"19.12,97.22",2025-04-14 09:42:24,2025-04-14 16:12:24
21.0670000,96.3780000,10.0000,2.90,ml,,,,,,th_13778_202504140854,2025-04-14T08:54:28.000Z,"Patchaung, Shan, Myanmar (Burma)",Myanmar,MM,Asia,earthquake,1744648098,1744620868,0,,"21.07,96.38",2025-04-14 08:54:28,2025-04-14 15:24:28
21.7810000,96.3460000,10.0000,3.20,ml,,,,,,th_13777_202504140836,2025-04-14T08:36:35.000Z,"Hngetkyithaik, Mandalay Region, Myanmar (Burma)",Myanmar,MM,Asia,earthquake,1744648109,1744619795,0,,"21.78,96.35",2025-04-14 08:36:35,2025-04-14 15:06:35
19.8320000,98.0340000,10.0000,1.70,ml,,,,,,th_13776_202504140814,2025-04-14T08:14:31.000Z,"Loikwang, Shan, Myanmar (Burma)",Myanmar,MM,Asia,earthquake,1744648109,1744618471,0,,"19.83,98.03",2025-04-14 08:14:31,2025-04-14 14:44:31
18.0830000,96.5770000,10.0000,1.90,ml,,,,,,th_13775_202504140806,2025-04-14T08:06:05.000Z,"Hpa Do, Bago Region, Myanmar (Burma)",Myanmar,MM,Asia,earthquake,1744648116,1744617965,0,,"18.08,96.58",2025-04-14 08:06:05,2025-04-14 14:36:05
18.5640000,96.3800000,10.0000,2.20,ml,,,,,,th_13772_202504140539,2025-04-14T05:39:20.000Z,"Zeyawaddy, Bago Region, Myanmar (Burma)",Myanmar,MM,Asia,earthquake,1744609661,1744609160,0,,"18.56,96.38",2025-04-14 05:39:20,2025-04-14 12:09:20
18.9080000,96.7630000,10.0000,2.00,ml,,,,,,th_13773_202504140534,2025-04-14T05:34:21.000Z,"ဘောဂလိမြို့, ကရင်ပြည်နယ်, Myanmar (Burma)",Myanmar,MM,Asia,earthquake,1744609791,1744608861,0,,"18.91,96.76",2025-04-14 05:34:21,2025-04-14 12:04:21
23.4000000,94.0700000,103.0000,4.10,ml,,,,,,in_SDY3ajdGYmFsUzJhUGk1RW9vUVhidz09,2025-04-14T04:49:32.000Z,"Thayagon, Sagaing Region, Myanmar (Burma)",Myanmar,MM,Asia,earthquake,1744605908,1744605407,0,,"23.40,94.07",2025-04-14 04:36:47,2025-04-14 11:06:47
18.5700000,96.8550000,10.0000,2.00,ml,,,,,,th_13770_202504140408,2025-04-14T04:08:44.000Z,"Kanekiywa, Bago Region, Myanmar (Burma)",Myanmar,MM,Asia,earthquake,1744608060,1744603724,0,,"18.57,96.86",2025-04-14 04:08:44,2025-04-14 10:38:44
19.0960000,97.6290000,10.0000,2.40,ml,,,,,,th_13769_202504140345,2025-04-14T03:45:20.000Z,"Ywarthit, Kayah State, Myanmar (Burma)",Myanmar,MM,Asia,earthquake,1744603162,1744602320,0,,"19.10,97.63",2025-04-14 03:45:20,2025-04-14 10:15:20
18.6200000,96.5060000,10.0000,2.10,ml,,,,,,th_13768_202504140323,2025-04-14T03:23:39.000Z,"Zayatkyi, Bago Region, Myanmar (Burma)",Myanmar,MM,Asia,earthquake,1744601912,1744601019,0,,"18.62,96.51",2025-04-14 03:23:39,2025-04-14 09:53:39
18.1170000,96.6420000,10.0000,4.20,ml,,,,,,ems_202504_1794607,2025-04-14T03:42:35.000Z,"Babugon, Bago Region, Myanmar (Burma)",Myanmar,MM,Asia,earthquake,1744602169,1744595649,0,,"18.12,96.64",2025-04-14 01:54:09,2025-04-14 08:24:09
19.4980000,97.7820000,10.0000,2.00,ml,,,,,,th_13766_202504140137,2025-04-14T01:37:19.000Z,"Hwè-yao, Kayah State, Myanmar (Burma)",Myanmar,MM,Asia,earthquake,1744595523,1744594639,0,,"19.50,97.78",2025-04-14 01:37:19,2025-04-14 08:07:19
19.6570000,95.7910000,10.0000,3.40,ml,,,,,,th_13765_202504140038,2025-04-14T00:38:03.000Z,"Dalangyun, Naypyidaw Union Territory, Myanmar (Burma)",Myanmar,MM,Asia,earthquake,1744591911,1744591083,0,,"19.66,95.79",2025-04-14 00:38:03,2025-04-14 07:08:03
18.9840000,96.4540000,10.0000,2.10,ml,,,,,,th_13764_202504132042,2025-04-13T20:42:34.000Z,"Taungoo, Bago Region, Myanmar (Burma)",Myanmar,MM,Asia,earthquake,1744577791,1744576954,0,,"18.98,96.45",2025-04-13 20:42:34,2025-04-14 03:12:34
19.8327000,95.5160000,6.9000,4.70,mwr,,,,,,in_d0NkU2N1WVJOY2l0QVp4Q1hqNi9CUT09,2025-04-14T08:09:53.000Z,"Sat Thwar, Magway Region, Myanmar (Burma)",Myanmar,MM,Asia,earthquake,1744575138,1744574550,0,,"19.78,95.49",2025-04-13 20:02:30,2025-04-14 02:32:30
19.9050000,98.0170000,10.0000,2.10,ml,,,,,,th_13762_202504131856,2025-04-13T18:56:21.000Z,"Ta Ho-pong, Shan, Myanmar (Burma)",Myanmar,MM,Asia,earthquake,1744571196,1744570581,1,,"19.91,98.02",2025-04-13 18:56:21,2025-04-14 01:26:21
19.9290000,96.2980000,10.0000,2.20,ml,,,,,,th_13761_202504131820,2025-04-13T18:20:51.000Z,"Kyauklaing, Naypyidaw Union Territory, Myanmar (Burma)",Myanmar,MM,Asia,earthquake,1744570094,1744568451,0,,"19.93,96.30",2025-04-13 18:20:51,2025-04-14 00:50:51
18.7140000,96.4300000,10.0000,3.30,ml,,,,,,th_13760_202504131722,2025-04-13T17:22:50.000Z,"Kywebwe, Bago Region, Myanmar (Burma)",Myanmar,MM,Asia,earthquake,1744565548,1744564970,0,,"18.71,96.43",2025-04-13 17:22:50,2025-04-13 23:52:50
19.9220000,98.0010000,3.0000,3.90,ml,,,,,,th_13758_202504131646,2025-04-13T16:56:34.000Z,"Ta Ho-pong, Shan, Myanmar (Burma)",Myanmar,MM,Asia,earthquake,1744563328,1744562811,0,,"19.92,98.00",2025-04-13 16:46:51,2025-04-13 23:16:51
19.8460000,98.0400000,10.0000,2.10,ml,,,,,,th_13757_202504131625,2025-04-13T16:25:38.000Z,"Loikwang, Shan, Myanmar (Burma)",Myanmar,MM,Asia,earthquake,1744562138,1744561538,0,,"19.85,98.04",2025-04-13 16:25:38,2025-04-13 22:55:38
19.9780000,98.0050000,10.0000,2.00,ml,,,,,,th_13756_202504131611,2025-04-13T16:11:36.000Z,"Ta Ho-pong, Shan, Myanmar (Burma)",Myanmar,MM,Asia,earthquake,1744561156,1744560696,0,,"19.98,98.01",2025-04-13 16:11:36,2025-04-13 22:41:36
19.9360000,97.9880000,10.0000,3.40,ml,,,,,,th_13755_202504131602,2025-04-13T16:02:44.000Z,"Ta Ho-pong, Shan, Myanmar (Burma)",Myanmar,MM,Asia,earthquake,1744560561,1744560164,0,,"19.94,97.99",2025-04-13 16:02:44,2025-04-13 22:32:44
19.5790000,97.8560000,10.0000,2.30,ml,,,,,,th_13754_202504131552,2025-04-13T15:52:19.000Z,"Daw Pawtu, Kayah State, Myanmar (Burma)",Myanmar,MM,Asia,earthquake,1744559888,1744559539,0,,"19.58,97.86",2025-04-13 15:52:19,2025-04-13 22:22:19
20.0930000,96.3750000,10.0000,2.80,ml,,,,,,th_13753_202504131546,2025-04-13T15:46:12.000Z,"Kyatpye, Naypyidaw Union Territory, Myanmar (Burma)",Myanmar,MM,Asia,earthquake,1744559693,1744559172,0,,"20.09,96.38",2025-04-13 15:46:12,2025-04-13 22:16:12
20.9950000,96.2250000,10.0000,3.40,ml,,,,,,th_13752_202504131425,2025-04-13T14:25:45.000Z,"Pothanaing, Mandalay Region, Myanmar (Burma)",Myanmar,MM,Asia,earthquake,1744554761,1744554345,0,,"21.00,96.23",2025-04-13 14:25:45,2025-04-13 20:55:45
17.3480000,97.7520000,10.0000,2.70,ml,,,,,,th_13751_202504131329,2025-04-13T13:29:57.000Z,"Kamawlechaung, Kayin State, Myanmar (Burma)",Myanmar,MM,Asia,earthquake,1744551447,1744550997,0,,"17.35,97.75",2025-04-13 13:29:57,2025-04-13 19:59:57
17.5950000,95.9370000,10.0000,2.60,ml,,,,,,th_13750_202504131308,2025-04-13T13:08:03.000Z,"Konbawzu, Yangon Region, Myanmar (Burma)",Myanmar,MM,Asia,earthquake,1744550200,1744549683,0,,"17.60,95.94",2025-04-13 13:08:03,2025-04-13 19:38:03
21.8490000,96.3780000,10.0000,3.00,ml,,,,,,th_13749_202504131239,2025-04-13T12:39:49.000Z,"Pyin Sar, Mandalay Region, Myanmar (Burma)",Myanmar,MM,Asia,earthquake,1744548646,1744547989,0,,"21.85,96.38",2025-04-13 12:39:49,2025-04-13 19:09:49
21.8200000,96.5260000,10.0000,3.40,ml,,,,,,th_13747_202504131007,2025-04-13T10:07:02.000Z,"Lema, Mandalay Region, Myanmar (Burma)",Myanmar,MM,Asia,earthquake,1744539439,1744538822,0,,"21.82,96.53",2025-04-13 10:07:02,2025-04-13 16:37:02
19.5490000,97.5760000,10.0000,1.70,ml,,,,,,th_13746_202504130950,2025-04-13T09:50:04.000Z,"Shadaw, Kayah State, Myanmar (Burma)",Myanmar,MM,Asia,earthquake,1744538416,1744537804,0,,"19.55,97.58",2025-04-13 09:50:04,2025-04-13 16:20:04
19.7460000,96.1310000,10.0000,3.40,ml,,,,,,th_13745_202504130516,2025-04-13T05:16:46.000Z,"Naypyidaw, Naypyidaw Union Territory, Myanmar (Burma)",Myanmar,MM,Asia,earthquake,1744521798,1744521406,0,,"19.75,96.13",2025-04-13 05:16:46,2025-04-13 11:46:46
21.6940000,96.3580000,10.0000,3.00,ml,,,,,,th_13744_202504130337,2025-04-13T03:37:29.000Z,"Gwebin, Mandalay Region, Myanmar (Burma)",Myanmar,MM,Asia,earthquake,1744516321,1744515449,0,,"21.69,96.36",2025-04-13 03:37:29,2025-04-13 10:07:29
19.1910000,96.2580000,10.0000,2.70,ml,,,,,,th_13743_202504130254,2025-04-13T02:54:15.000Z,"Baungdok, Bago Region, Myanmar (Burma)",Myanmar,MM,Asia,earthquake,1744513217,1744512855,0,,"19.19,96.26",2025-04-13 02:54:15,2025-04-13 09:24:15
21.1538000,96.0055000,7.6730,5.50,mb,93,52,1.018,0.6,us,gfz2025heoc,2025-04-15T23:30:15.214Z,,"34km NNE of Meiktila, Burma (Myanmar)",MM,Asia,earthquake,1744511547,1744511097,1,,"21.26,96.12",2025-04-13 02:24:57,2025-04-13 08:54:57
18.7590000,96.6470000,10.0000,2.90,ml,,,,,,th_13740_202504130027,2025-04-13T00:27:55.000Z,"Alesengyaung, Kayin State, Myanmar (Burma)",Myanmar,MM,Asia,earthquake,1744504464,1744504075,0,,"18.76,96.65",2025-04-13 00:27:55,2025-04-13 06:57:55
18.6510000,96.7080000,10.0000,2.80,ml,,,,,,th_13739_202504130013,2025-04-13T00:13:09.000Z,"Awa-ein, Kayin State, Myanmar (Burma)",Myanmar,MM,Asia,earthquake,1744503522,1744503189,0,,"18.65,96.71",2025-04-13 00:13:09,2025-04-13 06:43:09
20.3290000,96.5240000,10.0000,2.20,ml,,,,,,th_13738_202504122311,2025-04-12T23:11:15.000Z,"Nyaungchin-myauk, Shan, Myanmar (Burma)",Myanmar,MM,Asia,earthquake,1744501004,1744499475,0,,"20.33,96.52",2025-04-12 23:11:15,2025-04-13 05:41:15
20.8830000,99.9190000,10.0000,2.40,ml,,,,,,th_13737_202504122250,2025-04-12T22:50:11.000Z,"Monghpyak, Shan, Myanmar (Burma)",Myanmar,MM,Asia,earthquake,1744498573,1744498211,0,,"20.88,99.92",2025-04-12 22:50:11,2025-04-13 05:20:11
20.9470000,99.4970000,10.0000,2.10,ml,,,,,,th_13736_202504122229,2025-04-12T22:29:54.000Z,"Wan Menglu, Shan, Myanmar (Burma)",Myanmar,MM,Asia,earthquake,1744498331,1744496994,0,,"20.95,99.50",2025-04-12 22:29:54,2025-04-13 04:59:54
19.4080000,96.3350000,10.0000,2.30,ml,,,,,,th_13735_202504122228,2025-04-12T22:28:48.000Z,"Wayonle, Bago Region, Myanmar (Burma)",Myanmar,MM,Asia,earthquake,1744498045,1744496928,0,,"19.41,96.34",2025-04-12 22:28:48,2025-04-13 04:58:48
21.9070000,96.6990000,10.0000,2.90,ml,,,,,,th_13734_202504122201,2025-04-12T22:01:03.000Z,"Pazunseik, Mandalay Region, Myanmar (Burma)",Myanmar,MM,Asia,earthquake,1744497187,1744495263,0,,"21.91,96.70",2025-04-12 22:01:03,2025-04-13 04:31:03
21.8620000,98.3290000,10.0000,2.80,ml,,,,,,th_13733_202504122023,2025-04-12T20:23:41.000Z,"Mong Hsu, Shan, Myanmar (Burma)",Myanmar,MM,Asia,earthquake,1744490182,1744489421,0,,"21.86,98.33",2025-04-12 20:23:41,2025-04-13 02:53:41
19.5390000,97.8320000,6.0000,1.90,ml,,,,,,th_13732_202504121951,2025-04-12T19:51:23.000Z,"Daw Pawtu, Kayah State, Myanmar (Burma)",Myanmar,MM,Asia,earthquake,1744489602,1744487483,0,,"19.54,97.83",2025-04-12 19:51:23,2025-04-13 02:21:23
20.0680000,96.3310000,10.0000,2.70,ml,,,,,,th_13731_202504121926,2025-04-12T19:26:11.000Z,"Kintha, Naypyidaw Union Territory, Myanmar (Burma)",Myanmar,MM,Asia,earthquake,1744486534,1744485971,0,,"20.07,96.33",2025-04-12 19:26:11,2025-04-13 01:56:11
18.9240000,96.4350000,10.0000,2.10,ml,,,,,,th_13730_202504121855,2025-04-12T18:55:32.000Z,"Taungoo, Bago Region, Myanmar (Burma)",Myanmar,MM,Asia,earthquake,1744484946,1744484132,0,,"18.92,96.44",2025-04-12 18:55:32,2025-04-13 01:25:32
19.9230000,96.2900000,10.0000,2.70,ml,,,,,,th_13729_202504121655,2025-04-12T16:55:13.000Z,"Shanywa (deserted), Naypyidaw Union Territory, Myanmar (Burma)",Myanmar,MM,Asia,earthquake,1744477253,1744476913,0,,"19.92,96.29",2025-04-12 16:55:13,2025-04-12 23:25:13
18.1660000,96.2470000,10.0000,3.00,ml,,,,,,th_13728_202504121553,2025-04-12T15:53:51.000Z,"Atet Bandayaw, Bago Region, Myanmar (Burma)",Myanmar,MM,Asia,earthquake,1744474077,1744473231,0,,"18.17,96.25",2025-04-12 15:53:51,2025-04-12 22:23:51
21.7020000,96.4730000,10.0000,3.20,ml,,,,,,th_13726_202504121512,2025-04-12T15:12:47.000Z,"Gwebin, Mandalay Region, Myanmar (Burma)",Myanmar,MM,Asia,earthquake,1744471916,1744470767,0,,"21.70,96.47",2025-04-12 15:12:47,2025-04-12 21:42:47
18.7700000,96.5060000,10.0000,3.30,ml,,,,,,th_13725_202504121447,2025-04-12T14:47:14.000Z,"Taungoo, Bago Region, Myanmar (Burma)",Myanmar,MM,Asia,earthquake,1744470369,1744469234,0,,"18.77,96.51",2025-04-12 14:47:14,2025-04-12 21:17:14
21.7070000,96.2550000,10.0000,3.30,ml,,,,,,th_13727_202504121441,2025-04-12T14:41:22.000Z,"Kado, Mandalay Region, Myanmar (Burma)",Myanmar,MM,Asia,earthquake,1744472324,1744468882,0,,"21.71,96.26",2025-04-12 14:41:22,2025-04-12 21:11:22
22.2180000,96.4350000,10.0000,3.60,ml,,,,,,th_13723_202504121413,2025-04-12T14:42:36.000Z,"Kyauk Me Lay, Mandalay Region, Myanmar (Burma)",Myanmar,MM,Asia,earthquake,1744468477,1744467212,0,,"22.22,96.44",2025-04-12 14:13:32,2025-04-12 20:43:32
22.0530000,96.0200000,10.0000,4.00,ml,,,,,,ems_202504_1793955,2025-04-12T11:35:33.000Z,"Min Kun, Sagaing Region, Myanmar (Burma)",Myanmar,MM,Asia,earthquake,1744457756,1744456516,0,,"22.05,96.02",2025-04-12 11:15:16,2025-04-12 17:45:16
20.6900000,96.3970000,10.0000,3.40,ml,,,,,,th_13720_202504121100,2025-04-12T11:00:16.000Z,"Lawywa, Mandalay Region, Myanmar (Burma)",Myanmar,MM,Asia,earthquake,1744456571,1744455616,0,,"20.69,96.40",2025-04-12 11:00:16,2025-04-12 17:30:16
21.7380000,96.1200000,10.0000,4.20,ml,,,,,,ems_202504_1793950,2025-04-12T10:56:37.000Z,"Sintgaing, Mandalay Region, Myanmar (Burma)",Myanmar,MM,Asia,earthquake,1744455421,1744454002,0,,"21.74,96.12",2025-04-12 10:33:22,2025-04-12 17:03:22
18.7460000,96.4920000,10.0000,2.20,ml,,,,,,th_13722_202504120945,2025-04-12T09:45:26.000Z,"Bomari, Bago Region, Myanmar (Burma)",Myanmar,MM,Asia,earthquake,1744458168,1744451126,0,,"18.75,96.49",2025-04-12 09:45:26,2025-04-12 16:15:26
23.0000000,94.3500000,45.0000,3.50,ml,,,,,,in_bWNNc29EWVNQbFNSUnExYVVIejlKZz09,2025-04-12T09:49:31.000Z,"Tamaung, Sagaing Region, Myanmar (Burma)",Myanmar,MM,Asia,earthquake,1744451132,1744449642,0,,"23.00,94.35",2025-04-12 09:20:42,2025-04-12 15:50:42
18.0710000,96.5710000,10.0000,3.60,ml,,,,,,th_13718_202504120838,2025-04-12T08:49:36.000Z,"Hpa Do, Bago Region, Myanmar (Burma)",Myanmar,MM,Asia,earthquake,1744447541,1744447111,0,,"18.07,96.57",2025-04-12 08:38:31,2025-04-12 15:08:31
19.2100000,96.9000000,10.0000,2.30,ml,,,,,,th_13717_202504120743,2025-04-12T07:43:16.000Z,"Domusaw, Kayah State, Myanmar (Burma)",Myanmar,MM,Asia,earthquake,1744446172,1744443796,0,,"19.21,96.90",2025-04-12 07:43:16,2025-04-12 14:13:16
19.7950000,96.2000000,10.0000,3.10,ml,,,,,,th_13716_202504120559,2025-04-12T05:59:46.000Z,"Begon, Naypyidaw Union Territory, Myanmar (Burma)",Myanmar,MM,Asia,earthquake,1744438149,1744437586,0,,"19.80,96.20",2025-04-12 05:59:46,2025-04-12 12:29:46
19.8100000,96.3300000,10.0000,3.10,ml,,,,,,th_13714_202504120518,2025-04-12T05:18:00.000Z,"Yezin, Naypyidaw Union Territory, Myanmar (Burma)",Myanmar,MM,Asia,earthquake,1744435570,1744435080,0,,"19.81,96.33",2025-04-12 05:18:00,2025-04-12 11:48:00
19.4500000,96.3630000,10.0000,2.30,ml,,,,,,th_13713_202504120142,2025-04-12T01:42:11.000Z,"Wayonle, Bago Region, Myanmar (Burma)",Myanmar,MM,Asia,earthquake,1744423514,1744422131,0,,"19.45,96.36",2025-04-12 01:42:11,2025-04-12 08:12:11
18.6820000,96.5070000,10.0000,3.70,ml,,,,,,th_13712_202504120019,2025-04-12T00:28:30.000Z,"Zayatkyi, Bago Region, Myanmar (Burma)",Myanmar,MM,Asia,earthquake,1744417630,1744417178,0,,"18.68,96.51",2025-04-12 00:19:38,2025-04-12 06:49:38
19.1160000,96.6100000,10.0000,2.50,ml,,,,,,th_13709_202504112227,2025-04-11T22:27:45.000Z,"Alegyaung Auk, Kayin State, Myanmar (Burma)",Myanmar,MM,Asia,earthquake,1744410851,1744410465,0,,"19.12,96.61",2025-04-11 22:27:45,2025-04-12 04:57:45
19.2370000,96.5980000,10.0000,2.10,ml,,,,,,th_13710_202504112215,2025-04-11T22:15:47.000Z,"Leiktho, Kayin State, Myanmar (Burma)",Myanmar,MM,Asia,earthquake,1744411125,1744409747,0,,"19.24,96.60",2025-04-11 22:15:47,2025-04-12 04:45:47
20.0680000,96.1230000,10.0000,4.60,ml,,,,,,in_ZXJRczJoSldQYzFWcGNzUDY0UWYvUT09,2025-04-12T07:11:20.000Z,"Thangedaung, Naypyidaw Union Territory, Myanmar (Burma)",Myanmar,MM,Asia,earthquake,1744381675,1744381050,0,,"20.12,96.11",2025-04-11 14:17:30,2025-04-11 20:47:30
22.4990000,96.3600000,10.0000,3.70,ml,,,,,,th_13706_202504111233,2025-04-11T12:56:41.000Z,"Lok Laung, Shan, Myanmar (Burma)",Myanmar,MM,Asia,earthquake,1744375667,1744374823,0,,"22.50,96.36",2025-04-11 12:33:43,2025-04-11 19:03:43
21.8810000,96.7310000,10.0000,3.20,ml,,,,,,th_13705_202504111108,2025-04-11T11:08:37.000Z,"Kontha, Mandalay Region, Myanmar (Burma)",Myanmar,MM,Asia,earthquake,1744370383,1744369717,0,,"21.88,96.73",2025-04-11 11:08:37,2025-04-11 17:38:37
19.8320000,96.1270000,10.0000,4.50,ml,,,,,,ems_202504_1793541,2025-04-11T11:21:38.000Z,"Naypyidaw, Naypyidaw Union Territory, Myanmar (Burma)",Myanmar,MM,Asia,earthquake,1744376435,1744361348,0,,"19.83,96.13",2025-04-11 08:49:08,2025-04-11 15:19:08
18.9650000,96.4230000,10.0000,2.60,ml,,,,,,th_13702_202504110730,2025-04-11T07:30:38.000Z,"Taungoo, Bago Region, Myanmar (Burma)",Myanmar,MM,Asia,earthquake,1744357598,1744356638,0,,"18.97,96.42",2025-04-11 07:30:38,2025-04-11 14:00:38
18.9890000,96.6000000,10.0000,2.40,ml,,,,,,th_13701_202504110554,2025-04-11T05:54:54.000Z,"Oo Shit Kone, Kayin State, Myanmar (Burma)",Myanmar,MM,Asia,earthquake,1744351188,1744350894,0,,"18.99,96.60",2025-04-11 05:54:54,2025-04-11 12:24:54
16.3920000,97.2980000,10.0000,2.70,ml,,,,,,th_13700_202504110548,2025-04-11T05:48:44.000Z,"Ahlat, Mon State, Myanmar (Burma)",Near South Coast of Myanmar,MM,Asia,earthquake,1744351034,1744350524,0,,"16.39,97.30",2025-04-11 05:48:44,2025-04-11 12:18:44
18.8730000,96.7910000,10.0000,2.90,ml,,,,,,th_13698_202504110534,2025-04-11T05:34:55.000Z,"ဘောဂလိမြို့, ကရင်ပြည်နယ်, Myanmar (Burma)",Myanmar,MM,Asia,earthquake,1744350293,1744349695,0,,"18.87,96.79",2025-04-11 05:34:55,2025-04-11 12:04:55
20.9100000,95.7100000,10.0000,4.50,ml,,,,,,in_ejdHcVJURk9IVTNGK3JxeTY2UDZJUT09,2025-04-11T05:14:32.000Z,"Yae Cho, Mandalay Region, Myanmar (Burma)",Myanmar,MM,Asia,earthquake,1744348066,1744347539,0,,"20.91,95.71",2025-04-11 04:58:59,2025-04-11 11:28:59
20.9379000,95.9769000,10.0000,4.80,mb,43,91,3.391,0.8,us,in_MThXL3VsVEVzVGpYZFhIcXRhT252QT09,2025-04-11T14:00:13.134Z,"Meiktila, Burma (Myanmar)","14km ENE of Meiktila, Burma (Myanmar)",MM,Asia,earthquake,1744346301,1744345768,0,,"20.79,95.87",2025-04-11 04:29:28,2025-04-11 10:59:28
19.9810000,96.5500000,10.0000,2.40,ml,,,,,,th_13699_202504110355,2025-04-11T03:55:01.000Z,"Paunglaung, Shan, Myanmar (Burma)",Myanmar,MM,Asia,earthquake,1744350452,1744343701,0,,"19.98,96.55",2025-04-11 03:55:01,2025-04-11 10:25:01
20.4210000,98.3530000,3.0000,2.00,ml,,,,,,th_13695_202504110346,2025-04-11T03:46:17.000Z,"Hwè-hawn, Shan, Myanmar (Burma)",Myanmar,MM,Asia,earthquake,1744345379,1744343177,0,,"20.42,98.35",2025-04-11 03:46:17,2025-04-11 10:16:17
20.0020000,98.0740000,2.0000,2.10,ml,,,,,,th_13694_202504110344,2025-04-11T03:44:21.000Z,"Wan Konlang, Shan, Myanmar (Burma)",Myanmar,MM,Asia,earthquake,1744343477,1744343061,0,,"20.00,98.07",2025-04-11 03:44:21,2025-04-11 10:14:21
18.3400000,95.8900000,10.0000,4.60,ml,,,,,,in_bWxubmcxL1lpNWRKRWUwOURMM2dLdz09,2025-04-11T02:49:30.000Z,"Tebinlu, Bago Region, Myanmar (Burma)",Myanmar,MM,Asia,earthquake,1744339501,1744338734,0,,"18.34,95.89",2025-04-11 02:32:14,2025-04-11 09:02:14
20.5120000,96.3100000,10.0000,3.50,ml,,,,,,th_13692_202504110213,2025-04-11T02:28:36.000Z,"Nankwe, Mandalay Region, Myanmar (Burma)",Myanmar,MM,Asia,earthquake,1744338282,1744337600,0,,"20.51,96.31",2025-04-11 02:13:20,2025-04-11 08:43:20
18.7320000,96.6340000,10.0000,3.20,ml,,,,,,th_13691_202504110011,2025-04-11T00:11:13.000Z,"Alesengyaung, Kayin State, Myanmar (Burma)",Myanmar,MM,Asia,earthquake,1744330893,1744330273,0,,"18.73,96.63",2025-04-11 00:11:13,2025-04-11 06:41:13
21.4900000,96.3350000,10.0000,3.20,ml,,,,,,th_13690_202504102354,2025-04-10T23:54:10.000Z,"Thanywa, Mandalay Region, Myanmar (Burma)",Myanmar,MM,Asia,earthquake,1744329950,1744329250,0,,"21.49,96.34",2025-04-10 23:54:10,2025-04-11 06:24:10
19.2960000,96.2080000,10.0000,3.00,ml,,,,,,th_13689_202504102329,2025-04-10T23:29:35.000Z,"Yae Pyar Aye, Bago Region, Myanmar (Burma)",Myanmar,MM,Asia,earthquake,1744328518,1744327775,0,,"19.30,96.21",2025-04-10 23:29:35,2025-04-11 05:59:35
19.0260000,96.4500000,10.0000,2.60,ml,,,,,,th_13688_202504102226,2025-04-10T22:26:20.000Z,"Kaytumati, Bago Region, Myanmar (Burma)",Myanmar,MM,Asia,earthquake,1744324742,1744323980,0,,"19.03,96.45",2025-04-10 22:26:20,2025-04-11 04:56:20
21.7500000,96.3960000,10.0000,3.30,ml,,,,,,th_13687_202504102201,2025-04-10T22:01:21.000Z,"Gwebin, Mandalay Region, Myanmar (Burma)",Myanmar,MM,Asia,earthquake,1744323601,1744322481,0,,"21.75,96.40",2025-04-10 22:01:21,2025-04-11 04:31:21
21.7060000,96.3170000,10.0000,2.90,ml,,,,,,th_13685_202504102058,2025-04-10T20:58:49.000Z,"Hngetkyithaik, Mandalay Region, Myanmar (Burma)",Myanmar,MM,Asia,earthquake,1744319340,1744318729,0,,"21.71,96.32",2025-04-10 20:58:49,2025-04-11 03:28:49
19.2990000,96.8530000,10.0000,2.30,ml,,,,,,th_13684_202504102051,2025-04-10T20:51:38.000Z,"Hoyar, Kayah State, Myanmar (Burma)",Myanmar,MM,Asia,earthquake,1744318844,1744318298,0,,"19.30,96.85",2025-04-10 20:51:38,2025-04-11 03:21:38
21.3140000,96.2550000,10.0000,3.20,ml,,,,,,th_13683_202504101938,2025-04-10T19:38:12.000Z,"Ywarkhainggyi, Mandalay Region, Myanmar (Burma)",Myanmar,MM,Asia,earthquake,1744314299,1744313892,0,,"21.31,96.26",2025-04-10 19:38:12,2025-04-11 02:08:12
19.0780000,97.6330000,10.0000,1.60,ml,,,,,,th_13682_202504101926,2025-04-10T19:26:53.000Z,"Punghsa-sè, Kayah State, Myanmar (Burma)",Myanmar,MM,Asia,earthquake,1744313642,1744313213,0,,"19.08,97.63",2025-04-10 19:26:53,2025-04-11 01:56:53
21.7860000,96.3400000,10.0000,3.10,ml,,,,,,th_13680_202504101714,2025-04-10T17:14:06.000Z,"Thon-Daung-Ywa-Ma, Mandalay Region, Myanmar (Burma)",Myanmar,MM,Asia,earthquake,1744305704,1744305246,0,,"21.79,96.34",2025-04-10 17:14:06,2025-04-10 23:44:06
19.0870000,96.3530000,10.0000,2.80,ml,,,,,,th_13679_202504101708,2025-04-10T17:08:18.000Z,"Kyun Kone, Bago Region, Myanmar (Burma)",Myanmar,MM,Asia,earthquake,1744305262,1744304898,0,,"19.09,96.35",2025-04-10 17:08:18,2025-04-10 23:38:18
21.7193000,95.9475000,10.0000,3.90,mb,10,117,1.088,1.16,us,in_cDg3NmRKL0ozOUVKaDdxSG5aUjd0Zz09,2025-04-10T18:14:11.036Z,"Sintgaing, Mandalay Region, Myanmar (Burma)","17km S of Sagaing, Burma (Myanmar)",MM,Asia,earthquake,1744303025,1744301878,1,,"22.02,95.71",2025-04-10 16:17:58,2025-04-10 22:47:58
20.4380000,98.3450000,10.0000,2.00,ml,,,,,,th_13677_202504101544,2025-04-10T15:44:50.000Z,"Hwè-hawn, Shan, Myanmar (Burma)",Myanmar,MM,Asia,earthquake,1744300414,1744299890,0,,"20.44,98.35",2025-04-10 15:44:50,2025-04-10 22:14:50
18.2050000,96.4570000,10.0000,2.10,ml,,,,,,th_13675_202504101512,2025-04-10T15:12:46.000Z,"Zalokkyi, Bago Region, Myanmar (Burma)",Myanmar,MM,Asia,earthquake,1744298656,1744297966,0,,"18.21,96.46",2025-04-10 15:12:46,2025-04-10 21:42:46
19.5260000,97.6670000,10.0000,3.10,ml,,,,,,th_13674_202504101445,2025-04-10T14:45:53.000Z,"Mè-hsa-tè, Kayah State, Myanmar (Burma)",Myanmar,MM,Asia,earthquake,1744296911,1744296353,0,,"19.53,97.67",2025-04-10 14:45:53,2025-04-10 21:15:53
20.0250000,97.8800000,10.0000,1.80,ml,,,,,,th_13673_202504101242,2025-04-10T12:42:24.000Z,"Wan Kongpao, Shan, Myanmar (Burma)",Myanmar,MM,Asia,earthquake,1744289386,1744288944,0,,"20.03,97.88",2025-04-10 12:42:24,2025-04-10 19:12:24
19.2140000,96.3570000,10.0000,3.20,ml,,,,,,th_13672_202504101153,2025-04-10T11:53:23.000Z,"Aunggyantha, Bago Region, Myanmar (Burma)",Myanmar,MM,Asia,earthquake,1744286430,1744286003,0,,"19.21,96.36",2025-04-10 11:53:23,2025-04-10 18:23:23
19.5610000,96.4980000,10.0000,2.70,ml,,,,,,th_13670_202504101045,2025-04-10T10:45:34.000Z,"Taungmyint Ywama, Naypyidaw Union Territory, Myanmar (Burma)",Myanmar,MM,Asia,earthquake,1744282287,1744281934,0,,"19.56,96.50",2025-04-10 10:45:34,2025-04-10 17:15:34
20.0250000,98.4220000,1.0000,2.10,ml,,,,,,th_13668_202504100915,2025-04-10T09:15:13.000Z,"Wan Umlong, Shan, Myanmar (Burma)",Myanmar,MM,Asia,earthquake,1744277038,1744276513,0,,"20.03,98.42",2025-04-10 09:15:13,2025-04-10 15:45:13
18.8220000,96.5100000,10.0000,2.60,ml,,,,,,th_13667_202504100658,2025-04-10T06:58:26.000Z,"Tabye, Bago Region, Myanmar (Burma)",Myanmar,MM,Asia,earthquake,1744271801,1744268306,0,,"18.82,96.51",2025-04-10 06:58:26,2025-04-10 13:28:26
19.2340000,96.3040000,10.0000,2.60,ml,,,,,,th_13664_202504100600,2025-04-10T06:01:12.000Z,"Swar, Bago Region, Myanmar (Burma)",Myanmar,MM,Asia,earthquake,1744265162,1744264872,0,,"20.01,98.04",2025-04-10 06:01:12,2025-04-10 12:31:12
19.2010000,96.3080000,10.0000,3.00,ml,,,,,,th_13663_202504100326,2025-04-10T03:26:11.000Z,"Pidaukkhin, Bago Region, Myanmar (Burma)",Myanmar,MM,Asia,earthquake,1744255958,1744255571,0,,"19.20,96.31",2025-04-10 03:26:11,2025-04-10 09:56:11
18.9560000,96.4640000,10.0000,3.90,ml,,,,,,th_13662_202504100253,2025-04-10T03:07:35.000Z,"Taungoo, Bago Region, Myanmar (Burma)",Myanmar,MM,Asia,earthquake,1744254169,1744253633,0,,"18.96,96.46",2025-04-10 02:53:53,2025-04-10 09:23:53
19.6250000,96.2510000,10.0000,3.10,ml,,,,,,th_13661_202504100157,2025-04-10T01:57:08.000Z,"Aye Lar, Mandalay Region, Myanmar (Burma)",Myanmar,MM,Asia,earthquake,1744250716,1744250228,0,,"19.63,96.25",2025-04-10 01:57:08,2025-04-10 08:27:08
20.3070000,96.1350000,10.0000,3.30,ml,,,,,,th_13659_202504092315,2025-04-09T23:15:49.000Z,"Inbingyi, Mandalay Region, Myanmar (Burma)",Myanmar,MM,Asia,earthquake,1744240853,1744240549,0,,"20.31,96.14",2025-04-09 23:15:49,2025-04-10 05:45:49
20.1750000,96.3780000,10.0000,2.80,ml,,,,,,th_13658_202504092130,2025-04-09T21:30:22.000Z,"Kyatpye, Naypyidaw Union Territory, Myanmar (Burma)",Myanmar,MM,Asia,earthquake,1744234564,1744234222,0,,"20.18,96.38",2025-04-09 21:30:22,2025-04-10 04:00:22
19.0650000,96.6480000,10.0000,2.70,ml,,,,,,th_13656_202504091919,2025-04-09T19:19:08.000Z,"Than Daung Gyi, Kayin State, Myanmar (Burma)",Myanmar,MM,Asia,earthquake,1744226743,1744226348,0,,"19.07,96.65",2025-04-09 19:19:08,2025-04-10 01:49:08
18.6900000,96.6390000,10.0000,2.30,ml,,,,,,th_13655_202504091858,2025-04-09T18:58:41.000Z,"Alesengyaung, Kayin State, Myanmar (Burma)",Myanmar,MM,Asia,earthquake,1744225558,1744225121,0,,"18.69,96.64",2025-04-09 18:58:41,2025-04-10 01:28:41
18.7650000,96.4730000,10.0000,2.60,ml,,,,,,th_13654_202504091758,2025-04-09T17:58:38.000Z,"Bomari, Bago Region, Myanmar (Burma)",Myanmar,MM,Asia,earthquake,1744221942,1744221518,0,,"18.77,96.47",2025-04-09 17:58:38,2025-04-10 00:28:38
18.6530000,96.5170000,10.0000,2.20,ml,,,,,,th_13653_202504091744,2025-04-09T17:44:30.000Z,"Zayatkyi, Bago Region, Myanmar (Burma)",Myanmar,MM,Asia,earthquake,1744221463,1744220670,0,,"18.65,96.52",2025-04-09 17:44:30,2025-04-10 00:14:30
22.6140000,96.1000000,10.0000,3.50,ml,,,,,,th_13652_202504091725,2025-04-09T17:49:33.000Z,"Nat Taung, Mandalay Region, Myanmar (Burma)",Myanmar,MM,Asia,earthquake,1744220560,1744219535,0,,"22.61,96.10",2025-04-09 17:25:35,2025-04-09 23:55:35
19.5310000,96.2170000,10.0000,2.40,ml,,,,,,th_13651_202504091722,2025-04-09T17:22:59.000Z,"Tedaung, နေပြည်တော် ပြည်တောင်စုနယ်မြေ, Myanmar (Burma)",Myanmar,MM,Asia,earthquake,1744220007,1744219379,0,,"19.53,96.22",2025-04-09 17:22:59,2025-04-09 23:52:59
22.4600000,94.3000000,33.0000,3.60,ml,,,,,,in_T1o3QWladW9NdGREMERUU1cvblE2Zz09,2025-04-09T18:28:52.000Z,"Sawnkyun, Chin State, Myanmar (Burma)",Myanmar,MM,Asia,earthquake,1744219489,1744218931,1,,"22.10,93.96",2025-04-09 17:15:31,2025-04-09 23:45:31
20.1530000,98.1900000,10.0000,1.70,ml,,,,,,th_13649_202504091714,2025-04-09T17:14:19.000Z,"Hkonglong, Shan, Myanmar (Burma)",Myanmar,MM,Asia,earthquake,1744219476,1744218859,0,,"20.15,98.19",2025-04-09 17:14:19,2025-04-09 23:44:19
21.6834000,96.0221000,10.0000,3.50,ml,6,317,1.312,0.65,us,ems_202504_1792859,2025-04-09T16:53:54.684Z,"Nan Nin (North), Mandalay Region, Myanmar (Burma)","14km NW of Kyaukse, Burma (Myanmar)",MM,Asia,earthquake,1744214890,1744214360,0,,"21.85,96.24",2025-04-09 15:59:20,2025-04-09 22:29:20
21.9360000,96.4200000,7.0000,3.00,ml,,,,,,th_13647_202504091552,2025-04-09T15:52:55.000Z,"Anesakhan, Mandalay Region, Myanmar (Burma)",Myanmar,MM,Asia,earthquake,1744217115,1744213975,0,,"21.94,96.42",2025-04-09 15:52:55,2025-04-09 22:22:55
19.9730000,96.2530000,10.0000,2.40,ml,,,,,,th_13646_202504091503,2025-04-09T15:03:07.000Z,"Tegon, Naypyidaw Union Territory, Myanmar (Burma)",Myanmar,MM,Asia,earthquake,1744217137,1744210987,1,,"19.97,96.25",2025-04-09 15:03:07,2025-04-09 21:33:07
21.4447000,95.9352000,10.0000,3.60,ml,5,195,0.979,0.36,us,ems_202504_1792842,2025-04-09T16:04:58.121Z,"Nyaung Wun, Mandalay Region, Myanmar (Burma)","27km SW of Kyaukse, Burma (Myanmar)",MM,Asia,earthquake,1744210191,1744209617,0,,"21.83,96.35",2025-04-09 14:40:17,2025-04-09 21:10:17
18.2350000,96.1680000,10.0000,2.30,ml,,,,,,th_13644_202504091433,2025-04-09T14:33:47.000Z,"Thitkyi, Bago Region, Myanmar (Burma)",Myanmar,MM,Asia,earthquake,1744217153,1744209227,1,,"18.24,96.17",2025-04-09 14:33:47,2025-04-09 21:03:47
18.5820000,96.6160000,10.0000,2.80,ml,,,,,,th_13642_202504091313,2025-04-09T13:13:51.000Z,"Mon, Bago Region, Myanmar (Burma)",Myanmar,MM,Asia,earthquake,1744204859,1744204431,0,,"18.58,96.62",2025-04-09 13:13:51,2025-04-09 19:43:51
19.1450000,96.4530000,10.0000,3.20,ml,,,,,,th_13641_202504091245,2025-04-09T12:45:06.000Z,"Karenchaung, Bago Region, Myanmar (Burma)",Myanmar,MM,Asia,earthquake,1744203139,1744202706,0,,"19.15,96.45",2025-04-09 12:45:06,2025-04-09 19:15:06
19.1720000,96.2150000,10.0000,2.80,ml,,,,,,th_13640_202504091200,2025-04-09T12:00:35.000Z,"Baungdok, Bago Region, Myanmar (Burma)",Myanmar,MM,Asia,earthquake,1744200490,1744200035,0,,"19.17,96.22",2025-04-09 12:00:35,2025-04-09 18:30:35
18.4860000,96.6290000,10.0000,2.70,ml,,,,,,th_13639_202504090909,2025-04-09T09:09:28.000Z,"Mebok, Bago Region, Myanmar (Burma)",Myanmar,MM,Asia,earthquake,1744190384,1744189768,0,,"18.49,96.63",2025-04-09 09:09:28,2025-04-09 15:39:28
22.5180000,96.2070000,10.0000,4.00,ml,,,,,,ems_202504_1792768,2025-04-09T08:56:55.000Z,"Hnonae, Mandalay Region, Myanmar (Burma)",Myanmar,MM,Asia,earthquake,1744189030,1744188441,0,,"22.52,96.21",2025-04-09 08:47:21,2025-04-09 15:17:21
19.3340000,96.4880000,10.0000,2.70,ml,,,,,,th_13635_202504090817,2025-04-09T08:17:45.000Z,"Kyauktaga Auk, Kayin State, Myanmar (Burma)",Myanmar,MM,Asia,earthquake,1744187153,1744186665,0,,"19.33,96.49",2025-04-09 08:17:45,2025-04-09 14:47:45
22.7797000,95.9266000,10.0000,4.70,mb,,,,,,in_YWcxc0JEQk9lTVlTTm94YlJwZHhMUT09,2025-04-09T08:47:33.000Z,"Gyenbinsho, Sagaing Region, Myanmar (Burma)",Myanmar,MM,Asia,earthquake,1744186371,1744185497,0,,"22.76,95.62",2025-04-09 07:58:17,2025-04-09 14:28:17
19.7310000,98.4450000,1.0000,2.00,ml,,,,,,th_13632_202504090612,2025-04-09T06:12:41.000Z,"Wan Hsenlong, Shan, Myanmar (Burma)",Myanmar,MM,Asia,earthquake,1744180669,1744179161,0,,"19.73,98.45",2025-04-09 06:12:41,2025-04-09 12:42:41
19.6990000,98.4730000,1.0000,2.90,ml,,,,,,th_13631_202504090603,2025-04-09T06:03:41.000Z,"Wan Hsenlong, Shan, Myanmar (Burma)",Myanmar,MM,Asia,earthquake,1744179027,1744178621,1,,"19.70,98.47",2025-04-09 06:03:41,2025-04-09 12:33:41
19.3490000,96.2670000,10.0000,2.70,ml,,,,,,th_13630_202504090518,2025-04-09T05:18:32.000Z,"Thagaya, Bago Region, Myanmar (Burma)",Myanmar,MM,Asia,earthquake,1744176258,1744175912,0,,"19.35,96.27",2025-04-09 05:18:32,2025-04-09 11:48:32
19.6330000,96.4450000,10.0000,2.30,ml,,,,,,th_13628_202504082349,2025-04-08T23:49:06.000Z,"Koywa, Naypyidaw Union Territory, Myanmar (Burma)",Myanmar,MM,Asia,earthquake,1744157493,1744156146,0,,"19.63,96.45",2025-04-08 23:49:06,2025-04-09 06:19:06
19.9560000,97.9720000,1.0000,2.20,ml,,,,,,th_13627_202504082309,2025-04-08T23:09:53.000Z,"Ta Ho-pong, Shan, Myanmar (Burma)",Myanmar,MM,Asia,earthquake,1744154349,1744153793,0,,"19.96,97.97",2025-04-08 23:09:53,2025-04-09 05:39:53
19.6210000,96.2590000,10.0000,2.50,ml,,,,,,th_13626_202504082235,2025-04-08T22:35:12.000Z,"Aye Lar, Mandalay Region, Myanmar (Burma)",Myanmar,MM,Asia,earthquake,1744151994,1744151712,0,,"19.62,96.26",2025-04-08 22:35:12,2025-04-09 05:05:12
21.2810000,96.2570000,10.0000,3.60,ml,,,,,,th_13625_202504082221,2025-04-08T22:35:47.000Z,"Ywarkhainggyi, Mandalay Region, Myanmar (Burma)",Myanmar,MM,Asia,earthquake,1744151509,1744150908,0,,"21.28,96.26",2025-04-08 22:21:48,2025-04-09 04:51:48
19.3180000,96.3290000,10.0000,2.40,ml,,,,,,th_13624_202504082140,2025-04-08T21:40:52.000Z,"Thagaya, Bago Region, Myanmar (Burma)",Myanmar,MM,Asia,earthquake,1744149663,1744148452,0,,"19.32,96.33",2025-04-08 21:40:52,2025-04-09 04:10:52
19.1550000,96.4780000,10.0000,1.90,ml,,,,,,th_13622_202504082122,2025-04-08T21:22:14.000Z,"Karenchaung, Bago Region, Myanmar (Burma)",Myanmar,MM,Asia,earthquake,1744147962,1744147334,0,,"19.16,96.48",2025-04-08 21:22:14,2025-04-09 03:52:14
18.6220000,96.5880000,10.0000,2.10,ml,,,,,,th_13621_202504082055,2025-04-08T20:55:52.000Z,"Kyaungbintha, Bago Region, Myanmar (Burma)",Myanmar,MM,Asia,earthquake,1744146061,1744145752,0,,"18.62,96.59",2025-04-08 20:55:52,2025-04-09 03:25:52
19.7780000,98.4370000,2.0000,2.30,ml,,,,,,th_13620_202504082049,2025-04-08T20:49:07.000Z,"Wan Punglong, Shan, Myanmar (Burma)",Myanmar,MM,Asia,earthquake,1744145802,1744145347,0,,"19.78,98.44",2025-04-08 20:49:07,2025-04-09 03:19:07
19.2720000,96.4340000,10.0000,2.50,ml,,,,,,th_13619_202504082019,2025-04-08T20:19:31.000Z,"Sibaing, Bago Region, Myanmar (Burma)",Myanmar,MM,Asia,earthquake,1744144073,1744143571,0,,"19.27,96.43",2025-04-08 20:19:31,2025-04-09 02:49:31
21.6910000,96.3300000,10.0000,3.00,ml,,,,,,th_13618_202504081916,2025-04-08T19:16:47.000Z,"Gwebin, Mandalay Region, Myanmar (Burma)",Myanmar,MM,Asia,earthquake,1744140336,1744139807,1,,"21.69,96.33",2025-04-08 19:16:47,2025-04-09 01:46:47
18.8990000,96.5340000,10.0000,2.60,ml,,,,,,th_13617_202504081851,2025-04-08T18:51:12.000Z,"Dothaung, Bago Region, Myanmar (Burma)",Myanmar,MM,Asia,earthquake,1744138602,1744138272,0,,"18.90,96.53",2025-04-08 18:51:12,2025-04-09 01:21:12
20.5910000,98.3730000,10.0000,2.30,ml,,,,,,th_13616_202504081844,2025-04-08T18:44:46.000Z,"Wan Kengh Kam, Shan, Myanmar (Burma)",Myanmar,MM,Asia,earthquake,1744138215,1744137886,1,,"20.59,98.37",2025-04-08 18:44:46,2025-04-09 01:14:46
22.1140000,96.0280000,10.0000,3.30,ml,,,,,,th_13615_202504081704,2025-04-08T17:04:12.000Z,"Tha Phan Dauk, Mandalay Region, Myanmar (Burma)",Myanmar,MM,Asia,earthquake,1744132324,1744131852,0,,"22.11,96.03",2025-04-08 17:04:12,2025-04-08 23:34:12
19.7750000,96.4580000,10.0000,3.00,ml,,,,,,th_13614_202504081537,2025-04-08T15:37:04.000Z,"Saungdaung Anauk, Naypyidaw Union Territory, Myanmar (Burma)",Myanmar,MM,Asia,earthquake,1744127212,1744126624,0,,"19.78,96.46",2025-04-08 15:37:04,2025-04-08 22:07:04
22.2440000,96.4850000,10.0000,3.20,ml,,,,,,th_13612_202504081320,2025-04-08T13:20:14.000Z,"Nga Bin, Shan, Myanmar (Burma)",Myanmar,MM,Asia,earthquake,1744118981,1744118414,0,,"22.24,96.49",2025-04-08 13:20:14,2025-04-08 19:50:14
20.5880000,96.4220000,10.0000,2.80,ml,,,,,,th_13611_202504081303,2025-04-08T13:03:05.000Z,"Pinnwe, Mandalay Region, Myanmar (Burma)",Myanmar,MM,Asia,earthquake,1744117934,1744117385,0,,"20.59,96.42",2025-04-08 13:03:05,2025-04-08 19:33:05
18.6390000,97.4320000,3.0000,2.00,ml,,,,,,th_13609_202504081236,2025-04-08T12:36:42.000Z,"Mei Se Nan, Kayah State, Myanmar (Burma)",Myanmar,MM,Asia,earthquake,1744116266,1744115802,0,,"18.64,97.43",2025-04-08 12:36:42,2025-04-08 19:06:42
18.6290000,97.4110000,10.0000,2.30,ml,,,,,,th_13608_202504081209,2025-04-08T12:09:42.000Z,"Mei Se Nan, Kayah State, Myanmar (Burma)",Myanmar,MM,Asia,earthquake,1744114641,1744114182,0,,"18.63,97.41",2025-04-08 12:09:42,2025-04-08 18:39:42
18.7940000,96.6850000,10.0000,2.70,ml,,,,,,th_13610_202504081126,2025-04-08T11:26:41.000Z,"Alesengyaung, Kayin State, Myanmar (Burma)",Myanmar,MM,Asia,earthquake,1744116360,1744111601,0,,"18.79,96.69",2025-04-08 11:26:41,2025-04-08 17:56:41
18.7180000,96.2750000,10.0000,3.90,ml,,,,,,th_13605_202504081035,2025-04-08T10:42:47.000Z,"Bon Chaung, Bago Region, Myanmar (Burma)",Myanmar,MM,Asia,earthquake,1744108894,1744108512,0,,"18.72,96.28",2025-04-08 10:35:12,2025-04-08 17:05:12
21.6170000,95.8840000,10.0000,3.10,ml,,,,,,th_13606_202504081023,2025-04-08T10:23:43.000Z,"Buyauk, Mandalay Region, Myanmar (Burma)",Myanmar,MM,Asia,earthquake,1744108942,1744107823,0,,"21.62,95.88",2025-04-08 10:23:43,2025-04-08 16:53:43
20.0610000,96.4180000,10.0000,3.20,ml,,,,,,th_13603_202504080819,2025-04-08T08:19:21.000Z,"Kyatpye, Naypyidaw Union Territory, Myanmar (Burma)",Myanmar,MM,Asia,earthquake,1744100724,1744100361,0,,"20.06,96.42",2025-04-08 08:19:21,2025-04-08 14:49:21
21.4400000,96.5430000,10.0000,3.20,ml,,,,,,th_13602_202504080628,2025-04-08T06:28:18.000Z,"Mezaliywa, Shan, Myanmar (Burma)",Myanmar,MM,Asia,earthquake,1744096488,1744093698,0,,"21.44,96.54",2025-04-08 06:28:18,2025-04-08 12:58:18
21.9910000,96.3110000,10.0000,3.50,ml,,,,,,th_13601_202504080612,2025-04-08T06:28:37.000Z,"Anesakhan, Mandalay Region, Myanmar (Burma)",Myanmar,MM,Asia,earthquake,1744093317,1744092761,0,,"21.99,96.31",2025-04-08 06:12:41,2025-04-08 12:42:41
22.0610000,96.1850000,10.0000,4.30,ml,,,,,,in_VFBvMXQvY21EVTRzL0xYMHhITXhIUT09,2025-04-08T05:35:50.000Z,"Yetaw, Mandalay Region, Myanmar (Burma)",Myanmar,MM,Asia,earthquake,1744090209,1744089546,1,,"22.45,96.01",2025-04-08 05:19:06,2025-04-08 11:49:06
18.0590000,96.4850000,10.0000,2.80,ml,,,,,,th_13599_202504080248,2025-04-08T02:48:36.000Z,"Myo Chaung, Bago Region, Myanmar (Burma)",Myanmar,MM,Asia,earthquake,1744081173,1744080516,0,,"18.06,96.49",2025-04-08 02:48:36,2025-04-08 09:18:36
18.1750000,96.4160000,10.0000,2.40,ml,,,,,,th_13597_202504080226,2025-04-08T02:26:04.000Z,"Zalokkyi, Bago Region, Myanmar (Burma)",Myanmar,MM,Asia,earthquake,1744079477,1744079164,0,,"18.18,96.42",2025-04-08 02:26:04,2025-04-08 08:56:04
19.6060000,96.5790000,10.0000,2.40,ml,,,,,,th_13595_202504080154,2025-04-08T01:54:51.000Z,"Shan, Myanmar (Burma)",Myanmar,MM,Asia,earthquake,1744078432,1744077291,0,,"19.61,96.58",2025-04-08 01:54:51,2025-04-08 08:24:51
19.2890000,97.5930000,1.0000,2.10,ml,,,,,,th_13594_202504080126,2025-04-08T01:26:23.000Z,"Kayah State, Myanmar (Burma)",Myanmar,MM,Asia,earthquake,1744078376,1744075583,0,,"19.29,97.59",2025-04-08 01:26:23,2025-04-08 07:56:23
19.9380000,97.7290000,3.0000,2.40,ml,,,,,,th_13593_202504080107,2025-04-08T01:07:11.000Z,"Shan, Myanmar (Burma)",Myanmar,MM,Asia,earthquake,1744077172,1744074431,0,,"19.94,97.73",2025-04-08 01:07:11,2025-04-08 07:37:11
19.6710000,96.2390000,10.0000,2.50,ml,,,,,,th_13592_202504080057,2025-04-08T00:57:59.000Z,"Sainggaungyo, Naypyidaw Union Territory, Myanmar (Burma)",Myanmar,MM,Asia,earthquake,1744076614,1744073879,0,,"19.67,96.24",2025-04-08 00:57:59,2025-04-08 07:27:59
19.2100000,96.4560000,10.0000,2.30,ml,,,,,,th_13590_202504080030,2025-04-08T00:30:20.000Z,"Hnawpin, Bago Region, Myanmar (Burma)",Myanmar,MM,Asia,earthquake,1744074554,1744072220,0,,"19.21,96.46",2025-04-08 00:30:20,2025-04-08 07:00:20
20.1380000,96.3780000,10.0000,2.70,ml,,,,,,th_13588_202504072314,2025-04-07T23:14:05.000Z,"Kyatpye, Naypyidaw Union Territory, Myanmar (Burma)",Myanmar,MM,Asia,earthquake,1744068608,1744067645,0,,"20.14,96.38",2025-04-07 23:14:05,2025-04-08 05:44:05
18.5350000,96.5610000,10.0000,2.40,ml,,,,,,th_13587_202504072212,2025-04-07T22:12:38.000Z,"Oakphyat, Bago Region, Myanmar (Burma)",Myanmar,MM,Asia,earthquake,1744065222,1744063958,0,,"18.54,96.56",2025-04-07 22:12:38,2025-04-08 04:42:38
20.6210000,96.4910000,10.0000,4.30,ml,,,,,,in_VDc2Z1k1OFU2cHFjdHN2bnU3V3QwZz09,2025-04-07T22:07:36.000Z,"Kwelgan, Mandalay Region, Myanmar (Burma)",Myanmar,MM,Asia,earthquake,1744063185,1744062511,1,,"21.04,96.14",2025-04-07 21:48:31,2025-04-08 04:18:31
18.7840000,96.4300000,10.0000,2.80,ml,,,,,,th_13581_202504071846,2025-04-07T18:46:41.000Z,"Oktwin, Bago Region, Myanmar (Burma)",Myanmar,MM,Asia,earthquake,1744052371,1744051601,0,,"18.78,96.43",2025-04-07 18:46:41,2025-04-08 01:16:41
20.3320000,96.0920000,10.0000,2.90,ml,,,,,,th_13579_202504071622,2025-04-07T16:22:12.000Z,"Myohla, Mandalay Region, Myanmar (Burma)",Myanmar,MM,Asia,earthquake,1744043521,1744042932,0,,"20.33,96.09",2025-04-07 16:22:12,2025-04-07 22:52:12
20.2630000,96.0700000,10.0000,2.30,ml,,,,,,th_13577_202504071518,2025-04-07T15:18:08.000Z,"Letpan, Naypyidaw Union Territory, Myanmar (Burma)",Myanmar,MM,Asia,earthquake,1744040358,1744039088,0,,"20.26,96.07",2025-04-07 15:18:08,2025-04-07 21:48:08
21.9390000,96.3490000,10.0000,3.40,ml,,,,,,th_13576_202504071350,2025-04-07T13:50:05.000Z,"Anesakhan, Mandalay Region, Myanmar (Burma)",Myanmar,MM,Asia,earthquake,1744034505,1744033805,0,,"21.94,96.35",2025-04-07 13:50:05,2025-04-07 20:20:05
18.8680000,96.5740000,10.0000,2.40,ml,,,,,,th_13575_202504071227,2025-04-07T12:27:41.000Z,"Kyauk-o-bya, Bago Region, Myanmar (Burma)",Myanmar,MM,Asia,earthquake,1744029751,1744028861,0,,"18.87,96.57",2025-04-07 12:27:41,2025-04-07 18:57:41
18.0560000,96.5250000,10.0000,2.20,ml,,,,,,th_13557_202504070741,2025-04-07T07:41:54.000Z,"Hpa Do, Bago Region, Myanmar (Burma)",Myanmar,MM,Asia,earthquake,1744012379,1744011714,0,,"18.06,96.53",2025-04-07 07:41:54,2025-04-07 14:11:54
19.7450000,98.5070000,3.0000,1.70,ml,,,,,,th_13554_202504070705,2025-04-07T07:05:05.000Z,"Wan Hsenlong, Shan, Myanmar (Burma)",Myanmar,MM,Asia,earthquake,1744010226,1744009505,1,,"19.75,98.51",2025-04-07 07:05:05,2025-04-07 13:35:05
19.0960000,96.3980000,10.0000,2.70,ml,,,,,,th_13552_202504070546,2025-04-07T05:46:59.000Z,"Kyun Kone, Bago Region, Myanmar (Burma)",Myanmar,MM,Asia,earthquake,1744005692,1744004819,0,,"19.10,96.40",2025-04-07 05:46:59,2025-04-07 12:16:59
18.8360000,96.4820000,10.0000,3.70,ml,,,,,,th_13550_202504070540,2025-04-07T05:49:36.000Z,"Htantabin, Bago Region, Myanmar (Burma)",Myanmar,MM,Asia,earthquake,1744004853,1744004439,0,,"18.84,96.48",2025-04-07 05:40:39,2025-04-07 12:10:39
19.7460000,98.4950000,2.0000,2.00,ml,,,,,,th_13553_202504070539,2025-04-07T05:39:35.000Z,"Wan Hsenlong, Shan, Myanmar (Burma)",Myanmar,MM,Asia,earthquake,1744007378,1744004375,0,,"19.75,98.50",2025-04-07 05:39:35,2025-04-07 12:09:35
21.8260000,96.4230000,10.0000,3.20,ml,,,,,,th_13551_202504070510,2025-04-07T05:10:14.000Z,"Shwegyaung, Mandalay Region, Myanmar (Burma)",Myanmar,MM,Asia,earthquake,1744005403,1744002614,0,,"21.83,96.42",2025-04-07 05:10:14,2025-04-07 11:40:14
19.7330000,98.4330000,1.0000,3.00,ml,,,,,,th_13545_202504070437,2025-04-07T04:37:12.000Z,"Wan Hsenlong, Shan, Myanmar (Burma)",Myanmar,MM,Asia,earthquake,1744001343,1744000632,0,,"19.73,98.43",2025-04-07 04:37:12,2025-04-07 11:07:12
19.7060000,98.4630000,1.0000,2.40,ml,,,,,,th_13543_202504070332,2025-04-07T03:32:08.000Z,"Wan Hsenlong, Shan, Myanmar (Burma)",Myanmar,MM,Asia,earthquake,1743998313,1743996728,0,,"19.71,98.46",2025-04-07 03:32:08,2025-04-07 10:02:08
19.7180000,98.4680000,10.0000,3.00,ml,,,,,,th_13541_202504070330,2025-04-07T03:30:16.000Z,"Wan Hsenlong, Shan, Myanmar (Burma)",Myanmar,MM,Asia,earthquake,1743997308,1743996616,0,,"19.72,98.47",2025-04-07 03:30:16,2025-04-07 10:00:16
18.8290000,96.3990000,10.0000,3.00,ml,,,,,,th_13540_202504070314,2025-04-07T03:14:47.000Z,"Oktwin, Bago Region, Myanmar (Burma)",Myanmar,MM,Asia,earthquake,1743996756,1743995687,0,,"18.83,96.40",2025-04-07 03:14:47,2025-04-07 09:44:47
19.8040000,96.4470000,10.0000,2.80,ml,,,,,,th_13539_202504070244,2025-04-07T02:44:04.000Z,"Kwedugyi, Naypyidaw Union Territory, Myanmar (Burma)",Myanmar,MM,Asia,earthquake,1743995890,1743993844,0,,"19.80,96.45",2025-04-07 02:44:04,2025-04-07 09:14:04
19.9210000,96.4160000,10.0000,3.10,ml,,,,,,th_13537_202504070141,2025-04-07T01:41:58.000Z,"Yebyaungbyan, Naypyidaw Union Territory, Myanmar (Burma)",Myanmar,MM,Asia,earthquake,1743992849,1743990118,0,,"19.92,96.42",2025-04-07 01:41:58,2025-04-07 08:11:58
19.6560000,96.4600000,10.0000,2.90,ml,,,,,,th_13533_202504070037,2025-04-07T00:37:29.000Z,"Koywa, Naypyidaw Union Territory, Myanmar (Burma)",Myanmar,MM,Asia,earthquake,1743986647,1743986249,0,,"19.66,96.46",2025-04-07 00:37:29,2025-04-07 07:07:29
19.2360000,96.3240000,10.0000,3.54,ml,,,,,,gfz2025gtjg,2025-04-06T23:28:37.000Z,"Swar, Bago Region, Myanmar (Burma)",Myanmar,MM,Asia,earthquake,1744102502,1743982117,0,,"19.24,96.32",2025-04-06 23:28:37,2025-04-07 05:58:37
19.7140000,98.4810000,4.0000,3.80,ml,,,,,,th_13525_202504062224,2025-04-06T22:35:36.000Z,"Wan Hsenlong, Shan, Myanmar (Burma)",Myanmar,MM,Asia,earthquake,1743978626,1743978275,1,,"19.71,98.48",2025-04-06 22:24:35,2025-04-07 04:54:35
19.9170000,98.0790000,6.0000,2.80,ml,,,,,,th_13524_202504062218,2025-04-06T22:18:45.000Z,"Wan Nawnghsem, Shan, Myanmar (Burma)",Myanmar,MM,Asia,earthquake,1743978444,1743977925,0,,"19.92,98.08",2025-04-06 22:18:45,2025-04-07 04:48:45
19.7050000,98.4700000,5.0000,3.50,ml,,,,,,th_13520_202504062132,2025-04-06T21:49:35.000Z,"Wan Hsenlong, Shan, Myanmar (Burma)",Myanmar,MM,Asia,earthquake,1743975753,1743975154,0,,"19.71,98.47",2025-04-06 21:32:34,2025-04-07 04:02:34
19.6970000,98.4470000,1.0000,3.50,ml,,,,,,th_13518_202504062120,2025-04-06T21:42:34.000Z,"Wan Hsenlong, Shan, Myanmar (Burma)",Myanmar,MM,Asia,earthquake,1743975499,1743974446,0,,"19.70,98.45",2025-04-06 21:20:46,2025-04-07 03:50:46
19.7110000,98.4820000,1.0000,3.70,ml,,,,,,th_13515_202504062110,2025-04-06T21:21:36.000Z,"Wan Hsenlong, Shan, Myanmar (Burma)",Myanmar,MM,Asia,earthquake,1743974167,1743973803,0,,"19.71,98.48",2025-04-06 21:10:03,2025-04-07 03:40:03
21.2700000,96.9520000,10.0000,3.30,ml,,,,,,th_13514_202504062017,2025-04-06T20:17:51.000Z,"Lawksawk, Shan, Myanmar (Burma)",Myanmar,MM,Asia,earthquake,1743971152,1743970671,0,,"21.27,96.95",2025-04-06 20:17:51,2025-04-07 02:47:51
19.3800000,96.3920000,10.0000,2.70,ml,,,,,,th_13513_202504061857,2025-04-06T18:57:56.000Z,"Wayonle, Bago Region, Myanmar (Burma)",Myanmar,MM,Asia,earthquake,1743966290,1743965876,0,,"19.38,96.39",2025-04-06 18:57:56,2025-04-07 01:27:56
19.3180000,96.0460000,1.0000,2.70,ml,,,,,,th_13512_202504061818,2025-04-06T18:18:25.000Z,"Banbwebin, Bago Region, Myanmar (Burma)",Myanmar,MM,Asia,earthquake,1743964072,1743963505,0,,"19.32,96.05",2025-04-06 18:18:25,2025-04-07 00:48:25
19.4300000,96.1820000,10.0000,2.70,ml,,,,,,th_13511_202504061735,2025-04-06T17:35:47.000Z,"Myohla, Bago Region, Myanmar (Burma)",Myanmar,MM,Asia,earthquake,1743962121,1743960947,0,,"19.43,96.18",2025-04-06 17:35:47,2025-04-07 00:05:47
20.1630000,96.1300000,10.0000,4.40,ml,,,,,,ems_202504_1791792,2025-04-06T17:21:33.000Z,"Kyaungywa, Naypyidaw Union Territory, Myanmar (Burma)",Myanmar,MM,Asia,earthquake,1743960108,1743959456,0,,"20.16,96.13",2025-04-06 17:10:56,2025-04-06 23:40:56
17.4130000,97.6190000,10.0000,2.10,ml,,,,,,th_13509_202504061442,2025-04-06T14:42:32.000Z,"Chenanlan, Kayin State, Myanmar (Burma)",Myanmar,MM,Asia,earthquake,1743950993,1743950552,0,,"17.41,97.62",2025-04-06 14:42:32,2025-04-06 21:12:32
18.1330000,96.4850000,5.0000,2.40,ml,,,,,,th_13508_202504061328,2025-04-06T13:28:25.000Z,"Myo Chaung, Bago Region, Myanmar (Burma)",Myanmar,MM,Asia,earthquake,1743946534,1743946105,0,,"18.13,96.49",2025-04-06 13:28:25,2025-04-06 19:58:25
21.7270000,96.3220000,16.0000,3.50,ml,,,,,,th_13507_202504061255,2025-04-06T13:07:44.000Z,"Hngetkyithaik, Mandalay Region, Myanmar (Burma)",Myanmar,MM,Asia,earthquake,1743944550,1743944147,0,,"21.73,96.32",2025-04-06 12:55:47,2025-04-06 19:25:47
19.0880000,96.4460000,10.0000,3.50,ml,,,,,,th_13506_202504061141,2025-04-06T11:49:44.000Z,"Kyun Kone, Bago Region, Myanmar (Burma)",Myanmar,MM,Asia,earthquake,1743939993,1743939671,0,,"19.09,96.45",2025-04-06 11:41:11,2025-04-06 18:11:11
19.4670000,96.3210000,7.0000,3.50,ml,,,,,,th_13504_202504060904,2025-04-06T09:14:51.000Z,"Yae Ni, Bago Region, Myanmar (Burma)",Myanmar,MM,Asia,earthquake,1743930741,1743930265,0,,"19.47,96.32",2025-04-06 09:04:25,2025-04-06 15:34:25
20.8760000,96.4500000,10.0000,3.00,ml,,,,,,th_13503_202504060822,2025-04-06T08:22:37.000Z,"Pyinyaung, Mandalay Region, Myanmar (Burma)",Myanmar,MM,Asia,earthquake,1743929285,1743927757,0,,"20.88,96.45",2025-04-06 08:22:37,2025-04-06 14:52:37
17.9830000,96.4560000,10.0000,2.60,ml,,,,,,th_13502_202504060726,2025-04-06T07:26:41.000Z,"Baingda, Bago Region, Myanmar (Burma)",Myanmar,MM,Asia,earthquake,1743925152,1743924401,0,,"17.98,96.46",2025-04-06 07:26:41,2025-04-06 13:56:41
20.8970000,96.2350000,7.0000,3.80,ml,,,,,,th_13501_202504060538,2025-04-06T05:49:35.000Z,"In Tine Thar, Mandalay Region, Myanmar (Burma)",Myanmar,MM,Asia,earthquake,1743918236,1743917893,0,,"20.90,96.24",2025-04-06 05:38:13,2025-04-06 12:08:13
19.8320000,96.2880000,13.0000,4.00,ml,,,,,,ems_202504_1791598,2025-04-06T03:28:36.000Z,"Yezin, Naypyidaw Union Territory, Myanmar (Burma)",Myanmar,MM,Asia,earthquake,1743910135,1743909435,0,,"19.83,96.29",2025-04-06 03:17:15,2025-04-06 09:47:15
19.2710000,96.5230000,10.0000,2.40,ml,,,,,,th_13498_202504060053,2025-04-06T00:53:25.000Z,"Pebo, Kayin State, Myanmar (Burma)",Myanmar,MM,Asia,earthquake,1743902128,1743900805,0,,"19.27,96.52",2025-04-06 00:53:25,2025-04-06 07:23:25
18.8560000,96.7390000,10.0000,3.50,ml,,,,,,th_13497_202504060049,2025-04-06T01:07:34.000Z,"Kolu, Kayin State, Myanmar (Burma)",Myanmar,MM,Asia,earthquake,1743901426,1743900563,0,,"18.86,96.74",2025-04-06 00:49:23,2025-04-06 07:19:23
20.3070000,98.2570000,4.0000,2.40,ml,,,,,,th_13495_202504060024,2025-04-06T00:24:14.000Z,"Na-law, Shan, Myanmar (Burma)",Myanmar,MM,Asia,earthquake,1743899652,1743899054,0,,"20.31,98.26",2025-04-06 00:24:14,2025-04-06 06:54:14
17.5930000,97.7710000,1.0000,2.40,ml,,,,,,th_13496_202504060018,2025-04-06T00:18:02.000Z,"Bawnawle, Kayin State, Myanmar (Burma)",Myanmar,MM,Asia,earthquake,1743899932,1743898682,0,,"17.59,97.77",2025-04-06 00:18:02,2025-04-06 06:48:02
19.7380000,98.5110000,1.0000,1.70,ml,,,,,,th_13494_202504060015,2025-04-06T00:15:48.000Z,"Wan Hsenlong, Shan, Myanmar (Burma)",Myanmar,MM,Asia,earthquake,1743899247,1743898548,0,,"19.74,98.51",2025-04-06 00:15:48,2025-04-06 06:45:48
20.6320000,96.0140000,10.0000,2.90,ml,,,,,,th_13493_202504052358,2025-04-05T23:58:31.000Z,"Pyawbwe, Mandalay Region, Myanmar (Burma)",Myanmar,MM,Asia,earthquake,1743898062,1743897511,0,,"20.63,96.01",2025-04-05 23:58:31,2025-04-06 06:28:31
19.7500000,98.5270000,1.0000,1.80,ml,,,,,,th_13491_202504052324,2025-04-05T23:24:35.000Z,"Wan Hsenlong, Shan, Myanmar (Burma)",Myanmar,MM,Asia,earthquake,1743896355,1743895475,0,,"19.75,98.53",2025-04-05 23:24:35,2025-04-06 05:54:35
18.8490000,96.3170000,10.0000,2.20,ml,,,,,,th_13490_202504052200,2025-04-05T22:00:25.000Z,"Letpangon, Bago Region, Myanmar (Burma)",Myanmar,MM,Asia,earthquake,1743890819,1743890425,0,,"18.85,96.32",2025-04-05 22:00:25,2025-04-06 04:30:25
18.9470000,96.7130000,10.0000,2.40,ml,,,,,,th_13489_202504052119,2025-04-05T21:19:10.000Z,"Baw Ga Li, Kayin State, Myanmar (Burma)",Myanmar,MM,Asia,earthquake,1743888958,1743887950,0,,"18.95,96.71",2025-04-05 21:19:10,2025-04-06 03:49:10
19.2610000,96.3830000,10.0000,2.10,ml,,,,,,th_13488_202504052106,2025-04-05T21:06:37.000Z,"Sibaing, Bago Region, Myanmar (Burma)",Myanmar,MM,Asia,earthquake,1743887878,1743887197,0,,"19.26,96.38",2025-04-05 21:06:37,2025-04-06 03:36:37
20.7570000,96.3950000,10.0000,2.90,ml,,,,,,th_13487_202504052056,2025-04-05T20:56:19.000Z,"Pyingyaung, Mandalay Region, Myanmar (Burma)",Myanmar,MM,Asia,earthquake,1743887010,1743886579,0,,"20.76,96.40",2025-04-05 20:56:19,2025-04-06 03:26:19
18.7750000,96.5200000,10.0000,2.00,ml,,,,,,th_13486_202504052052,2025-04-05T20:52:46.000Z,"Bomari, Bago Region, Myanmar (Burma)",Myanmar,MM,Asia,earthquake,1743886724,1743886366,0,,"18.78,96.52",2025-04-05 20:52:46,2025-04-06 03:22:46
19.3790000,96.2540000,10.0000,2.20,ml,,,,,,th_13485_202504052034,2025-04-05T20:34:45.000Z,"Myohla, Bago Region, Myanmar (Burma)",Myanmar,MM,Asia,earthquake,1743886052,1743885285,0,,"19.38,96.25",2025-04-05 20:34:45,2025-04-06 03:04:45
17.7320000,97.4940000,3.0000,2.30,ml,,,,,,th_13484_202504052000,2025-04-05T20:00:17.000Z,"Dawmwe, Kayin State, Myanmar (Burma)",Myanmar,MM,Asia,earthquake,1743883743,1743883217,0,,"17.73,97.49",2025-04-05 20:00:17,2025-04-06 02:30:17
19.5210000,96.6080000,15.0000,2.60,ml,,,,,,th_13483_202504051933,2025-04-05T19:33:38.000Z,"Alegyaung Auk, Naypyidaw Union Territory, Myanmar (Burma)",Myanmar,MM,Asia,earthquake,1743882555,1743881618,0,,"19.52,96.61",2025-04-05 19:33:38,2025-04-06 02:03:38
19.0670000,96.8820000,1.0000,2.80,ml,,,,,,th_13482_202504051930,2025-04-05T19:30:21.000Z,"Shoko, Kayin State, Myanmar (Burma)",Myanmar,MM,Asia,earthquake,1743882516,1743881421,0,,"19.07,96.88",2025-04-05 19:30:21,2025-04-06 02:00:21
18.7870000,96.3870000,10.0000,2.30,ml,,,,,,th_13481_202504051843,2025-04-05T18:43:01.000Z,"Oktwin, Bago Region, Myanmar (Burma)",Myanmar,MM,Asia,earthquake,1743879702,1743878581,0,,"18.79,96.39",2025-04-05 18:43:01,2025-04-06 01:13:01
20.0330000,97.2090000,5.0000,2.50,ml,,,,,,th_13480_202504051833,2025-04-05T18:33:29.000Z,"Maibaung, Shan, Myanmar (Burma)",Myanmar,MM,Asia,earthquake,1743879664,1743878009,0,,"20.03,97.21",2025-04-05 18:33:29,2025-04-06 01:03:29
19.1130000,96.4580000,5.0000,2.30,ml,,,,,,th_13479_202504051814,2025-04-05T18:14:04.000Z,"Karenchaung, Bago Region, Myanmar (Burma)",Myanmar,MM,Asia,earthquake,1743877233,1743876844,0,,"19.11,96.46",2025-04-05 18:14:04,2025-04-06 00:44:04
19.7240000,98.4860000,2.0000,2.40,ml,,,,,,th_13478_202504051708,2025-04-05T17:08:58.000Z,"Wan Hsenlong, Shan, Myanmar (Burma)",Myanmar,MM,Asia,earthquake,1743873738,1743872938,0,,"19.72,98.49",2025-04-05 17:08:58,2025-04-05 23:38:58
22.0100000,96.3960000,10.0000,2.90,ml,,,,,,th_13476_202504051609,2025-04-05T16:09:48.000Z,"Anesakhan, Mandalay Region, Myanmar (Burma)",Myanmar,MM,Asia,earthquake,1743870131,1743869388,0,,"22.01,96.40",2025-04-05 16:09:48,2025-04-05 22:39:48
19.0970000,96.3920000,10.0000,2.60,ml,,,,,,th_13475_202504051540,2025-04-05T15:40:07.000Z,"Kyun Kone, Bago Region, Myanmar (Burma)",Myanmar,MM,Asia,earthquake,1743868028,1743867607,0,,"19.10,96.39",2025-04-05 15:40:07,2025-04-05 22:10:07
18.3430000,96.4000000,10.0000,2.10,ml,,,,,,th_13474_202504051518,2025-04-05T15:18:23.000Z,"Nyaung Pin Thar, Bago Region, Myanmar (Burma)",Myanmar,MM,Asia,earthquake,1743867751,1743866303,0,,"18.34,96.40",2025-04-05 15:18:23,2025-04-05 21:48:23
19.6250000,96.4020000,10.0000,2.70,ml,,,,,,th_13473_202504051510,2025-04-05T15:10:50.000Z,"Seikuhudaung, Naypyidaw Union Territory, Myanmar (Burma)",Myanmar,MM,Asia,earthquake,1743867239,1743865850,0,,"19.63,96.40",2025-04-05 15:10:50,2025-04-05 21:40:50
18.8370000,96.9450000,1.0000,2.50,ml,,,,,,th_13472_202504051445,2025-04-05T14:45:24.000Z,"Hoki, Kayin State, Myanmar (Burma)",Myanmar,MM,Asia,earthquake,1743864977,1743864324,0,,"18.84,96.95",2025-04-05 14:45:24,2025-04-05 21:15:24
19.5770000,96.4730000,10.0000,4.30,ml,,,,,,ems_202504_1791396,2025-04-05T14:07:35.000Z,"Seikuhudaung, Naypyidaw Union Territory, Myanmar (Burma)",Myanmar,MM,Asia,earthquake,1743862073,1743861258,0,,"19.58,96.47",2025-04-05 13:54:18,2025-04-05 20:24:18
19.6110000,96.3020000,10.0000,2.50,ml,,,,,,th_13469_202504051352,2025-04-05T13:52:54.000Z,"Thitchazeik, နေပြည်တော် ပြည်တောင်စုနယ်မြေ, Myanmar (Burma)",Myanmar,MM,Asia,earthquake,1743863368,1743861174,0,,"19.61,96.30",2025-04-05 13:52:54,2025-04-05 20:22:54
21.6970000,96.2310000,10.0000,2.70,ml,,,,,,th_13471_202504051348,2025-04-05T13:48:28.000Z,"Kado, Mandalay Region, Myanmar (Burma)",Myanmar,MM,Asia,earthquake,1743864654,1743860908,0,,"21.70,96.23",2025-04-05 13:48:28,2025-04-05 20:18:28
19.3290000,96.5290000,10.0000,2.00,ml,,,,,,th_13470_202504051345,2025-04-05T13:45:27.000Z,"Amayadaung, Kayin State, Myanmar (Burma)",Myanmar,MM,Asia,earthquake,1743863924,1743860727,0,,"19.33,96.53",2025-04-05 13:45:27,2025-04-05 20:15:27
19.4580000,96.1520000,10.0000,2.80,ml,,,,,,th_13466_202504051342,2025-04-05T13:42:18.000Z,"Minye, Naypyidaw Union Territory, Myanmar (Burma)",Myanmar,MM,Asia,earthquake,1743861611,1743860538,0,,"19.46,96.15",2025-04-05 13:42:18,2025-04-05 20:12:18
20.0960000,97.9850000,2.0000,3.40,ml,,,,,,th_13465_202504051339,2025-04-05T13:39:35.000Z,"Wan Hwè-ning, Shan, Myanmar (Burma)",Myanmar,MM,Asia,earthquake,1743860729,1743860375,0,,"20.10,97.99",2025-04-05 13:39:35,2025-04-05 20:09:35
19.9740000,96.2520000,10.0000,2.40,ml,,,,,,th_13468_202504051332,2025-04-05T13:32:52.000Z,"Tegon, Naypyidaw Union Territory, Myanmar (Burma)",Myanmar,MM,Asia,earthquake,1743862126,1743859972,0,,"19.97,96.25",2025-04-05 13:32:52,2025-04-05 20:02:52
18.7870000,96.4680000,10.0000,2.10,ml,,,,,,th_13464_202504051158,2025-04-05T11:58:03.000Z,"Bomari, Bago Region, Myanmar (Burma)",Myanmar,MM,Asia,earthquake,1743856141,1743854283,0,,"18.79,96.47",2025-04-05 11:58:03,2025-04-05 18:28:03
21.3280000,96.0690000,10.0000,3.20,ml,,,,,,th_13463_202504051128,2025-04-05T11:28:30.000Z,"Shweku, Mandalay Region, Myanmar (Burma)",Myanmar,MM,Asia,earthquake,1743852967,1743852510,0,,"21.33,96.07",2025-04-05 11:28:30,2025-04-05 17:58:30
19.0790000,96.3490000,10.0000,2.60,ml,,,,,,th_13462_202504051112,2025-04-05T11:12:47.000Z,"Kyun Kone, Bago Region, Myanmar (Burma)",Myanmar,MM,Asia,earthquake,1743852089,1743851567,0,,"19.08,96.35",2025-04-05 11:12:47,2025-04-05 17:42:47
21.4180000,97.9350000,10.0000,2.90,ml,,,,,,th_13461_202504051105,2025-04-05T11:05:19.000Z,"Wan Pang, Shan, Myanmar (Burma)",Myanmar,MM,Asia,earthquake,1743851957,1743851119,0,,"21.42,97.94",2025-04-05 11:05:19,2025-04-05 17:35:19
19.2670000,96.5500000,10.0000,3.20,ml,,,,,,th_13459_202504050944,2025-04-05T09:44:06.000Z,"Pebo, Kayin State, Myanmar (Burma)",Myanmar,MM,Asia,earthquake,1743846740,1743846246,0,,"19.27,96.55",2025-04-05 09:44:06,2025-04-05 16:14:06
19.0110000,96.4260000,10.0000,3.20,ml,,,,,,th_13458_202504050935,2025-04-05T09:35:40.000Z,"Kaytumati, Bago Region, Myanmar (Burma)",Myanmar,MM,Asia,earthquake,1743846254,1743845740,0,,"19.01,96.43",2025-04-05 09:35:40,2025-04-05 16:05:40
20.7550000,96.0770000,10.0000,3.90,ml,,,,,,th_13457_202504050933,2025-04-05T09:42:35.000Z,"Nyaungyan, Mandalay Region, Myanmar (Burma)",Myanmar,MM,Asia,earthquake,1743846051,1743845587,0,,"20.76,96.08",2025-04-05 09:33:07,2025-04-05 16:03:07
19.1100000,96.6100000,10.0000,2.30,ml,,,,,,th_13456_202504050924,2025-04-05T09:24:30.000Z,"Than Daung Gyi, Kayin State, Myanmar (Burma)",Myanmar,MM,Asia,earthquake,1743845770,1743845070,0,,"19.11,96.61",2025-04-05 09:24:30,2025-04-05 15:54:30
19.7360000,98.4880000,2.0000,1.90,ml,,,,,,th_13455_202504050909,2025-04-05T09:09:20.000Z,"Wan Hsenlong, Shan, Myanmar (Burma)",Myanmar,MM,Asia,earthquake,1743844813,1743844160,0,,"19.74,98.49",2025-04-05 09:09:20,2025-04-05 15:39:20
20.3860000,96.0380000,10.0000,2.90,ml,,,,,,th_13454_202504050847,2025-04-05T08:47:56.000Z,"Myohla, Mandalay Region, Myanmar (Burma)",Myanmar,MM,Asia,earthquake,1743844069,1743842876,0,,"20.39,96.04",2025-04-05 08:47:56,2025-04-05 15:17:56
18.3320000,96.6380000,10.0000,2.50,ml,,,,,,th_13453_202504050819,2025-04-05T08:19:08.000Z,"Myabago, Bago Region, Myanmar (Burma)",Myanmar,MM,Asia,earthquake,1743842275,1743841148,0,,"18.33,96.64",2025-04-05 08:19:08,2025-04-05 14:49:08
21.8070000,96.3020000,10.0000,3.70,ml,,,,,,th_13452_202504050742,2025-04-05T07:56:35.000Z,"Thon-Daung-Ywa-Ma, Mandalay Region, Myanmar (Burma)",Myanmar,MM,Asia,earthquake,1743839748,1743838964,0,,"21.81,96.30",2025-04-05 07:42:44,2025-04-05 14:12:44
20.8920000,96.2990000,10.0000,3.10,ml,,,,,,th_13451_202504050728,2025-04-05T07:28:56.000Z,"Pothanaing, Mandalay Region, Myanmar (Burma)",Myanmar,MM,Asia,earthquake,1743838739,1743838136,0,,"20.89,96.30",2025-04-05 07:28:56,2025-04-05 13:58:56
19.6320000,96.2210000,10.0000,2.30,ml,,,,,,th_13450_202504050713,2025-04-05T07:13:13.000Z,"(Yelegwe), Naypyidaw Union Territory, Myanmar (Burma)",Myanmar,MM,Asia,earthquake,1743838192,1743837193,0,,"19.63,96.22",2025-04-05 07:13:13,2025-04-05 13:43:13
18.6890000,96.3900000,10.0000,4.10,ml,,,,,,ems_202504_1791277,2025-04-05T06:49:33.000Z,"Bago Region, Myanmar (Burma)",Myanmar,MM,Asia,earthquake,1743835791,1743835184,0,,"18.69,96.39",2025-04-05 06:39:44,2025-04-05 13:09:44
22.3380000,96.3300000,10.0000,3.30,ml,,,,,,th_13448_202504050550,2025-04-05T05:50:08.000Z,"Sedaw, Mandalay Region, Myanmar (Burma)",Myanmar,MM,Asia,earthquake,1743834174,1743832208,0,,"22.34,96.33",2025-04-05 05:50:08,2025-04-05 12:20:08
19.4040000,96.4530000,10.0000,2.60,ml,,,,,,th_13447_202504050507,2025-04-05T05:07:02.000Z,"Amayadaung, Kayin State, Myanmar (Burma)",Myanmar,MM,Asia,earthquake,1743830183,1743829622,0,,"19.40,96.45",2025-04-05 05:07:02,2025-04-05 11:37:02
19.7390000,96.4650000,10.0000,2.80,ml,,,,,,th_13446_202504050444,2025-04-05T04:44:43.000Z,"Saungdaung Anauk, Naypyidaw Union Territory, Myanmar (Burma)",Myanmar,MM,Asia,earthquake,1743828764,1743828283,0,,"19.74,96.47",2025-04-05 04:44:43,2025-04-05 11:14:43
20.0240000,96.5230000,10.0000,3.10,ml,,,,,,th_13445_202504050411,2025-04-05T04:11:30.000Z,"Banyin, Shan, Myanmar (Burma)",Myanmar,MM,Asia,earthquake,1743827434,1743826290,0,,"20.02,96.52",2025-04-05 04:11:30,2025-04-05 10:41:30
25.1300000,95.1300000,130.0000,3.90,ml,,,,,,in_YWF4UXpoODV3VE95SERDeE5ZM29FUT09,2025-04-05T03:14:33.000Z,"Tonmalaw, Sagaing Region, Myanmar (Burma)",Myanmar,MM,Asia,earthquake,1743822841,1743822205,0,,"25.13,95.13",2025-04-05 03:03:25,2025-04-05 09:33:25
19.6890000,97.9060000,3.0000,1.70,ml,,,,,,th_13444_202504050219,2025-04-05T02:19:14.000Z,"Kiu-neng, Shan, Myanmar (Burma)",Myanmar,MM,Asia,earthquake,1743824011,1743819554,0,,"19.69,97.91",2025-04-05 02:19:14,2025-04-05 08:49:14
19.7140000,96.5040000,10.0000,2.40,ml,,,,,,th_13442_202504050139,2025-04-05T01:39:49.000Z,"Saungdaung Anauk, Naypyidaw Union Territory, Myanmar (Burma)",Myanmar,MM,Asia,earthquake,1743818647,1743817189,0,,"19.71,96.50",2025-04-05 01:39:49,2025-04-05 08:09:49
19.4910000,96.5880000,10.0000,2.40,ml,,,,,,th_13443_202504050135,2025-04-05T01:35:06.000Z,"Alegyaung Auk, Naypyidaw Union Territory, Myanmar (Burma)",Myanmar,MM,Asia,earthquake,1743819550,1743816906,0,,"19.49,96.59",2025-04-05 01:35:06,2025-04-05 08:05:06
21.6710000,96.2710000,10.0000,3.80,ml,,,,,,th_13441_202504050108,2025-04-05T01:56:35.000Z,"Kado, Mandalay Region, Myanmar (Burma)",Myanmar,MM,Asia,earthquake,1743817772,1743815314,0,,"21.67,96.27",2025-04-05 01:08:34,2025-04-05 07:38:34
22.1300000,96.3170000,10.0000,3.40,ml,,,,,,th_13440_202504042359,2025-04-04T23:59:05.000Z,"Daw-wa-kyaung, Mandalay Region, Myanmar (Burma)",Myanmar,MM,Asia,earthquake,1743811765,1743811145,0,,"22.13,96.32",2025-04-04 23:59:05,2025-04-05 06:29:05
18.2700000,96.5310000,10.0000,2.50,ml,,,,,,th_13439_202504042308,2025-04-04T23:08:36.000Z,"Penwegon, Bago Region, Myanmar (Burma)",Myanmar,MM,Asia,earthquake,1743808652,1743808116,0,,"18.27,96.53",2025-04-04 23:08:36,2025-04-05 05:38:36
18.7490000,96.3020000,10.0000,2.40,ml,,,,,,th_13437_202504042242,2025-04-04T22:42:04.000Z,"Bon Chaung, Bago Region, Myanmar (Burma)",Myanmar,MM,Asia,earthquake,1743807057,1743806524,0,,"18.75,96.30",2025-04-04 22:42:04,2025-04-05 05:12:04
19.7400000,96.4220000,10.0000,2.80,ml,,,,,,th_13436_202504041929,2025-04-04T19:29:09.000Z,"Yitpyak, Naypyidaw Union Territory, Myanmar (Burma)",Myanmar,MM,Asia,earthquake,1743795390,1743794949,0,,"19.74,96.42",2025-04-04 19:29:09,2025-04-05 01:59:09
21.5934000,96.0619000,10.0000,4.80,mb,110,49,1.135,0.62,us,in_WGVyUURJUFh1T2lvNXdlcHUrWmp0dz09,2025-04-08T21:20:18.683Z,"Kyaukse, Burma (Myanmar)","7km W of Kyaukse, Burma (Myanmar)",MM,Asia,earthquake,1743780957,1743780324,0,,"21.54,96.03",2025-04-04 15:25:24,2025-04-04 21:55:24
19.6420000,96.4330000,10.0000,2.50,ml,,,,,,th_13434_202504041504,2025-04-04T15:04:15.000Z,"Mayandaung Atet, Naypyidaw Union Territory, Myanmar (Burma)",Myanmar,MM,Asia,earthquake,1743780139,1743779055,0,,"19.64,96.43",2025-04-04 15:04:15,2025-04-04 21:34:15
19.0360000,96.6260000,10.0000,2.30,ml,,,,,,th_13433_202504041439,2025-04-04T14:39:25.000Z,"Thandaung, Kayin State, Myanmar (Burma)",Myanmar,MM,Asia,earthquake,1743778835,1743777565,0,,"19.04,96.63",2025-04-04 14:39:25,2025-04-04 21:09:25
19.9540000,96.4900000,10.0000,2.90,ml,,,,,,th_13432_202504041341,2025-04-04T13:41:20.000Z,"Taunggya, Shan, Myanmar (Burma)",Myanmar,MM,Asia,earthquake,1743774519,1743774080,0,,"19.95,96.49",2025-04-04 13:41:20,2025-04-04 20:11:20
19.8460000,98.0720000,1.0000,1.90,ml,,,,,,th_13431_202504041330,2025-04-04T13:30:12.000Z,"Loikwang, Shan, Myanmar (Burma)",Myanmar,MM,Asia,earthquake,1743773982,1743773412,0,,"19.85,98.07",2025-04-04 13:30:12,2025-04-04 20:00:12
19.9480000,96.3880000,10.0000,2.60,ml,,,,,,th_13429_202504041243,2025-04-04T12:43:57.000Z,"Thalaing, Naypyidaw Union Territory, Myanmar (Burma)",Myanmar,MM,Asia,earthquake,1743771501,1743770637,0,,"19.95,96.39",2025-04-04 12:43:57,2025-04-04 19:13:57
20.2390000,98.2790000,1.0000,2.10,ml,,,,,,th_13430_202504041226,2025-04-04T12:26:58.000Z,"Wan Kyawng, Shan, Myanmar (Burma)",Myanmar,MM,Asia,earthquake,1743771550,1743769618,0,,"20.24,98.28",2025-04-04 12:26:58,2025-04-04 18:56:58
20.1070000,97.8220000,1.0000,2.50,ml,,,,,,th_13428_202504041219,2025-04-04T12:19:27.000Z,"Wan Kongpao, Shan, Myanmar (Burma)",Myanmar,MM,Asia,earthquake,1743769544,1743769167,0,,"20.11,97.82",2025-04-04 12:19:27,2025-04-04 18:49:27
20.8870000,96.1220000,10.0000,3.00,ml,,,,,,th_13427_202504041133,2025-04-04T11:33:29.000Z,"Thazi, Mandalay Region, Myanmar (Burma)",Myanmar,MM,Asia,earthquake,1743767158,1743766409,0,,"20.89,96.12",2025-04-04 11:33:29,2025-04-04 18:03:29
19.6600000,96.3420000,10.0000,3.30,ml,,,,,,th_13426_202504041106,2025-04-04T11:06:38.000Z,"Mayandaung Auk, Naypyidaw Union Territory, Myanmar (Burma)",Myanmar,MM,Asia,earthquake,1743765317,1743764798,0,,"19.66,96.34",2025-04-04 11:06:38,2025-04-04 17:36:38
19.2970000,96.5450000,10.0000,2.80,ml,,,,,,th_13425_202504041048,2025-04-04T10:48:49.000Z,"Kyemin Ale, Kayin State, Myanmar (Burma)",Myanmar,MM,Asia,earthquake,1743764206,1743763729,0,,"19.30,96.55",2025-04-04 10:48:49,2025-04-04 17:18:49
22.0640000,96.3720000,10.0000,3.70,ml,,,,,,th_13424_202504041019,2025-04-04T10:35:32.000Z,"Pyin Oo Lwin, Mandalay Region, Myanmar (Burma)",Myanmar,MM,Asia,earthquake,1743762659,1743761941,0,,"22.06,96.37",2025-04-04 10:19:01,2025-04-04 16:49:01
18.7990000,97.5620000,10.0000,2.20,ml,,,,,,th_13423_202504040938,2025-04-04T09:38:19.000Z,"Loi Mun, Kayah State, Myanmar (Burma)",Myanmar,MM,Asia,earthquake,1743760425,1743759499,0,,"18.80,97.56",2025-04-04 09:38:19,2025-04-04 16:08:19
18.0030000,96.3020000,10.0000,3.80,ml,,,,,,ems_202504_1790876,2025-04-04T06:14:35.000Z,"Kocha Te, Bago Region, Myanmar (Burma)",Myanmar,MM,Asia,earthquake,1743747291,1743746636,0,,"18.00,96.30",2025-04-04 06:03:56,2025-04-04 12:33:56
19.0710000,96.4080000,10.0000,3.30,ml,,,,,,th_13417_202504040535,2025-04-04T05:35:33.000Z,"Kyun Kone, Bago Region, Myanmar (Burma)",Myanmar,MM,Asia,earthquake,1743745366,1743744933,0,,"19.07,96.41",2025-04-04 05:35:33,2025-04-04 12:05:33
18.6570000,96.3230000,10.0000,2.70,ml,,,,,,th_13415_202504040259,2025-04-04T02:59:06.000Z,"Bon Chaung, Bago Region, Myanmar (Burma)",Myanmar,MM,Asia,earthquake,1743737579,1743735546,0,,"18.66,96.32",2025-04-04 02:59:06,2025-04-04 09:29:06
22.4310000,97.9650000,10.0000,3.30,ml,,,,,,th_13416_202504040257,2025-04-04T02:57:00.000Z,"Mongyai, Shan, Myanmar (Burma)",Myanmar,MM,Asia,earthquake,1743737637,1743735420,0,,"22.43,97.97",2025-04-04 02:57:00,2025-04-04 09:27:00
21.9560000,96.6100000,10.0000,3.70,ml,,,,,,th_13413_202504040126,2025-04-04T01:42:39.000Z,"Thinkadon, Mandalay Region, Myanmar (Burma)",Myanmar,MM,Asia,earthquake,1743730643,1743729987,0,,"21.96,96.61",2025-04-04 01:26:27,2025-04-04 07:56:27
19.0230000,96.4900000,10.0000,2.90,ml,,,,,,th_13412_202504040049,2025-04-04T00:49:31.000Z,"Kaytumati, Bago Region, Myanmar (Burma)",Myanmar,MM,Asia,earthquake,1743728153,1743727771,0,,"19.02,96.49",2025-04-04 00:49:31,2025-04-04 07:19:31
17.4790000,96.1300000,10.0000,3.40,ml,,,,,,th_13411_202504040029,2025-04-04T00:29:56.000Z,"Onhnebin, Yangon Region, Myanmar (Burma)",Myanmar,MM,Asia,earthquake,1743727034,1743726596,0,,"17.48,96.13",2025-04-04 00:29:56,2025-04-04 06:59:56
18.1040000,95.9920000,10.0000,2.60,ml,,,,,,th_13410_202504040000,2025-04-04T00:00:47.000Z,"Shana Te, Bago Region, Myanmar (Burma)",Myanmar,MM,Asia,earthquake,1743725171,1743724847,0,,"18.10,95.99",2025-04-04 00:00:47,2025-04-04 06:30:47
19.9160000,97.9920000,5.0000,2.00,ml,,,,,,th_13409_202504032354,2025-04-03T23:54:22.000Z,"Ta Ho-pong, Shan, Myanmar (Burma)",Myanmar,MM,Asia,earthquake,1743725041,1743724462,0,,"19.92,97.99",2025-04-03 23:54:22,2025-04-04 06:24:22
20.9150000,96.3130000,10.0000,3.00,ml,,,,,,th_13408_202504032335,2025-04-03T23:35:16.000Z,"Pothanaing, Mandalay Region, Myanmar (Burma)",Myanmar,MM,Asia,earthquake,1743723717,1743723316,0,,"20.92,96.31",2025-04-03 23:35:16,2025-04-04 06:05:16
19.7030000,98.4770000,1.0000,2.40,ml,,,,,,th_13407_202504032243,2025-04-03T22:43:03.000Z,"Wan Hsenlong, Shan, Myanmar (Burma)",Myanmar,MM,Asia,earthquake,1743720472,1743720183,0,,"19.70,98.48",2025-04-03 22:43:03,2025-04-04 05:13:03
22.6590000,98.7460000,5.0000,3.70,ml,,,,,,th_13405_202504032129,2025-04-03T21:42:38.000Z,"Kalaunghpar, Shan, Myanmar (Burma)",Myanmar,MM,Asia,earthquake,1743716154,1743715743,0,,"22.66,98.75",2025-04-03 21:29:03,2025-04-04 03:59:03
19.8450000,97.8400000,10.0000,3.10,ml,,,,,,th_13404_202504031949,2025-04-03T19:49:26.000Z,"Wan Hwè-ya-yung, Shan, Myanmar (Burma)",Myanmar,MM,Asia,earthquake,1743710454,1743709766,0,,"19.85,97.84",2025-04-03 19:49:26,2025-04-04 02:19:26
17.4240000,95.9880000,10.0000,3.30,ml,,,,,,th_13403_202504031944,2025-04-03T19:44:26.000Z,"Kyatchaung, Yangon Region, Myanmar (Burma)",Myanmar,MM,Asia,earthquake,1743710069,1743709466,0,,"17.42,95.99",2025-04-03 19:44:26,2025-04-04 02:14:26
21.7910000,96.4400000,10.0000,3.30,ml,,,,,,th_13398_202504031824,2025-04-03T18:24:40.000Z,"Shwegyaung, Mandalay Region, Myanmar (Burma)",Myanmar,MM,Asia,earthquake,1743705159,1743704680,0,,"21.79,96.44",2025-04-03 18:24:40,2025-04-04 00:54:40
19.0600000,96.5130000,10.0000,3.40,ml,,,,,,th_13397_202504031817,2025-04-03T18:17:33.000Z,"Kanbin, Bago Region, Myanmar (Burma)",Myanmar,MM,Asia,earthquake,1743704702,1743704253,0,,"19.06,96.51",2025-04-03 18:17:33,2025-04-04 00:47:33
19.6470000,97.8210000,10.0000,2.00,ml,,,,,,th_13394_202504031758,2025-04-03T17:58:01.000Z,"Daw Pawtu, Kayah State, Myanmar (Burma)",Myanmar,MM,Asia,earthquake,1743703596,1743703081,1,,"19.65,97.82",2025-04-03 17:58:01,2025-04-04 00:28:01
19.7930000,96.1790000,10.0000,3.40,ml,,,,,,th_13393_202504031731,2025-04-03T17:31:57.000Z,"Ywadaw, Naypyidaw Union Territory, Myanmar (Burma)",Myanmar,MM,Asia,earthquake,1743701956,1743701517,0,,"19.79,96.18",2025-04-03 17:31:57,2025-04-04 00:01:57
17.3660000,94.9840000,10.0000,3.40,ml,,,,,,th_13392_202504031558,2025-04-03T15:58:41.000Z,"Aingzauk, Ayeyarwady, Myanmar (Burma)",Myanmar,MM,Asia,earthquake,1743697337,1743695921,0,,"17.37,94.98",2025-04-03 15:58:41,2025-04-03 22:28:41
21.4310000,96.0430000,10.0000,4.20,ml,,,,,,ems_202504_1790603,2025-04-03T15:14:36.000Z,"Wat Htein, Mandalay Region, Myanmar (Burma)",Myanmar,MM,Asia,earthquake,1743693287,1743692400,0,,"21.43,96.04",2025-04-03 15:00:00,2025-04-03 21:30:00
18.9380000,96.3220000,10.0000,2.80,ml,,,,,,th_13390_202504031330,2025-04-03T13:30:46.000Z,"Kanbaukkyi, Bago Region, Myanmar (Burma)",Myanmar,MM,Asia,earthquake,1743687421,1743687046,0,,"18.94,96.32",2025-04-03 13:30:46,2025-04-03 20:00:46
21.6150000,96.2410000,10.0000,4.30,ml,,,,,,ems_202504_1790540,2025-04-03T12:49:38.000Z,"Kyaukse, Mandalay Region, Myanmar (Burma)",Myanmar,MM,Asia,earthquake,1743684587,1743683834,0,,"21.62,96.24",2025-04-03 12:37:14,2025-04-03 19:07:14
20.8820000,96.2170000,10.0000,3.00,ml,,,,,,th_13388_202504031131,2025-04-03T11:31:44.000Z,"In Tine Thar, Mandalay Region, Myanmar (Burma)",Myanmar,MM,Asia,earthquake,1743680378,1743679904,0,,"20.88,96.22",2025-04-03 11:31:44,2025-04-03 18:01:44
20.0900000,96.2290000,10.0000,3.00,ml,,,,,,th_13387_202504031118,2025-04-03T11:18:11.000Z,"Kyathe-aing, Naypyidaw Union Territory, Myanmar (Burma)",Myanmar,MM,Asia,earthquake,1743679679,1743679091,0,,"20.09,96.23",2025-04-03 11:18:11,2025-04-03 17:48:11
18.6100000,96.4170000,10.0000,2.60,ml,,,,,,th_13386_202504030934,2025-04-03T09:34:21.000Z,"Nyaung Chay Htauk, Bago Region, Myanmar (Burma)",Myanmar,MM,Asia,earthquake,1743673895,1743672861,0,,"18.61,96.42",2025-04-03 09:34:21,2025-04-03 16:04:21
22.4520000,96.3520000,10.0000,3.80,ml,,,,,,th_13385_202504030835,2025-04-03T08:56:36.000Z,"Lok Laung, Shan, Myanmar (Burma)",Myanmar,MM,Asia,earthquake,1743670217,1743669320,0,,"22.45,96.35",2025-04-03 08:35:20,2025-04-03 15:05:20
18.4290000,96.6650000,10.0000,3.40,ml,,,,,,th_13382_202504030530,2025-04-03T05:30:31.000Z,"Mebok, Bago Region, Myanmar (Burma)",Myanmar,MM,Asia,earthquake,1743658607,1743658231,0,,"18.43,96.67",2025-04-03 05:30:31,2025-04-03 12:00:31
19.8900000,97.7690000,5.0000,2.30,ml,,,,,,th_13381_202504030457,2025-04-03T04:57:52.000Z,"Wan Hwè-ya-yung, Shan, Myanmar (Burma)",Myanmar,MM,Asia,earthquake,1743656967,1743656272,0,,"19.89,97.77",2025-04-03 04:57:52,2025-04-03 11:27:52
19.0040000,96.2850000,10.0000,3.20,ml,,,,,,th_13380_202504030412,2025-04-03T04:12:18.000Z,"Kyun Kone, Bago Region, Myanmar (Burma)",Myanmar,MM,Asia,earthquake,1743653895,1743653538,0,,"19.00,96.29",2025-04-03 04:12:18,2025-04-03 10:42:18
19.2880000,97.3820000,10.0000,2.60,ml,,,,,,th_13379_202504030404,2025-04-03T04:04:29.000Z,"Dawngaykhu, Kayah State, Myanmar (Burma)",Myanmar,MM,Asia,earthquake,1743653500,1743653069,0,,"19.29,97.38",2025-04-03 04:04:29,2025-04-03 10:34:29
18.9250000,96.4200000,10.0000,3.00,ml,,,,,,th_13378_202504030332,2025-04-03T03:32:46.000Z,"Taungoo, Bago Region, Myanmar (Burma)",Myanmar,MM,Asia,earthquake,1743651730,1743651166,0,,"18.93,96.42",2025-04-03 03:32:46,2025-04-03 10:02:46
21.2720000,96.6790000,5.0000,3.50,ml,,,,,,th_13375_202504030138,2025-04-03T01:56:36.000Z,"Kawngpo, Shan, Myanmar (Burma)",Myanmar,MM,Asia,earthquake,1743645040,1743644294,0,,"21.27,96.68",2025-04-03 01:38:14,2025-04-03 08:08:14
22.2370000,96.3830000,10.0000,3.90,ml,,,,,,th_13374_202504030125,2025-04-03T01:42:36.000Z,"Kyauk Me Lay, Mandalay Region, Myanmar (Burma)",Myanmar,MM,Asia,earthquake,1743644151,1743643554,0,,"22.24,96.38",2025-04-03 01:25:54,2025-04-03 07:55:54
21.9814000,95.5228000,10.0000,3.80,ml,7,184,3.846,0.46,us,th_13373_202504022313,2025-04-05T01:57:41.606Z,,"42km ESE of Monywa, Burma (Myanmar)",MM,Asia,earthquake,1743636384,1743635596,1,,"21.65,96.42",2025-04-02 23:13:16,2025-04-03 05:43:16
18.7400000,96.4900000,10.0000,3.30,ml,,,,,,th_13372_202504022245,2025-04-02T22:45:14.000Z,"Bomari, Bago Region, Myanmar (Burma)",Myanmar,MM,Asia,earthquake,1743634497,1743633914,0,,"18.74,96.49",2025-04-02 22:45:14,2025-04-03 05:15:14
19.7080000,96.4360000,10.0000,3.20,ml,,,,,,th_13371_202504021956,2025-04-02T19:56:42.000Z,"Salu, Naypyidaw Union Territory, Myanmar (Burma)",Myanmar,MM,Asia,earthquake,1743624184,1743623802,0,,"19.71,96.44",2025-04-02 19:56:42,2025-04-03 02:26:42
19.4100000,96.4350000,10.0000,2.50,ml,,,,,,th_13370_202504021913,2025-04-02T19:13:40.000Z,"Amayadaung, Kayin State, Myanmar (Burma)",Myanmar,MM,Asia,earthquake,1743622055,1743621220,0,,"19.41,96.44",2025-04-02 19:13:40,2025-04-03 01:43:40
19.8770000,97.8850000,1.0000,1.90,ml,,,,,,th_13369_202504021859,2025-04-02T18:59:03.000Z,"Ta Öngmu, Shan, Myanmar (Burma)",Myanmar,MM,Asia,earthquake,1743622016,1743620343,0,,"19.88,97.89",2025-04-02 18:59:03,2025-04-03 01:29:03
15.5330000,95.8570000,10.0000,3.80,ml,,,,,,th_13368_202504021849,2025-04-02T19:00:34.000Z,Myanmar (Burma),Myanmar,MM,Asia,earthquake,1743620355,1743619776,0,,"15.53,95.86",2025-04-02 18:49:36,2025-04-03 01:19:36
21.5880000,99.1720000,10.0000,2.50,ml,,,,,,th_13367_202504021831,2025-04-02T18:31:23.000Z,"Wan Pangsung, Shan, Myanmar (Burma)",Myanmar,MM,Asia,earthquake,1743619379,1743618683,0,,"21.59,99.17",2025-04-02 18:31:23,2025-04-03 01:01:23
19.9730000,97.8110000,1.0000,1.80,ml,,,,,,th_13366_202504021823,2025-04-02T18:23:00.000Z,"Ta Öngmu, Shan, Myanmar (Burma)",Myanmar,MM,Asia,earthquake,1743618685,1743618180,0,,"19.97,97.81",2025-04-02 18:23:00,2025-04-03 00:53:00
19.6070000,96.4900000,10.0000,2.40,ml,,,,,,th_13364_202504021743,2025-04-02T17:43:45.000Z,"Koywa, Naypyidaw Union Territory, Myanmar (Burma)",Myanmar,MM,Asia,earthquake,1743616829,1743615825,0,,"19.61,96.49",2025-04-02 17:43:45,2025-04-03 00:13:45
21.8610000,96.2730000,10.0000,2.90,ml,,,,,,th_13363_202504021739,2025-04-02T17:39:28.000Z,"21st Mile, Mandalay Region, Myanmar (Burma)",Myanmar,MM,Asia,earthquake,1743616234,1743615568,0,,"21.86,96.27",2025-04-02 17:39:28,2025-04-03 00:09:28
21.7030000,96.2200000,10.0000,3.00,ml,,,,,,th_13362_202504021729,2025-04-02T17:29:02.000Z,"Kado, Mandalay Region, Myanmar (Burma)",Myanmar,MM,Asia,earthquake,1743615590,1743614942,0,,"21.70,96.22",2025-04-02 17:29:02,2025-04-02 23:59:02
20.9040000,96.3170000,10.0000,3.50,ml,,,,,,th_13361_202504021701,2025-04-02T17:21:34.000Z,"Pothanaing, Mandalay Region, Myanmar (Burma)",Myanmar,MM,Asia,earthquake,1743614099,1743613264,0,,"20.90,96.32",2025-04-02 17:01:04,2025-04-02 23:31:04
15.5086000,95.6372000,10.0000,5.00,mww,98,64,4.313,0.67,us,gfz2025glni,2025-04-04T02:55:06.914Z,,"86km S of Pyapon, Burma (Myanmar)",MM,Asia,earthquake,1743611946,1743611232,1,,"15.56,95.75",2025-04-02 16:27:12,2025-04-02 22:57:12
18.9500000,96.3600000,10.0000,2.50,ml,,,,,,th_13359_202504021549,2025-04-02T15:49:03.000Z,"Kanbaukkyi, Bago Region, Myanmar (Burma)",Myanmar,MM,Asia,earthquake,1743609940,1743608943,0,,"18.95,96.36",2025-04-02 15:49:03,2025-04-02 22:19:03
18.8200000,96.5040000,10.0000,3.30,ml,,,,,,th_13358_202504021541,2025-04-02T15:41:31.000Z,"Tabye, Bago Region, Myanmar (Burma)",Myanmar,MM,Asia,earthquake,1743609285,1743608491,0,,"18.82,96.50",2025-04-02 15:41:31,2025-04-02 22:11:31
21.9030000,96.4040000,10.0000,3.70,ml,,,,,,th_13357_202504021454,2025-04-02T15:07:38.000Z,"Anesakhan, Mandalay Region, Myanmar (Burma)",Myanmar,MM,Asia,earthquake,1743606406,1743605688,0,,"21.90,96.40",2025-04-02 14:54:48,2025-04-02 21:24:48
20.5980000,96.4990000,10.0000,2.90,ml,,,,,,th_13356_202504021444,2025-04-02T14:44:29.000Z,"Pinnwe, Mandalay Region, Myanmar (Burma)",Myanmar,MM,Asia,earthquake,1743605530,1743605069,0,,"20.60,96.50",2025-04-02 14:44:29,2025-04-02 21:14:29
20.5740000,96.4410000,15.0000,2.90,ml,,,,,,th_13354_202504021353,2025-04-02T13:53:53.000Z,"Pinnwe, Mandalay Region, Myanmar (Burma)",Myanmar,MM,Asia,earthquake,1743602581,1743602033,0,,"20.57,96.44",2025-04-02 13:53:53,2025-04-02 20:23:53
20.7510000,96.4010000,10.0000,3.60,ml,,,,,,th_13353_202504021136,2025-04-02T11:56:38.000Z,"Pyingyaung, Mandalay Region, Myanmar (Burma)",Myanmar,MM,Asia,earthquake,1743594201,1743593764,0,,"20.75,96.40",2025-04-02 11:36:04,2025-04-02 18:06:04
20.9046000,96.0656000,10.0000,4.70,mb,48,73,0.916,0.68,us,in_Nmp1Q0lzemFxSnE3TUhnMHZFMytzQT09,2025-04-02T18:32:08.790Z,"Shanywa, Mandalay Region, Myanmar (Burma)","21km E of Meiktila, Burma (Myanmar)",MM,Asia,earthquake,1743591235,1743590706,1,,"20.70,96.06",2025-04-02 10:45:06,2025-04-02 17:15:06
22.6400000,95.9800000,10.0000,3.60,ml,,,,,,in_OG8wRUNCdGRobFpEbHZwRTE5VUNtdz09,2025-04-02T09:47:07.000Z,"Letkhokpin, Mandalay Region, Myanmar (Burma)",Myanmar,MM,Asia,earthquake,1743587797,1743587227,0,,"22.64,95.98",2025-04-02 09:47:07,2025-04-02 16:17:07
18.1010000,96.6480000,10.0000,2.50,ml,,,,,,th_13349_202504020921,2025-04-02T09:21:16.000Z,"Babugon, Bago Region, Myanmar (Burma)",Myanmar,MM,Asia,earthquake,1743586785,1743585676,0,,"18.10,96.65",2025-04-02 09:21:16,2025-04-02 15:51:16
21.8390000,96.3250000,10.0000,3.60,ml,,,,,,th_13348_202504020833,2025-04-02T08:56:41.000Z,"Thon-Daung-Ywa-Ma, Mandalay Region, Myanmar (Burma)",Myanmar,MM,Asia,earthquake,1743584156,1743582789,0,,"21.84,96.33",2025-04-02 08:33:09,2025-04-02 15:03:09
20.0500000,97.9040000,1.0000,2.80,ml,,,,,,th_13347_202504020713,2025-04-02T07:13:10.000Z,"Wan Kongpao, Shan, Myanmar (Burma)",Myanmar,MM,Asia,earthquake,1743578388,1743577990,0,,"20.05,97.90",2025-04-02 07:13:10,2025-04-02 13:43:10
21.8940000,96.7120000,10.0000,4.00,ml,,,,,,ems_202504_1790026,2025-04-02T07:07:42.000Z,"Pazunseik, Mandalay Region, Myanmar (Burma)",Myanmar,MM,Asia,earthquake,1743577672,1743576473,0,,"21.89,96.71",2025-04-02 06:47:53,2025-04-02 13:17:53
21.9380000,96.6980000,6.0000,3.90,ml,,,,,,th_13345_202504020637,2025-04-02T06:56:41.000Z,"Pazunseik, Mandalay Region, Myanmar (Burma)",Myanmar,MM,Asia,earthquake,1743576755,1743575820,0,,"21.94,96.70",2025-04-02 06:37:00,2025-04-02 13:07:00
21.7100000,96.3260000,10.0000,3.60,ml,,,,,,th_13344_202504020418,2025-04-02T04:28:54.000Z,"Hngetkyithaik, Mandalay Region, Myanmar (Burma)",Myanmar,MM,Asia,earthquake,1743567983,1743567535,0,,"21.71,96.33",2025-04-02 04:18:55,2025-04-02 10:48:55
23.6690000,95.9700000,10.0000,4.40,ml,,,,,,in_TjlsNXAzYzJuUjhxSVVJU2RNM0N4QT09,2025-04-02T10:30:56.000Z,"Tawma, Sagaing Region, Myanmar (Burma)",Myanmar,MM,Asia,earthquake,1743566257,1743565632,0,,"23.72,96.01",2025-04-02 03:47:12,2025-04-02 10:17:12
19.0910000,96.4060000,10.0000,3.10,ml,,,,,,th_13341_202504020259,2025-04-02T02:59:01.000Z,"Kyun Kone, Bago Region, Myanmar (Burma)",Myanmar,MM,Asia,earthquake,1743563299,1743562741,0,,"19.09,96.41",2025-04-02 02:59:01,2025-04-02 09:29:01
20.7510000,96.3600000,8.0000,3.00,ml,,,,,,th_13340_202504020219,2025-04-02T02:19:00.000Z,"Yin Mar Bin, Mandalay Region, Myanmar (Burma)",Myanmar,MM,Asia,earthquake,1743561427,1743560340,0,,"20.75,96.36",2025-04-02 02:19:00,2025-04-02 08:49:00
22.7210000,96.9260000,10.0000,3.60,ml,,,,,,th_13335_202504012255,2025-04-01T23:35:43.000Z,"Mánweng, Shan, Myanmar (Burma)",Myanmar,MM,Asia,earthquake,1743550278,1743548130,0,,"22.72,96.93",2025-04-01 22:55:30,2025-04-02 05:25:30
19.6520000,96.4130000,10.0000,2.80,ml,,,,,,th_13334_202504012209,2025-04-01T22:09:24.000Z,"Mayandaung Atet, Naypyidaw Union Territory, Myanmar (Burma)",Myanmar,MM,Asia,earthquake,1743546670,1743545364,0,,"19.65,96.41",2025-04-01 22:09:24,2025-04-02 04:39:24
20.9640000,96.3220000,10.0000,3.40,ml,,,,,,th_13333_202504012118,2025-04-01T21:18:07.000Z,"Patchaung, Shan, Myanmar (Burma)",Myanmar,MM,Asia,earthquake,1743542842,1743542287,0,,"20.96,96.32",2025-04-01 21:18:07,2025-04-02 03:48:07
20.8060000,96.2940000,10.0000,3.50,ml,,,,,,th_13332_202504012059,2025-04-01T21:14:42.000Z,"Yin Mar Bin, Mandalay Region, Myanmar (Burma)",Myanmar,MM,Asia,earthquake,1743541928,1743541181,0,,"20.81,96.29",2025-04-01 20:59:41,2025-04-02 03:29:41
19.3250000,96.5200000,10.0000,2.70,ml,,,,,,th_13331_202504012051,2025-04-01T20:51:35.000Z,"Kyauktaga Auk, Kayin State, Myanmar (Burma)",Myanmar,MM,Asia,earthquake,1743541866,1743540695,0,,"19.33,96.52",2025-04-01 20:51:35,2025-04-02 03:21:35
18.6690000,96.6110000,10.0000,2.60,ml,,,,,,th_13330_202504012037,2025-04-01T20:37:17.000Z,"Kyaungbintha, Bago Region, Myanmar (Burma)",Myanmar,MM,Asia,earthquake,1743540339,1743539837,0,,"18.67,96.61",2025-04-01 20:37:17,2025-04-02 03:07:17
22.1780000,96.2860000,10.0000,3.70,ml,,,,,,th_13328_202504011926,2025-04-01T19:42:51.000Z,"Daw-wa-kyaung, Mandalay Region, Myanmar (Burma)",Myanmar,MM,Asia,earthquake,1743536303,1743535584,0,,"22.18,96.29",2025-04-01 19:26:24,2025-04-02 01:56:24
19.1560000,96.3400000,10.0000,2.40,ml,,,,,,th_13326_202504011834,2025-04-01T18:34:59.000Z,"Yedashe, Bago Region, Myanmar (Burma)",Myanmar,MM,Asia,earthquake,1743533268,1743532499,0,,"19.16,96.34",2025-04-01 18:34:59,2025-04-02 01:04:59
20.6710000,98.7110000,13.0000,2.40,ml,,,,,,th_13325_202504011816,2025-04-01T18:16:45.000Z,"Kang Nai, Shan, Myanmar (Burma)",Myanmar,MM,Asia,earthquake,1743532962,1743531405,0,,"20.67,98.71",2025-04-01 18:16:45,2025-04-02 00:46:45
19.8160000,97.8480000,1.0000,2.20,ml,,,,,,th_13324_202504011815,2025-04-01T18:15:29.000Z,"Wan Hwè-ya-yung, Shan, Myanmar (Burma)",Myanmar,MM,Asia,earthquake,1743532178,1743531329,0,,"19.82,97.85",2025-04-01 18:15:29,2025-04-02 00:45:29
19.2040000,96.4670000,10.0000,2.80,ml,,,,,,th_13323_202504011739,2025-04-01T17:39:59.000Z,"Karenchaung, Bago Region, Myanmar (Burma)",Myanmar,MM,Asia,earthquake,1743529957,1743529199,0,,"19.20,96.47",2025-04-01 17:39:59,2025-04-02 00:09:59
21.1220000,99.8770000,10.0000,2.40,ml,,,,,,th_13322_202504011705,2025-04-01T17:05:37.000Z,"Yangka, Shan, Myanmar (Burma)",Myanmar,MM,Asia,earthquake,1743527956,1743527137,1,,"21.12,99.88",2025-04-01 17:05:37,2025-04-01 23:35:37
24.6700000,94.9200000,17.0000,3.50,ml,,,,,,in_VlhUWXRvNVlKb01rTnNVUTVtSDNyUT09,2025-04-01T17:14:38.000Z,"Mong Tawng, Sagaing Region, Myanmar (Burma)",Myanmar,MM,Asia,earthquake,1743527385,1743526888,0,,"24.67,94.92",2025-04-01 17:01:28,2025-04-01 23:31:28
19.8970000,97.9720000,1.0000,1.80,ml,,,,,,th_13321_202504011648,2025-04-01T16:48:05.000Z,"Ta Ho-pong, Shan, Myanmar (Burma)",Myanmar,MM,Asia,earthquake,1743526577,1743526085,0,,"19.90,97.97",2025-04-01 16:48:05,2025-04-01 23:18:05
20.0827000,96.0863000,3.2230,4.80,mb,108,55,1.12,0.69,us,in_UFNIWmcvSXRySS94NG1YZEJKWGpjUT09,2025-04-02T09:23:04.729Z,,"37km N of Nay Pyi Taw, Burma (Myanmar)",MM,Asia,earthquake,1743521722,1743521260,0,,"20.07,96.13",2025-04-01 15:27:40,2025-04-01 21:57:40
21.8550000,96.4710000,10.0000,3.20,ml,,,,,,th_13317_202504011512,2025-04-01T15:12:57.000Z,"Lema, Mandalay Region, Myanmar (Burma)",Myanmar,MM,Asia,earthquake,1743521019,1743520377,0,,"21.86,96.47",2025-04-01 15:12:57,2025-04-01 21:42:57
19.1930000,96.3760000,10.0000,2.20,ml,,,,,,th_13316_202504011510,2025-04-01T15:10:24.000Z,"Hnawpin, Bago Region, Myanmar (Burma)",Myanmar,MM,Asia,earthquake,1743520977,1743520224,0,,"19.19,96.38",2025-04-01 15:10:24,2025-04-01 21:40:24
18.6950000,96.5490000,10.0000,2.40,ml,,,,,,th_13315_202504011452,2025-04-01T14:52:57.000Z,"Zayatkyi, Bago Region, Myanmar (Burma)",Myanmar,MM,Asia,earthquake,1743519696,1743519177,0,,"18.70,96.55",2025-04-01 14:52:57,2025-04-01 21:22:57
19.1350000,96.5640000,10.0000,2.90,ml,,,,,,th_13313_202504011436,2025-04-01T14:37:18.000Z,"Kyemin Ale, Kayin State, Myanmar (Burma)",Myanmar,MM,Asia,earthquake,1743518949,1743518238,1,,"19.30,96.56",2025-04-01 14:37:18,2025-04-01 21:07:18
18.8470000,96.5820000,10.0000,2.40,ml,,,,,,th_13312_202504011424,2025-04-01T14:24:26.000Z,"Kyauk-o-bya, Bago Region, Myanmar (Burma)",Myanmar,MM,Asia,earthquake,1743518225,1743517466,0,,"18.85,96.58",2025-04-01 14:24:26,2025-04-01 20:54:26
19.0360000,96.2390000,10.0000,3.30,ml,,,,,,th_13311_202504011352,2025-04-01T13:52:42.000Z,"Kyun Kone, Bago Region, Myanmar (Burma)",Myanmar,MM,Asia,earthquake,1743516275,1743515562,0,,"19.04,96.24",2025-04-01 13:52:42,2025-04-01 20:22:42
19.8820000,97.9610000,3.0000,3.80,ml,,,,,,th_13310_202504011340,2025-04-01T13:49:40.000Z,"Ta Ho-pong, Shan, Myanmar (Burma)",Myanmar,MM,Asia,earthquake,1743515309,1743514854,0,,"19.88,97.96",2025-04-01 13:40:54,2025-04-01 20:10:54
20.1190000,96.3690000,10.0000,3.60,ml,,,,,,th_13309_202504011325,2025-04-01T13:35:40.000Z,"Kyatpye, Naypyidaw Union Territory, Myanmar (Burma)",Myanmar,MM,Asia,earthquake,1743514266,1743513906,0,,"20.12,96.37",2025-04-01 13:25:06,2025-04-01 19:55:06
19.7300000,96.3500000,10.0000,2.50,ml,,,,,,th_13307_202504011242,2025-04-01T12:42:43.000Z,"Ziyaing, နေပြည်တော် ပြည်တောင်စုနယ်မြေ, Myanmar (Burma)",Myanmar,MM,Asia,earthquake,1743511822,1743511363,0,,"19.73,96.35",2025-04-01 12:42:43,2025-04-01 19:12:43
19.1500000,96.4670000,10.0000,2.80,ml,,,,,,th_13306_202504011223,2025-04-01T12:23:03.000Z,"Karenchaung, Bago Region, Myanmar (Burma)",Myanmar,MM,Asia,earthquake,1743510650,1743510183,0,,"19.15,96.47",2025-04-01 12:23:03,2025-04-01 18:53:03
19.0660000,96.6550000,10.0000,2.10,ml,,,,,,th_13305_202504011211,2025-04-01T12:11:23.000Z,"Than Daung Gyi, Kayin State, Myanmar (Burma)",Myanmar,MM,Asia,earthquake,1743510314,1743509483,0,,"19.07,96.66",2025-04-01 12:11:23,2025-04-01 18:41:23
22.0500000,95.9514000,10.0000,5.00,mb,68,68,1.278,0.7,us,in_a1RuSmQ0ZnRuTGs1bGtNTUM1V0lhdz09,2025-04-02T18:16:59.229Z,"Mandalay, Burma (Myanmar)","15km WNW of Mandalay, Burma (Myanmar)",MM,Asia,earthquake,1743505679,1743505307,1,,"21.94,95.97",2025-04-01 11:01:47,2025-04-01 17:31:47
19.4520000,96.5760000,10.0000,3.30,ml,,,,,,th_13301_202504010847,2025-04-01T08:47:31.000Z,"Keykadaw, Kayin State, Myanmar (Burma)",Myanmar,MM,Asia,earthquake,1743498842,1743497251,0,,"19.45,96.58",2025-04-01 08:47:31,2025-04-01 15:17:31
19.1390000,96.5330000,10.0000,3.00,ml,,,,,,th_13299_202504010657,2025-04-01T06:57:32.000Z,"Alegyaung Auk, Kayin State, Myanmar (Burma)",Myanmar,MM,Asia,earthquake,1743496316,1743490652,0,,"19.14,96.53",2025-04-01 06:57:32,2025-04-01 13:27:32
19.6220000,96.3020000,10.0000,3.60,ml,,,,,,th_13297_202504010638,2025-04-01T08:35:46.000Z,"Thitchazeik, နေပြည်တော် ပြည်တောင်စုနယ်မြေ, Myanmar (Burma)",Myanmar,MM,Asia,earthquake,1743496084,1743489534,0,,"19.62,96.30",2025-04-01 06:38:54,2025-04-01 13:08:54
19.0860000,96.2630000,10.0000,2.60,ml,,,,,,th_13296_202504010539,2025-04-01T05:39:28.000Z,"Kyun Kone, Bago Region, Myanmar (Burma)",Myanmar,MM,Asia,earthquake,1743495955,1743485968,0,,"19.09,96.26",2025-04-01 05:39:28,2025-04-01 12:09:28
19.7890000,97.9320000,3.0000,2.40,ml,,,,,,th_13295_202504010523,2025-04-01T05:23:11.000Z,"Homein, Shan, Myanmar (Burma)",Myanmar,MM,Asia,earthquake,1743495830,1743484991,0,,"19.79,97.93",2025-04-01 05:23:11,2025-04-01 11:53:11
20.6420000,96.0030000,10.0000,3.70,ml,,,,,,th_13294_202504010513,2025-04-01T08:35:46.000Z,"Pyawbwe, Mandalay Region, Myanmar (Burma)",Myanmar,MM,Asia,earthquake,1743495728,1743484413,0,,"20.64,96.00",2025-04-01 05:13:33,2025-04-01 11:43:33
18.0730000,96.5430000,10.0000,3.10,ml,,,,,,th_13293_202504010333,2025-04-01T03:33:49.000Z,"Hpa Do, Bago Region, Myanmar (Burma)",Myanmar,MM,Asia,earthquake,1743495460,1743478429,0,,"18.07,96.54",2025-04-01 03:33:49,2025-04-01 10:03:49
18.9340000,96.5190000,10.0000,2.30,ml,,,,,,th_13291_202504010148,2025-04-01T01:48:37.000Z,"Taungoo, Bago Region, Myanmar (Burma)",Myanmar,MM,Asia,earthquake,1743472989,1743472117,0,,"18.93,96.52",2025-04-01 01:48:37,2025-04-01 08:18:37
20.0230000,97.9340000,4.0000,2.10,ml,,,,,,th_13289_202504010102,2025-04-01T01:02:41.000Z,"Wan Kongpao, Shan, Myanmar (Burma)",Myanmar,MM,Asia,earthquake,1743469786,1743469361,0,,"20.02,97.93",2025-04-01 01:02:41,2025-04-01 07:32:41
20.1410000,98.0900000,4.0000,2.20,ml,,,,,,th_13288_202504010037,2025-04-01T00:37:49.000Z,"Üng-yao, Shan, Myanmar (Burma)",Myanmar,MM,Asia,earthquake,1743468857,1743467869,0,,"20.14,98.09",2025-04-01 00:37:49,2025-04-01 07:07:49
19.2580000,96.3490000,10.0000,2.90,ml,,,,,,th_14223_202505050151,2025-05-05T01:51:48.000Z,"Sibaing, Bago Region, Myanmar (Burma)",Myanmar,MM,Asia,earthquake,1746410765,1746409908,0,,"19.26,96.35",2025-05-05 01:51:48,2025-05-05 08:21:48
24.5800000,94.8600000,70.0000,3.70,ml,,,,,,in_bGtPZnBRckxuNm15ZCtxUVg4c2ZvUT09,2025-05-05T01:28:34.000Z,"Myene, Sagaing Region, Myanmar (Burma)",Myanmar,MM,Asia,earthquake,1746408225,1746407515,0,,"24.58,94.86",2025-05-05 01:11:55,2025-05-05 07:41:55
19.9400000,97.7470000,5.0000,2.90,ml,,,,,,th_14222_202505042339,2025-05-04T23:39:34.000Z,"Wan Hwè-ya-yung, Shan, Myanmar (Burma)",Myanmar,MM,Asia,earthquake,1746403248,1746401974,0,,"19.94,97.75",2025-05-04 23:39:34,2025-05-05 06:09:34
22.9878000,95.6631000,10.0000,4.80,ml,,,,,,in_L0hZR2k4RVkrU0VUUXNjeENmOSsydz09,2025-05-05T06:42:10.000Z,"Bugon, Sagaing Region, Myanmar (Burma)",Myanmar,MM,Asia,earthquake,1746402052,1746401597,0,,"23.07,95.52",2025-05-04 23:33:17,2025-05-05 06:03:17
19.9400000,97.6190000,5.0000,2.80,ml,,,,,,th_14220_202505042324,2025-05-04T23:24:57.000Z,"Mai-hsa-se, Shan, Myanmar (Burma)",Myanmar,MM,Asia,earthquake,1746401296,1746401097,0,,"19.94,97.62",2025-05-04 23:24:57,2025-05-05 05:54:57
19.6520000,97.8790000,5.0000,2.40,ml,,,,,,th_14219_202505042258,2025-05-04T22:58:12.000Z,"Kiu-neng, Shan, Myanmar (Burma)",Myanmar,MM,Asia,earthquake,1746399743,1746399492,0,,"19.65,97.88",2025-05-04 22:58:12,2025-05-05 05:28:12
20.0760000,98.0670000,10.0000,2.20,ml,,,,,,th_14217_202505042143,2025-05-04T21:43:28.000Z,"Üng-yao, Shan, Myanmar (Burma)",Myanmar,MM,Asia,earthquake,1746395829,1746395008,0,,"20.08,98.07",2025-05-04 21:43:28,2025-05-05 04:13:28
19.9450000,97.7340000,10.0000,2.20,ml,,,,,,th_14215_202505041933,2025-05-04T19:33:03.000Z,"Wan Hwè-ya-yung, Shan, Myanmar (Burma)",Myanmar,MM,Asia,earthquake,1746388062,1746387183,0,,"19.95,97.73",2025-05-04 19:33:03,2025-05-05 02:03:03
19.7910000,96.9820000,10.0000,2.40,ml,,,,,,th_14214_202505041904,2025-05-04T19:04:02.000Z,"Engla, Shan, Myanmar (Burma)",Myanmar,MM,Asia,earthquake,1746386979,1746385442,0,,"19.79,96.98",2025-05-04 19:04:02,2025-05-05 01:34:02
20.1070000,97.8380000,2.0000,3.00,ml,,,,,,th_14213_202505041753,2025-05-04T17:53:13.000Z,"Wan Kongpao, Shan, Myanmar (Burma)",Myanmar,MM,Asia,earthquake,1746381705,1746381193,0,,"20.11,97.84",2025-05-04 17:53:13,2025-05-05 00:23:13
19.8420000,97.8510000,5.0000,2.20,ml,,,,,,th_14218_202505041740,2025-05-04T17:40:09.000Z,"Wan Hwè-ya-yung, Shan, Myanmar (Burma)",Myanmar,MM,Asia,earthquake,1746395913,1746380409,0,,"19.84,97.85",2025-05-04 17:40:09,2025-05-05 00:10:09
19.2170000,96.4560000,16.0000,2.20,ml,,,,,,th_14212_202505041550,2025-05-04T15:50:45.000Z,"Hnawpin, Bago Region, Myanmar (Burma)",Myanmar,MM,Asia,earthquake,1746374408,1746373845,0,,"19.22,96.46",2025-05-04 15:50:45,2025-05-04 22:20:45
18.0950000,95.3070000,76.0000,2.90,ml,,,,,,th_14211_202505041459,2025-05-04T14:59:49.000Z,"Kongyi, Ayeyarwady, Myanmar (Burma)",Myanmar,MM,Asia,earthquake,1746371299,1746370789,0,,"18.10,95.31",2025-05-04 14:59:49,2025-05-04 21:29:49
18.1100000,95.1900000,80.0000,3.10,ml,,,,,,th_14210_202505041404,2025-05-04T14:04:48.000Z,"Hngetkyiwin, Ayeyarwady, Myanmar (Burma)",Myanmar,MM,Asia,earthquake,1746368012,1746367488,0,,"18.11,95.19",2025-05-04 14:04:48,2025-05-04 20:34:48
21.6100000,94.4700000,90.0000,3.90,ml,,,,,,in_ODUzMGcyVThHZmxiSjhNK3ZINDBGUT09,2025-05-04T13:48:50.000Z,"Zee Pyar, Magway Region, Myanmar (Burma)",Myanmar,MM,Asia,earthquake,1746367849,1746366530,0,,"21.61,94.47",2025-05-04 13:48:50,2025-05-04 20:18:50
19.8390000,97.9340000,1.0000,1.70,ml,,,,,,th_14209_202505041230,2025-05-04T12:30:01.000Z,"Pang Tae Waet, Shan, Myanmar (Burma)",Myanmar,MM,Asia,earthquake,1746362032,1746361801,0,,"19.84,97.93",2025-05-04 12:30:01,2025-05-04 19:00:01
19.9360000,97.9460000,10.0000,2.20,ml,,,,,,th_14208_202505041158,2025-05-04T11:58:58.000Z,"Ta Ho-pong, Shan, Myanmar (Burma)",Myanmar,MM,Asia,earthquake,1746360487,1746359938,1,,"19.94,97.95",2025-05-04 11:58:58,2025-05-04 18:28:58
19.4400000,96.3320000,10.0000,2.50,ml,,,,,,th_14207_202505041154,2025-05-04T11:54:35.000Z,"Wayonle, Bago Region, Myanmar (Burma)",Myanmar,MM,Asia,earthquake,1746360389,1746359675,0,,"19.44,96.33",2025-05-04 11:54:35,2025-05-04 18:24:35
19.7830000,96.4770000,10.0000,2.50,ml,,,,,,th_14206_202505041149,2025-05-04T11:49:22.000Z,"Saungdaung Anauk, Naypyidaw Union Territory, Myanmar (Burma)",Myanmar,MM,Asia,earthquake,1746360240,1746359362,0,,"19.78,96.48",2025-05-04 11:49:22,2025-05-04 18:19:22
20.6710000,97.8170000,1.0000,2.60,ml,,,,,,th_14205_202505041005,2025-05-04T10:05:35.000Z,"Hai Hpak, Shan, Myanmar (Burma)",Myanmar,MM,Asia,earthquake,1746354780,1746353135,0,,"20.67,97.82",2025-05-04 10:05:35,2025-05-04 16:35:35
19.9320000,97.7770000,2.0000,2.70,ml,,,,,,th_14204_202505040813,2025-05-04T08:13:34.000Z,"Wan Hwè-ya-yung, Shan, Myanmar (Burma)",Myanmar,MM,Asia,earthquake,1746346621,1746346414,0,,"19.93,97.78",2025-05-04 08:13:34,2025-05-04 14:43:34
20.0970000,97.8830000,1.0000,2.90,ml,,,,,,th_14203_202505040158,2025-05-04T01:58:50.000Z,"Shan, Myanmar (Burma)",Myanmar,MM,Asia,earthquake,1746324314,1746323930,1,,"20.10,97.88",2025-05-04 01:58:50,2025-05-04 08:28:50
18.9170000,97.5050000,2.0000,2.10,ml,,,,,,th_14202_202505040015,2025-05-04T00:15:02.000Z,"Loi Mun, Kayah State, Myanmar (Burma)",Myanmar,MM,Asia,earthquake,1746318244,1746317702,0,,"18.92,97.51",2025-05-04 00:15:02,2025-05-04 06:45:02
21.7770000,96.2420000,10.0000,3.40,ml,,,,,,th_14198_202505032015,2025-05-03T20:15:11.000Z,"Thon-Daung-Ywa-Ma, Mandalay Region, Myanmar (Burma)",Myanmar,MM,Asia,earthquake,1746303634,1746303311,0,,"21.78,96.24",2025-05-03 20:15:11,2025-05-04 02:45:11
22.0350000,96.4960000,10.0000,2.90,ml,,,,,,th_14197_202505031839,2025-05-03T18:39:24.000Z,"Pyin Oo Lwin, Mandalay Region, Myanmar (Burma)",Myanmar,MM,Asia,earthquake,1746297865,1746297564,0,,"22.04,96.50",2025-05-03 18:39:24,2025-05-04 01:09:24
19.9650000,97.6670000,7.0000,2.50,ml,,,,,,th_14196_202505031447,2025-05-03T14:47:53.000Z,"Wan Panglu, Shan, Myanmar (Burma)",Myanmar,MM,Asia,earthquake,1746283947,1746283673,0,,"19.97,97.67",2025-05-03 14:47:53,2025-05-03 21:17:53
20.0340000,97.8980000,10.0000,2.00,ml,,,,,,th_14195_202505031443,2025-05-03T14:43:13.000Z,"Wan Kongpao, Shan, Myanmar (Burma)",Myanmar,MM,Asia,earthquake,1746283754,1746283393,1,,"20.03,97.90",2025-05-03 14:43:13,2025-05-03 21:13:13
19.9870000,97.9700000,10.0000,2.00,ml,,,,,,th_14194_202505031210,2025-05-03T12:10:00.000Z,"Ta Ho-pong, Shan, Myanmar (Burma)",Myanmar,MM,Asia,earthquake,1746274516,1746274200,1,,"19.99,97.97",2025-05-03 12:10:00,2025-05-03 18:40:00
19.2390000,96.2050000,10.0000,3.10,ml,,,,,,th_14193_202505031159,2025-05-03T11:59:01.000Z,"Baungdok, Bago Region, Myanmar (Burma)",Myanmar,MM,Asia,earthquake,1746273937,1746273541,0,,"19.24,96.21",2025-05-03 11:59:01,2025-05-03 18:29:01
19.2530000,96.2340000,10.0000,2.40,ml,,,,,,th_14192_202505031143,2025-05-03T11:43:05.000Z,"Swar, Bago Region, Myanmar (Burma)",Myanmar,MM,Asia,earthquake,1746272918,1746272585,0,,"19.25,96.23",2025-05-03 11:43:05,2025-05-03 18:13:05
18.7190000,96.4020000,10.0000,2.40,ml,,,,,,th_14190_202505030959,2025-05-03T09:59:38.000Z,"Kywebwe, Bago Region, Myanmar (Burma)",Myanmar,MM,Asia,earthquake,1746266839,1746266378,0,,"18.72,96.40",2025-05-03 09:59:38,2025-05-03 16:29:38
19.1650000,97.1100000,10.0000,2.30,ml,,,,,,th_14189_202505030915,2025-05-03T09:15:58.000Z,"He-sa-hku, Kayah State, Myanmar (Burma)",Myanmar,MM,Asia,earthquake,1746266794,1746263758,0,,"19.17,97.11",2025-05-03 09:15:58,2025-05-03 15:45:58
19.2350000,96.3830000,10.0000,2.60,ml,,,,,,th_14188_202505030600,2025-05-03T06:00:30.000Z,"Sibaing, Bago Region, Myanmar (Burma)",Myanmar,MM,Asia,earthquake,1746252385,1746252030,0,,"19.24,96.38",2025-05-03 06:00:30,2025-05-03 12:30:30
19.7350000,96.2190000,10.0000,2.80,ml,,,,,,th_14186_202505030117,2025-05-03T01:17:00.000Z,"Pyinmana, Naypyidaw Union Territory, Myanmar (Burma)",Myanmar,MM,Asia,earthquake,1746235396,1746235020,0,,"19.74,96.22",2025-05-03 01:17:00,2025-05-03 07:47:00
20.8820000,98.6700000,10.0000,2.60,ml,,,,,,th_14184_202505022009,2025-05-02T20:09:41.000Z,"Möng Pu, Shan, Myanmar (Burma)",Myanmar,MM,Asia,earthquake,1746217101,1746216581,0,,"20.88,98.67",2025-05-02 20:09:41,2025-05-03 02:39:41
19.0640000,96.4460000,10.0000,3.00,ml,,,,,,th_14183_202505022003,2025-05-02T20:03:59.000Z,"Kaytumati, Bago Region, Myanmar (Burma)",Myanmar,MM,Asia,earthquake,1746217048,1746216239,0,,"19.06,96.45",2025-05-02 20:03:59,2025-05-03 02:33:59
20.0470000,97.9370000,10.0000,1.60,ml,,,,,,th_14180_202505021749,2025-05-02T17:49:20.000Z,"Wan Kongpao, Shan, Myanmar (Burma)",Myanmar,MM,Asia,earthquake,1746208443,1746208160,0,,"20.05,97.94",2025-05-02 17:49:20,2025-05-03 00:19:20
21.6670000,96.5270000,10.0000,2.80,ml,,,,,,th_14179_202505021733,2025-05-02T17:33:18.000Z,"Gwebin, Mandalay Region, Myanmar (Burma)",Myanmar,MM,Asia,earthquake,1746208272,1746207198,0,,"21.67,96.53",2025-05-02 17:33:18,2025-05-03 00:03:18
19.8270000,97.9860000,10.0000,1.40,ml,,,,,,th_14178_202505021733,2025-05-02T17:33:01.000Z,"Pang Tae Waet, Shan, Myanmar (Burma)",Myanmar,MM,Asia,earthquake,1746208083,1746207181,0,,"19.83,97.99",2025-05-02 17:33:01,2025-05-03 00:03:01
17.2200000,96.1510000,10.0000,3.10,ml,,,,,,th_14177_202505021515,2025-05-02T15:15:51.000Z,"Si Sone Kone, Yangon Region, Myanmar (Burma)",Myanmar,MM,Asia,earthquake,1746199609,1746198951,0,,"17.22,96.15",2025-05-02 15:15:51,2025-05-02 21:45:51
22.0170000,96.8960000,10.0000,2.70,ml,,,,,,th_14176_202505021441,2025-05-02T14:41:09.000Z,"Nam-maw-lon, Shan, Myanmar (Burma)",Myanmar,MM,Asia,earthquake,1746198251,1746196869,0,,"22.02,96.90",2025-05-02 14:41:09,2025-05-02 21:11:09
21.9600000,96.2800000,10.0000,4.00,ml,,,,,,ems_202505_1803105,2025-05-02T11:21:40.000Z,"Thon-Daung-Ywa-Ma, Mandalay Region, Myanmar (Burma)",Myanmar,MM,Asia,earthquake,1746184914,1746183844,0,,"21.96,96.28",2025-05-02 11:04:04,2025-05-02 17:34:04
18.7570000,96.6040000,10.0000,2.10,ml,,,,,,th_14174_202505020717,2025-05-02T07:17:27.000Z,"Alesengyaung, Kayin State, Myanmar (Burma)",Myanmar,MM,Asia,earthquake,1746170565,1746170247,0,,"18.76,96.60",2025-05-02 07:17:27,2025-05-02 13:47:27
18.8080000,96.6540000,10.0000,2.60,ml,,,,,,th_14173_202505020355,2025-05-02T03:55:56.000Z,"Alesengyaung, Kayin State, Myanmar (Burma)",Myanmar,MM,Asia,earthquake,1746160089,1746158156,0,,"18.81,96.65",2025-05-02 03:55:56,2025-05-02 10:25:56
21.8620000,96.3880000,10.0000,3.90,ml,,,,,,th_14171_202505020153,2025-05-02T02:07:42.000Z,"Pyin Sar, Mandalay Region, Myanmar (Burma)",Myanmar,MM,Asia,earthquake,1746151388,1746150780,0,,"21.86,96.39",2025-05-02 01:53:00,2025-05-02 08:23:00
18.6270000,96.4240000,10.0000,2.00,ml,,,,,,th_14170_202505012016,2025-05-01T20:16:56.000Z,"Nyaung Chay Htauk, Bago Region, Myanmar (Burma)",Myanmar,MM,Asia,earthquake,1746130967,1746130616,0,,"18.63,96.42",2025-05-01 20:16:56,2025-05-02 02:46:56
20.9630000,96.3300000,10.0000,3.10,ml,,,,,,th_14169_202505011950,2025-05-01T19:50:44.000Z,"Patchaung, Shan, Myanmar (Burma)",Myanmar,MM,Asia,earthquake,1746129589,1746129044,0,,"20.96,96.33",2025-05-01 19:50:44,2025-05-02 02:20:44
18.8810000,95.5970000,10.0000,2.90,ml,,,,,,th_14167_202505011603,2025-05-01T16:03:16.000Z,"Kywetabaung, Bago Region, Myanmar (Burma)",Myanmar,MM,Asia,earthquake,1746115817,1746115396,0,,"18.88,95.60",2025-05-01 16:03:16,2025-05-01 22:33:16
21.8820000,96.3460000,5.0000,3.20,ml,,,,,,th_14166_202505011544,2025-05-01T15:44:24.000Z,"Yatanarpon Cyber City, Mandalay Region, Myanmar (Burma)",Myanmar,MM,Asia,earthquake,1746115090,1746114264,0,,"21.88,96.35",2025-05-01 15:44:24,2025-05-01 22:14:24
19.1930000,96.1420000,10.0000,2.20,ml,,,,,,th_14165_202505011510,2025-05-01T15:10:54.000Z,"Mayogon, Bago Region, Myanmar (Burma)",Myanmar,MM,Asia,earthquake,1746112639,1746112254,0,,"19.19,96.14",2025-05-01 15:10:54,2025-05-01 21:40:54
19.9190000,96.1370000,10.0000,2.30,ml,,,,,,th_14164_202505011436,2025-05-01T14:36:46.000Z,"Pobba Thiri, Naypyidaw Union Territory, Myanmar (Burma)",Myanmar,MM,Asia,earthquake,1746110861,1746110206,0,,"19.92,96.14",2025-05-01 14:36:46,2025-05-01 21:06:46
19.2310000,96.5120000,10.0000,2.10,ml,,,,,,th_14162_202505011401,2025-05-01T14:01:27.000Z,"Pebo, Kayin State, Myanmar (Burma)",Myanmar,MM,Asia,earthquake,1746108383,1746108087,0,,"19.23,96.51",2025-05-01 14:01:27,2025-05-01 20:31:27
19.2100000,96.4020000,10.0000,2.30,ml,,,,,,th_14161_202505011310,2025-05-01T13:10:12.000Z,"Hnawpin, Bago Region, Myanmar (Burma)",Myanmar,MM,Asia,earthquake,1746105392,1746105012,1,,"19.21,96.40",2025-05-01 13:10:12,2025-05-01 19:40:12
23.2300000,94.0800000,30.0000,3.40,ml,,,,,,in_NmxEcTRvWUZVenhranlyTHZrLzI1UT09,2025-05-01T08:21:31.000Z,"Kale, Chin State, Myanmar (Burma)",Myanmar,MM,Asia,earthquake,1746087305,1746086852,0,,"23.23,94.08",2025-05-01 08:07:32,2025-05-01 14:37:32
20.2950000,96.1150000,10.0000,3.30,ml,,,,,,th_14159_202505010641,2025-05-01T06:41:48.000Z,"Inbingyi, Mandalay Region, Myanmar (Burma)",Myanmar,MM,Asia,earthquake,1746083128,1746081708,0,,"20.30,96.12",2025-05-01 06:41:48,2025-05-01 13:11:48
20.9930000,99.0430000,10.0000,2.50,ml,,,,,,th_14158_202505010538,2025-05-01T05:38:17.000Z,"Mongkyet, Shan, Myanmar (Burma)",Myanmar,MM,Asia,earthquake,1746078262,1746077897,0,,"20.99,99.04",2025-05-01 05:38:17,2025-05-01 12:08:17
20.7360000,96.9510000,10.0000,3.10,ml,,,,,,th_14157_202505010515,2025-05-01T05:15:18.000Z,"Ayetharyar, Shan, Myanmar (Burma)",Myanmar,MM,Asia,earthquake,1746076874,1746076518,0,,"20.74,96.95",2025-05-01 05:15:18,2025-05-01 11:45:18
20.0220000,98.0340000,10.0000,1.90,ml,,,,,,th_14285_202505091146,2025-05-09T11:46:46.000Z,"Wan Konlang, Shan, Myanmar (Burma)",Myanmar,MM,Asia,earthquake,1746791694,1746791206,0,,"20.02,98.03",2025-05-09 11:46:46,2025-05-09 18:16:46
21.4700000,96.2580000,10.0000,3.10,ml,,,,,,th_14284_202505090858,2025-05-09T08:58:38.000Z,"Thanywa, Mandalay Region, Myanmar (Burma)",Myanmar,MM,Asia,earthquake,1746781953,1746781118,0,,"21.47,96.26",2025-05-09 08:58:38,2025-05-09 15:28:38
20.8734000,96.0433000,10.0000,4.40,mb,,,,,,in_aksrK0ZtS05EeG5EZzBPblBZRld5dz09,2025-05-09T14:58:53.000Z,"Thazi, Mandalay Region, Myanmar (Burma)",Myanmar,MM,Asia,earthquake,1746780668,1746779850,1,,"20.87,96.05",2025-05-09 08:37:30,2025-05-09 15:07:30
22.0220000,96.3870000,10.0000,3.60,ml,,,,,,th_14282_202505090832,2025-05-09T08:56:36.000Z,"Anesakhan, Mandalay Region, Myanmar (Burma)",Myanmar,MM,Asia,earthquake,1746780145,1746779555,0,,"22.02,96.39",2025-05-09 08:32:35,2025-05-09 15:02:35
18.1440000,96.7640000,10.0000,4.20,ml,,,,,,ems_202505_1806105,2025-05-09T00:56:35.000Z,"Bogata Auk, Bago Region, Myanmar (Burma)",Myanmar,MM,Asia,earthquake,1746752211,1746751689,0,,"18.14,96.76",2025-05-09 00:48:09,2025-05-09 07:18:09
21.7280000,96.2770000,10.0000,2.90,ml,,,,,,th_14279_202505082300,2025-05-08T23:00:34.000Z,"Hngetkyithaik, Mandalay Region, Myanmar (Burma)",Myanmar,MM,Asia,earthquake,1746745706,1746745234,0,,"21.73,96.28",2025-05-08 23:00:34,2025-05-09 05:30:34
19.6380000,96.1880000,10.0000,2.40,ml,,,,,,th_14278_202505082236,2025-05-08T22:36:33.000Z,"Magyigon, Naypyidaw Union Territory, Myanmar (Burma)",Myanmar,MM,Asia,earthquake,1746744264,1746743793,0,,"19.64,96.19",2025-05-08 22:36:33,2025-05-09 05:06:33
22.0470000,96.4050000,10.0000,3.10,ml,,,,,,th_14277_202505082026,2025-05-08T20:26:12.000Z,"Pyin Oo Lwin, Mandalay Region, Myanmar (Burma)",Myanmar,MM,Asia,earthquake,1746736902,1746735972,0,,"22.05,96.41",2025-05-08 20:26:12,2025-05-09 02:56:12
19.0520000,97.4290000,10.0000,1.70,ml,,,,,,th_14275_202505081900,2025-05-08T19:00:06.000Z,"Ho-hwè-ko-sa-pa, Kayah State, Myanmar (Burma)",Myanmar,MM,Asia,earthquake,1746731745,1746730806,0,,"19.05,97.43",2025-05-08 19:00:06,2025-05-09 01:30:06
19.8030000,96.4020000,10.0000,2.20,ml,,,,,,th_14274_202505081549,2025-05-08T15:49:31.000Z,"Kwedugyi, Naypyidaw Union Territory, Myanmar (Burma)",Myanmar,MM,Asia,earthquake,1746719756,1746719371,0,,"19.80,96.40",2025-05-08 15:49:31,2025-05-08 22:19:31
20.0460000,96.4250000,10.0000,2.30,ml,,,,,,th_14273_202505081532,2025-05-08T15:32:58.000Z,"Thalaing, Naypyidaw Union Territory, Myanmar (Burma)",Myanmar,MM,Asia,earthquake,1746719078,1746718378,0,,"20.05,96.43",2025-05-08 15:32:58,2025-05-08 22:02:58
23.1800000,94.0500000,10.0000,3.60,ml,,,,,,in_eE5uZG1qYmZjNmt0TnNwMkttdE12dz09,2025-05-08T14:21:42.000Z,"Kale, Sagaing Region, Myanmar (Burma)",Myanmar,MM,Asia,earthquake,1746713847,1746713167,0,,"23.18,94.05",2025-05-08 14:06:07,2025-05-08 20:36:07
21.5610000,96.2020000,10.0000,4.10,ml,,,,,,ems_202505_1805781,2025-05-08T08:00:37.000Z,"Kyaukse, Mandalay Region, Myanmar (Burma)",Myanmar,MM,Asia,earthquake,1746691249,1746689924,0,,"21.56,96.20",2025-05-08 07:38:44,2025-05-08 14:08:44
18.0890000,96.7330000,10.0000,2.40,ml,,,,,,th_14271_202505080232,2025-05-08T02:32:14.000Z,"Hinthawè, Bago Region, Myanmar (Burma)",Myanmar,MM,Asia,earthquake,1746672301,1746671534,0,,"18.09,96.73",2025-05-08 02:32:14,2025-05-08 09:02:14
20.9580000,96.3290000,10.0000,2.60,ml,,,,,,th_14268_202505072039,2025-05-07T20:39:31.000Z,"Patchaung, Shan, Myanmar (Burma)",Myanmar,MM,Asia,earthquake,1746650883,1746650371,1,,"20.96,96.33",2025-05-07 20:39:31,2025-05-08 03:09:31
19.3650000,96.5380000,10.0000,2.00,ml,,,,,,th_14267_202505071808,2025-05-07T18:08:08.000Z,"Amayadaung, Kayin State, Myanmar (Burma)",Myanmar,MM,Asia,earthquake,1746641944,1746641288,0,,"19.37,96.54",2025-05-07 18:08:08,2025-05-08 00:38:08
20.0390000,97.9400000,10.0000,1.50,ml,,,,,,th_14266_202505071733,2025-05-07T17:33:46.000Z,"Wan Kongpao, Shan, Myanmar (Burma)",Myanmar,MM,Asia,earthquake,1746639605,1746639226,0,,"20.04,97.94",2025-05-07 17:33:46,2025-05-08 00:03:46
17.4490000,96.2700000,10.0000,2.30,ml,,,,,,th_14265_202505071720,2025-05-07T17:20:07.000Z,"Wanetkon, Yangon Region, Myanmar (Burma)",Myanmar,MM,Asia,earthquake,1746638924,1746638407,0,,"17.45,96.27",2025-05-07 17:20:07,2025-05-07 23:50:07
21.7020000,96.3250000,10.0000,3.00,ml,,,,,,th_14264_202505071600,2025-05-07T16:00:22.000Z,"Hngetkyithaik, Mandalay Region, Myanmar (Burma)",Myanmar,MM,Asia,earthquake,1746637232,1746633622,0,,"21.70,96.33",2025-05-07 16:00:22,2025-05-07 22:30:22
20.9670000,98.0900000,10.0000,2.10,ml,,,,,,th_14263_202505071550,2025-05-07T15:50:01.000Z,"Tatpük, Shan, Myanmar (Burma)",Myanmar,MM,Asia,earthquake,1746633711,1746633001,0,,"20.97,98.09",2025-05-07 15:50:01,2025-05-07 22:20:01
19.7770000,96.4850000,10.0000,2.40,ml,,,,,,th_14262_202505071310,2025-05-07T13:10:09.000Z,"Saungdaung Anauk, Naypyidaw Union Territory, Myanmar (Burma)",Myanmar,MM,Asia,earthquake,1746623967,1746623409,0,,"19.78,96.49",2025-05-07 13:10:09,2025-05-07 19:40:09
18.6350000,96.5720000,10.0000,4.00,ml,,,,,,ems_202505_1805382,2025-05-07T07:42:39.000Z,"Zayatkyi, Bago Region, Myanmar (Burma)",Myanmar,MM,Asia,earthquake,1746603777,1746603325,0,,"18.64,96.57",2025-05-07 07:35:25,2025-05-07 14:05:25
18.6850000,96.3650000,10.0000,3.90,ml,,,,,,th_14260_202505070727,2025-05-07T07:35:36.000Z,"Kywebwe, Bago Region, Myanmar (Burma)",Myanmar,MM,Asia,earthquake,1746603217,1746602868,0,,"18.69,96.37",2025-05-07 07:27:48,2025-05-07 13:57:48
18.7990000,96.5240000,10.0000,3.30,ml,,,,,,th_14259_202505070123,2025-05-07T01:23:00.000Z,"Bomari, Bago Region, Myanmar (Burma)",Myanmar,MM,Asia,earthquake,1746581303,1746580980,0,,"18.80,96.52",2025-05-07 01:23:00,2025-05-07 07:53:00
19.9410000,97.9580000,10.0000,2.10,ml,,,,,,th_14258_202505070058,2025-05-07T00:58:46.000Z,"Ta Ho-pong, Shan, Myanmar (Burma)",Myanmar,MM,Asia,earthquake,1746579855,1746579526,0,,"19.94,97.96",2025-05-07 00:58:46,2025-05-07 07:28:46
20.1490000,97.9020000,10.0000,1.80,ml,,,,,,th_14257_202505062247,2025-05-06T22:47:57.000Z,"Wan Hat, Shan, Myanmar (Burma)",Myanmar,MM,Asia,earthquake,1746572063,1746571677,0,,"20.15,97.90",2025-05-06 22:47:57,2025-05-07 05:17:57
20.0810000,97.8000000,10.0000,3.50,ml,,,,,,th_14255_202505062221,2025-05-06T22:28:41.000Z,"Wan Kongpao, Shan, Myanmar (Burma)",Myanmar,MM,Asia,earthquake,1746570329,1746570079,0,,"20.08,97.80",2025-05-06 22:21:19,2025-05-07 04:51:19
20.0480000,97.8770000,10.0000,2.70,ml,,,,,,th_14254_202505062210,2025-05-06T22:10:19.000Z,"Wan Kongpao, Shan, Myanmar (Burma)",Myanmar,MM,Asia,earthquake,1746569671,1746569419,0,,"20.05,97.88",2025-05-06 22:10:19,2025-05-07 04:40:19
19.3040000,96.2590000,10.0000,2.30,ml,,,,,,th_14253_202505062122,2025-05-06T21:22:29.000Z,"Thagaya, Bago Region, Myanmar (Burma)",Myanmar,MM,Asia,earthquake,1746568440,1746566549,0,,"19.30,96.26",2025-05-06 21:22:29,2025-05-07 03:52:29
19.7850000,96.5020000,10.0000,2.10,ml,,,,,,th_14252_202505062025,2025-05-06T20:25:04.000Z,"Saungdaung Anauk, Naypyidaw Union Territory, Myanmar (Burma)",Myanmar,MM,Asia,earthquake,1746564174,1746563104,0,,"19.79,96.50",2025-05-06 20:25:04,2025-05-07 02:55:04
21.7110000,96.3510000,10.0000,4.40,ml,,,,,,in_VEo2UDlqeVJMUWhaSThyMVVoOHY3dz09,2025-05-06T19:14:48.000Z,"Mandalay, Mandalay Region, Myanmar (Burma)",Myanmar,MM,Asia,earthquake,1746558220,1746557794,1,,"21.92,96.12",2025-05-06 18:56:34,2025-05-07 01:26:34
20.1120000,96.4500000,10.0000,3.20,ml,,,,,,th_14250_202505061727,2025-05-06T17:27:44.000Z,"Kyaunggon, Naypyidaw Union Territory, Myanmar (Burma)",Myanmar,MM,Asia,earthquake,1746552957,1746552464,0,,"20.11,96.45",2025-05-06 17:27:44,2025-05-06 23:57:44
17.0650000,96.1680000,10.0000,2.60,ml,,,,,,th_14249_202505061708,2025-05-06T17:08:12.000Z,"Yangon, Yangon Region, Myanmar (Burma)",Myanmar,MM,Asia,earthquake,1746552686,1746551292,0,,"17.07,96.17",2025-05-06 17:08:12,2025-05-06 23:38:12
20.8960000,96.2870000,10.0000,2.50,ml,,,,,,th_14248_202505061656,2025-05-06T16:56:50.000Z,"Pothanaing, Mandalay Region, Myanmar (Burma)",Myanmar,MM,Asia,earthquake,1746551482,1746550610,0,,"20.90,96.29",2025-05-06 16:56:50,2025-05-06 23:26:50
17.1420000,96.3040000,10.0000,3.70,ml,,,,,,th_14247_202505061625,2025-05-06T16:49:47.000Z,"Za Yet Kwin, Yangon Region, Myanmar (Burma)",Myanmar,MM,Asia,earthquake,1746549949,1746548740,0,,"17.14,96.30",2025-05-06 16:25:40,2025-05-06 22:55:40
19.6810000,96.3920000,10.0000,2.20,ml,,,,,,th_14246_202505061604,2025-05-06T16:04:28.000Z,"Teinpyaung Atet, Naypyidaw Union Territory, Myanmar (Burma)",Myanmar,MM,Asia,earthquake,1746548039,1746547468,0,,"19.68,96.39",2025-05-06 16:04:28,2025-05-06 22:34:28
17.1060000,96.2820000,10.0000,2.90,ml,,,,,,th_14245_202505061510,2025-05-06T15:10:18.000Z,"Za Yet Kwin, Yangon Region, Myanmar (Burma)",Myanmar,MM,Asia,earthquake,1746545091,1746544218,0,,"17.11,96.28",2025-05-06 15:10:18,2025-05-06 21:40:18
19.9680000,98.1590000,10.0000,3.10,ml,,,,,,th_14244_202505061441,2025-05-06T14:41:50.000Z,"Wan Hsa-mu, Shan, Myanmar (Burma)",Myanmar,MM,Asia,earthquake,1746542987,1746542510,0,,"19.97,98.16",2025-05-06 14:41:50,2025-05-06 21:11:50
20.5800000,94.6100000,10.0000,3.80,ml,,,,,,in_MFhIazZVYjZhc3BrZzQ0RXhoUXF6Zz09,2025-05-06T14:26:53.000Z,"Salin, Magway Region, Myanmar (Burma)",Myanmar,MM,Asia,earthquake,1746542072,1746541613,0,,"20.58,94.61",2025-05-06 14:26:53,2025-05-06 20:56:53
19.1780000,96.4560000,10.0000,2.30,ml,,,,,,th_14243_202505061341,2025-05-06T13:41:10.000Z,"Karenchaung, Bago Region, Myanmar (Burma)",Myanmar,MM,Asia,earthquake,1746539461,1746538870,0,,"19.18,96.46",2025-05-06 13:41:10,2025-05-06 20:11:10
19.8630000,97.8610000,10.0000,2.80,ml,,,,,,th_14242_202505061327,2025-05-06T13:27:04.000Z,"Ta Öngmu, Shan, Myanmar (Burma)",Myanmar,MM,Asia,earthquake,1746538595,1746538024,0,,"19.86,97.86",2025-05-06 13:27:04,2025-05-06 19:57:04
20.4080000,97.0200000,10.0000,2.20,ml,,,,,,th_14241_202505060943,2025-05-06T09:43:53.000Z,"Nampan, Shan, Myanmar (Burma)",Myanmar,MM,Asia,earthquake,1746532698,1746524633,0,,"20.41,97.02",2025-05-06 09:43:53,2025-05-06 16:13:53
19.6530000,96.2240000,10.0000,2.60,ml,,,,,,th_14240_202505060649,2025-05-06T06:49:06.000Z,"Hpya-ling, Shan, Myanmar (Burma)",Myanmar,MM,Asia,earthquake,1746514671,1746514146,1,,"20.95,97.20",2025-05-06 06:49:06,2025-05-06 13:19:06
20.2700000,98.0890000,10.0000,2.00,ml,,,,,,th_14239_202505060617,2025-05-06T06:17:04.000Z,"Chueh Chu, Shan, Myanmar (Burma)",Myanmar,MM,Asia,earthquake,1746513097,1746512224,0,,"20.27,98.09",2025-05-06 06:17:04,2025-05-06 12:47:04
20.2400000,98.0720000,10.0000,2.30,ml,,,,,,th_14238_202505060615,2025-05-06T06:15:38.000Z,"Chueh Chu, Shan, Myanmar (Burma)",Myanmar,MM,Asia,earthquake,1746512743,1746512138,0,,"20.24,98.07",2025-05-06 06:15:38,2025-05-06 12:45:38
22.2160000,96.8870000,10.0000,3.30,ml,,,,,,th_14237_202505060341,2025-05-06T03:41:53.000Z,"Kan Gyi, Shan, Myanmar (Burma)",Myanmar,MM,Asia,earthquake,1746503532,1746502913,0,,"22.22,96.89",2025-05-06 03:41:53,2025-05-06 10:11:53
20.0710000,97.8800000,10.0000,2.40,ml,,,,,,th_14236_202505060108,2025-05-06T01:08:02.000Z,"Wan Kongpao, Shan, Myanmar (Burma)",Myanmar,MM,Asia,earthquake,1746494344,1746493682,0,,"20.07,97.88",2025-05-06 01:08:02,2025-05-06 07:38:02
20.2700000,97.6570000,10.0000,2.40,ml,,,,,,th_14235_202505060011,2025-05-06T00:11:21.000Z,"Mawkmai, Shan, Myanmar (Burma)",Myanmar,MM,Asia,earthquake,1746490689,1746490281,0,,"20.27,97.66",2025-05-06 00:11:21,2025-05-06 06:41:21
18.7700000,96.4540000,10.0000,2.60,ml,,,,,,th_14234_202505052102,2025-05-05T21:02:07.000Z,"Bomari, Bago Region, Myanmar (Burma)",Myanmar,MM,Asia,earthquake,1746480227,1746478927,0,,"18.77,96.45",2025-05-05 21:02:07,2025-05-06 03:32:07
19.9710000,96.2650000,10.0000,2.50,ml,,,,,,th_14233_202505052058,2025-05-05T20:58:49.000Z,"Tegon, Naypyidaw Union Territory, Myanmar (Burma)",Myanmar,MM,Asia,earthquake,1746480011,1746478729,0,,"19.97,96.27",2025-05-05 20:58:49,2025-05-06 03:28:49
19.4210000,97.7680000,10.0000,1.60,ml,,,,,,th_14232_202505051939,2025-05-05T19:39:24.000Z,"Hwè-yao, Kayah State, Myanmar (Burma)",Myanmar,MM,Asia,earthquake,1746474459,1746473964,0,,"19.42,97.77",2025-05-05 19:39:24,2025-05-06 02:09:24
19.4140000,96.3180000,10.0000,2.10,ml,,,,,,th_14229_202505051825,2025-05-05T18:25:41.000Z,"Wayonle, Bago Region, Myanmar (Burma)",Myanmar,MM,Asia,earthquake,1746470321,1746469541,0,,"19.41,96.32",2025-05-05 18:25:41,2025-05-06 00:55:41
18.9470000,96.2560000,10.0000,2.20,ml,,,,,,th_14228_202505051822,2025-05-05T18:22:58.000Z,"Gyihauk, Bago Region, Myanmar (Burma)",Myanmar,MM,Asia,earthquake,1746470274,1746469378,0,,"18.95,96.26",2025-05-05 18:22:58,2025-05-06 00:52:58
26.9900000,96.4700000,13.0000,3.50,ml,,,,,,in_UVA3cVE1RVV3Mm9xTnRmVEhzN2IwQT09,2025-05-05T15:14:48.000Z,"Gedu Ga, Kachin, Myanmar (Burma)",Myanmar,MM,Asia,earthquake,1746457723,1746457258,0,,"26.99,96.47",2025-05-05 15:00:58,2025-05-05 21:30:58
18.7720000,96.4430000,10.0000,2.50,ml,,,,,,th_14226_202505051455,2025-05-05T14:55:30.000Z,"Bomari, Bago Region, Myanmar (Burma)",Myanmar,MM,Asia,earthquake,1746457252,1746456930,0,,"18.77,96.44",2025-05-05 14:55:30,2025-05-05 21:25:30
20.0370000,97.8880000,10.0000,2.10,ml,,,,,,th_14225_202505051451,2025-05-05T14:51:57.000Z,"Wan Kongpao, Shan, Myanmar (Burma)",Myanmar,MM,Asia,earthquake,1746457032,1746456717,0,,"20.04,97.89",2025-05-05 14:51:57,2025-05-05 21:21:57
18.8180000,96.9870000,10.0000,1.90,ml,,,,,,th_14224_202505051228,2025-05-05T12:28:28.000Z,"Hoki, Kayin State, Myanmar (Burma)",Myanmar,MM,Asia,earthquake,1746449929,1746448108,0,,"18.82,96.99",2025-05-05 12:28:28,2025-05-05 18:58:28
19.2580000,96.3490000,10.0000,2.90,ml,,,,,,th_14223_202505050151,2025-05-05T01:51:48.000Z,"Sibaing, Bago Region, Myanmar (Burma)",Myanmar,MM,Asia,earthquake,1746410765,1746409908,0,,"19.26,96.35",2025-05-05 01:51:48,2025-05-05 08:21:48
24.5800000,94.8600000,70.0000,3.70,ml,,,,,,in_bGtPZnBRckxuNm15ZCtxUVg4c2ZvUT09,2025-05-05T01:28:34.000Z,"Myene, Sagaing Region, Myanmar (Burma)",Myanmar,MM,Asia,earthquake,1746408225,1746407515,0,,"24.58,94.86",2025-05-05 01:11:55,2025-05-05 07:41:55
19.9400000,97.7470000,5.0000,2.90,ml,,,,,,th_14222_202505042339,2025-05-04T23:39:34.000Z,"Wan Hwè-ya-yung, Shan, Myanmar (Burma)",Myanmar,MM,Asia,earthquake,1746403248,1746401974,0,,"19.94,97.75",2025-05-04 23:39:34,2025-05-05 06:09:34
22.9878000,95.6631000,10.0000,4.80,ml,,,,,,in_L0hZR2k4RVkrU0VUUXNjeENmOSsydz09,2025-05-05T06:42:10.000Z,"Bugon, Sagaing Region, Myanmar (Burma)",Myanmar,MM,Asia,earthquake,1746402052,1746401597,0,,"23.07,95.52",2025-05-04 23:33:17,2025-05-05 06:03:17
19.9400000,97.6190000,5.0000,2.80,ml,,,,,,th_14220_202505042324,2025-05-04T23:24:57.000Z,"Mai-hsa-se, Shan, Myanmar (Burma)",Myanmar,MM,Asia,earthquake,1746401296,1746401097,0,,"19.94,97.62",2025-05-04 23:24:57,2025-05-05 05:54:57
19.6520000,97.8790000,5.0000,2.40,ml,,,,,,th_14219_202505042258,2025-05-04T22:58:12.000Z,"Kiu-neng, Shan, Myanmar (Burma)",Myanmar,MM,Asia,earthquake,1746399743,1746399492,0,,"19.65,97.88",2025-05-04 22:58:12,2025-05-05 05:28:12
20.0760000,98.0670000,10.0000,2.20,ml,,,,,,th_14217_202505042143,2025-05-04T21:43:28.000Z,"Üng-yao, Shan, Myanmar (Burma)",Myanmar,MM,Asia,earthquake,1746395829,1746395008,0,,"20.08,98.07",2025-05-04 21:43:28,2025-05-05 04:13:28
19.9450000,97.7340000,10.0000,2.20,ml,,,,,,th_14215_202505041933,2025-05-04T19:33:03.000Z,"Wan Hwè-ya-yung, Shan, Myanmar (Burma)",Myanmar,MM,Asia,earthquake,1746388062,1746387183,0,,"19.95,97.73",2025-05-04 19:33:03,2025-05-05 02:03:03
19.7910000,96.9820000,10.0000,2.40,ml,,,,,,th_14214_202505041904,2025-05-04T19:04:02.000Z,"Engla, Shan, Myanmar (Burma)",Myanmar,MM,Asia,earthquake,1746386979,1746385442,0,,"19.79,96.98",2025-05-04 19:04:02,2025-05-05 01:34:02
20.1070000,97.8380000,2.0000,3.00,ml,,,,,,th_14213_202505041753,2025-05-04T17:53:13.000Z,"Wan Kongpao, Shan, Myanmar (Burma)",Myanmar,MM,Asia,earthquake,1746381705,1746381193,0,,"20.11,97.84",2025-05-04 17:53:13,2025-05-05 00:23:13
19.8420000,97.8510000,5.0000,2.20,ml,,,,,,th_14218_202505041740,2025-05-04T17:40:09.000Z,"Wan Hwè-ya-yung, Shan, Myanmar (Burma)",Myanmar,MM,Asia,earthquake,1746395913,1746380409,0,,"19.84,97.85",2025-05-04 17:40:09,2025-05-05 00:10:09
19.2170000,96.4560000,16.0000,2.20,ml,,,,,,th_14212_202505041550,2025-05-04T15:50:45.000Z,"Hnawpin, Bago Region, Myanmar (Burma)",Myanmar,MM,Asia,earthquake,1746374408,1746373845,0,,"19.22,96.46",2025-05-04 15:50:45,2025-05-04 22:20:45
18.0950000,95.3070000,76.0000,2.90,ml,,,,,,th_14211_202505041459,2025-05-04T14:59:49.000Z,"Kongyi, Ayeyarwady, Myanmar (Burma)",Myanmar,MM,Asia,earthquake,1746371299,1746370789,0,,"18.10,95.31",2025-05-04 14:59:49,2025-05-04 21:29:49
18.1100000,95.1900000,80.0000,3.10,ml,,,,,,th_14210_202505041404,2025-05-04T14:04:48.000Z,"Hngetkyiwin, Ayeyarwady, Myanmar (Burma)",Myanmar,MM,Asia,earthquake,1746368012,1746367488,0,,"18.11,95.19",2025-05-04 14:04:48,2025-05-04 20:34:48
21.6100000,94.4700000,90.0000,3.90,ml,,,,,,in_ODUzMGcyVThHZmxiSjhNK3ZINDBGUT09,2025-05-04T13:48:50.000Z,"Zee Pyar, Magway Region, Myanmar (Burma)",Myanmar,MM,Asia,earthquake,1746367849,1746366530,0,,"21.61,94.47",2025-05-04 13:48:50,2025-05-04 20:18:50
19.8390000,97.9340000,1.0000,1.70,ml,,,,,,th_14209_202505041230,2025-05-04T12:30:01.000Z,"Pang Tae Waet, Shan, Myanmar (Burma)",Myanmar,MM,Asia,earthquake,1746362032,1746361801,0,,"19.84,97.93",2025-05-04 12:30:01,2025-05-04 19:00:01
19.9360000,97.9460000,10.0000,2.20,ml,,,,,,th_14208_202505041158,2025-05-04T11:58:58.000Z,"Ta Ho-pong, Shan, Myanmar (Burma)",Myanmar,MM,Asia,earthquake,1746360487,1746359938,1,,"19.94,97.95",2025-05-04 11:58:58,2025-05-04 18:28:58
19.4400000,96.3320000,10.0000,2.50,ml,,,,,,th_14207_202505041154,2025-05-04T11:54:35.000Z,"Wayonle, Bago Region, Myanmar (Burma)",Myanmar,MM,Asia,earthquake,1746360389,1746359675,0,,"19.44,96.33",2025-05-04 11:54:35,2025-05-04 18:24:35
19.7830000,96.4770000,10.0000,2.50,ml,,,,,,th_14206_202505041149,2025-05-04T11:49:22.000Z,"Saungdaung Anauk, Naypyidaw Union Territory, Myanmar (Burma)",Myanmar,MM,Asia,earthquake,1746360240,1746359362,0,,"19.78,96.48",2025-05-04 11:49:22,2025-05-04 18:19:22
20.6710000,97.8170000,1.0000,2.60,ml,,,,,,th_14205_202505041005,2025-05-04T10:05:35.000Z,"Hai Hpak, Shan, Myanmar (Burma)",Myanmar,MM,Asia,earthquake,1746354780,1746353135,0,,"20.67,97.82",2025-05-04 10:05:35,2025-05-04 16:35:35
19.9320000,97.7770000,2.0000,2.70,ml,,,,,,th_14204_202505040813,2025-05-04T08:13:34.000Z,"Wan Hwè-ya-yung, Shan, Myanmar (Burma)",Myanmar,MM,Asia,earthquake,1746346621,1746346414,0,,"19.93,97.78",2025-05-04 08:13:34,2025-05-04 14:43:34
20.0970000,97.8830000,1.0000,2.90,ml,,,,,,th_14203_202505040158,2025-05-04T01:58:50.000Z,"Shan, Myanmar (Burma)",Myanmar,MM,Asia,earthquake,1746324314,1746323930,1,,"20.10,97.88",2025-05-04 01:58:50,2025-05-04 08:28:50
18.9170000,97.5050000,2.0000,2.10,ml,,,,,,th_14202_202505040015,2025-05-04T00:15:02.000Z,"Loi Mun, Kayah State, Myanmar (Burma)",Myanmar,MM,Asia,earthquake,1746318244,1746317702,0,,"18.92,97.51",2025-05-04 00:15:02,2025-05-04 06:45:02
21.7770000,96.2420000,10.0000,3.40,ml,,,,,,th_14198_202505032015,2025-05-03T20:15:11.000Z,"Thon-Daung-Ywa-Ma, Mandalay Region, Myanmar (Burma)",Myanmar,MM,Asia,earthquake,1746303634,1746303311,0,,"21.78,96.24",2025-05-03 20:15:11,2025-05-04 02:45:11
22.0350000,96.4960000,10.0000,2.90,ml,,,,,,th_14197_202505031839,2025-05-03T18:39:24.000Z,"Pyin Oo Lwin, Mandalay Region, Myanmar (Burma)",Myanmar,MM,Asia,earthquake,1746297865,1746297564,0,,"22.04,96.50",2025-05-03 18:39:24,2025-05-04 01:09:24
19.9650000,97.6670000,7.0000,2.50,ml,,,,,,th_14196_202505031447,2025-05-03T14:47:53.000Z,"Wan Panglu, Shan, Myanmar (Burma)",Myanmar,MM,Asia,earthquake,1746283947,1746283673,0,,"19.97,97.67",2025-05-03 14:47:53,2025-05-03 21:17:53
20.0340000,97.8980000,10.0000,2.00,ml,,,,,,th_14195_202505031443,2025-05-03T14:43:13.000Z,"Wan Kongpao, Shan, Myanmar (Burma)",Myanmar,MM,Asia,earthquake,1746283754,1746283393,1,,"20.03,97.90",2025-05-03 14:43:13,2025-05-03 21:13:13
19.9870000,97.9700000,10.0000,2.00,ml,,,,,,th_14194_202505031210,2025-05-03T12:10:00.000Z,"Ta Ho-pong, Shan, Myanmar (Burma)",Myanmar,MM,Asia,earthquake,1746274516,1746274200,1,,"19.99,97.97",2025-05-03 12:10:00,2025-05-03 18:40:00
19.2390000,96.2050000,10.0000,3.10,ml,,,,,,th_14193_202505031159,2025-05-03T11:59:01.000Z,"Baungdok, Bago Region, Myanmar (Burma)",Myanmar,MM,Asia,earthquake,1746273937,1746273541,0,,"19.24,96.21",2025-05-03 11:59:01,2025-05-03 18:29:01
19.2530000,96.2340000,10.0000,2.40,ml,,,,,,th_14192_202505031143,2025-05-03T11:43:05.000Z,"Swar, Bago Region, Myanmar (Burma)",Myanmar,MM,Asia,earthquake,1746272918,1746272585,0,,"19.25,96.23",2025-05-03 11:43:05,2025-05-03 18:13:05
18.7190000,96.4020000,10.0000,2.40,ml,,,,,,th_14190_202505030959,2025-05-03T09:59:38.000Z,"Kywebwe, Bago Region, Myanmar (Burma)",Myanmar,MM,Asia,earthquake,1746266839,1746266378,0,,"18.72,96.40",2025-05-03 09:59:38,2025-05-03 16:29:38
19.1650000,97.1100000,10.0000,2.30,ml,,,,,,th_14189_202505030915,2025-05-03T09:15:58.000Z,"He-sa-hku, Kayah State, Myanmar (Burma)",Myanmar,MM,Asia,earthquake,1746266794,1746263758,0,,"19.17,97.11",2025-05-03 09:15:58,2025-05-03 15:45:58
19.2350000,96.3830000,10.0000,2.60,ml,,,,,,th_14188_202505030600,2025-05-03T06:00:30.000Z,"Sibaing, Bago Region, Myanmar (Burma)",Myanmar,MM,Asia,earthquake,1746252385,1746252030,0,,"19.24,96.38",2025-05-03 06:00:30,2025-05-03 12:30:30
19.7350000,96.2190000,10.0000,2.80,ml,,,,,,th_14186_202505030117,2025-05-03T01:17:00.000Z,"Pyinmana, Naypyidaw Union Territory, Myanmar (Burma)",Myanmar,MM,Asia,earthquake,1746235396,1746235020,0,,"19.74,96.22",2025-05-03 01:17:00,2025-05-03 07:47:00
20.8820000,98.6700000,10.0000,2.60,ml,,,,,,th_14184_202505022009,2025-05-02T20:09:41.000Z,"Möng Pu, Shan, Myanmar (Burma)",Myanmar,MM,Asia,earthquake,1746217101,1746216581,0,,"20.88,98.67",2025-05-02 20:09:41,2025-05-03 02:39:41
19.0640000,96.4460000,10.0000,3.00,ml,,,,,,th_14183_202505022003,2025-05-02T20:03:59.000Z,"Kaytumati, Bago Region, Myanmar (Burma)",Myanmar,MM,Asia,earthquake,1746217048,1746216239,0,,"19.06,96.45",2025-05-02 20:03:59,2025-05-03 02:33:59
20.0470000,97.9370000,10.0000,1.60,ml,,,,,,th_14180_202505021749,2025-05-02T17:49:20.000Z,"Wan Kongpao, Shan, Myanmar (Burma)",Myanmar,MM,Asia,earthquake,1746208443,1746208160,0,,"20.05,97.94",2025-05-02 17:49:20,2025-05-03 00:19:20
21.6670000,96.5270000,10.0000,2.80,ml,,,,,,th_14179_202505021733,2025-05-02T17:33:18.000Z,"Gwebin, Mandalay Region, Myanmar (Burma)",Myanmar,MM,Asia,earthquake,1746208272,1746207198,0,,"21.67,96.53",2025-05-02 17:33:18,2025-05-03 00:03:18
19.8270000,97.9860000,10.0000,1.40,ml,,,,,,th_14178_202505021733,2025-05-02T17:33:01.000Z,"Pang Tae Waet, Shan, Myanmar (Burma)",Myanmar,MM,Asia,earthquake,1746208083,1746207181,0,,"19.83,97.99",2025-05-02 17:33:01,2025-05-03 00:03:01
17.2200000,96.1510000,10.0000,3.10,ml,,,,,,th_14177_202505021515,2025-05-02T15:15:51.000Z,"Si Sone Kone, Yangon Region, Myanmar (Burma)",Myanmar,MM,Asia,earthquake,1746199609,1746198951,0,,"17.22,96.15",2025-05-02 15:15:51,2025-05-02 21:45:51
22.0170000,96.8960000,10.0000,2.70,ml,,,,,,th_14176_202505021441,2025-05-02T14:41:09.000Z,"Nam-maw-lon, Shan, Myanmar (Burma)",Myanmar,MM,Asia,earthquake,1746198251,1746196869,0,,"22.02,96.90",2025-05-02 14:41:09,2025-05-02 21:11:09
21.9600000,96.2800000,10.0000,4.00,ml,,,,,,ems_202505_1803105,2025-05-02T11:21:40.000Z,"Thon-Daung-Ywa-Ma, Mandalay Region, Myanmar (Burma)",Myanmar,MM,Asia,earthquake,1746184914,1746183844,0,,"21.96,96.28",2025-05-02 11:04:04,2025-05-02 17:34:04
18.7570000,96.6040000,10.0000,2.10,ml,,,,,,th_14174_202505020717,2025-05-02T07:17:27.000Z,"Alesengyaung, Kayin State, Myanmar (Burma)",Myanmar,MM,Asia,earthquake,1746170565,1746170247,0,,"18.76,96.60",2025-05-02 07:17:27,2025-05-02 13:47:27
18.8080000,96.6540000,10.0000,2.60,ml,,,,,,th_14173_202505020355,2025-05-02T03:55:56.000Z,"Alesengyaung, Kayin State, Myanmar (Burma)",Myanmar,MM,Asia,earthquake,1746160089,1746158156,0,,"18.81,96.65",2025-05-02 03:55:56,2025-05-02 10:25:56
21.8620000,96.3880000,10.0000,3.90,ml,,,,,,th_14171_202505020153,2025-05-02T02:07:42.000Z,"Pyin Sar, Mandalay Region, Myanmar (Burma)",Myanmar,MM,Asia,earthquake,1746151388,1746150780,0,,"21.86,96.39",2025-05-02 01:53:00,2025-05-02 08:23:00
18.6270000,96.4240000,10.0000,2.00,ml,,,,,,th_14170_202505012016,2025-05-01T20:16:56.000Z,"Nyaung Chay Htauk, Bago Region, Myanmar (Burma)",Myanmar,MM,Asia,earthquake,1746130967,1746130616,0,,"18.63,96.42",2025-05-01 20:16:56,2025-05-02 02:46:56
20.9630000,96.3300000,10.0000,3.10,ml,,,,,,th_14169_202505011950,2025-05-01T19:50:44.000Z,"Patchaung, Shan, Myanmar (Burma)",Myanmar,MM,Asia,earthquake,1746129589,1746129044,0,,"20.96,96.33",2025-05-01 19:50:44,2025-05-02 02:20:44
18.8810000,95.5970000,10.0000,2.90,ml,,,,,,th_14167_202505011603,2025-05-01T16:03:16.000Z,"Kywetabaung, Bago Region, Myanmar (Burma)",Myanmar,MM,Asia,earthquake,1746115817,1746115396,0,,"18.88,95.60",2025-05-01 16:03:16,2025-05-01 22:33:16
21.8820000,96.3460000,5.0000,3.20,ml,,,,,,th_14166_202505011544,2025-05-01T15:44:24.000Z,"Yatanarpon Cyber City, Mandalay Region, Myanmar (Burma)",Myanmar,MM,Asia,earthquake,1746115090,1746114264,0,,"21.88,96.35",2025-05-01 15:44:24,2025-05-01 22:14:24
19.1930000,96.1420000,10.0000,2.20,ml,,,,,,th_14165_202505011510,2025-05-01T15:10:54.000Z,"Mayogon, Bago Region, Myanmar (Burma)",Myanmar,MM,Asia,earthquake,1746112639,1746112254,0,,"19.19,96.14",2025-05-01 15:10:54,2025-05-01 21:40:54
19.9190000,96.1370000,10.0000,2.30,ml,,,,,,th_14164_202505011436,2025-05-01T14:36:46.000Z,"Pobba Thiri, Naypyidaw Union Territory, Myanmar (Burma)",Myanmar,MM,Asia,earthquake,1746110861,1746110206,0,,"19.92,96.14",2025-05-01 14:36:46,2025-05-01 21:06:46
19.2310000,96.5120000,10.0000,2.10,ml,,,,,,th_14162_202505011401,2025-05-01T14:01:27.000Z,"Pebo, Kayin State, Myanmar (Burma)",Myanmar,MM,Asia,earthquake,1746108383,1746108087,0,,"19.23,96.51",2025-05-01 14:01:27,2025-05-01 20:31:27
19.2100000,96.4020000,10.0000,2.30,ml,,,,,,th_14161_202505011310,2025-05-01T13:10:12.000Z,"Hnawpin, Bago Region, Myanmar (Burma)",Myanmar,MM,Asia,earthquake,1746105392,1746105012,1,,"19.21,96.40",2025-05-01 13:10:12,2025-05-01 19:40:12
23.2300000,94.0800000,30.0000,3.40,ml,,,,,,in_NmxEcTRvWUZVenhranlyTHZrLzI1UT09,2025-05-01T08:21:31.000Z,"Kale, Chin State, Myanmar (Burma)",Myanmar,MM,Asia,earthquake,1746087305,1746086852,0,,"23.23,94.08",2025-05-01 08:07:32,2025-05-01 14:37:32
20.2950000,96.1150000,10.0000,3.30,ml,,,,,,th_14159_202505010641,2025-05-01T06:41:48.000Z,"Inbingyi, Mandalay Region, Myanmar (Burma)",Myanmar,MM,Asia,earthquake,1746083128,1746081708,0,,"20.30,96.12",2025-05-01 06:41:48,2025-05-01 13:11:48
20.9930000,99.0430000,10.0000,2.50,ml,,,,,,th_14158_202505010538,2025-05-01T05:38:17.000Z,"Mongkyet, Shan, Myanmar (Burma)",Myanmar,MM,Asia,earthquake,1746078262,1746077897,0,,"20.99,99.04",2025-05-01 05:38:17,2025-05-01 12:08:17
20.7360000,96.9510000,10.0000,3.10,ml,,,,,,th_14157_202505010515,2025-05-01T05:15:18.000Z,"Ayetharyar, Shan, Myanmar (Burma)",Myanmar,MM,Asia,earthquake,1746076874,1746076518,0,,"20.74,96.95",2025-05-01 05:15:18,2025-05-01 11:45:18
18.2790000,96.5880000,10.0000,2.50,ml,,,,,,th_14293_202505100157,2025-05-10T01:57:59.000Z,"Ingone, Bago Region, Myanmar (Burma)",Myanmar,MM,Asia,earthquake,1746842811,1746842279,0,,"18.28,96.59",2025-05-10 01:57:59,2025-05-10 08:27:59
20.0650000,98.0200000,10.0000,3.10,ml,,,,,,th_14292_202505100021,2025-05-10T00:21:38.000Z,"Wan Konlang, Shan, Myanmar (Burma)",Myanmar,MM,Asia,earthquake,1746836984,1746836498,0,,"20.07,98.02",2025-05-10 00:21:38,2025-05-10 06:51:38
19.1460000,96.3560000,10.0000,2.90,ml,,,,,,th_14291_202505091956,2025-05-09T19:56:05.000Z,"Yedashe, Bago Region, Myanmar (Burma)",Myanmar,MM,Asia,earthquake,1746821533,1746820565,0,,"19.15,96.36",2025-05-09 19:56:05,2025-05-10 02:26:05
19.7340000,96.5060000,10.0000,2.50,ml,,,,,,th_14290_202505091808,2025-05-09T18:08:25.000Z,"Saungdaung Anauk, Naypyidaw Union Territory, Myanmar (Burma)",Myanmar,MM,Asia,earthquake,1746821306,1746814105,0,,"19.73,96.51",2025-05-09 18:08:25,2025-05-10 00:38:25
20.6380000,99.8320000,10.0000,1.90,ml,,,,,,th_14289_202505091717,2025-05-09T17:17:42.000Z,"Wan Hsenhkampeng, Shan, Myanmar (Burma)",Myanmar,MM,Asia,earthquake,1746821179,1746811062,0,,"20.64,99.83",2025-05-09 17:17:42,2025-05-09 23:47:42
21.2790000,96.2570000,10.0000,3.10,ml,,,,,,th_14287_202505091346,2025-05-09T13:46:34.000Z,"Ywarkhainggyi, Mandalay Region, Myanmar (Burma)",Myanmar,MM,Asia,earthquake,1746800696,1746798394,1,,"21.28,96.26",2025-05-09 13:46:34,2025-05-09 20:16:34
24.7700000,95.2900000,110.0000,4.30,ml,,,,,,in_dGtvd01KL2lJWFNnQnVEM3ZpWFIxZz09,2025-05-09T13:49:34.000Z,"Nyaungbintha, Sagaing Region, Myanmar (Burma)",Myanmar,MM,Asia,earthquake,1746798568,1746797879,0,,"24.77,95.29",2025-05-09 13:37:59,2025-05-09 20:07:59
20.0220000,98.0340000,10.0000,1.90,ml,,,,,,th_14285_202505091146,2025-05-09T11:46:46.000Z,"Wan Konlang, Shan, Myanmar (Burma)",Myanmar,MM,Asia,earthquake,1746791694,1746791206,0,,"20.02,98.03",2025-05-09 11:46:46,2025-05-09 18:16:46
21.4700000,96.2580000,10.0000,3.10,ml,,,,,,th_14284_202505090858,2025-05-09T08:58:38.000Z,"Thanywa, Mandalay Region, Myanmar (Burma)",Myanmar,MM,Asia,earthquake,1746781953,1746781118,0,,"21.47,96.26",2025-05-09 08:58:38,2025-05-09 15:28:38
20.8734000,96.0433000,10.0000,4.40,mb,,,,,,in_aksrK0ZtS05EeG5EZzBPblBZRld5dz09,2025-05-09T14:58:53.000Z,"Thazi, Mandalay Region, Myanmar (Burma)",Myanmar,MM,Asia,earthquake,1746780668,1746779850,1,,"20.87,96.05",2025-05-09 08:37:30,2025-05-09 15:07:30
22.0220000,96.3870000,10.0000,3.60,ml,,,,,,th_14282_202505090832,2025-05-09T08:56:36.000Z,"Anesakhan, Mandalay Region, Myanmar (Burma)",Myanmar,MM,Asia,earthquake,1746780145,1746779555,0,,"22.02,96.39",2025-05-09 08:32:35,2025-05-09 15:02:35
18.1440000,96.7640000,10.0000,4.20,ml,,,,,,ems_202505_1806105,2025-05-09T00:56:35.000Z,"Bogata Auk, Bago Region, Myanmar (Burma)",Myanmar,MM,Asia,earthquake,1746752211,1746751689,0,,"18.14,96.76",2025-05-09 00:48:09,2025-05-09 07:18:09
21.7280000,96.2770000,10.0000,2.90,ml,,,,,,th_14279_202505082300,2025-05-08T23:00:34.000Z,"Hngetkyithaik, Mandalay Region, Myanmar (Burma)",Myanmar,MM,Asia,earthquake,1746745706,1746745234,0,,"21.73,96.28",2025-05-08 23:00:34,2025-05-09 05:30:34
19.6380000,96.1880000,10.0000,2.40,ml,,,,,,th_14278_202505082236,2025-05-08T22:36:33.000Z,"Magyigon, Naypyidaw Union Territory, Myanmar (Burma)",Myanmar,MM,Asia,earthquake,1746744264,1746743793,0,,"19.64,96.19",2025-05-08 22:36:33,2025-05-09 05:06:33
22.0470000,96.4050000,10.0000,3.10,ml,,,,,,th_14277_202505082026,2025-05-08T20:26:12.000Z,"Pyin Oo Lwin, Mandalay Region, Myanmar (Burma)",Myanmar,MM,Asia,earthquake,1746736902,1746735972,0,,"22.05,96.41",2025-05-08 20:26:12,2025-05-09 02:56:12
19.0520000,97.4290000,10.0000,1.70,ml,,,,,,th_14275_202505081900,2025-05-08T19:00:06.000Z,"Ho-hwè-ko-sa-pa, Kayah State, Myanmar (Burma)",Myanmar,MM,Asia,earthquake,1746731745,1746730806,0,,"19.05,97.43",2025-05-08 19:00:06,2025-05-09 01:30:06
19.8030000,96.4020000,10.0000,2.20,ml,,,,,,th_14274_202505081549,2025-05-08T15:49:31.000Z,"Kwedugyi, Naypyidaw Union Territory, Myanmar (Burma)",Myanmar,MM,Asia,earthquake,1746719756,1746719371,0,,"19.80,96.40",2025-05-08 15:49:31,2025-05-08 22:19:31
20.0460000,96.4250000,10.0000,2.30,ml,,,,,,th_14273_202505081532,2025-05-08T15:32:58.000Z,"Thalaing, Naypyidaw Union Territory, Myanmar (Burma)",Myanmar,MM,Asia,earthquake,1746719078,1746718378,0,,"20.05,96.43",2025-05-08 15:32:58,2025-05-08 22:02:58
23.1800000,94.0500000,10.0000,3.60,ml,,,,,,in_eE5uZG1qYmZjNmt0TnNwMkttdE12dz09,2025-05-08T14:21:42.000Z,"Kale, Sagaing Region, Myanmar (Burma)",Myanmar,MM,Asia,earthquake,1746713847,1746713167,0,,"23.18,94.05",2025-05-08 14:06:07,2025-05-08 20:36:07
21.5610000,96.2020000,10.0000,4.10,ml,,,,,,ems_202505_1805781,2025-05-08T08:00:37.000Z,"Kyaukse, Mandalay Region, Myanmar (Burma)",Myanmar,MM,Asia,earthquake,1746691249,1746689924,0,,"21.56,96.20",2025-05-08 07:38:44,2025-05-08 14:08:44
18.0890000,96.7330000,10.0000,2.40,ml,,,,,,th_14271_202505080232,2025-05-08T02:32:14.000Z,"Hinthawè, Bago Region, Myanmar (Burma)",Myanmar,MM,Asia,earthquake,1746672301,1746671534,0,,"18.09,96.73",2025-05-08 02:32:14,2025-05-08 09:02:14
20.9580000,96.3290000,10.0000,2.60,ml,,,,,,th_14268_202505072039,2025-05-07T20:39:31.000Z,"Patchaung, Shan, Myanmar (Burma)",Myanmar,MM,Asia,earthquake,1746650883,1746650371,1,,"20.96,96.33",2025-05-07 20:39:31,2025-05-08 03:09:31
19.3650000,96.5380000,10.0000,2.00,ml,,,,,,th_14267_202505071808,2025-05-07T18:08:08.000Z,"Amayadaung, Kayin State, Myanmar (Burma)",Myanmar,MM,Asia,earthquake,1746641944,1746641288,0,,"19.37,96.54",2025-05-07 18:08:08,2025-05-08 00:38:08
20.0390000,97.9400000,10.0000,1.50,ml,,,,,,th_14266_202505071733,2025-05-07T17:33:46.000Z,"Wan Kongpao, Shan, Myanmar (Burma)",Myanmar,MM,Asia,earthquake,1746639605,1746639226,0,,"20.04,97.94",2025-05-07 17:33:46,2025-05-08 00:03:46
17.4490000,96.2700000,10.0000,2.30,ml,,,,,,th_14265_202505071720,2025-05-07T17:20:07.000Z,"Wanetkon, Yangon Region, Myanmar (Burma)",Myanmar,MM,Asia,earthquake,1746638924,1746638407,0,,"17.45,96.27",2025-05-07 17:20:07,2025-05-07 23:50:07
21.7020000,96.3250000,10.0000,3.00,ml,,,,,,th_14264_202505071600,2025-05-07T16:00:22.000Z,"Hngetkyithaik, Mandalay Region, Myanmar (Burma)",Myanmar,MM,Asia,earthquake,1746637232,1746633622,0,,"21.70,96.33",2025-05-07 16:00:22,2025-05-07 22:30:22
20.9670000,98.0900000,10.0000,2.10,ml,,,,,,th_14263_202505071550,2025-05-07T15:50:01.000Z,"Tatpük, Shan, Myanmar (Burma)",Myanmar,MM,Asia,earthquake,1746633711,1746633001,0,,"20.97,98.09",2025-05-07 15:50:01,2025-05-07 22:20:01
19.7770000,96.4850000,10.0000,2.40,ml,,,,,,th_14262_202505071310,2025-05-07T13:10:09.000Z,"Saungdaung Anauk, Naypyidaw Union Territory, Myanmar (Burma)",Myanmar,MM,Asia,earthquake,1746623967,1746623409,0,,"19.78,96.49",2025-05-07 13:10:09,2025-05-07 19:40:09
18.6350000,96.5720000,10.0000,4.00,ml,,,,,,ems_202505_1805382,2025-05-07T07:42:39.000Z,"Zayatkyi, Bago Region, Myanmar (Burma)",Myanmar,MM,Asia,earthquake,1746603777,1746603325,0,,"18.64,96.57",2025-05-07 07:35:25,2025-05-07 14:05:25
18.6850000,96.3650000,10.0000,3.90,ml,,,,,,th_14260_202505070727,2025-05-07T07:35:36.000Z,"Kywebwe, Bago Region, Myanmar (Burma)",Myanmar,MM,Asia,earthquake,1746603217,1746602868,0,,"18.69,96.37",2025-05-07 07:27:48,2025-05-07 13:57:48
18.7990000,96.5240000,10.0000,3.30,ml,,,,,,th_14259_202505070123,2025-05-07T01:23:00.000Z,"Bomari, Bago Region, Myanmar (Burma)",Myanmar,MM,Asia,earthquake,1746581303,1746580980,0,,"18.80,96.52",2025-05-07 01:23:00,2025-05-07 07:53:00
19.9410000,97.9580000,10.0000,2.10,ml,,,,,,th_14258_202505070058,2025-05-07T00:58:46.000Z,"Ta Ho-pong, Shan, Myanmar (Burma)",Myanmar,MM,Asia,earthquake,1746579855,1746579526,0,,"19.94,97.96",2025-05-07 00:58:46,2025-05-07 07:28:46
20.1490000,97.9020000,10.0000,1.80,ml,,,,,,th_14257_202505062247,2025-05-06T22:47:57.000Z,"Wan Hat, Shan, Myanmar (Burma)",Myanmar,MM,Asia,earthquake,1746572063,1746571677,0,,"20.15,97.90",2025-05-06 22:47:57,2025-05-07 05:17:57
20.0810000,97.8000000,10.0000,3.50,ml,,,,,,th_14255_202505062221,2025-05-06T22:28:41.000Z,"Wan Kongpao, Shan, Myanmar (Burma)",Myanmar,MM,Asia,earthquake,1746570329,1746570079,0,,"20.08,97.80",2025-05-06 22:21:19,2025-05-07 04:51:19
20.0480000,97.8770000,10.0000,2.70,ml,,,,,,th_14254_202505062210,2025-05-06T22:10:19.000Z,"Wan Kongpao, Shan, Myanmar (Burma)",Myanmar,MM,Asia,earthquake,1746569671,1746569419,0,,"20.05,97.88",2025-05-06 22:10:19,2025-05-07 04:40:19
19.3040000,96.2590000,10.0000,2.30,ml,,,,,,th_14253_202505062122,2025-05-06T21:22:29.000Z,"Thagaya, Bago Region, Myanmar (Burma)",Myanmar,MM,Asia,earthquake,1746568440,1746566549,0,,"19.30,96.26",2025-05-06 21:22:29,2025-05-07 03:52:29
19.7850000,96.5020000,10.0000,2.10,ml,,,,,,th_14252_202505062025,2025-05-06T20:25:04.000Z,"Saungdaung Anauk, Naypyidaw Union Territory, Myanmar (Burma)",Myanmar,MM,Asia,earthquake,1746564174,1746563104,0,,"19.79,96.50",2025-05-06 20:25:04,2025-05-07 02:55:04
21.7110000,96.3510000,10.0000,4.40,ml,,,,,,in_VEo2UDlqeVJMUWhaSThyMVVoOHY3dz09,2025-05-06T19:14:48.000Z,"Mandalay, Mandalay Region, Myanmar (Burma)",Myanmar,MM,Asia,earthquake,1746558220,1746557794,1,,"21.92,96.12",2025-05-06 18:56:34,2025-05-07 01:26:34
20.1120000,96.4500000,10.0000,3.20,ml,,,,,,th_14250_202505061727,2025-05-06T17:27:44.000Z,"Kyaunggon, Naypyidaw Union Territory, Myanmar (Burma)",Myanmar,MM,Asia,earthquake,1746552957,1746552464,0,,"20.11,96.45",2025-05-06 17:27:44,2025-05-06 23:57:44
17.0650000,96.1680000,10.0000,2.60,ml,,,,,,th_14249_202505061708,2025-05-06T17:08:12.000Z,"Yangon, Yangon Region, Myanmar (Burma)",Myanmar,MM,Asia,earthquake,1746552686,1746551292,0,,"17.07,96.17",2025-05-06 17:08:12,2025-05-06 23:38:12
20.8960000,96.2870000,10.0000,2.50,ml,,,,,,th_14248_202505061656,2025-05-06T16:56:50.000Z,"Pothanaing, Mandalay Region, Myanmar (Burma)",Myanmar,MM,Asia,earthquake,1746551482,1746550610,0,,"20.90,96.29",2025-05-06 16:56:50,2025-05-06 23:26:50
17.1420000,96.3040000,10.0000,3.70,ml,,,,,,th_14247_202505061625,2025-05-06T16:49:47.000Z,"Za Yet Kwin, Yangon Region, Myanmar (Burma)",Myanmar,MM,Asia,earthquake,1746549949,1746548740,0,,"17.14,96.30",2025-05-06 16:25:40,2025-05-06 22:55:40
19.6810000,96.3920000,10.0000,2.20,ml,,,,,,th_14246_202505061604,2025-05-06T16:04:28.000Z,"Teinpyaung Atet, Naypyidaw Union Territory, Myanmar (Burma)",Myanmar,MM,Asia,earthquake,1746548039,1746547468,0,,"19.68,96.39",2025-05-06 16:04:28,2025-05-06 22:34:28
17.1060000,96.2820000,10.0000,2.90,ml,,,,,,th_14245_202505061510,2025-05-06T15:10:18.000Z,"Za Yet Kwin, Yangon Region, Myanmar (Burma)",Myanmar,MM,Asia,earthquake,1746545091,1746544218,0,,"17.11,96.28",2025-05-06 15:10:18,2025-05-06 21:40:18
19.9680000,98.1590000,10.0000,3.10,ml,,,,,,th_14244_202505061441,2025-05-06T14:41:50.000Z,"Wan Hsa-mu, Shan, Myanmar (Burma)",Myanmar,MM,Asia,earthquake,1746542987,1746542510,0,,"19.97,98.16",2025-05-06 14:41:50,2025-05-06 21:11:50
20.5800000,94.6100000,10.0000,3.80,ml,,,,,,in_MFhIazZVYjZhc3BrZzQ0RXhoUXF6Zz09,2025-05-06T14:26:53.000Z,"Salin, Magway Region, Myanmar (Burma)",Myanmar,MM,Asia,earthquake,1746542072,1746541613,0,,"20.58,94.61",2025-05-06 14:26:53,2025-05-06 20:56:53
19.1780000,96.4560000,10.0000,2.30,ml,,,,,,th_14243_202505061341,2025-05-06T13:41:10.000Z,"Karenchaung, Bago Region, Myanmar (Burma)",Myanmar,MM,Asia,earthquake,1746539461,1746538870,0,,"19.18,96.46",2025-05-06 13:41:10,2025-05-06 20:11:10
19.8630000,97.8610000,10.0000,2.80,ml,,,,,,th_14242_202505061327,2025-05-06T13:27:04.000Z,"Ta Öngmu, Shan, Myanmar (Burma)",Myanmar,MM,Asia,earthquake,1746538595,1746538024,0,,"19.86,97.86",2025-05-06 13:27:04,2025-05-06 19:57:04
20.4080000,97.0200000,10.0000,2.20,ml,,,,,,th_14241_202505060943,2025-05-06T09:43:53.000Z,"Nampan, Shan, Myanmar (Burma)",Myanmar,MM,Asia,earthquake,1746532698,1746524633,0,,"20.41,97.02",2025-05-06 09:43:53,2025-05-06 16:13:53
19.6530000,96.2240000,10.0000,2.60,ml,,,,,,th_14240_202505060649,2025-05-06T06:49:06.000Z,"Hpya-ling, Shan, Myanmar (Burma)",Myanmar,MM,Asia,earthquake,1746514671,1746514146,1,,"20.95,97.20",2025-05-06 06:49:06,2025-05-06 13:19:06
20.2700000,98.0890000,10.0000,2.00,ml,,,,,,th_14239_202505060617,2025-05-06T06:17:04.000Z,"Chueh Chu, Shan, Myanmar (Burma)",Myanmar,MM,Asia,earthquake,1746513097,1746512224,0,,"20.27,98.09",2025-05-06 06:17:04,2025-05-06 12:47:04
20.2400000,98.0720000,10.0000,2.30,ml,,,,,,th_14238_202505060615,2025-05-06T06:15:38.000Z,"Chueh Chu, Shan, Myanmar (Burma)",Myanmar,MM,Asia,earthquake,1746512743,1746512138,0,,"20.24,98.07",2025-05-06 06:15:38,2025-05-06 12:45:38
22.2160000,96.8870000,10.0000,3.30,ml,,,,,,th_14237_202505060341,2025-05-06T03:41:53.000Z,"Kan Gyi, Shan, Myanmar (Burma)",Myanmar,MM,Asia,earthquake,1746503532,1746502913,0,,"22.22,96.89",2025-05-06 03:41:53,2025-05-06 10:11:53
20.0710000,97.8800000,10.0000,2.40,ml,,,,,,th_14236_202505060108,2025-05-06T01:08:02.000Z,"Wan Kongpao, Shan, Myanmar (Burma)",Myanmar,MM,Asia,earthquake,1746494344,1746493682,0,,"20.07,97.88",2025-05-06 01:08:02,2025-05-06 07:38:02
20.2700000,97.6570000,10.0000,2.40,ml,,,,,,th_14235_202505060011,2025-05-06T00:11:21.000Z,"Mawkmai, Shan, Myanmar (Burma)",Myanmar,MM,Asia,earthquake,1746490689,1746490281,0,,"20.27,97.66",2025-05-06 00:11:21,2025-05-06 06:41:21
18.7700000,96.4540000,10.0000,2.60,ml,,,,,,th_14234_202505052102,2025-05-05T21:02:07.000Z,"Bomari, Bago Region, Myanmar (Burma)",Myanmar,MM,Asia,earthquake,1746480227,1746478927,0,,"18.77,96.45",2025-05-05 21:02:07,2025-05-06 03:32:07
19.9710000,96.2650000,10.0000,2.50,ml,,,,,,th_14233_202505052058,2025-05-05T20:58:49.000Z,"Tegon, Naypyidaw Union Territory, Myanmar (Burma)",Myanmar,MM,Asia,earthquake,1746480011,1746478729,0,,"19.97,96.27",2025-05-05 20:58:49,2025-05-06 03:28:49
19.4210000,97.7680000,10.0000,1.60,ml,,,,,,th_14232_202505051939,2025-05-05T19:39:24.000Z,"Hwè-yao, Kayah State, Myanmar (Burma)",Myanmar,MM,Asia,earthquake,1746474459,1746473964,0,,"19.42,97.77",2025-05-05 19:39:24,2025-05-06 02:09:24
19.4140000,96.3180000,10.0000,2.10,ml,,,,,,th_14229_202505051825,2025-05-05T18:25:41.000Z,"Wayonle, Bago Region, Myanmar (Burma)",Myanmar,MM,Asia,earthquake,1746470321,1746469541,0,,"19.41,96.32",2025-05-05 18:25:41,2025-05-06 00:55:41
18.9470000,96.2560000,10.0000,2.20,ml,,,,,,th_14228_202505051822,2025-05-05T18:22:58.000Z,"Gyihauk, Bago Region, Myanmar (Burma)",Myanmar,MM,Asia,earthquake,1746470274,1746469378,0,,"18.95,96.26",2025-05-05 18:22:58,2025-05-06 00:52:58
26.9900000,96.4700000,13.0000,3.50,ml,,,,,,in_UVA3cVE1RVV3Mm9xTnRmVEhzN2IwQT09,2025-05-05T15:14:48.000Z,"Gedu Ga, Kachin, Myanmar (Burma)",Myanmar,MM,Asia,earthquake,1746457723,1746457258,0,,"26.99,96.47",2025-05-05 15:00:58,2025-05-05 21:30:58
18.7720000,96.4430000,10.0000,2.50,ml,,,,,,th_14226_202505051455,2025-05-05T14:55:30.000Z,"Bomari, Bago Region, Myanmar (Burma)",Myanmar,MM,Asia,earthquake,1746457252,1746456930,0,,"18.77,96.44",2025-05-05 14:55:30,2025-05-05 21:25:30
20.0370000,97.8880000,10.0000,2.10,ml,,,,,,th_14225_202505051451,2025-05-05T14:51:57.000Z,"Wan Kongpao, Shan, Myanmar (Burma)",Myanmar,MM,Asia,earthquake,1746457032,1746456717,0,,"20.04,97.89",2025-05-05 14:51:57,2025-05-05 21:21:57
18.8180000,96.9870000,10.0000,1.90,ml,,,,,,th_14224_202505051228,2025-05-05T12:28:28.000Z,"Hoki, Kayin State, Myanmar (Burma)",Myanmar,MM,Asia,earthquake,1746449929,1746448108,0,,"18.82,96.99",2025-05-05 12:28:28,2025-05-05 18:58:28
19.2580000,96.3490000,10.0000,2.90,ml,,,,,,th_14223_202505050151,2025-05-05T01:51:48.000Z,"Sibaing, Bago Region, Myanmar (Burma)",Myanmar,MM,Asia,earthquake,1746410765,1746409908,0,,"19.26,96.35",2025-05-05 01:51:48,2025-05-05 08:21:48
24.5800000,94.8600000,70.0000,3.70,ml,,,,,,in_bGtPZnBRckxuNm15ZCtxUVg4c2ZvUT09,2025-05-05T01:28:34.000Z,"Myene, Sagaing Region, Myanmar (Burma)",Myanmar,MM,Asia,earthquake,1746408225,1746407515,0,,"24.58,94.86",2025-05-05 01:11:55,2025-05-05 07:41:55
19.9400000,97.7470000,5.0000,2.90,ml,,,,,,th_14222_202505042339,2025-05-04T23:39:34.000Z,"Wan Hwè-ya-yung, Shan, Myanmar (Burma)",Myanmar,MM,Asia,earthquake,1746403248,1746401974,0,,"19.94,97.75",2025-05-04 23:39:34,2025-05-05 06:09:34
22.9878000,95.6631000,10.0000,4.80,ml,,,,,,in_L0hZR2k4RVkrU0VUUXNjeENmOSsydz09,2025-05-05T06:42:10.000Z,"Bugon, Sagaing Region, Myanmar (Burma)",Myanmar,MM,Asia,earthquake,1746402052,1746401597,0,,"23.07,95.52",2025-05-04 23:33:17,2025-05-05 06:03:17
19.9400000,97.6190000,5.0000,2.80,ml,,,,,,th_14220_202505042324,2025-05-04T23:24:57.000Z,"Mai-hsa-se, Shan, Myanmar (Burma)",Myanmar,MM,Asia,earthquake,1746401296,1746401097,0,,"19.94,97.62",2025-05-04 23:24:57,2025-05-05 05:54:57
19.6520000,97.8790000,5.0000,2.40,ml,,,,,,th_14219_202505042258,2025-05-04T22:58:12.000Z,"Kiu-neng, Shan, Myanmar (Burma)",Myanmar,MM,Asia,earthquake,1746399743,1746399492,0,,"19.65,97.88",2025-05-04 22:58:12,2025-05-05 05:28:12
20.0760000,98.0670000,10.0000,2.20,ml,,,,,,th_14217_202505042143,2025-05-04T21:43:28.000Z,"Üng-yao, Shan, Myanmar (Burma)",Myanmar,MM,Asia,earthquake,1746395829,1746395008,0,,"20.08,98.07",2025-05-04 21:43:28,2025-05-05 04:13:28
19.9450000,97.7340000,10.0000,2.20,ml,,,,,,th_14215_202505041933,2025-05-04T19:33:03.000Z,"Wan Hwè-ya-yung, Shan, Myanmar (Burma)",Myanmar,MM,Asia,earthquake,1746388062,1746387183,0,,"19.95,97.73",2025-05-04 19:33:03,2025-05-05 02:03:03
19.7910000,96.9820000,10.0000,2.40,ml,,,,,,th_14214_202505041904,2025-05-04T19:04:02.000Z,"Engla, Shan, Myanmar (Burma)",Myanmar,MM,Asia,earthquake,1746386979,1746385442,0,,"19.79,96.98",2025-05-04 19:04:02,2025-05-05 01:34:02
20.1070000,97.8380000,2.0000,3.00,ml,,,,,,th_14213_202505041753,2025-05-04T17:53:13.000Z,"Wan Kongpao, Shan, Myanmar (Burma)",Myanmar,MM,Asia,earthquake,1746381705,1746381193,0,,"20.11,97.84",2025-05-04 17:53:13,2025-05-05 00:23:13
19.8420000,97.8510000,5.0000,2.20,ml,,,,,,th_14218_202505041740,2025-05-04T17:40:09.000Z,"Wan Hwè-ya-yung, Shan, Myanmar (Burma)",Myanmar,MM,Asia,earthquake,1746395913,1746380409,0,,"19.84,97.85",2025-05-04 17:40:09,2025-05-05 00:10:09
19.2170000,96.4560000,16.0000,2.20,ml,,,,,,th_14212_202505041550,2025-05-04T15:50:45.000Z,"Hnawpin, Bago Region, Myanmar (Burma)",Myanmar,MM,Asia,earthquake,1746374408,1746373845,0,,"19.22,96.46",2025-05-04 15:50:45,2025-05-04 22:20:45
18.0950000,95.3070000,76.0000,2.90,ml,,,,,,th_14211_202505041459,2025-05-04T14:59:49.000Z,"Kongyi, Ayeyarwady, Myanmar (Burma)",Myanmar,MM,Asia,earthquake,1746371299,1746370789,0,,"18.10,95.31",2025-05-04 14:59:49,2025-05-04 21:29:49
18.1100000,95.1900000,80.0000,3.10,ml,,,,,,th_14210_202505041404,2025-05-04T14:04:48.000Z,"Hngetkyiwin, Ayeyarwady, Myanmar (Burma)",Myanmar,MM,Asia,earthquake,1746368012,1746367488,0,,"18.11,95.19",2025-05-04 14:04:48,2025-05-04 20:34:48
21.6100000,94.4700000,90.0000,3.90,ml,,,,,,in_ODUzMGcyVThHZmxiSjhNK3ZINDBGUT09,2025-05-04T13:48:50.000Z,"Zee Pyar, Magway Region, Myanmar (Burma)",Myanmar,MM,Asia,earthquake,1746367849,1746366530,0,,"21.61,94.47",2025-05-04 13:48:50,2025-05-04 20:18:50
19.8390000,97.9340000,1.0000,1.70,ml,,,,,,th_14209_202505041230,2025-05-04T12:30:01.000Z,"Pang Tae Waet, Shan, Myanmar (Burma)",Myanmar,MM,Asia,earthquake,1746362032,1746361801,0,,"19.84,97.93",2025-05-04 12:30:01,2025-05-04 19:00:01
19.9360000,97.9460000,10.0000,2.20,ml,,,,,,th_14208_202505041158,2025-05-04T11:58:58.000Z,"Ta Ho-pong, Shan, Myanmar (Burma)",Myanmar,MM,Asia,earthquake,1746360487,1746359938,1,,"19.94,97.95",2025-05-04 11:58:58,2025-05-04 18:28:58
19.4400000,96.3320000,10.0000,2.50,ml,,,,,,th_14207_202505041154,2025-05-04T11:54:35.000Z,"Wayonle, Bago Region, Myanmar (Burma)",Myanmar,MM,Asia,earthquake,1746360389,1746359675,0,,"19.44,96.33",2025-05-04 11:54:35,2025-05-04 18:24:35
19.7830000,96.4770000,10.0000,2.50,ml,,,,,,th_14206_202505041149,2025-05-04T11:49:22.000Z,"Saungdaung Anauk, Naypyidaw Union Territory, Myanmar (Burma)",Myanmar,MM,Asia,earthquake,1746360240,1746359362,0,,"19.78,96.48",2025-05-04 11:49:22,2025-05-04 18:19:22
20.6710000,97.8170000,1.0000,2.60,ml,,,,,,th_14205_202505041005,2025-05-04T10:05:35.000Z,"Hai Hpak, Shan, Myanmar (Burma)",Myanmar,MM,Asia,earthquake,1746354780,1746353135,0,,"20.67,97.82",2025-05-04 10:05:35,2025-05-04 16:35:35
19.9320000,97.7770000,2.0000,2.70,ml,,,,,,th_14204_202505040813,2025-05-04T08:13:34.000Z,"Wan Hwè-ya-yung, Shan, Myanmar (Burma)",Myanmar,MM,Asia,earthquake,1746346621,1746346414,0,,"19.93,97.78",2025-05-04 08:13:34,2025-05-04 14:43:34
20.0970000,97.8830000,1.0000,2.90,ml,,,,,,th_14203_202505040158,2025-05-04T01:58:50.000Z,"Shan, Myanmar (Burma)",Myanmar,MM,Asia,earthquake,1746324314,1746323930,1,,"20.10,97.88",2025-05-04 01:58:50,2025-05-04 08:28:50
18.9170000,97.5050000,2.0000,2.10,ml,,,,,,th_14202_202505040015,2025-05-04T00:15:02.000Z,"Loi Mun, Kayah State, Myanmar (Burma)",Myanmar,MM,Asia,earthquake,1746318244,1746317702,0,,"18.92,97.51",2025-05-04 00:15:02,2025-05-04 06:45:02
21.7770000,96.2420000,10.0000,3.40,ml,,,,,,th_14198_202505032015,2025-05-03T20:15:11.000Z,"Thon-Daung-Ywa-Ma, Mandalay Region, Myanmar (Burma)",Myanmar,MM,Asia,earthquake,1746303634,1746303311,0,,"21.78,96.24",2025-05-03 20:15:11,2025-05-04 02:45:11
22.0350000,96.4960000,10.0000,2.90,ml,,,,,,th_14197_202505031839,2025-05-03T18:39:24.000Z,"Pyin Oo Lwin, Mandalay Region, Myanmar (Burma)",Myanmar,MM,Asia,earthquake,1746297865,1746297564,0,,"22.04,96.50",2025-05-03 18:39:24,2025-05-04 01:09:24
19.9650000,97.6670000,7.0000,2.50,ml,,,,,,th_14196_202505031447,2025-05-03T14:47:53.000Z,"Wan Panglu, Shan, Myanmar (Burma)",Myanmar,MM,Asia,earthquake,1746283947,1746283673,0,,"19.97,97.67",2025-05-03 14:47:53,2025-05-03 21:17:53
20.0340000,97.8980000,10.0000,2.00,ml,,,,,,th_14195_202505031443,2025-05-03T14:43:13.000Z,"Wan Kongpao, Shan, Myanmar (Burma)",Myanmar,MM,Asia,earthquake,1746283754,1746283393,1,,"20.03,97.90",2025-05-03 14:43:13,2025-05-03 21:13:13
19.9870000,97.9700000,10.0000,2.00,ml,,,,,,th_14194_202505031210,2025-05-03T12:10:00.000Z,"Ta Ho-pong, Shan, Myanmar (Burma)",Myanmar,MM,Asia,earthquake,1746274516,1746274200,1,,"19.99,97.97",2025-05-03 12:10:00,2025-05-03 18:40:00
19.2390000,96.2050000,10.0000,3.10,ml,,,,,,th_14193_202505031159,2025-05-03T11:59:01.000Z,"Baungdok, Bago Region, Myanmar (Burma)",Myanmar,MM,Asia,earthquake,1746273937,1746273541,0,,"19.24,96.21",2025-05-03 11:59:01,2025-05-03 18:29:01
19.2530000,96.2340000,10.0000,2.40,ml,,,,,,th_14192_202505031143,2025-05-03T11:43:05.000Z,"Swar, Bago Region, Myanmar (Burma)",Myanmar,MM,Asia,earthquake,1746272918,1746272585,0,,"19.25,96.23",2025-05-03 11:43:05,2025-05-03 18:13:05
18.7190000,96.4020000,10.0000,2.40,ml,,,,,,th_14190_202505030959,2025-05-03T09:59:38.000Z,"Kywebwe, Bago Region, Myanmar (Burma)",Myanmar,MM,Asia,earthquake,1746266839,1746266378,0,,"18.72,96.40",2025-05-03 09:59:38,2025-05-03 16:29:38
19.1650000,97.1100000,10.0000,2.30,ml,,,,,,th_14189_202505030915,2025-05-03T09:15:58.000Z,"He-sa-hku, Kayah State, Myanmar (Burma)",Myanmar,MM,Asia,earthquake,1746266794,1746263758,0,,"19.17,97.11",2025-05-03 09:15:58,2025-05-03 15:45:58
19.2350000,96.3830000,10.0000,2.60,ml,,,,,,th_14188_202505030600,2025-05-03T06:00:30.000Z,"Sibaing, Bago Region, Myanmar (Burma)",Myanmar,MM,Asia,earthquake,1746252385,1746252030,0,,"19.24,96.38",2025-05-03 06:00:30,2025-05-03 12:30:30
19.7350000,96.2190000,10.0000,2.80,ml,,,,,,th_14186_202505030117,2025-05-03T01:17:00.000Z,"Pyinmana, Naypyidaw Union Territory, Myanmar (Burma)",Myanmar,MM,Asia,earthquake,1746235396,1746235020,0,,"19.74,96.22",2025-05-03 01:17:00,2025-05-03 07:47:00
20.8820000,98.6700000,10.0000,2.60,ml,,,,,,th_14184_202505022009,2025-05-02T20:09:41.000Z,"Möng Pu, Shan, Myanmar (Burma)",Myanmar,MM,Asia,earthquake,1746217101,1746216581,0,,"20.88,98.67",2025-05-02 20:09:41,2025-05-03 02:39:41
19.0640000,96.4460000,10.0000,3.00,ml,,,,,,th_14183_202505022003,2025-05-02T20:03:59.000Z,"Kaytumati, Bago Region, Myanmar (Burma)",Myanmar,MM,Asia,earthquake,1746217048,1746216239,0,,"19.06,96.45",2025-05-02 20:03:59,2025-05-03 02:33:59
20.0470000,97.9370000,10.0000,1.60,ml,,,,,,th_14180_202505021749,2025-05-02T17:49:20.000Z,"Wan Kongpao, Shan, Myanmar (Burma)",Myanmar,MM,Asia,earthquake,1746208443,1746208160,0,,"20.05,97.94",2025-05-02 17:49:20,2025-05-03 00:19:20
21.6670000,96.5270000,10.0000,2.80,ml,,,,,,th_14179_202505021733,2025-05-02T17:33:18.000Z,"Gwebin, Mandalay Region, Myanmar (Burma)",Myanmar,MM,Asia,earthquake,1746208272,1746207198,0,,"21.67,96.53",2025-05-02 17:33:18,2025-05-03 00:03:18
19.8270000,97.9860000,10.0000,1.40,ml,,,,,,th_14178_202505021733,2025-05-02T17:33:01.000Z,"Pang Tae Waet, Shan, Myanmar (Burma)",Myanmar,MM,Asia,earthquake,1746208083,1746207181,0,,"19.83,97.99",2025-05-02 17:33:01,2025-05-03 00:03:01
17.2200000,96.1510000,10.0000,3.10,ml,,,,,,th_14177_202505021515,2025-05-02T15:15:51.000Z,"Si Sone Kone, Yangon Region, Myanmar (Burma)",Myanmar,MM,Asia,earthquake,1746199609,1746198951,0,,"17.22,96.15",2025-05-02 15:15:51,2025-05-02 21:45:51
22.0170000,96.8960000,10.0000,2.70,ml,,,,,,th_14176_202505021441,2025-05-02T14:41:09.000Z,"Nam-maw-lon, Shan, Myanmar (Burma)",Myanmar,MM,Asia,earthquake,1746198251,1746196869,0,,"22.02,96.90",2025-05-02 14:41:09,2025-05-02 21:11:09
21.9600000,96.2800000,10.0000,4.00,ml,,,,,,ems_202505_1803105,2025-05-02T11:21:40.000Z,"Thon-Daung-Ywa-Ma, Mandalay Region, Myanmar (Burma)",Myanmar,MM,Asia,earthquake,1746184914,1746183844,0,,"21.96,96.28",2025-05-02 11:04:04,2025-05-02 17:34:04
18.7570000,96.6040000,10.0000,2.10,ml,,,,,,th_14174_202505020717,2025-05-02T07:17:27.000Z,"Alesengyaung, Kayin State, Myanmar (Burma)",Myanmar,MM,Asia,earthquake,1746170565,1746170247,0,,"18.76,96.60",2025-05-02 07:17:27,2025-05-02 13:47:27
18.8080000,96.6540000,10.0000,2.60,ml,,,,,,th_14173_202505020355,2025-05-02T03:55:56.000Z,"Alesengyaung, Kayin State, Myanmar (Burma)",Myanmar,MM,Asia,earthquake,1746160089,1746158156,0,,"18.81,96.65",2025-05-02 03:55:56,2025-05-02 10:25:56
21.8620000,96.3880000,10.0000,3.90,ml,,,,,,th_14171_202505020153,2025-05-02T02:07:42.000Z,"Pyin Sar, Mandalay Region, Myanmar (Burma)",Myanmar,MM,Asia,earthquake,1746151388,1746150780,0,,"21.86,96.39",2025-05-02 01:53:00,2025-05-02 08:23:00
18.6270000,96.4240000,10.0000,2.00,ml,,,,,,th_14170_202505012016,2025-05-01T20:16:56.000Z,"Nyaung Chay Htauk, Bago Region, Myanmar (Burma)",Myanmar,MM,Asia,earthquake,1746130967,1746130616,0,,"18.63,96.42",2025-05-01 20:16:56,2025-05-02 02:46:56
20.9630000,96.3300000,10.0000,3.10,ml,,,,,,th_14169_202505011950,2025-05-01T19:50:44.000Z,"Patchaung, Shan, Myanmar (Burma)",Myanmar,MM,Asia,earthquake,1746129589,1746129044,0,,"20.96,96.33",2025-05-01 19:50:44,2025-05-02 02:20:44
18.8810000,95.5970000,10.0000,2.90,ml,,,,,,th_14167_202505011603,2025-05-01T16:03:16.000Z,"Kywetabaung, Bago Region, Myanmar (Burma)",Myanmar,MM,Asia,earthquake,1746115817,1746115396,0,,"18.88,95.60",2025-05-01 16:03:16,2025-05-01 22:33:16
21.8820000,96.3460000,5.0000,3.20,ml,,,,,,th_14166_202505011544,2025-05-01T15:44:24.000Z,"Yatanarpon Cyber City, Mandalay Region, Myanmar (Burma)",Myanmar,MM,Asia,earthquake,1746115090,1746114264,0,,"21.88,96.35",2025-05-01 15:44:24,2025-05-01 22:14:24
19.1930000,96.1420000,10.0000,2.20,ml,,,,,,th_14165_202505011510,2025-05-01T15:10:54.000Z,"Mayogon, Bago Region, Myanmar (Burma)",Myanmar,MM,Asia,earthquake,1746112639,1746112254,0,,"19.19,96.14",2025-05-01 15:10:54,2025-05-01 21:40:54
19.9190000,96.1370000,10.0000,2.30,ml,,,,,,th_14164_202505011436,2025-05-01T14:36:46.000Z,"Pobba Thiri, Naypyidaw Union Territory, Myanmar (Burma)",Myanmar,MM,Asia,earthquake,1746110861,1746110206,0,,"19.92,96.14",2025-05-01 14:36:46,2025-05-01 21:06:46
19.2310000,96.5120000,10.0000,2.10,ml,,,,,,th_14162_202505011401,2025-05-01T14:01:27.000Z,"Pebo, Kayin State, Myanmar (Burma)",Myanmar,MM,Asia,earthquake,1746108383,1746108087,0,,"19.23,96.51",2025-05-01 14:01:27,2025-05-01 20:31:27
19.2100000,96.4020000,10.0000,2.30,ml,,,,,,th_14161_202505011310,2025-05-01T13:10:12.000Z,"Hnawpin, Bago Region, Myanmar (Burma)",Myanmar,MM,Asia,earthquake,1746105392,1746105012,1,,"19.21,96.40",2025-05-01 13:10:12,2025-05-01 19:40:12
23.2300000,94.0800000,30.0000,3.40,ml,,,,,,in_NmxEcTRvWUZVenhranlyTHZrLzI1UT09,2025-05-01T08:21:31.000Z,"Kale, Chin State, Myanmar (Burma)",Myanmar,MM,Asia,earthquake,1746087305,1746086852,0,,"23.23,94.08",2025-05-01 08:07:32,2025-05-01 14:37:32
20.2950000,96.1150000,10.0000,3.30,ml,,,,,,th_14159_202505010641,2025-05-01T06:41:48.000Z,"Inbingyi, Mandalay Region, Myanmar (Burma)",Myanmar,MM,Asia,earthquake,1746083128,1746081708,0,,"20.30,96.12",2025-05-01 06:41:48,2025-05-01 13:11:48
20.9930000,99.0430000,10.0000,2.50,ml,,,,,,th_14158_202505010538,2025-05-01T05:38:17.000Z,"Mongkyet, Shan, Myanmar (Burma)",Myanmar,MM,Asia,earthquake,1746078262,1746077897,0,,"20.99,99.04",2025-05-01 05:38:17,2025-05-01 12:08:17
20.7360000,96.9510000,10.0000,3.10,ml,,,,,,th_14157_202505010515,2025-05-01T05:15:18.000Z,"Ayetharyar, Shan, Myanmar (Burma)",Myanmar,MM,Asia,earthquake,1746076874,1746076518,0,,"20.74,96.95",2025-05-01 05:15:18,2025-05-01 11:45:18
20.2780000,96.2300000,10.0000,2.60,ml,,,,,,th_14308_202505102127,2025-05-10T21:27:06.000Z,"Nyaung Lunt, Naypyidaw Union Territory, Myanmar (Burma)",Myanmar,MM,Asia,earthquake,1746913100,1746912426,0,,"20.28,96.23",2025-05-10 21:27:06,2025-05-11 03:57:06
21.7660000,96.3990000,10.0000,2.80,ml,,,,,,th_14307_202505102050,2025-05-10T20:50:32.000Z,"Thon-Daung-Ywa-Ma, Mandalay Region, Myanmar (Burma)",Myanmar,MM,Asia,earthquake,1746910921,1746910232,0,,"21.77,96.40",2025-05-10 20:50:32,2025-05-11 03:20:32
21.0120000,96.5440000,10.0000,2.80,ml,,,,,,th_14305_202505101911,2025-05-10T19:11:32.000Z,"Nyaungbingwa, Shan, Myanmar (Burma)",Myanmar,MM,Asia,earthquake,1746904549,1746904292,0,,"21.01,96.54",2025-05-10 19:11:32,2025-05-11 01:41:32
21.1310000,99.7450000,2.0000,2.90,ml,,,,,,th_14304_202505101840,2025-05-10T18:40:08.000Z,"Loi Pang Koi, Shan, Myanmar (Burma)",Myanmar,MM,Asia,earthquake,1746902724,1746902408,0,,"21.13,99.75",2025-05-10 18:40:08,2025-05-11 01:10:08
19.1840000,96.3710000,10.0000,2.90,ml,,,,,,th_14303_202505101636,2025-05-10T16:36:47.000Z,"Yedashe, Bago Region, Myanmar (Burma)",Myanmar,MM,Asia,earthquake,1746895276,1746895007,1,,"19.18,96.37",2025-05-10 16:36:47,2025-05-10 23:06:47
19.9910000,96.2810000,10.0000,2.40,ml,,,,,,th_14302_202505101628,2025-05-10T16:28:02.000Z,"Chaungbya, Naypyidaw Union Territory, Myanmar (Burma)",Myanmar,MM,Asia,earthquake,1746894862,1746894482,0,,"19.99,96.28",2025-05-10 16:28:02,2025-05-10 22:58:02
20.3500000,98.2350000,7.0000,4.00,ml,,,,,,ems_202505_1806624,2025-05-10T12:35:36.000Z,"Na-law, Shan, Myanmar (Burma)",Myanmar,MM,Asia,earthquake,1746880549,1746880169,0,,"20.35,98.24",2025-05-10 12:29:29,2025-05-10 18:59:29
21.6200000,96.3930000,10.0000,3.70,ml,,,,,,th_14300_202505101137,2025-05-10T11:49:35.000Z,"Gwebin, Mandalay Region, Myanmar (Burma)",Myanmar,MM,Asia,earthquake,1746877646,1746877027,0,,"21.62,96.39",2025-05-10 11:37:07,2025-05-10 18:07:07
19.2660000,96.2590000,10.0000,2.70,ml,,,,,,th_14299_202505101039,2025-05-10T10:39:18.000Z,"Swar, Bago Region, Myanmar (Burma)",Myanmar,MM,Asia,earthquake,1746873902,1746873558,0,,"19.27,96.26",2025-05-10 10:39:18,2025-05-10 17:09:18
18.8700000,96.4290000,10.0000,2.40,ml,,,,,,th_14297_202505100701,2025-05-10T07:01:58.000Z,"Taungoo, Bago Region, Myanmar (Burma)",Myanmar,MM,Asia,earthquake,1746860896,1746860518,0,,"18.87,96.43",2025-05-10 07:01:58,2025-05-10 13:31:58
18.0900000,96.1090000,10.0000,3.80,ml,,,,,,th_14296_202505100613,2025-05-10T06:22:04.000Z,"Foucar's, Bago Region, Myanmar (Burma)",Myanmar,MM,Asia,earthquake,1746857949,1746857621,0,,"18.09,96.11",2025-05-10 06:13:41,2025-05-10 12:43:41
20.0460000,97.8380000,10.0000,3.00,ml,,,,,,th_14295_202505100414,2025-05-10T04:14:54.000Z,"Wan Kongpao, Shan, Myanmar (Burma)",Myanmar,MM,Asia,earthquake,1746850835,1746850494,0,,"20.05,97.84",2025-05-10 04:14:54,2025-05-10 10:44:54
19.9960000,98.0390000,5.0000,2.30,ml,,,,,,th_14294_202505100246,2025-05-10T02:46:41.000Z,"Wan Konlang, Shan, Myanmar (Burma)",Myanmar,MM,Asia,earthquake,1746845705,1746845201,0,,"20.00,98.04",2025-05-10 02:46:41,2025-05-10 09:16:41
18.2790000,96.5880000,10.0000,2.50,ml,,,,,,th_14293_202505100157,2025-05-10T01:57:59.000Z,"Ingone, Bago Region, Myanmar (Burma)",Myanmar,MM,Asia,earthquake,1746842811,1746842279,0,,"18.28,96.59",2025-05-10 01:57:59,2025-05-10 08:27:59
20.0650000,98.0200000,10.0000,3.10,ml,,,,,,th_14292_202505100021,2025-05-10T00:21:38.000Z,"Wan Konlang, Shan, Myanmar (Burma)",Myanmar,MM,Asia,earthquake,1746836984,1746836498,0,,"20.07,98.02",2025-05-10 00:21:38,2025-05-10 06:51:38
19.1460000,96.3560000,10.0000,2.90,ml,,,,,,th_14291_202505091956,2025-05-09T19:56:05.000Z,"Yedashe, Bago Region, Myanmar (Burma)",Myanmar,MM,Asia,earthquake,1746821533,1746820565,0,,"19.15,96.36",2025-05-09 19:56:05,2025-05-10 02:26:05
19.7340000,96.5060000,10.0000,2.50,ml,,,,,,th_14290_202505091808,2025-05-09T18:08:25.000Z,"Saungdaung Anauk, Naypyidaw Union Territory, Myanmar (Burma)",Myanmar,MM,Asia,earthquake,1746821306,1746814105,0,,"19.73,96.51",2025-05-09 18:08:25,2025-05-10 00:38:25
20.6380000,99.8320000,10.0000,1.90,ml,,,,,,th_14289_202505091717,2025-05-09T17:17:42.000Z,"Wan Hsenhkampeng, Shan, Myanmar (Burma)",Myanmar,MM,Asia,earthquake,1746821179,1746811062,0,,"20.64,99.83",2025-05-09 17:17:42,2025-05-09 23:47:42
21.2790000,96.2570000,10.0000,3.10,ml,,,,,,th_14287_202505091346,2025-05-09T13:46:34.000Z,"Ywarkhainggyi, Mandalay Region, Myanmar (Burma)",Myanmar,MM,Asia,earthquake,1746800696,1746798394,1,,"21.28,96.26",2025-05-09 13:46:34,2025-05-09 20:16:34
24.7700000,95.2900000,110.0000,4.30,ml,,,,,,in_dGtvd01KL2lJWFNnQnVEM3ZpWFIxZz09,2025-05-09T13:49:34.000Z,"Nyaungbintha, Sagaing Region, Myanmar (Burma)",Myanmar,MM,Asia,earthquake,1746798568,1746797879,0,,"24.77,95.29",2025-05-09 13:37:59,2025-05-09 20:07:59
20.0220000,98.0340000,10.0000,1.90,ml,,,,,,th_14285_202505091146,2025-05-09T11:46:46.000Z,"Wan Konlang, Shan, Myanmar (Burma)",Myanmar,MM,Asia,earthquake,1746791694,1746791206,0,,"20.02,98.03",2025-05-09 11:46:46,2025-05-09 18:16:46
21.4700000,96.2580000,10.0000,3.10,ml,,,,,,th_14284_202505090858,2025-05-09T08:58:38.000Z,"Thanywa, Mandalay Region, Myanmar (Burma)",Myanmar,MM,Asia,earthquake,1746781953,1746781118,0,,"21.47,96.26",2025-05-09 08:58:38,2025-05-09 15:28:38
20.8734000,96.0433000,10.0000,4.40,mb,,,,,,in_aksrK0ZtS05EeG5EZzBPblBZRld5dz09,2025-05-09T14:58:53.000Z,"Thazi, Mandalay Region, Myanmar (Burma)",Myanmar,MM,Asia,earthquake,1746780668,1746779850,1,,"20.87,96.05",2025-05-09 08:37:30,2025-05-09 15:07:30
22.0220000,96.3870000,10.0000,3.60,ml,,,,,,th_14282_202505090832,2025-05-09T08:56:36.000Z,"Anesakhan, Mandalay Region, Myanmar (Burma)",Myanmar,MM,Asia,earthquake,1746780145,1746779555,0,,"22.02,96.39",2025-05-09 08:32:35,2025-05-09 15:02:35
18.1440000,96.7640000,10.0000,4.20,ml,,,,,,ems_202505_1806105,2025-05-09T00:56:35.000Z,"Bogata Auk, Bago Region, Myanmar (Burma)",Myanmar,MM,Asia,earthquake,1746752211,1746751689,0,,"18.14,96.76",2025-05-09 00:48:09,2025-05-09 07:18:09
21.7280000,96.2770000,10.0000,2.90,ml,,,,,,th_14279_202505082300,2025-05-08T23:00:34.000Z,"Hngetkyithaik, Mandalay Region, Myanmar (Burma)",Myanmar,MM,Asia,earthquake,1746745706,1746745234,0,,"21.73,96.28",2025-05-08 23:00:34,2025-05-09 05:30:34
19.6380000,96.1880000,10.0000,2.40,ml,,,,,,th_14278_202505082236,2025-05-08T22:36:33.000Z,"Magyigon, Naypyidaw Union Territory, Myanmar (Burma)",Myanmar,MM,Asia,earthquake,1746744264,1746743793,0,,"19.64,96.19",2025-05-08 22:36:33,2025-05-09 05:06:33
22.0470000,96.4050000,10.0000,3.10,ml,,,,,,th_14277_202505082026,2025-05-08T20:26:12.000Z,"Pyin Oo Lwin, Mandalay Region, Myanmar (Burma)",Myanmar,MM,Asia,earthquake,1746736902,1746735972,0,,"22.05,96.41",2025-05-08 20:26:12,2025-05-09 02:56:12
19.0520000,97.4290000,10.0000,1.70,ml,,,,,,th_14275_202505081900,2025-05-08T19:00:06.000Z,"Ho-hwè-ko-sa-pa, Kayah State, Myanmar (Burma)",Myanmar,MM,Asia,earthquake,1746731745,1746730806,0,,"19.05,97.43",2025-05-08 19:00:06,2025-05-09 01:30:06
19.8030000,96.4020000,10.0000,2.20,ml,,,,,,th_14274_202505081549,2025-05-08T15:49:31.000Z,"Kwedugyi, Naypyidaw Union Territory, Myanmar (Burma)",Myanmar,MM,Asia,earthquake,1746719756,1746719371,0,,"19.80,96.40",2025-05-08 15:49:31,2025-05-08 22:19:31
20.0460000,96.4250000,10.0000,2.30,ml,,,,,,th_14273_202505081532,2025-05-08T15:32:58.000Z,"Thalaing, Naypyidaw Union Territory, Myanmar (Burma)",Myanmar,MM,Asia,earthquake,1746719078,1746718378,0,,"20.05,96.43",2025-05-08 15:32:58,2025-05-08 22:02:58
23.1800000,94.0500000,10.0000,3.60,ml,,,,,,in_eE5uZG1qYmZjNmt0TnNwMkttdE12dz09,2025-05-08T14:21:42.000Z,"Kale, Sagaing Region, Myanmar (Burma)",Myanmar,MM,Asia,earthquake,1746713847,1746713167,0,,"23.18,94.05",2025-05-08 14:06:07,2025-05-08 20:36:07
21.5610000,96.2020000,10.0000,4.10,ml,,,,,,ems_202505_1805781,2025-05-08T08:00:37.000Z,"Kyaukse, Mandalay Region, Myanmar (Burma)",Myanmar,MM,Asia,earthquake,1746691249,1746689924,0,,"21.56,96.20",2025-05-08 07:38:44,2025-05-08 14:08:44
18.0890000,96.7330000,10.0000,2.40,ml,,,,,,th_14271_202505080232,2025-05-08T02:32:14.000Z,"Hinthawè, Bago Region, Myanmar (Burma)",Myanmar,MM,Asia,earthquake,1746672301,1746671534,0,,"18.09,96.73",2025-05-08 02:32:14,2025-05-08 09:02:14
20.9580000,96.3290000,10.0000,2.60,ml,,,,,,th_14268_202505072039,2025-05-07T20:39:31.000Z,"Patchaung, Shan, Myanmar (Burma)",Myanmar,MM,Asia,earthquake,1746650883,1746650371,1,,"20.96,96.33",2025-05-07 20:39:31,2025-05-08 03:09:31
19.3650000,96.5380000,10.0000,2.00,ml,,,,,,th_14267_202505071808,2025-05-07T18:08:08.000Z,"Amayadaung, Kayin State, Myanmar (Burma)",Myanmar,MM,Asia,earthquake,1746641944,1746641288,0,,"19.37,96.54",2025-05-07 18:08:08,2025-05-08 00:38:08
20.0390000,97.9400000,10.0000,1.50,ml,,,,,,th_14266_202505071733,2025-05-07T17:33:46.000Z,"Wan Kongpao, Shan, Myanmar (Burma)",Myanmar,MM,Asia,earthquake,1746639605,1746639226,0,,"20.04,97.94",2025-05-07 17:33:46,2025-05-08 00:03:46
17.4490000,96.2700000,10.0000,2.30,ml,,,,,,th_14265_202505071720,2025-05-07T17:20:07.000Z,"Wanetkon, Yangon Region, Myanmar (Burma)",Myanmar,MM,Asia,earthquake,1746638924,1746638407,0,,"17.45,96.27",2025-05-07 17:20:07,2025-05-07 23:50:07
21.7020000,96.3250000,10.0000,3.00,ml,,,,,,th_14264_202505071600,2025-05-07T16:00:22.000Z,"Hngetkyithaik, Mandalay Region, Myanmar (Burma)",Myanmar,MM,Asia,earthquake,1746637232,1746633622,0,,"21.70,96.33",2025-05-07 16:00:22,2025-05-07 22:30:22
20.9670000,98.0900000,10.0000,2.10,ml,,,,,,th_14263_202505071550,2025-05-07T15:50:01.000Z,"Tatpük, Shan, Myanmar (Burma)",Myanmar,MM,Asia,earthquake,1746633711,1746633001,0,,"20.97,98.09",2025-05-07 15:50:01,2025-05-07 22:20:01
19.7770000,96.4850000,10.0000,2.40,ml,,,,,,th_14262_202505071310,2025-05-07T13:10:09.000Z,"Saungdaung Anauk, Naypyidaw Union Territory, Myanmar (Burma)",Myanmar,MM,Asia,earthquake,1746623967,1746623409,0,,"19.78,96.49",2025-05-07 13:10:09,2025-05-07 19:40:09
18.6350000,96.5720000,10.0000,4.00,ml,,,,,,ems_202505_1805382,2025-05-07T07:42:39.000Z,"Zayatkyi, Bago Region, Myanmar (Burma)",Myanmar,MM,Asia,earthquake,1746603777,1746603325,0,,"18.64,96.57",2025-05-07 07:35:25,2025-05-07 14:05:25
18.6850000,96.3650000,10.0000,3.90,ml,,,,,,th_14260_202505070727,2025-05-07T07:35:36.000Z,"Kywebwe, Bago Region, Myanmar (Burma)",Myanmar,MM,Asia,earthquake,1746603217,1746602868,0,,"18.69,96.37",2025-05-07 07:27:48,2025-05-07 13:57:48
18.7990000,96.5240000,10.0000,3.30,ml,,,,,,th_14259_202505070123,2025-05-07T01:23:00.000Z,"Bomari, Bago Region, Myanmar (Burma)",Myanmar,MM,Asia,earthquake,1746581303,1746580980,0,,"18.80,96.52",2025-05-07 01:23:00,2025-05-07 07:53:00
19.9410000,97.9580000,10.0000,2.10,ml,,,,,,th_14258_202505070058,2025-05-07T00:58:46.000Z,"Ta Ho-pong, Shan, Myanmar (Burma)",Myanmar,MM,Asia,earthquake,1746579855,1746579526,0,,"19.94,97.96",2025-05-07 00:58:46,2025-05-07 07:28:46
20.1490000,97.9020000,10.0000,1.80,ml,,,,,,th_14257_202505062247,2025-05-06T22:47:57.000Z,"Wan Hat, Shan, Myanmar (Burma)",Myanmar,MM,Asia,earthquake,1746572063,1746571677,0,,"20.15,97.90",2025-05-06 22:47:57,2025-05-07 05:17:57
20.0810000,97.8000000,10.0000,3.50,ml,,,,,,th_14255_202505062221,2025-05-06T22:28:41.000Z,"Wan Kongpao, Shan, Myanmar (Burma)",Myanmar,MM,Asia,earthquake,1746570329,1746570079,0,,"20.08,97.80",2025-05-06 22:21:19,2025-05-07 04:51:19
20.0480000,97.8770000,10.0000,2.70,ml,,,,,,th_14254_202505062210,2025-05-06T22:10:19.000Z,"Wan Kongpao, Shan, Myanmar (Burma)",Myanmar,MM,Asia,earthquake,1746569671,1746569419,0,,"20.05,97.88",2025-05-06 22:10:19,2025-05-07 04:40:19
19.3040000,96.2590000,10.0000,2.30,ml,,,,,,th_14253_202505062122,2025-05-06T21:22:29.000Z,"Thagaya, Bago Region, Myanmar (Burma)",Myanmar,MM,Asia,earthquake,1746568440,1746566549,0,,"19.30,96.26",2025-05-06 21:22:29,2025-05-07 03:52:29
19.7850000,96.5020000,10.0000,2.10,ml,,,,,,th_14252_202505062025,2025-05-06T20:25:04.000Z,"Saungdaung Anauk, Naypyidaw Union Territory, Myanmar (Burma)",Myanmar,MM,Asia,earthquake,1746564174,1746563104,0,,"19.79,96.50",2025-05-06 20:25:04,2025-05-07 02:55:04
21.7110000,96.3510000,10.0000,4.40,ml,,,,,,in_VEo2UDlqeVJMUWhaSThyMVVoOHY3dz09,2025-05-06T19:14:48.000Z,"Mandalay, Mandalay Region, Myanmar (Burma)",Myanmar,MM,Asia,earthquake,1746558220,1746557794,1,,"21.92,96.12",2025-05-06 18:56:34,2025-05-07 01:26:34
20.1120000,96.4500000,10.0000,3.20,ml,,,,,,th_14250_202505061727,2025-05-06T17:27:44.000Z,"Kyaunggon, Naypyidaw Union Territory, Myanmar (Burma)",Myanmar,MM,Asia,earthquake,1746552957,1746552464,0,,"20.11,96.45",2025-05-06 17:27:44,2025-05-06 23:57:44
17.0650000,96.1680000,10.0000,2.60,ml,,,,,,th_14249_202505061708,2025-05-06T17:08:12.000Z,"Yangon, Yangon Region, Myanmar (Burma)",Myanmar,MM,Asia,earthquake,1746552686,1746551292,0,,"17.07,96.17",2025-05-06 17:08:12,2025-05-06 23:38:12
20.8960000,96.2870000,10.0000,2.50,ml,,,,,,th_14248_202505061656,2025-05-06T16:56:50.000Z,"Pothanaing, Mandalay Region, Myanmar (Burma)",Myanmar,MM,Asia,earthquake,1746551482,1746550610,0,,"20.90,96.29",2025-05-06 16:56:50,2025-05-06 23:26:50
17.1420000,96.3040000,10.0000,3.70,ml,,,,,,th_14247_202505061625,2025-05-06T16:49:47.000Z,"Za Yet Kwin, Yangon Region, Myanmar (Burma)",Myanmar,MM,Asia,earthquake,1746549949,1746548740,0,,"17.14,96.30",2025-05-06 16:25:40,2025-05-06 22:55:40
19.6810000,96.3920000,10.0000,2.20,ml,,,,,,th_14246_202505061604,2025-05-06T16:04:28.000Z,"Teinpyaung Atet, Naypyidaw Union Territory, Myanmar (Burma)",Myanmar,MM,Asia,earthquake,1746548039,1746547468,0,,"19.68,96.39",2025-05-06 16:04:28,2025-05-06 22:34:28
17.1060000,96.2820000,10.0000,2.90,ml,,,,,,th_14245_202505061510,2025-05-06T15:10:18.000Z,"Za Yet Kwin, Yangon Region, Myanmar (Burma)",Myanmar,MM,Asia,earthquake,1746545091,1746544218,0,,"17.11,96.28",2025-05-06 15:10:18,2025-05-06 21:40:18
19.9680000,98.1590000,10.0000,3.10,ml,,,,,,th_14244_202505061441,2025-05-06T14:41:50.000Z,"Wan Hsa-mu, Shan, Myanmar (Burma)",Myanmar,MM,Asia,earthquake,1746542987,1746542510,0,,"19.97,98.16",2025-05-06 14:41:50,2025-05-06 21:11:50
20.5800000,94.6100000,10.0000,3.80,ml,,,,,,in_MFhIazZVYjZhc3BrZzQ0RXhoUXF6Zz09,2025-05-06T14:26:53.000Z,"Salin, Magway Region, Myanmar (Burma)",Myanmar,MM,Asia,earthquake,1746542072,1746541613,0,,"20.58,94.61",2025-05-06 14:26:53,2025-05-06 20:56:53
19.1780000,96.4560000,10.0000,2.30,ml,,,,,,th_14243_202505061341,2025-05-06T13:41:10.000Z,"Karenchaung, Bago Region, Myanmar (Burma)",Myanmar,MM,Asia,earthquake,1746539461,1746538870,0,,"19.18,96.46",2025-05-06 13:41:10,2025-05-06 20:11:10
19.8630000,97.8610000,10.0000,2.80,ml,,,,,,th_14242_202505061327,2025-05-06T13:27:04.000Z,"Ta Öngmu, Shan, Myanmar (Burma)",Myanmar,MM,Asia,earthquake,1746538595,1746538024,0,,"19.86,97.86",2025-05-06 13:27:04,2025-05-06 19:57:04
20.4080000,97.0200000,10.0000,2.20,ml,,,,,,th_14241_202505060943,2025-05-06T09:43:53.000Z,"Nampan, Shan, Myanmar (Burma)",Myanmar,MM,Asia,earthquake,1746532698,1746524633,0,,"20.41,97.02",2025-05-06 09:43:53,2025-05-06 16:13:53
19.6530000,96.2240000,10.0000,2.60,ml,,,,,,th_14240_202505060649,2025-05-06T06:49:06.000Z,"Hpya-ling, Shan, Myanmar (Burma)",Myanmar,MM,Asia,earthquake,1746514671,1746514146,1,,"20.95,97.20",2025-05-06 06:49:06,2025-05-06 13:19:06
20.2700000,98.0890000,10.0000,2.00,ml,,,,,,th_14239_202505060617,2025-05-06T06:17:04.000Z,"Chueh Chu, Shan, Myanmar (Burma)",Myanmar,MM,Asia,earthquake,1746513097,1746512224,0,,"20.27,98.09",2025-05-06 06:17:04,2025-05-06 12:47:04
20.2400000,98.0720000,10.0000,2.30,ml,,,,,,th_14238_202505060615,2025-05-06T06:15:38.000Z,"Chueh Chu, Shan, Myanmar (Burma)",Myanmar,MM,Asia,earthquake,1746512743,1746512138,0,,"20.24,98.07",2025-05-06 06:15:38,2025-05-06 12:45:38
22.2160000,96.8870000,10.0000,3.30,ml,,,,,,th_14237_202505060341,2025-05-06T03:41:53.000Z,"Kan Gyi, Shan, Myanmar (Burma)",Myanmar,MM,Asia,earthquake,1746503532,1746502913,0,,"22.22,96.89",2025-05-06 03:41:53,2025-05-06 10:11:53
20.0710000,97.8800000,10.0000,2.40,ml,,,,,,th_14236_202505060108,2025-05-06T01:08:02.000Z,"Wan Kongpao, Shan, Myanmar (Burma)",Myanmar,MM,Asia,earthquake,1746494344,1746493682,0,,"20.07,97.88",2025-05-06 01:08:02,2025-05-06 07:38:02
20.2700000,97.6570000,10.0000,2.40,ml,,,,,,th_14235_202505060011,2025-05-06T00:11:21.000Z,"Mawkmai, Shan, Myanmar (Burma)",Myanmar,MM,Asia,earthquake,1746490689,1746490281,0,,"20.27,97.66",2025-05-06 00:11:21,2025-05-06 06:41:21
18.7700000,96.4540000,10.0000,2.60,ml,,,,,,th_14234_202505052102,2025-05-05T21:02:07.000Z,"Bomari, Bago Region, Myanmar (Burma)",Myanmar,MM,Asia,earthquake,1746480227,1746478927,0,,"18.77,96.45",2025-05-05 21:02:07,2025-05-06 03:32:07
19.9710000,96.2650000,10.0000,2.50,ml,,,,,,th_14233_202505052058,2025-05-05T20:58:49.000Z,"Tegon, Naypyidaw Union Territory, Myanmar (Burma)",Myanmar,MM,Asia,earthquake,1746480011,1746478729,0,,"19.97,96.27",2025-05-05 20:58:49,2025-05-06 03:28:49
19.4210000,97.7680000,10.0000,1.60,ml,,,,,,th_14232_202505051939,2025-05-05T19:39:24.000Z,"Hwè-yao, Kayah State, Myanmar (Burma)",Myanmar,MM,Asia,earthquake,1746474459,1746473964,0,,"19.42,97.77",2025-05-05 19:39:24,2025-05-06 02:09:24
19.4140000,96.3180000,10.0000,2.10,ml,,,,,,th_14229_202505051825,2025-05-05T18:25:41.000Z,"Wayonle, Bago Region, Myanmar (Burma)",Myanmar,MM,Asia,earthquake,1746470321,1746469541,0,,"19.41,96.32",2025-05-05 18:25:41,2025-05-06 00:55:41
18.9470000,96.2560000,10.0000,2.20,ml,,,,,,th_14228_202505051822,2025-05-05T18:22:58.000Z,"Gyihauk, Bago Region, Myanmar (Burma)",Myanmar,MM,Asia,earthquake,1746470274,1746469378,0,,"18.95,96.26",2025-05-05 18:22:58,2025-05-06 00:52:58
26.9900000,96.4700000,13.0000,3.50,ml,,,,,,in_UVA3cVE1RVV3Mm9xTnRmVEhzN2IwQT09,2025-05-05T15:14:48.000Z,"Gedu Ga, Kachin, Myanmar (Burma)",Myanmar,MM,Asia,earthquake,1746457723,1746457258,0,,"26.99,96.47",2025-05-05 15:00:58,2025-05-05 21:30:58
18.7720000,96.4430000,10.0000,2.50,ml,,,,,,th_14226_202505051455,2025-05-05T14:55:30.000Z,"Bomari, Bago Region, Myanmar (Burma)",Myanmar,MM,Asia,earthquake,1746457252,1746456930,0,,"18.77,96.44",2025-05-05 14:55:30,2025-05-05 21:25:30
20.0370000,97.8880000,10.0000,2.10,ml,,,,,,th_14225_202505051451,2025-05-05T14:51:57.000Z,"Wan Kongpao, Shan, Myanmar (Burma)",Myanmar,MM,Asia,earthquake,1746457032,1746456717,0,,"20.04,97.89",2025-05-05 14:51:57,2025-05-05 21:21:57
18.8180000,96.9870000,10.0000,1.90,ml,,,,,,th_14224_202505051228,2025-05-05T12:28:28.000Z,"Hoki, Kayin State, Myanmar (Burma)",Myanmar,MM,Asia,earthquake,1746449929,1746448108,0,,"18.82,96.99",2025-05-05 12:28:28,2025-05-05 18:58:28
19.2580000,96.3490000,10.0000,2.90,ml,,,,,,th_14223_202505050151,2025-05-05T01:51:48.000Z,"Sibaing, Bago Region, Myanmar (Burma)",Myanmar,MM,Asia,earthquake,1746410765,1746409908,0,,"19.26,96.35",2025-05-05 01:51:48,2025-05-05 08:21:48
24.5800000,94.8600000,70.0000,3.70,ml,,,,,,in_bGtPZnBRckxuNm15ZCtxUVg4c2ZvUT09,2025-05-05T01:28:34.000Z,"Myene, Sagaing Region, Myanmar (Burma)",Myanmar,MM,Asia,earthquake,1746408225,1746407515,0,,"24.58,94.86",2025-05-05 01:11:55,2025-05-05 07:41:55
19.9400000,97.7470000,5.0000,2.90,ml,,,,,,th_14222_202505042339,2025-05-04T23:39:34.000Z,"Wan Hwè-ya-yung, Shan, Myanmar (Burma)",Myanmar,MM,Asia,earthquake,1746403248,1746401974,0,,"19.94,97.75",2025-05-04 23:39:34,2025-05-05 06:09:34
22.9878000,95.6631000,10.0000,4.80,ml,,,,,,in_L0hZR2k4RVkrU0VUUXNjeENmOSsydz09,2025-05-05T06:42:10.000Z,"Bugon, Sagaing Region, Myanmar (Burma)",Myanmar,MM,Asia,earthquake,1746402052,1746401597,0,,"23.07,95.52",2025-05-04 23:33:17,2025-05-05 06:03:17
19.9400000,97.6190000,5.0000,2.80,ml,,,,,,th_14220_202505042324,2025-05-04T23:24:57.000Z,"Mai-hsa-se, Shan, Myanmar (Burma)",Myanmar,MM,Asia,earthquake,1746401296,1746401097,0,,"19.94,97.62",2025-05-04 23:24:57,2025-05-05 05:54:57
19.6520000,97.8790000,5.0000,2.40,ml,,,,,,th_14219_202505042258,2025-05-04T22:58:12.000Z,"Kiu-neng, Shan, Myanmar (Burma)",Myanmar,MM,Asia,earthquake,1746399743,1746399492,0,,"19.65,97.88",2025-05-04 22:58:12,2025-05-05 05:28:12
20.0760000,98.0670000,10.0000,2.20,ml,,,,,,th_14217_202505042143,2025-05-04T21:43:28.000Z,"Üng-yao, Shan, Myanmar (Burma)",Myanmar,MM,Asia,earthquake,1746395829,1746395008,0,,"20.08,98.07",2025-05-04 21:43:28,2025-05-05 04:13:28
19.9450000,97.7340000,10.0000,2.20,ml,,,,,,th_14215_202505041933,2025-05-04T19:33:03.000Z,"Wan Hwè-ya-yung, Shan, Myanmar (Burma)",Myanmar,MM,Asia,earthquake,1746388062,1746387183,0,,"19.95,97.73",2025-05-04 19:33:03,2025-05-05 02:03:03
19.7910000,96.9820000,10.0000,2.40,ml,,,,,,th_14214_202505041904,2025-05-04T19:04:02.000Z,"Engla, Shan, Myanmar (Burma)",Myanmar,MM,Asia,earthquake,1746386979,1746385442,0,,"19.79,96.98",2025-05-04 19:04:02,2025-05-05 01:34:02
20.1070000,97.8380000,2.0000,3.00,ml,,,,,,th_14213_202505041753,2025-05-04T17:53:13.000Z,"Wan Kongpao, Shan, Myanmar (Burma)",Myanmar,MM,Asia,earthquake,1746381705,1746381193,0,,"20.11,97.84",2025-05-04 17:53:13,2025-05-05 00:23:13
19.8420000,97.8510000,5.0000,2.20,ml,,,,,,th_14218_202505041740,2025-05-04T17:40:09.000Z,"Wan Hwè-ya-yung, Shan, Myanmar (Burma)",Myanmar,MM,Asia,earthquake,1746395913,1746380409,0,,"19.84,97.85",2025-05-04 17:40:09,2025-05-05 00:10:09
19.2170000,96.4560000,16.0000,2.20,ml,,,,,,th_14212_202505041550,2025-05-04T15:50:45.000Z,"Hnawpin, Bago Region, Myanmar (Burma)",Myanmar,MM,Asia,earthquake,1746374408,1746373845,0,,"19.22,96.46",2025-05-04 15:50:45,2025-05-04 22:20:45
18.0950000,95.3070000,76.0000,2.90,ml,,,,,,th_14211_202505041459,2025-05-04T14:59:49.000Z,"Kongyi, Ayeyarwady, Myanmar (Burma)",Myanmar,MM,Asia,earthquake,1746371299,1746370789,0,,"18.10,95.31",2025-05-04 14:59:49,2025-05-04 21:29:49
18.1100000,95.1900000,80.0000,3.10,ml,,,,,,th_14210_202505041404,2025-05-04T14:04:48.000Z,"Hngetkyiwin, Ayeyarwady, Myanmar (Burma)",Myanmar,MM,Asia,earthquake,1746368012,1746367488,0,,"18.11,95.19",2025-05-04 14:04:48,2025-05-04 20:34:48
21.6100000,94.4700000,90.0000,3.90,ml,,,,,,in_ODUzMGcyVThHZmxiSjhNK3ZINDBGUT09,2025-05-04T13:48:50.000Z,"Zee Pyar, Magway Region, Myanmar (Burma)",Myanmar,MM,Asia,earthquake,1746367849,1746366530,0,,"21.61,94.47",2025-05-04 13:48:50,2025-05-04 20:18:50
19.8390000,97.9340000,1.0000,1.70,ml,,,,,,th_14209_202505041230,2025-05-04T12:30:01.000Z,"Pang Tae Waet, Shan, Myanmar (Burma)",Myanmar,MM,Asia,earthquake,1746362032,1746361801,0,,"19.84,97.93",2025-05-04 12:30:01,2025-05-04 19:00:01
19.9360000,97.9460000,10.0000,2.20,ml,,,,,,th_14208_202505041158,2025-05-04T11:58:58.000Z,"Ta Ho-pong, Shan, Myanmar (Burma)",Myanmar,MM,Asia,earthquake,1746360487,1746359938,1,,"19.94,97.95",2025-05-04 11:58:58,2025-05-04 18:28:58
19.4400000,96.3320000,10.0000,2.50,ml,,,,,,th_14207_202505041154,2025-05-04T11:54:35.000Z,"Wayonle, Bago Region, Myanmar (Burma)",Myanmar,MM,Asia,earthquake,1746360389,1746359675,0,,"19.44,96.33",2025-05-04 11:54:35,2025-05-04 18:24:35
19.7830000,96.4770000,10.0000,2.50,ml,,,,,,th_14206_202505041149,2025-05-04T11:49:22.000Z,"Saungdaung Anauk, Naypyidaw Union Territory, Myanmar (Burma)",Myanmar,MM,Asia,earthquake,1746360240,1746359362,0,,"19.78,96.48",2025-05-04 11:49:22,2025-05-04 18:19:22
20.6710000,97.8170000,1.0000,2.60,ml,,,,,,th_14205_202505041005,2025-05-04T10:05:35.000Z,"Hai Hpak, Shan, Myanmar (Burma)",Myanmar,MM,Asia,earthquake,1746354780,1746353135,0,,"20.67,97.82",2025-05-04 10:05:35,2025-05-04 16:35:35
19.9320000,97.7770000,2.0000,2.70,ml,,,,,,th_14204_202505040813,2025-05-04T08:13:34.000Z,"Wan Hwè-ya-yung, Shan, Myanmar (Burma)",Myanmar,MM,Asia,earthquake,1746346621,1746346414,0,,"19.93,97.78",2025-05-04 08:13:34,2025-05-04 14:43:34
20.0970000,97.8830000,1.0000,2.90,ml,,,,,,th_14203_202505040158,2025-05-04T01:58:50.000Z,"Shan, Myanmar (Burma)",Myanmar,MM,Asia,earthquake,1746324314,1746323930,1,,"20.10,97.88",2025-05-04 01:58:50,2025-05-04 08:28:50
18.9170000,97.5050000,2.0000,2.10,ml,,,,,,th_14202_202505040015,2025-05-04T00:15:02.000Z,"Loi Mun, Kayah State, Myanmar (Burma)",Myanmar,MM,Asia,earthquake,1746318244,1746317702,0,,"18.92,97.51",2025-05-04 00:15:02,2025-05-04 06:45:02
21.7770000,96.2420000,10.0000,3.40,ml,,,,,,th_14198_202505032015,2025-05-03T20:15:11.000Z,"Thon-Daung-Ywa-Ma, Mandalay Region, Myanmar (Burma)",Myanmar,MM,Asia,earthquake,1746303634,1746303311,0,,"21.78,96.24",2025-05-03 20:15:11,2025-05-04 02:45:11
22.0350000,96.4960000,10.0000,2.90,ml,,,,,,th_14197_202505031839,2025-05-03T18:39:24.000Z,"Pyin Oo Lwin, Mandalay Region, Myanmar (Burma)",Myanmar,MM,Asia,earthquake,1746297865,1746297564,0,,"22.04,96.50",2025-05-03 18:39:24,2025-05-04 01:09:24
19.9650000,97.6670000,7.0000,2.50,ml,,,,,,th_14196_202505031447,2025-05-03T14:47:53.000Z,"Wan Panglu, Shan, Myanmar (Burma)",Myanmar,MM,Asia,earthquake,1746283947,1746283673,0,,"19.97,97.67",2025-05-03 14:47:53,2025-05-03 21:17:53
20.0340000,97.8980000,10.0000,2.00,ml,,,,,,th_14195_202505031443,2025-05-03T14:43:13.000Z,"Wan Kongpao, Shan, Myanmar (Burma)",Myanmar,MM,Asia,earthquake,1746283754,1746283393,1,,"20.03,97.90",2025-05-03 14:43:13,2025-05-03 21:13:13
19.9870000,97.9700000,10.0000,2.00,ml,,,,,,th_14194_202505031210,2025-05-03T12:10:00.000Z,"Ta Ho-pong, Shan, Myanmar (Burma)",Myanmar,MM,Asia,earthquake,1746274516,1746274200,1,,"19.99,97.97",2025-05-03 12:10:00,2025-05-03 18:40:00
19.2390000,96.2050000,10.0000,3.10,ml,,,,,,th_14193_202505031159,2025-05-03T11:59:01.000Z,"Baungdok, Bago Region, Myanmar (Burma)",Myanmar,MM,Asia,earthquake,1746273937,1746273541,0,,"19.24,96.21",2025-05-03 11:59:01,2025-05-03 18:29:01
19.2530000,96.2340000,10.0000,2.40,ml,,,,,,th_14192_202505031143,2025-05-03T11:43:05.000Z,"Swar, Bago Region, Myanmar (Burma)",Myanmar,MM,Asia,earthquake,1746272918,1746272585,0,,"19.25,96.23",2025-05-03 11:43:05,2025-05-03 18:13:05
18.7190000,96.4020000,10.0000,2.40,ml,,,,,,th_14190_202505030959,2025-05-03T09:59:38.000Z,"Kywebwe, Bago Region, Myanmar (Burma)",Myanmar,MM,Asia,earthquake,1746266839,1746266378,0,,"18.72,96.40",2025-05-03 09:59:38,2025-05-03 16:29:38
19.1650000,97.1100000,10.0000,2.30,ml,,,,,,th_14189_202505030915,2025-05-03T09:15:58.000Z,"He-sa-hku, Kayah State, Myanmar (Burma)",Myanmar,MM,Asia,earthquake,1746266794,1746263758,0,,"19.17,97.11",2025-05-03 09:15:58,2025-05-03 15:45:58
19.2350000,96.3830000,10.0000,2.60,ml,,,,,,th_14188_202505030600,2025-05-03T06:00:30.000Z,"Sibaing, Bago Region, Myanmar (Burma)",Myanmar,MM,Asia,earthquake,1746252385,1746252030,0,,"19.24,96.38",2025-05-03 06:00:30,2025-05-03 12:30:30
19.7350000,96.2190000,10.0000,2.80,ml,,,,,,th_14186_202505030117,2025-05-03T01:17:00.000Z,"Pyinmana, Naypyidaw Union Territory, Myanmar (Burma)",Myanmar,MM,Asia,earthquake,1746235396,1746235020,0,,"19.74,96.22",2025-05-03 01:17:00,2025-05-03 07:47:00
20.8820000,98.6700000,10.0000,2.60,ml,,,,,,th_14184_202505022009,2025-05-02T20:09:41.000Z,"Möng Pu, Shan, Myanmar (Burma)",Myanmar,MM,Asia,earthquake,1746217101,1746216581,0,,"20.88,98.67",2025-05-02 20:09:41,2025-05-03 02:39:41
19.0640000,96.4460000,10.0000,3.00,ml,,,,,,th_14183_202505022003,2025-05-02T20:03:59.000Z,"Kaytumati, Bago Region, Myanmar (Burma)",Myanmar,MM,Asia,earthquake,1746217048,1746216239,0,,"19.06,96.45",2025-05-02 20:03:59,2025-05-03 02:33:59
20.0470000,97.9370000,10.0000,1.60,ml,,,,,,th_14180_202505021749,2025-05-02T17:49:20.000Z,"Wan Kongpao, Shan, Myanmar (Burma)",Myanmar,MM,Asia,earthquake,1746208443,1746208160,0,,"20.05,97.94",2025-05-02 17:49:20,2025-05-03 00:19:20
21.6670000,96.5270000,10.0000,2.80,ml,,,,,,th_14179_202505021733,2025-05-02T17:33:18.000Z,"Gwebin, Mandalay Region, Myanmar (Burma)",Myanmar,MM,Asia,earthquake,1746208272,1746207198,0,,"21.67,96.53",2025-05-02 17:33:18,2025-05-03 00:03:18
19.8270000,97.9860000,10.0000,1.40,ml,,,,,,th_14178_202505021733,2025-05-02T17:33:01.000Z,"Pang Tae Waet, Shan, Myanmar (Burma)",Myanmar,MM,Asia,earthquake,1746208083,1746207181,0,,"19.83,97.99",2025-05-02 17:33:01,2025-05-03 00:03:01
17.2200000,96.1510000,10.0000,3.10,ml,,,,,,th_14177_202505021515,2025-05-02T15:15:51.000Z,"Si Sone Kone, Yangon Region, Myanmar (Burma)",Myanmar,MM,Asia,earthquake,1746199609,1746198951,0,,"17.22,96.15",2025-05-02 15:15:51,2025-05-02 21:45:51
22.0170000,96.8960000,10.0000,2.70,ml,,,,,,th_14176_202505021441,2025-05-02T14:41:09.000Z,"Nam-maw-lon, Shan, Myanmar (Burma)",Myanmar,MM,Asia,earthquake,1746198251,1746196869,0,,"22.02,96.90",2025-05-02 14:41:09,2025-05-02 21:11:09
21.9600000,96.2800000,10.0000,4.00,ml,,,,,,ems_202505_1803105,2025-05-02T11:21:40.000Z,"Thon-Daung-Ywa-Ma, Mandalay Region, Myanmar (Burma)",Myanmar,MM,Asia,earthquake,1746184914,1746183844,0,,"21.96,96.28",2025-05-02 11:04:04,2025-05-02 17:34:04
18.7570000,96.6040000,10.0000,2.10,ml,,,,,,th_14174_202505020717,2025-05-02T07:17:27.000Z,"Alesengyaung, Kayin State, Myanmar (Burma)",Myanmar,MM,Asia,earthquake,1746170565,1746170247,0,,"18.76,96.60",2025-05-02 07:17:27,2025-05-02 13:47:27
18.8080000,96.6540000,10.0000,2.60,ml,,,,,,th_14173_202505020355,2025-05-02T03:55:56.000Z,"Alesengyaung, Kayin State, Myanmar (Burma)",Myanmar,MM,Asia,earthquake,1746160089,1746158156,0,,"18.81,96.65",2025-05-02 03:55:56,2025-05-02 10:25:56
21.8620000,96.3880000,10.0000,3.90,ml,,,,,,th_14171_202505020153,2025-05-02T02:07:42.000Z,"Pyin Sar, Mandalay Region, Myanmar (Burma)",Myanmar,MM,Asia,earthquake,1746151388,1746150780,0,,"21.86,96.39",2025-05-02 01:53:00,2025-05-02 08:23:00
18.6270000,96.4240000,10.0000,2.00,ml,,,,,,th_14170_202505012016,2025-05-01T20:16:56.000Z,"Nyaung Chay Htauk, Bago Region, Myanmar (Burma)",Myanmar,MM,Asia,earthquake,1746130967,1746130616,0,,"18.63,96.42",2025-05-01 20:16:56,2025-05-02 02:46:56
20.9630000,96.3300000,10.0000,3.10,ml,,,,,,th_14169_202505011950,2025-05-01T19:50:44.000Z,"Patchaung, Shan, Myanmar (Burma)",Myanmar,MM,Asia,earthquake,1746129589,1746129044,0,,"20.96,96.33",2025-05-01 19:50:44,2025-05-02 02:20:44
18.8810000,95.5970000,10.0000,2.90,ml,,,,,,th_14167_202505011603,2025-05-01T16:03:16.000Z,"Kywetabaung, Bago Region, Myanmar (Burma)",Myanmar,MM,Asia,earthquake,1746115817,1746115396,0,,"18.88,95.60",2025-05-01 16:03:16,2025-05-01 22:33:16
21.8820000,96.3460000,5.0000,3.20,ml,,,,,,th_14166_202505011544,2025-05-01T15:44:24.000Z,"Yatanarpon Cyber City, Mandalay Region, Myanmar (Burma)",Myanmar,MM,Asia,earthquake,1746115090,1746114264,0,,"21.88,96.35",2025-05-01 15:44:24,2025-05-01 22:14:24
19.1930000,96.1420000,10.0000,2.20,ml,,,,,,th_14165_202505011510,2025-05-01T15:10:54.000Z,"Mayogon, Bago Region, Myanmar (Burma)",Myanmar,MM,Asia,earthquake,1746112639,1746112254,0,,"19.19,96.14",2025-05-01 15:10:54,2025-05-01 21:40:54
19.9190000,96.1370000,10.0000,2.30,ml,,,,,,th_14164_202505011436,2025-05-01T14:36:46.000Z,"Pobba Thiri, Naypyidaw Union Territory, Myanmar (Burma)",Myanmar,MM,Asia,earthquake,1746110861,1746110206,0,,"19.92,96.14",2025-05-01 14:36:46,2025-05-01 21:06:46
19.2310000,96.5120000,10.0000,2.10,ml,,,,,,th_14162_202505011401,2025-05-01T14:01:27.000Z,"Pebo, Kayin State, Myanmar (Burma)",Myanmar,MM,Asia,earthquake,1746108383,1746108087,0,,"19.23,96.51",2025-05-01 14:01:27,2025-05-01 20:31:27
19.2100000,96.4020000,10.0000,2.30,ml,,,,,,th_14161_202505011310,2025-05-01T13:10:12.000Z,"Hnawpin, Bago Region, Myanmar (Burma)",Myanmar,MM,Asia,earthquake,1746105392,1746105012,1,,"19.21,96.40",2025-05-01 13:10:12,2025-05-01 19:40:12
23.2300000,94.0800000,30.0000,3.40,ml,,,,,,in_NmxEcTRvWUZVenhranlyTHZrLzI1UT09,2025-05-01T08:21:31.000Z,"Kale, Chin State, Myanmar (Burma)",Myanmar,MM,Asia,earthquake,1746087305,1746086852,0,,"23.23,94.08",2025-05-01 08:07:32,2025-05-01 14:37:32
20.2950000,96.1150000,10.0000,3.30,ml,,,,,,th_14159_202505010641,2025-05-01T06:41:48.000Z,"Inbingyi, Mandalay Region, Myanmar (Burma)",Myanmar,MM,Asia,earthquake,1746083128,1746081708,0,,"20.30,96.12",2025-05-01 06:41:48,2025-05-01 13:11:48
20.9930000,99.0430000,10.0000,2.50,ml,,,,,,th_14158_202505010538,2025-05-01T05:38:17.000Z,"Mongkyet, Shan, Myanmar (Burma)",Myanmar,MM,Asia,earthquake,1746078262,1746077897,0,,"20.99,99.04",2025-05-01 05:38:17,2025-05-01 12:08:17
20.7360000,96.9510000,10.0000,3.10,ml,,,,,,th_14157_202505010515,2025-05-01T05:15:18.000Z,"Ayetharyar, Shan, Myanmar (Burma)",Myanmar,MM,Asia,earthquake,1746076874,1746076518,0,,"20.74,96.95",2025-05-01 05:15:18,2025-05-01 11:45:18
20.0250000,96.3060000,10.0000,4.00,ml,,,,,,ems_202505_1807159,2025-05-11T23:56:36.000Z,"Setkon, Naypyidaw Union Territory, Myanmar (Burma)",Myanmar,MM,Asia,earthquake,1747007805,1747006960,0,,"20.03,96.31",2025-05-11 23:42:40,2025-05-12 06:12:40
19.1120000,96.4580000,9.0000,3.20,ml,,,,,,th_14315_202505112131,2025-05-11T21:31:01.000Z,"Karenchaung, Bago Region, Myanmar (Burma)",Myanmar,MM,Asia,earthquake,1746999452,1746999061,1,,"19.11,96.46",2025-05-11 21:31:01,2025-05-12 04:01:01
20.1260000,98.0400000,10.0000,2.40,ml,,,,,,th_14314_202505111731,2025-05-11T17:31:54.000Z,"Üng-yao, Shan, Myanmar (Burma)",Myanmar,MM,Asia,earthquake,1746985210,1746984714,0,,"20.13,98.04",2025-05-11 17:31:54,2025-05-12 00:01:54
20.0970000,97.7600000,10.0000,2.60,ml,,,,,,th_14313_202505111015,2025-05-11T10:15:46.000Z,"Wān Kongmakpin, Shan, Myanmar (Burma)",Myanmar,MM,Asia,earthquake,1746959010,1746958546,0,,"20.10,97.76",2025-05-11 10:15:46,2025-05-11 16:45:46
18.8740000,96.4530000,10.0000,3.00,ml,,,,,,th_14311_202505110840,2025-05-11T08:40:08.000Z,"Taungoo, Bago Region, Myanmar (Burma)",Myanmar,MM,Asia,earthquake,1746953798,1746952808,0,,"18.87,96.45",2025-05-11 08:40:08,2025-05-11 15:10:08
21.2640000,99.8890000,10.0000,2.80,ml,,,,,,th_14310_202505110227,2025-05-11T02:27:19.000Z,"Wan Hpaya-hkè, Shan, Myanmar (Burma)",Myanmar,MM,Asia,earthquake,1746930982,1746930439,1,,"21.26,99.89",2025-05-11 02:27:19,2025-05-11 08:57:19
20.3620000,98.0470000,10.0000,2.20,ml,,,,,,th_14309_202505110203,2025-05-11T02:03:58.000Z,"Langkho, Shan, Myanmar (Burma)",Myanmar,MM,Asia,earthquake,1746929426,1746929038,0,,"20.36,98.05",2025-05-11 02:03:58,2025-05-11 08:33:58
20.2780000,96.2300000,10.0000,2.60,ml,,,,,,th_14308_202505102127,2025-05-10T21:27:06.000Z,"Nyaung Lunt, Naypyidaw Union Territory, Myanmar (Burma)",Myanmar,MM,Asia,earthquake,1746913100,1746912426,0,,"20.28,96.23",2025-05-10 21:27:06,2025-05-11 03:57:06
21.7660000,96.3990000,10.0000,2.80,ml,,,,,,th_14307_202505102050,2025-05-10T20:50:32.000Z,"Thon-Daung-Ywa-Ma, Mandalay Region, Myanmar (Burma)",Myanmar,MM,Asia,earthquake,1746910921,1746910232,0,,"21.77,96.40",2025-05-10 20:50:32,2025-05-11 03:20:32
21.0120000,96.5440000,10.0000,2.80,ml,,,,,,th_14305_202505101911,2025-05-10T19:11:32.000Z,"Nyaungbingwa, Shan, Myanmar (Burma)",Myanmar,MM,Asia,earthquake,1746904549,1746904292,0,,"21.01,96.54",2025-05-10 19:11:32,2025-05-11 01:41:32
21.1310000,99.7450000,2.0000,2.90,ml,,,,,,th_14304_202505101840,2025-05-10T18:40:08.000Z,"Loi Pang Koi, Shan, Myanmar (Burma)",Myanmar,MM,Asia,earthquake,1746902724,1746902408,0,,"21.13,99.75",2025-05-10 18:40:08,2025-05-11 01:10:08
19.1840000,96.3710000,10.0000,2.90,ml,,,,,,th_14303_202505101636,2025-05-10T16:36:47.000Z,"Yedashe, Bago Region, Myanmar (Burma)",Myanmar,MM,Asia,earthquake,1746895276,1746895007,1,,"19.18,96.37",2025-05-10 16:36:47,2025-05-10 23:06:47
19.9910000,96.2810000,10.0000,2.40,ml,,,,,,th_14302_202505101628,2025-05-10T16:28:02.000Z,"Chaungbya, Naypyidaw Union Territory, Myanmar (Burma)",Myanmar,MM,Asia,earthquake,1746894862,1746894482,0,,"19.99,96.28",2025-05-10 16:28:02,2025-05-10 22:58:02
20.3500000,98.2350000,7.0000,4.00,ml,,,,,,ems_202505_1806624,2025-05-10T12:35:36.000Z,"Na-law, Shan, Myanmar (Burma)",Myanmar,MM,Asia,earthquake,1746880549,1746880169,0,,"20.35,98.24",2025-05-10 12:29:29,2025-05-10 18:59:29
21.6200000,96.3930000,10.0000,3.70,ml,,,,,,th_14300_202505101137,2025-05-10T11:49:35.000Z,"Gwebin, Mandalay Region, Myanmar (Burma)",Myanmar,MM,Asia,earthquake,1746877646,1746877027,0,,"21.62,96.39",2025-05-10 11:37:07,2025-05-10 18:07:07
19.2660000,96.2590000,10.0000,2.70,ml,,,,,,th_14299_202505101039,2025-05-10T10:39:18.000Z,"Swar, Bago Region, Myanmar (Burma)",Myanmar,MM,Asia,earthquake,1746873902,1746873558,0,,"19.27,96.26",2025-05-10 10:39:18,2025-05-10 17:09:18
18.8700000,96.4290000,10.0000,2.40,ml,,,,,,th_14297_202505100701,2025-05-10T07:01:58.000Z,"Taungoo, Bago Region, Myanmar (Burma)",Myanmar,MM,Asia,earthquake,1746860896,1746860518,0,,"18.87,96.43",2025-05-10 07:01:58,2025-05-10 13:31:58
18.0900000,96.1090000,10.0000,3.80,ml,,,,,,th_14296_202505100613,2025-05-10T06:22:04.000Z,"Foucar's, Bago Region, Myanmar (Burma)",Myanmar,MM,Asia,earthquake,1746857949,1746857621,0,,"18.09,96.11",2025-05-10 06:13:41,2025-05-10 12:43:41
20.0460000,97.8380000,10.0000,3.00,ml,,,,,,th_14295_202505100414,2025-05-10T04:14:54.000Z,"Wan Kongpao, Shan, Myanmar (Burma)",Myanmar,MM,Asia,earthquake,1746850835,1746850494,0,,"20.05,97.84",2025-05-10 04:14:54,2025-05-10 10:44:54
19.9960000,98.0390000,5.0000,2.30,ml,,,,,,th_14294_202505100246,2025-05-10T02:46:41.000Z,"Wan Konlang, Shan, Myanmar (Burma)",Myanmar,MM,Asia,earthquake,1746845705,1746845201,0,,"20.00,98.04",2025-05-10 02:46:41,2025-05-10 09:16:41
18.2790000,96.5880000,10.0000,2.50,ml,,,,,,th_14293_202505100157,2025-05-10T01:57:59.000Z,"Ingone, Bago Region, Myanmar (Burma)",Myanmar,MM,Asia,earthquake,1746842811,1746842279,0,,"18.28,96.59",2025-05-10 01:57:59,2025-05-10 08:27:59
20.0650000,98.0200000,10.0000,3.10,ml,,,,,,th_14292_202505100021,2025-05-10T00:21:38.000Z,"Wan Konlang, Shan, Myanmar (Burma)",Myanmar,MM,Asia,earthquake,1746836984,1746836498,0,,"20.07,98.02",2025-05-10 00:21:38,2025-05-10 06:51:38
19.1460000,96.3560000,10.0000,2.90,ml,,,,,,th_14291_202505091956,2025-05-09T19:56:05.000Z,"Yedashe, Bago Region, Myanmar (Burma)",Myanmar,MM,Asia,earthquake,1746821533,1746820565,0,,"19.15,96.36",2025-05-09 19:56:05,2025-05-10 02:26:05
19.7340000,96.5060000,10.0000,2.50,ml,,,,,,th_14290_202505091808,2025-05-09T18:08:25.000Z,"Saungdaung Anauk, Naypyidaw Union Territory, Myanmar (Burma)",Myanmar,MM,Asia,earthquake,1746821306,1746814105,0,,"19.73,96.51",2025-05-09 18:08:25,2025-05-10 00:38:25
20.6380000,99.8320000,10.0000,1.90,ml,,,,,,th_14289_202505091717,2025-05-09T17:17:42.000Z,"Wan Hsenhkampeng, Shan, Myanmar (Burma)",Myanmar,MM,Asia,earthquake,1746821179,1746811062,0,,"20.64,99.83",2025-05-09 17:17:42,2025-05-09 23:47:42
21.2790000,96.2570000,10.0000,3.10,ml,,,,,,th_14287_202505091346,2025-05-09T13:46:34.000Z,"Ywarkhainggyi, Mandalay Region, Myanmar (Burma)",Myanmar,MM,Asia,earthquake,1746800696,1746798394,1,,"21.28,96.26",2025-05-09 13:46:34,2025-05-09 20:16:34
24.7700000,95.2900000,110.0000,4.30,ml,,,,,,in_dGtvd01KL2lJWFNnQnVEM3ZpWFIxZz09,2025-05-09T13:49:34.000Z,"Nyaungbintha, Sagaing Region, Myanmar (Burma)",Myanmar,MM,Asia,earthquake,1746798568,1746797879,0,,"24.77,95.29",2025-05-09 13:37:59,2025-05-09 20:07:59
20.0220000,98.0340000,10.0000,1.90,ml,,,,,,th_14285_202505091146,2025-05-09T11:46:46.000Z,"Wan Konlang, Shan, Myanmar (Burma)",Myanmar,MM,Asia,earthquake,1746791694,1746791206,0,,"20.02,98.03",2025-05-09 11:46:46,2025-05-09 18:16:46
21.4700000,96.2580000,10.0000,3.10,ml,,,,,,th_14284_202505090858,2025-05-09T08:58:38.000Z,"Thanywa, Mandalay Region, Myanmar (Burma)",Myanmar,MM,Asia,earthquake,1746781953,1746781118,0,,"21.47,96.26",2025-05-09 08:58:38,2025-05-09 15:28:38
20.8734000,96.0433000,10.0000,4.40,mb,,,,,,in_aksrK0ZtS05EeG5EZzBPblBZRld5dz09,2025-05-09T14:58:53.000Z,"Thazi, Mandalay Region, Myanmar (Burma)",Myanmar,MM,Asia,earthquake,1746780668,1746779850,1,,"20.87,96.05",2025-05-09 08:37:30,2025-05-09 15:07:30
22.0220000,96.3870000,10.0000,3.60,ml,,,,,,th_14282_202505090832,2025-05-09T08:56:36.000Z,"Anesakhan, Mandalay Region, Myanmar (Burma)",Myanmar,MM,Asia,earthquake,1746780145,1746779555,0,,"22.02,96.39",2025-05-09 08:32:35,2025-05-09 15:02:35
18.1440000,96.7640000,10.0000,4.20,ml,,,,,,ems_202505_1806105,2025-05-09T00:56:35.000Z,"Bogata Auk, Bago Region, Myanmar (Burma)",Myanmar,MM,Asia,earthquake,1746752211,1746751689,0,,"18.14,96.76",2025-05-09 00:48:09,2025-05-09 07:18:09
21.7280000,96.2770000,10.0000,2.90,ml,,,,,,th_14279_202505082300,2025-05-08T23:00:34.000Z,"Hngetkyithaik, Mandalay Region, Myanmar (Burma)",Myanmar,MM,Asia,earthquake,1746745706,1746745234,0,,"21.73,96.28",2025-05-08 23:00:34,2025-05-09 05:30:34
19.6380000,96.1880000,10.0000,2.40,ml,,,,,,th_14278_202505082236,2025-05-08T22:36:33.000Z,"Magyigon, Naypyidaw Union Territory, Myanmar (Burma)",Myanmar,MM,Asia,earthquake,1746744264,1746743793,0,,"19.64,96.19",2025-05-08 22:36:33,2025-05-09 05:06:33
22.0470000,96.4050000,10.0000,3.10,ml,,,,,,th_14277_202505082026,2025-05-08T20:26:12.000Z,"Pyin Oo Lwin, Mandalay Region, Myanmar (Burma)",Myanmar,MM,Asia,earthquake,1746736902,1746735972,0,,"22.05,96.41",2025-05-08 20:26:12,2025-05-09 02:56:12
19.0520000,97.4290000,10.0000,1.70,ml,,,,,,th_14275_202505081900,2025-05-08T19:00:06.000Z,"Ho-hwè-ko-sa-pa, Kayah State, Myanmar (Burma)",Myanmar,MM,Asia,earthquake,1746731745,1746730806,0,,"19.05,97.43",2025-05-08 19:00:06,2025-05-09 01:30:06
19.8030000,96.4020000,10.0000,2.20,ml,,,,,,th_14274_202505081549,2025-05-08T15:49:31.000Z,"Kwedugyi, Naypyidaw Union Territory, Myanmar (Burma)",Myanmar,MM,Asia,earthquake,1746719756,1746719371,0,,"19.80,96.40",2025-05-08 15:49:31,2025-05-08 22:19:31
20.0460000,96.4250000,10.0000,2.30,ml,,,,,,th_14273_202505081532,2025-05-08T15:32:58.000Z,"Thalaing, Naypyidaw Union Territory, Myanmar (Burma)",Myanmar,MM,Asia,earthquake,1746719078,1746718378,0,,"20.05,96.43",2025-05-08 15:32:58,2025-05-08 22:02:58
23.1800000,94.0500000,10.0000,3.60,ml,,,,,,in_eE5uZG1qYmZjNmt0TnNwMkttdE12dz09,2025-05-08T14:21:42.000Z,"Kale, Sagaing Region, Myanmar (Burma)",Myanmar,MM,Asia,earthquake,1746713847,1746713167,0,,"23.18,94.05",2025-05-08 14:06:07,2025-05-08 20:36:07
21.5610000,96.2020000,10.0000,4.10,ml,,,,,,ems_202505_1805781,2025-05-08T08:00:37.000Z,"Kyaukse, Mandalay Region, Myanmar (Burma)",Myanmar,MM,Asia,earthquake,1746691249,1746689924,0,,"21.56,96.20",2025-05-08 07:38:44,2025-05-08 14:08:44
18.0890000,96.7330000,10.0000,2.40,ml,,,,,,th_14271_202505080232,2025-05-08T02:32:14.000Z,"Hinthawè, Bago Region, Myanmar (Burma)",Myanmar,MM,Asia,earthquake,1746672301,1746671534,0,,"18.09,96.73",2025-05-08 02:32:14,2025-05-08 09:02:14
20.9580000,96.3290000,10.0000,2.60,ml,,,,,,th_14268_202505072039,2025-05-07T20:39:31.000Z,"Patchaung, Shan, Myanmar (Burma)",Myanmar,MM,Asia,earthquake,1746650883,1746650371,1,,"20.96,96.33",2025-05-07 20:39:31,2025-05-08 03:09:31
19.3650000,96.5380000,10.0000,2.00,ml,,,,,,th_14267_202505071808,2025-05-07T18:08:08.000Z,"Amayadaung, Kayin State, Myanmar (Burma)",Myanmar,MM,Asia,earthquake,1746641944,1746641288,0,,"19.37,96.54",2025-05-07 18:08:08,2025-05-08 00:38:08
20.0390000,97.9400000,10.0000,1.50,ml,,,,,,th_14266_202505071733,2025-05-07T17:33:46.000Z,"Wan Kongpao, Shan, Myanmar (Burma)",Myanmar,MM,Asia,earthquake,1746639605,1746639226,0,,"20.04,97.94",2025-05-07 17:33:46,2025-05-08 00:03:46
17.4490000,96.2700000,10.0000,2.30,ml,,,,,,th_14265_202505071720,2025-05-07T17:20:07.000Z,"Wanetkon, Yangon Region, Myanmar (Burma)",Myanmar,MM,Asia,earthquake,1746638924,1746638407,0,,"17.45,96.27",2025-05-07 17:20:07,2025-05-07 23:50:07
21.7020000,96.3250000,10.0000,3.00,ml,,,,,,th_14264_202505071600,2025-05-07T16:00:22.000Z,"Hngetkyithaik, Mandalay Region, Myanmar (Burma)",Myanmar,MM,Asia,earthquake,1746637232,1746633622,0,,"21.70,96.33",2025-05-07 16:00:22,2025-05-07 22:30:22
20.9670000,98.0900000,10.0000,2.10,ml,,,,,,th_14263_202505071550,2025-05-07T15:50:01.000Z,"Tatpük, Shan, Myanmar (Burma)",Myanmar,MM,Asia,earthquake,1746633711,1746633001,0,,"20.97,98.09",2025-05-07 15:50:01,2025-05-07 22:20:01
19.7770000,96.4850000,10.0000,2.40,ml,,,,,,th_14262_202505071310,2025-05-07T13:10:09.000Z,"Saungdaung Anauk, Naypyidaw Union Territory, Myanmar (Burma)",Myanmar,MM,Asia,earthquake,1746623967,1746623409,0,,"19.78,96.49",2025-05-07 13:10:09,2025-05-07 19:40:09
18.6350000,96.5720000,10.0000,4.00,ml,,,,,,ems_202505_1805382,2025-05-07T07:42:39.000Z,"Zayatkyi, Bago Region, Myanmar (Burma)",Myanmar,MM,Asia,earthquake,1746603777,1746603325,0,,"18.64,96.57",2025-05-07 07:35:25,2025-05-07 14:05:25
18.6850000,96.3650000,10.0000,3.90,ml,,,,,,th_14260_202505070727,2025-05-07T07:35:36.000Z,"Kywebwe, Bago Region, Myanmar (Burma)",Myanmar,MM,Asia,earthquake,1746603217,1746602868,0,,"18.69,96.37",2025-05-07 07:27:48,2025-05-07 13:57:48
18.7990000,96.5240000,10.0000,3.30,ml,,,,,,th_14259_202505070123,2025-05-07T01:23:00.000Z,"Bomari, Bago Region, Myanmar (Burma)",Myanmar,MM,Asia,earthquake,1746581303,1746580980,0,,"18.80,96.52",2025-05-07 01:23:00,2025-05-07 07:53:00
19.9410000,97.9580000,10.0000,2.10,ml,,,,,,th_14258_202505070058,2025-05-07T00:58:46.000Z,"Ta Ho-pong, Shan, Myanmar (Burma)",Myanmar,MM,Asia,earthquake,1746579855,1746579526,0,,"19.94,97.96",2025-05-07 00:58:46,2025-05-07 07:28:46
20.1490000,97.9020000,10.0000,1.80,ml,,,,,,th_14257_202505062247,2025-05-06T22:47:57.000Z,"Wan Hat, Shan, Myanmar (Burma)",Myanmar,MM,Asia,earthquake,1746572063,1746571677,0,,"20.15,97.90",2025-05-06 22:47:57,2025-05-07 05:17:57
20.0810000,97.8000000,10.0000,3.50,ml,,,,,,th_14255_202505062221,2025-05-06T22:28:41.000Z,"Wan Kongpao, Shan, Myanmar (Burma)",Myanmar,MM,Asia,earthquake,1746570329,1746570079,0,,"20.08,97.80",2025-05-06 22:21:19,2025-05-07 04:51:19
20.0480000,97.8770000,10.0000,2.70,ml,,,,,,th_14254_202505062210,2025-05-06T22:10:19.000Z,"Wan Kongpao, Shan, Myanmar (Burma)",Myanmar,MM,Asia,earthquake,1746569671,1746569419,0,,"20.05,97.88",2025-05-06 22:10:19,2025-05-07 04:40:19
19.3040000,96.2590000,10.0000,2.30,ml,,,,,,th_14253_202505062122,2025-05-06T21:22:29.000Z,"Thagaya, Bago Region, Myanmar (Burma)",Myanmar,MM,Asia,earthquake,1746568440,1746566549,0,,"19.30,96.26",2025-05-06 21:22:29,2025-05-07 03:52:29
19.7850000,96.5020000,10.0000,2.10,ml,,,,,,th_14252_202505062025,2025-05-06T20:25:04.000Z,"Saungdaung Anauk, Naypyidaw Union Territory, Myanmar (Burma)",Myanmar,MM,Asia,earthquake,1746564174,1746563104,0,,"19.79,96.50",2025-05-06 20:25:04,2025-05-07 02:55:04
21.7110000,96.3510000,10.0000,4.40,ml,,,,,,in_VEo2UDlqeVJMUWhaSThyMVVoOHY3dz09,2025-05-06T19:14:48.000Z,"Mandalay, Mandalay Region, Myanmar (Burma)",Myanmar,MM,Asia,earthquake,1746558220,1746557794,1,,"21.92,96.12",2025-05-06 18:56:34,2025-05-07 01:26:34
20.1120000,96.4500000,10.0000,3.20,ml,,,,,,th_14250_202505061727,2025-05-06T17:27:44.000Z,"Kyaunggon, Naypyidaw Union Territory, Myanmar (Burma)",Myanmar,MM,Asia,earthquake,1746552957,1746552464,0,,"20.11,96.45",2025-05-06 17:27:44,2025-05-06 23:57:44
17.0650000,96.1680000,10.0000,2.60,ml,,,,,,th_14249_202505061708,2025-05-06T17:08:12.000Z,"Yangon, Yangon Region, Myanmar (Burma)",Myanmar,MM,Asia,earthquake,1746552686,1746551292,0,,"17.07,96.17",2025-05-06 17:08:12,2025-05-06 23:38:12
20.8960000,96.2870000,10.0000,2.50,ml,,,,,,th_14248_202505061656,2025-05-06T16:56:50.000Z,"Pothanaing, Mandalay Region, Myanmar (Burma)",Myanmar,MM,Asia,earthquake,1746551482,1746550610,0,,"20.90,96.29",2025-05-06 16:56:50,2025-05-06 23:26:50
17.1420000,96.3040000,10.0000,3.70,ml,,,,,,th_14247_202505061625,2025-05-06T16:49:47.000Z,"Za Yet Kwin, Yangon Region, Myanmar (Burma)",Myanmar,MM,Asia,earthquake,1746549949,1746548740,0,,"17.14,96.30",2025-05-06 16:25:40,2025-05-06 22:55:40
19.6810000,96.3920000,10.0000,2.20,ml,,,,,,th_14246_202505061604,2025-05-06T16:04:28.000Z,"Teinpyaung Atet, Naypyidaw Union Territory, Myanmar (Burma)",Myanmar,MM,Asia,earthquake,1746548039,1746547468,0,,"19.68,96.39",2025-05-06 16:04:28,2025-05-06 22:34:28
17.1060000,96.2820000,10.0000,2.90,ml,,,,,,th_14245_202505061510,2025-05-06T15:10:18.000Z,"Za Yet Kwin, Yangon Region, Myanmar (Burma)",Myanmar,MM,Asia,earthquake,1746545091,1746544218,0,,"17.11,96.28",2025-05-06 15:10:18,2025-05-06 21:40:18
19.9680000,98.1590000,10.0000,3.10,ml,,,,,,th_14244_202505061441,2025-05-06T14:41:50.000Z,"Wan Hsa-mu, Shan, Myanmar (Burma)",Myanmar,MM,Asia,earthquake,1746542987,1746542510,0,,"19.97,98.16",2025-05-06 14:41:50,2025-05-06 21:11:50
20.5800000,94.6100000,10.0000,3.80,ml,,,,,,in_MFhIazZVYjZhc3BrZzQ0RXhoUXF6Zz09,2025-05-06T14:26:53.000Z,"Salin, Magway Region, Myanmar (Burma)",Myanmar,MM,Asia,earthquake,1746542072,1746541613,0,,"20.58,94.61",2025-05-06 14:26:53,2025-05-06 20:56:53
19.1780000,96.4560000,10.0000,2.30,ml,,,,,,th_14243_202505061341,2025-05-06T13:41:10.000Z,"Karenchaung, Bago Region, Myanmar (Burma)",Myanmar,MM,Asia,earthquake,1746539461,1746538870,0,,"19.18,96.46",2025-05-06 13:41:10,2025-05-06 20:11:10
19.8630000,97.8610000,10.0000,2.80,ml,,,,,,th_14242_202505061327,2025-05-06T13:27:04.000Z,"Ta Öngmu, Shan, Myanmar (Burma)",Myanmar,MM,Asia,earthquake,1746538595,1746538024,0,,"19.86,97.86",2025-05-06 13:27:04,2025-05-06 19:57:04
20.4080000,97.0200000,10.0000,2.20,ml,,,,,,th_14241_202505060943,2025-05-06T09:43:53.000Z,"Nampan, Shan, Myanmar (Burma)",Myanmar,MM,Asia,earthquake,1746532698,1746524633,0,,"20.41,97.02",2025-05-06 09:43:53,2025-05-06 16:13:53
19.6530000,96.2240000,10.0000,2.60,ml,,,,,,th_14240_202505060649,2025-05-06T06:49:06.000Z,"Hpya-ling, Shan, Myanmar (Burma)",Myanmar,MM,Asia,earthquake,1746514671,1746514146,1,,"20.95,97.20",2025-05-06 06:49:06,2025-05-06 13:19:06
20.2700000,98.0890000,10.0000,2.00,ml,,,,,,th_14239_202505060617,2025-05-06T06:17:04.000Z,"Chueh Chu, Shan, Myanmar (Burma)",Myanmar,MM,Asia,earthquake,1746513097,1746512224,0,,"20.27,98.09",2025-05-06 06:17:04,2025-05-06 12:47:04
20.2400000,98.0720000,10.0000,2.30,ml,,,,,,th_14238_202505060615,2025-05-06T06:15:38.000Z,"Chueh Chu, Shan, Myanmar (Burma)",Myanmar,MM,Asia,earthquake,1746512743,1746512138,0,,"20.24,98.07",2025-05-06 06:15:38,2025-05-06 12:45:38
22.2160000,96.8870000,10.0000,3.30,ml,,,,,,th_14237_202505060341,2025-05-06T03:41:53.000Z,"Kan Gyi, Shan, Myanmar (Burma)",Myanmar,MM,Asia,earthquake,1746503532,1746502913,0,,"22.22,96.89",2025-05-06 03:41:53,2025-05-06 10:11:53
20.0710000,97.8800000,10.0000,2.40,ml,,,,,,th_14236_202505060108,2025-05-06T01:08:02.000Z,"Wan Kongpao, Shan, Myanmar (Burma)",Myanmar,MM,Asia,earthquake,1746494344,1746493682,0,,"20.07,97.88",2025-05-06 01:08:02,2025-05-06 07:38:02
20.2700000,97.6570000,10.0000,2.40,ml,,,,,,th_14235_202505060011,2025-05-06T00:11:21.000Z,"Mawkmai, Shan, Myanmar (Burma)",Myanmar,MM,Asia,earthquake,1746490689,1746490281,0,,"20.27,97.66",2025-05-06 00:11:21,2025-05-06 06:41:21
18.7700000,96.4540000,10.0000,2.60,ml,,,,,,th_14234_202505052102,2025-05-05T21:02:07.000Z,"Bomari, Bago Region, Myanmar (Burma)",Myanmar,MM,Asia,earthquake,1746480227,1746478927,0,,"18.77,96.45",2025-05-05 21:02:07,2025-05-06 03:32:07
19.9710000,96.2650000,10.0000,2.50,ml,,,,,,th_14233_202505052058,2025-05-05T20:58:49.000Z,"Tegon, Naypyidaw Union Territory, Myanmar (Burma)",Myanmar,MM,Asia,earthquake,1746480011,1746478729,0,,"19.97,96.27",2025-05-05 20:58:49,2025-05-06 03:28:49
19.4210000,97.7680000,10.0000,1.60,ml,,,,,,th_14232_202505051939,2025-05-05T19:39:24.000Z,"Hwè-yao, Kayah State, Myanmar (Burma)",Myanmar,MM,Asia,earthquake,1746474459,1746473964,0,,"19.42,97.77",2025-05-05 19:39:24,2025-05-06 02:09:24
19.4140000,96.3180000,10.0000,2.10,ml,,,,,,th_14229_202505051825,2025-05-05T18:25:41.000Z,"Wayonle, Bago Region, Myanmar (Burma)",Myanmar,MM,Asia,earthquake,1746470321,1746469541,0,,"19.41,96.32",2025-05-05 18:25:41,2025-05-06 00:55:41
18.9470000,96.2560000,10.0000,2.20,ml,,,,,,th_14228_202505051822,2025-05-05T18:22:58.000Z,"Gyihauk, Bago Region, Myanmar (Burma)",Myanmar,MM,Asia,earthquake,1746470274,1746469378,0,,"18.95,96.26",2025-05-05 18:22:58,2025-05-06 00:52:58
26.9900000,96.4700000,13.0000,3.50,ml,,,,,,in_UVA3cVE1RVV3Mm9xTnRmVEhzN2IwQT09,2025-05-05T15:14:48.000Z,"Gedu Ga, Kachin, Myanmar (Burma)",Myanmar,MM,Asia,earthquake,1746457723,1746457258,0,,"26.99,96.47",2025-05-05 15:00:58,2025-05-05 21:30:58
18.7720000,96.4430000,10.0000,2.50,ml,,,,,,th_14226_202505051455,2025-05-05T14:55:30.000Z,"Bomari, Bago Region, Myanmar (Burma)",Myanmar,MM,Asia,earthquake,1746457252,1746456930,0,,"18.77,96.44",2025-05-05 14:55:30,2025-05-05 21:25:30
20.0370000,97.8880000,10.0000,2.10,ml,,,,,,th_14225_202505051451,2025-05-05T14:51:57.000Z,"Wan Kongpao, Shan, Myanmar (Burma)",Myanmar,MM,Asia,earthquake,1746457032,1746456717,0,,"20.04,97.89",2025-05-05 14:51:57,2025-05-05 21:21:57
18.8180000,96.9870000,10.0000,1.90,ml,,,,,,th_14224_202505051228,2025-05-05T12:28:28.000Z,"Hoki, Kayin State, Myanmar (Burma)",Myanmar,MM,Asia,earthquake,1746449929,1746448108,0,,"18.82,96.99",2025-05-05 12:28:28,2025-05-05 18:58:28
19.2580000,96.3490000,10.0000,2.90,ml,,,,,,th_14223_202505050151,2025-05-05T01:51:48.000Z,"Sibaing, Bago Region, Myanmar (Burma)",Myanmar,MM,Asia,earthquake,1746410765,1746409908,0,,"19.26,96.35",2025-05-05 01:51:48,2025-05-05 08:21:48
24.5800000,94.8600000,70.0000,3.70,ml,,,,,,in_bGtPZnBRckxuNm15ZCtxUVg4c2ZvUT09,2025-05-05T01:28:34.000Z,"Myene, Sagaing Region, Myanmar (Burma)",Myanmar,MM,Asia,earthquake,1746408225,1746407515,0,,"24.58,94.86",2025-05-05 01:11:55,2025-05-05 07:41:55
19.9400000,97.7470000,5.0000,2.90,ml,,,,,,th_14222_202505042339,2025-05-04T23:39:34.000Z,"Wan Hwè-ya-yung, Shan, Myanmar (Burma)",Myanmar,MM,Asia,earthquake,1746403248,1746401974,0,,"19.94,97.75",2025-05-04 23:39:34,2025-05-05 06:09:34
22.9878000,95.6631000,10.0000,4.80,ml,,,,,,in_L0hZR2k4RVkrU0VUUXNjeENmOSsydz09,2025-05-05T06:42:10.000Z,"Bugon, Sagaing Region, Myanmar (Burma)",Myanmar,MM,Asia,earthquake,1746402052,1746401597,0,,"23.07,95.52",2025-05-04 23:33:17,2025-05-05 06:03:17
19.9400000,97.6190000,5.0000,2.80,ml,,,,,,th_14220_202505042324,2025-05-04T23:24:57.000Z,"Mai-hsa-se, Shan, Myanmar (Burma)",Myanmar,MM,Asia,earthquake,1746401296,1746401097,0,,"19.94,97.62",2025-05-04 23:24:57,2025-05-05 05:54:57
19.6520000,97.8790000,5.0000,2.40,ml,,,,,,th_14219_202505042258,2025-05-04T22:58:12.000Z,"Kiu-neng, Shan, Myanmar (Burma)",Myanmar,MM,Asia,earthquake,1746399743,1746399492,0,,"19.65,97.88",2025-05-04 22:58:12,2025-05-05 05:28:12
20.0760000,98.0670000,10.0000,2.20,ml,,,,,,th_14217_202505042143,2025-05-04T21:43:28.000Z,"Üng-yao, Shan, Myanmar (Burma)",Myanmar,MM,Asia,earthquake,1746395829,1746395008,0,,"20.08,98.07",2025-05-04 21:43:28,2025-05-05 04:13:28
19.9450000,97.7340000,10.0000,2.20,ml,,,,,,th_14215_202505041933,2025-05-04T19:33:03.000Z,"Wan Hwè-ya-yung, Shan, Myanmar (Burma)",Myanmar,MM,Asia,earthquake,1746388062,1746387183,0,,"19.95,97.73",2025-05-04 19:33:03,2025-05-05 02:03:03
19.7910000,96.9820000,10.0000,2.40,ml,,,,,,th_14214_202505041904,2025-05-04T19:04:02.000Z,"Engla, Shan, Myanmar (Burma)",Myanmar,MM,Asia,earthquake,1746386979,1746385442,0,,"19.79,96.98",2025-05-04 19:04:02,2025-05-05 01:34:02
20.1070000,97.8380000,2.0000,3.00,ml,,,,,,th_14213_202505041753,2025-05-04T17:53:13.000Z,"Wan Kongpao, Shan, Myanmar (Burma)",Myanmar,MM,Asia,earthquake,1746381705,1746381193,0,,"20.11,97.84",2025-05-04 17:53:13,2025-05-05 00:23:13
19.8420000,97.8510000,5.0000,2.20,ml,,,,,,th_14218_202505041740,2025-05-04T17:40:09.000Z,"Wan Hwè-ya-yung, Shan, Myanmar (Burma)",Myanmar,MM,Asia,earthquake,1746395913,1746380409,0,,"19.84,97.85",2025-05-04 17:40:09,2025-05-05 00:10:09
19.2170000,96.4560000,16.0000,2.20,ml,,,,,,th_14212_202505041550,2025-05-04T15:50:45.000Z,"Hnawpin, Bago Region, Myanmar (Burma)",Myanmar,MM,Asia,earthquake,1746374408,1746373845,0,,"19.22,96.46",2025-05-04 15:50:45,2025-05-04 22:20:45
18.0950000,95.3070000,76.0000,2.90,ml,,,,,,th_14211_202505041459,2025-05-04T14:59:49.000Z,"Kongyi, Ayeyarwady, Myanmar (Burma)",Myanmar,MM,Asia,earthquake,1746371299,1746370789,0,,"18.10,95.31",2025-05-04 14:59:49,2025-05-04 21:29:49
18.1100000,95.1900000,80.0000,3.10,ml,,,,,,th_14210_202505041404,2025-05-04T14:04:48.000Z,"Hngetkyiwin, Ayeyarwady, Myanmar (Burma)",Myanmar,MM,Asia,earthquake,1746368012,1746367488,0,,"18.11,95.19",2025-05-04 14:04:48,2025-05-04 20:34:48
21.6100000,94.4700000,90.0000,3.90,ml,,,,,,in_ODUzMGcyVThHZmxiSjhNK3ZINDBGUT09,2025-05-04T13:48:50.000Z,"Zee Pyar, Magway Region, Myanmar (Burma)",Myanmar,MM,Asia,earthquake,1746367849,1746366530,0,,"21.61,94.47",2025-05-04 13:48:50,2025-05-04 20:18:50
19.8390000,97.9340000,1.0000,1.70,ml,,,,,,th_14209_202505041230,2025-05-04T12:30:01.000Z,"Pang Tae Waet, Shan, Myanmar (Burma)",Myanmar,MM,Asia,earthquake,1746362032,1746361801,0,,"19.84,97.93",2025-05-04 12:30:01,2025-05-04 19:00:01
19.9360000,97.9460000,10.0000,2.20,ml,,,,,,th_14208_202505041158,2025-05-04T11:58:58.000Z,"Ta Ho-pong, Shan, Myanmar (Burma)",Myanmar,MM,Asia,earthquake,1746360487,1746359938,1,,"19.94,97.95",2025-05-04 11:58:58,2025-05-04 18:28:58
19.4400000,96.3320000,10.0000,2.50,ml,,,,,,th_14207_202505041154,2025-05-04T11:54:35.000Z,"Wayonle, Bago Region, Myanmar (Burma)",Myanmar,MM,Asia,earthquake,1746360389,1746359675,0,,"19.44,96.33",2025-05-04 11:54:35,2025-05-04 18:24:35
19.7830000,96.4770000,10.0000,2.50,ml,,,,,,th_14206_202505041149,2025-05-04T11:49:22.000Z,"Saungdaung Anauk, Naypyidaw Union Territory, Myanmar (Burma)",Myanmar,MM,Asia,earthquake,1746360240,1746359362,0,,"19.78,96.48",2025-05-04 11:49:22,2025-05-04 18:19:22
20.6710000,97.8170000,1.0000,2.60,ml,,,,,,th_14205_202505041005,2025-05-04T10:05:35.000Z,"Hai Hpak, Shan, Myanmar (Burma)",Myanmar,MM,Asia,earthquake,1746354780,1746353135,0,,"20.67,97.82",2025-05-04 10:05:35,2025-05-04 16:35:35
19.9320000,97.7770000,2.0000,2.70,ml,,,,,,th_14204_202505040813,2025-05-04T08:13:34.000Z,"Wan Hwè-ya-yung, Shan, Myanmar (Burma)",Myanmar,MM,Asia,earthquake,1746346621,1746346414,0,,"19.93,97.78",2025-05-04 08:13:34,2025-05-04 14:43:34
20.0970000,97.8830000,1.0000,2.90,ml,,,,,,th_14203_202505040158,2025-05-04T01:58:50.000Z,"Shan, Myanmar (Burma)",Myanmar,MM,Asia,earthquake,1746324314,1746323930,1,,"20.10,97.88",2025-05-04 01:58:50,2025-05-04 08:28:50
18.9170000,97.5050000,2.0000,2.10,ml,,,,,,th_14202_202505040015,2025-05-04T00:15:02.000Z,"Loi Mun, Kayah State, Myanmar (Burma)",Myanmar,MM,Asia,earthquake,1746318244,1746317702,0,,"18.92,97.51",2025-05-04 00:15:02,2025-05-04 06:45:02
21.7770000,96.2420000,10.0000,3.40,ml,,,,,,th_14198_202505032015,2025-05-03T20:15:11.000Z,"Thon-Daung-Ywa-Ma, Mandalay Region, Myanmar (Burma)",Myanmar,MM,Asia,earthquake,1746303634,1746303311,0,,"21.78,96.24",2025-05-03 20:15:11,2025-05-04 02:45:11
22.0350000,96.4960000,10.0000,2.90,ml,,,,,,th_14197_202505031839,2025-05-03T18:39:24.000Z,"Pyin Oo Lwin, Mandalay Region, Myanmar (Burma)",Myanmar,MM,Asia,earthquake,1746297865,1746297564,0,,"22.04,96.50",2025-05-03 18:39:24,2025-05-04 01:09:24
19.9650000,97.6670000,7.0000,2.50,ml,,,,,,th_14196_202505031447,2025-05-03T14:47:53.000Z,"Wan Panglu, Shan, Myanmar (Burma)",Myanmar,MM,Asia,earthquake,1746283947,1746283673,0,,"19.97,97.67",2025-05-03 14:47:53,2025-05-03 21:17:53
20.0340000,97.8980000,10.0000,2.00,ml,,,,,,th_14195_202505031443,2025-05-03T14:43:13.000Z,"Wan Kongpao, Shan, Myanmar (Burma)",Myanmar,MM,Asia,earthquake,1746283754,1746283393,1,,"20.03,97.90",2025-05-03 14:43:13,2025-05-03 21:13:13
19.9870000,97.9700000,10.0000,2.00,ml,,,,,,th_14194_202505031210,2025-05-03T12:10:00.000Z,"Ta Ho-pong, Shan, Myanmar (Burma)",Myanmar,MM,Asia,earthquake,1746274516,1746274200,1,,"19.99,97.97",2025-05-03 12:10:00,2025-05-03 18:40:00
19.2390000,96.2050000,10.0000,3.10,ml,,,,,,th_14193_202505031159,2025-05-03T11:59:01.000Z,"Baungdok, Bago Region, Myanmar (Burma)",Myanmar,MM,Asia,earthquake,1746273937,1746273541,0,,"19.24,96.21",2025-05-03 11:59:01,2025-05-03 18:29:01
19.2530000,96.2340000,10.0000,2.40,ml,,,,,,th_14192_202505031143,2025-05-03T11:43:05.000Z,"Swar, Bago Region, Myanmar (Burma)",Myanmar,MM,Asia,earthquake,1746272918,1746272585,0,,"19.25,96.23",2025-05-03 11:43:05,2025-05-03 18:13:05
18.7190000,96.4020000,10.0000,2.40,ml,,,,,,th_14190_202505030959,2025-05-03T09:59:38.000Z,"Kywebwe, Bago Region, Myanmar (Burma)",Myanmar,MM,Asia,earthquake,1746266839,1746266378,0,,"18.72,96.40",2025-05-03 09:59:38,2025-05-03 16:29:38
19.1650000,97.1100000,10.0000,2.30,ml,,,,,,th_14189_202505030915,2025-05-03T09:15:58.000Z,"He-sa-hku, Kayah State, Myanmar (Burma)",Myanmar,MM,Asia,earthquake,1746266794,1746263758,0,,"19.17,97.11",2025-05-03 09:15:58,2025-05-03 15:45:58
19.2350000,96.3830000,10.0000,2.60,ml,,,,,,th_14188_202505030600,2025-05-03T06:00:30.000Z,"Sibaing, Bago Region, Myanmar (Burma)",Myanmar,MM,Asia,earthquake,1746252385,1746252030,0,,"19.24,96.38",2025-05-03 06:00:30,2025-05-03 12:30:30
19.7350000,96.2190000,10.0000,2.80,ml,,,,,,th_14186_202505030117,2025-05-03T01:17:00.000Z,"Pyinmana, Naypyidaw Union Territory, Myanmar (Burma)",Myanmar,MM,Asia,earthquake,1746235396,1746235020,0,,"19.74,96.22",2025-05-03 01:17:00,2025-05-03 07:47:00
20.8820000,98.6700000,10.0000,2.60,ml,,,,,,th_14184_202505022009,2025-05-02T20:09:41.000Z,"Möng Pu, Shan, Myanmar (Burma)",Myanmar,MM,Asia,earthquake,1746217101,1746216581,0,,"20.88,98.67",2025-05-02 20:09:41,2025-05-03 02:39:41
19.0640000,96.4460000,10.0000,3.00,ml,,,,,,th_14183_202505022003,2025-05-02T20:03:59.000Z,"Kaytumati, Bago Region, Myanmar (Burma)",Myanmar,MM,Asia,earthquake,1746217048,1746216239,0,,"19.06,96.45",2025-05-02 20:03:59,2025-05-03 02:33:59
20.0470000,97.9370000,10.0000,1.60,ml,,,,,,th_14180_202505021749,2025-05-02T17:49:20.000Z,"Wan Kongpao, Shan, Myanmar (Burma)",Myanmar,MM,Asia,earthquake,1746208443,1746208160,0,,"20.05,97.94",2025-05-02 17:49:20,2025-05-03 00:19:20
21.6670000,96.5270000,10.0000,2.80,ml,,,,,,th_14179_202505021733,2025-05-02T17:33:18.000Z,"Gwebin, Mandalay Region, Myanmar (Burma)",Myanmar,MM,Asia,earthquake,1746208272,1746207198,0,,"21.67,96.53",2025-05-02 17:33:18,2025-05-03 00:03:18
19.8270000,97.9860000,10.0000,1.40,ml,,,,,,th_14178_202505021733,2025-05-02T17:33:01.000Z,"Pang Tae Waet, Shan, Myanmar (Burma)",Myanmar,MM,Asia,earthquake,1746208083,1746207181,0,,"19.83,97.99",2025-05-02 17:33:01,2025-05-03 00:03:01
17.2200000,96.1510000,10.0000,3.10,ml,,,,,,th_14177_202505021515,2025-05-02T15:15:51.000Z,"Si Sone Kone, Yangon Region, Myanmar (Burma)",Myanmar,MM,Asia,earthquake,1746199609,1746198951,0,,"17.22,96.15",2025-05-02 15:15:51,2025-05-02 21:45:51
22.0170000,96.8960000,10.0000,2.70,ml,,,,,,th_14176_202505021441,2025-05-02T14:41:09.000Z,"Nam-maw-lon, Shan, Myanmar (Burma)",Myanmar,MM,Asia,earthquake,1746198251,1746196869,0,,"22.02,96.90",2025-05-02 14:41:09,2025-05-02 21:11:09
21.9600000,96.2800000,10.0000,4.00,ml,,,,,,ems_202505_1803105,2025-05-02T11:21:40.000Z,"Thon-Daung-Ywa-Ma, Mandalay Region, Myanmar (Burma)",Myanmar,MM,Asia,earthquake,1746184914,1746183844,0,,"21.96,96.28",2025-05-02 11:04:04,2025-05-02 17:34:04
18.7570000,96.6040000,10.0000,2.10,ml,,,,,,th_14174_202505020717,2025-05-02T07:17:27.000Z,"Alesengyaung, Kayin State, Myanmar (Burma)",Myanmar,MM,Asia,earthquake,1746170565,1746170247,0,,"18.76,96.60",2025-05-02 07:17:27,2025-05-02 13:47:27
18.8080000,96.6540000,10.0000,2.60,ml,,,,,,th_14173_202505020355,2025-05-02T03:55:56.000Z,"Alesengyaung, Kayin State, Myanmar (Burma)",Myanmar,MM,Asia,earthquake,1746160089,1746158156,0,,"18.81,96.65",2025-05-02 03:55:56,2025-05-02 10:25:56
21.8620000,96.3880000,10.0000,3.90,ml,,,,,,th_14171_202505020153,2025-05-02T02:07:42.000Z,"Pyin Sar, Mandalay Region, Myanmar (Burma)",Myanmar,MM,Asia,earthquake,1746151388,1746150780,0,,"21.86,96.39",2025-05-02 01:53:00,2025-05-02 08:23:00
18.6270000,96.4240000,10.0000,2.00,ml,,,,,,th_14170_202505012016,2025-05-01T20:16:56.000Z,"Nyaung Chay Htauk, Bago Region, Myanmar (Burma)",Myanmar,MM,Asia,earthquake,1746130967,1746130616,0,,"18.63,96.42",2025-05-01 20:16:56,2025-05-02 02:46:56
20.9630000,96.3300000,10.0000,3.10,ml,,,,,,th_14169_202505011950,2025-05-01T19:50:44.000Z,"Patchaung, Shan, Myanmar (Burma)",Myanmar,MM,Asia,earthquake,1746129589,1746129044,0,,"20.96,96.33",2025-05-01 19:50:44,2025-05-02 02:20:44
18.8810000,95.5970000,10.0000,2.90,ml,,,,,,th_14167_202505011603,2025-05-01T16:03:16.000Z,"Kywetabaung, Bago Region, Myanmar (Burma)",Myanmar,MM,Asia,earthquake,1746115817,1746115396,0,,"18.88,95.60",2025-05-01 16:03:16,2025-05-01 22:33:16
21.8820000,96.3460000,5.0000,3.20,ml,,,,,,th_14166_202505011544,2025-05-01T15:44:24.000Z,"Yatanarpon Cyber City, Mandalay Region, Myanmar (Burma)",Myanmar,MM,Asia,earthquake,1746115090,1746114264,0,,"21.88,96.35",2025-05-01 15:44:24,2025-05-01 22:14:24
19.1930000,96.1420000,10.0000,2.20,ml,,,,,,th_14165_202505011510,2025-05-01T15:10:54.000Z,"Mayogon, Bago Region, Myanmar (Burma)",Myanmar,MM,Asia,earthquake,1746112639,1746112254,0,,"19.19,96.14",2025-05-01 15:10:54,2025-05-01 21:40:54
19.9190000,96.1370000,10.0000,2.30,ml,,,,,,th_14164_202505011436,2025-05-01T14:36:46.000Z,"Pobba Thiri, Naypyidaw Union Territory, Myanmar (Burma)",Myanmar,MM,Asia,earthquake,1746110861,1746110206,0,,"19.92,96.14",2025-05-01 14:36:46,2025-05-01 21:06:46
19.2310000,96.5120000,10.0000,2.10,ml,,,,,,th_14162_202505011401,2025-05-01T14:01:27.000Z,"Pebo, Kayin State, Myanmar (Burma)",Myanmar,MM,Asia,earthquake,1746108383,1746108087,0,,"19.23,96.51",2025-05-01 14:01:27,2025-05-01 20:31:27
19.2100000,96.4020000,10.0000,2.30,ml,,,,,,th_14161_202505011310,2025-05-01T13:10:12.000Z,"Hnawpin, Bago Region, Myanmar (Burma)",Myanmar,MM,Asia,earthquake,1746105392,1746105012,1,,"19.21,96.40",2025-05-01 13:10:12,2025-05-01 19:40:12
23.2300000,94.0800000,30.0000,3.40,ml,,,,,,in_NmxEcTRvWUZVenhranlyTHZrLzI1UT09,2025-05-01T08:21:31.000Z,"Kale, Chin State, Myanmar (Burma)",Myanmar,MM,Asia,earthquake,1746087305,1746086852,0,,"23.23,94.08",2025-05-01 08:07:32,2025-05-01 14:37:32
20.2950000,96.1150000,10.0000,3.30,ml,,,,,,th_14159_202505010641,2025-05-01T06:41:48.000Z,"Inbingyi, Mandalay Region, Myanmar (Burma)",Myanmar,MM,Asia,earthquake,1746083128,1746081708,0,,"20.30,96.12",2025-05-01 06:41:48,2025-05-01 13:11:48
20.9930000,99.0430000,10.0000,2.50,ml,,,,,,th_14158_202505010538,2025-05-01T05:38:17.000Z,"Mongkyet, Shan, Myanmar (Burma)",Myanmar,MM,Asia,earthquake,1746078262,1746077897,0,,"20.99,99.04",2025-05-01 05:38:17,2025-05-01 12:08:17
20.7360000,96.9510000,10.0000,3.10,ml,,,,,,th_14157_202505010515,2025-05-01T05:15:18.000Z,"Ayetharyar, Shan, Myanmar (Burma)",Myanmar,MM,Asia,earthquake,1746076874,1746076518,0,,"20.74,96.95",2025-05-01 05:15:18,2025-05-01 11:45:18
21.8190000,96.4160000,10.0000,3.80,ml,,,,,,th_14330_202505122321,2025-05-12T23:42:39.000Z,"Shwegyaung, Mandalay Region, Myanmar (Burma)",Myanmar,MM,Asia,earthquake,1747093051,1747092117,0,,"21.82,96.42",2025-05-12 23:21:57,2025-05-13 05:51:57
18.8890000,97.3330000,1.0000,1.50,ml,,,,,,th_14329_202505122010,2025-05-12T20:10:19.000Z,"Hpasawng, Kayah State, Myanmar (Burma)",Myanmar,MM,Asia,earthquake,1747082292,1747080619,0,,"18.89,97.33",2025-05-12 20:10:19,2025-05-13 02:40:19
18.8390000,96.3600000,10.0000,2.90,ml,,,,,,th_14327_202505121953,2025-05-12T19:53:48.000Z,"Oktwin, Bago Region, Myanmar (Burma)",Myanmar,MM,Asia,earthquake,1747080352,1747079628,0,,"18.84,96.36",2025-05-12 19:53:48,2025-05-13 02:23:48
18.8880000,96.3750000,10.0000,2.80,ml,,,,,,th_14326_202505121949,2025-05-12T19:49:00.000Z,"Taungoo, Bago Region, Myanmar (Burma)",Myanmar,MM,Asia,earthquake,1747079792,1747079340,0,,"18.89,96.38",2025-05-12 19:49:00,2025-05-13 02:19:00
21.7300000,96.2890000,10.0000,3.90,ml,,,,,,th_14323_202505121824,2025-05-12T18:35:36.000Z,"Hngetkyithaik, Mandalay Region, Myanmar (Burma)",Myanmar,MM,Asia,earthquake,1747074712,1747074268,0,,"21.73,96.29",2025-05-12 18:24:28,2025-05-13 00:54:28
20.8620000,96.9880000,10.0000,2.50,ml,,,,,,th_14322_202505121720,2025-05-12T17:20:28.000Z,"taungni, Shan, Myanmar (Burma)",Myanmar,MM,Asia,earthquake,1747071078,1747070428,0,,"20.86,96.99",2025-05-12 17:20:28,2025-05-12 23:50:28
19.7070000,96.2480000,10.0000,2.60,ml,,,,,,th_14321_202505121346,2025-05-12T13:46:29.000Z,"Pwetseikkon, နေပြည်တော် ပြည်တောင်စုနယ်မြေ, Myanmar (Burma)",Myanmar,MM,Asia,earthquake,1747058303,1747057589,0,,"19.71,96.25",2025-05-12 13:46:29,2025-05-12 20:16:29
20.6200000,96.5350000,10.0000,2.40,ml,,,,,,th_14320_202505121342,2025-05-12T13:42:51.000Z,"Kalaw, Shan, Myanmar (Burma)",Myanmar,MM,Asia,earthquake,1747058253,1747057371,0,,"20.62,96.54",2025-05-12 13:42:51,2025-05-12 20:12:51
19.7060000,96.1970000,10.0000,2.90,ml,,,,,,th_14319_202505121332,2025-05-12T13:32:05.000Z,"Naypyidaw Union Territory, Myanmar (Burma)",Myanmar,MM,Asia,earthquake,1747057047,1747056725,1,,"19.71,96.20",2025-05-12 13:32:05,2025-05-12 20:02:05
20.9560000,96.3610000,10.0000,3.80,ml,,,,,,th_14318_202505120320,2025-05-12T03:35:37.000Z,"Patchaung, Shan, Myanmar (Burma)",Myanmar,MM,Asia,earthquake,1747020715,1747020027,0,,"20.96,96.36",2025-05-12 03:20:27,2025-05-12 09:50:27
20.9300000,96.5690000,10.0000,3.00,ml,,,,,,th_14317_202505120251,2025-05-12T02:51:53.000Z,"Nyaungbingwa, Shan, Myanmar (Burma)",Myanmar,MM,Asia,earthquake,1747018835,1747018313,0,,"20.93,96.57",2025-05-12 02:51:53,2025-05-12 09:21:53
20.0250000,96.3060000,10.0000,4.00,ml,,,,,,ems_202505_1807159,2025-05-11T23:56:36.000Z,"Setkon, Naypyidaw Union Territory, Myanmar (Burma)",Myanmar,MM,Asia,earthquake,1747007805,1747006960,0,,"20.03,96.31",2025-05-11 23:42:40,2025-05-12 06:12:40
19.1120000,96.4580000,9.0000,3.20,ml,,,,,,th_14315_202505112131,2025-05-11T21:31:01.000Z,"Karenchaung, Bago Region, Myanmar (Burma)",Myanmar,MM,Asia,earthquake,1746999452,1746999061,1,,"19.11,96.46",2025-05-11 21:31:01,2025-05-12 04:01:01
20.1260000,98.0400000,10.0000,2.40,ml,,,,,,th_14314_202505111731,2025-05-11T17:31:54.000Z,"Üng-yao, Shan, Myanmar (Burma)",Myanmar,MM,Asia,earthquake,1746985210,1746984714,0,,"20.13,98.04",2025-05-11 17:31:54,2025-05-12 00:01:54
20.0970000,97.7600000,10.0000,2.60,ml,,,,,,th_14313_202505111015,2025-05-11T10:15:46.000Z,"Wān Kongmakpin, Shan, Myanmar (Burma)",Myanmar,MM,Asia,earthquake,1746959010,1746958546,0,,"20.10,97.76",2025-05-11 10:15:46,2025-05-11 16:45:46
18.8740000,96.4530000,10.0000,3.00,ml,,,,,,th_14311_202505110840,2025-05-11T08:40:08.000Z,"Taungoo, Bago Region, Myanmar (Burma)",Myanmar,MM,Asia,earthquake,1746953798,1746952808,0,,"18.87,96.45",2025-05-11 08:40:08,2025-05-11 15:10:08
21.2640000,99.8890000,10.0000,2.80,ml,,,,,,th_14310_202505110227,2025-05-11T02:27:19.000Z,"Wan Hpaya-hkè, Shan, Myanmar (Burma)",Myanmar,MM,Asia,earthquake,1746930982,1746930439,1,,"21.26,99.89",2025-05-11 02:27:19,2025-05-11 08:57:19
20.3620000,98.0470000,10.0000,2.20,ml,,,,,,th_14309_202505110203,2025-05-11T02:03:58.000Z,"Langkho, Shan, Myanmar (Burma)",Myanmar,MM,Asia,earthquake,1746929426,1746929038,0,,"20.36,98.05",2025-05-11 02:03:58,2025-05-11 08:33:58
20.2780000,96.2300000,10.0000,2.60,ml,,,,,,th_14308_202505102127,2025-05-10T21:27:06.000Z,"Nyaung Lunt, Naypyidaw Union Territory, Myanmar (Burma)",Myanmar,MM,Asia,earthquake,1746913100,1746912426,0,,"20.28,96.23",2025-05-10 21:27:06,2025-05-11 03:57:06
21.7660000,96.3990000,10.0000,2.80,ml,,,,,,th_14307_202505102050,2025-05-10T20:50:32.000Z,"Thon-Daung-Ywa-Ma, Mandalay Region, Myanmar (Burma)",Myanmar,MM,Asia,earthquake,1746910921,1746910232,0,,"21.77,96.40",2025-05-10 20:50:32,2025-05-11 03:20:32
21.0120000,96.5440000,10.0000,2.80,ml,,,,,,th_14305_202505101911,2025-05-10T19:11:32.000Z,"Nyaungbingwa, Shan, Myanmar (Burma)",Myanmar,MM,Asia,earthquake,1746904549,1746904292,0,,"21.01,96.54",2025-05-10 19:11:32,2025-05-11 01:41:32
21.1310000,99.7450000,2.0000,2.90,ml,,,,,,th_14304_202505101840,2025-05-10T18:40:08.000Z,"Loi Pang Koi, Shan, Myanmar (Burma)",Myanmar,MM,Asia,earthquake,1746902724,1746902408,0,,"21.13,99.75",2025-05-10 18:40:08,2025-05-11 01:10:08
19.1840000,96.3710000,10.0000,2.90,ml,,,,,,th_14303_202505101636,2025-05-10T16:36:47.000Z,"Yedashe, Bago Region, Myanmar (Burma)",Myanmar,MM,Asia,earthquake,1746895276,1746895007,1,,"19.18,96.37",2025-05-10 16:36:47,2025-05-10 23:06:47
19.9910000,96.2810000,10.0000,2.40,ml,,,,,,th_14302_202505101628,2025-05-10T16:28:02.000Z,"Chaungbya, Naypyidaw Union Territory, Myanmar (Burma)",Myanmar,MM,Asia,earthquake,1746894862,1746894482,0,,"19.99,96.28",2025-05-10 16:28:02,2025-05-10 22:58:02
20.3500000,98.2350000,7.0000,4.00,ml,,,,,,ems_202505_1806624,2025-05-10T12:35:36.000Z,"Na-law, Shan, Myanmar (Burma)",Myanmar,MM,Asia,earthquake,1746880549,1746880169,0,,"20.35,98.24",2025-05-10 12:29:29,2025-05-10 18:59:29
21.6200000,96.3930000,10.0000,3.70,ml,,,,,,th_14300_202505101137,2025-05-10T11:49:35.000Z,"Gwebin, Mandalay Region, Myanmar (Burma)",Myanmar,MM,Asia,earthquake,1746877646,1746877027,0,,"21.62,96.39",2025-05-10 11:37:07,2025-05-10 18:07:07
19.2660000,96.2590000,10.0000,2.70,ml,,,,,,th_14299_202505101039,2025-05-10T10:39:18.000Z,"Swar, Bago Region, Myanmar (Burma)",Myanmar,MM,Asia,earthquake,1746873902,1746873558,0,,"19.27,96.26",2025-05-10 10:39:18,2025-05-10 17:09:18
18.8700000,96.4290000,10.0000,2.40,ml,,,,,,th_14297_202505100701,2025-05-10T07:01:58.000Z,"Taungoo, Bago Region, Myanmar (Burma)",Myanmar,MM,Asia,earthquake,1746860896,1746860518,0,,"18.87,96.43",2025-05-10 07:01:58,2025-05-10 13:31:58
18.0900000,96.1090000,10.0000,3.80,ml,,,,,,th_14296_202505100613,2025-05-10T06:22:04.000Z,"Foucar's, Bago Region, Myanmar (Burma)",Myanmar,MM,Asia,earthquake,1746857949,1746857621,0,,"18.09,96.11",2025-05-10 06:13:41,2025-05-10 12:43:41
20.0460000,97.8380000,10.0000,3.00,ml,,,,,,th_14295_202505100414,2025-05-10T04:14:54.000Z,"Wan Kongpao, Shan, Myanmar (Burma)",Myanmar,MM,Asia,earthquake,1746850835,1746850494,0,,"20.05,97.84",2025-05-10 04:14:54,2025-05-10 10:44:54
19.9960000,98.0390000,5.0000,2.30,ml,,,,,,th_14294_202505100246,2025-05-10T02:46:41.000Z,"Wan Konlang, Shan, Myanmar (Burma)",Myanmar,MM,Asia,earthquake,1746845705,1746845201,0,,"20.00,98.04",2025-05-10 02:46:41,2025-05-10 09:16:41
18.2790000,96.5880000,10.0000,2.50,ml,,,,,,th_14293_202505100157,2025-05-10T01:57:59.000Z,"Ingone, Bago Region, Myanmar (Burma)",Myanmar,MM,Asia,earthquake,1746842811,1746842279,0,,"18.28,96.59",2025-05-10 01:57:59,2025-05-10 08:27:59
20.0650000,98.0200000,10.0000,3.10,ml,,,,,,th_14292_202505100021,2025-05-10T00:21:38.000Z,"Wan Konlang, Shan, Myanmar (Burma)",Myanmar,MM,Asia,earthquake,1746836984,1746836498,0,,"20.07,98.02",2025-05-10 00:21:38,2025-05-10 06:51:38
19.1460000,96.3560000,10.0000,2.90,ml,,,,,,th_14291_202505091956,2025-05-09T19:56:05.000Z,"Yedashe, Bago Region, Myanmar (Burma)",Myanmar,MM,Asia,earthquake,1746821533,1746820565,0,,"19.15,96.36",2025-05-09 19:56:05,2025-05-10 02:26:05
19.7340000,96.5060000,10.0000,2.50,ml,,,,,,th_14290_202505091808,2025-05-09T18:08:25.000Z,"Saungdaung Anauk, Naypyidaw Union Territory, Myanmar (Burma)",Myanmar,MM,Asia,earthquake,1746821306,1746814105,0,,"19.73,96.51",2025-05-09 18:08:25,2025-05-10 00:38:25
20.6380000,99.8320000,10.0000,1.90,ml,,,,,,th_14289_202505091717,2025-05-09T17:17:42.000Z,"Wan Hsenhkampeng, Shan, Myanmar (Burma)",Myanmar,MM,Asia,earthquake,1746821179,1746811062,0,,"20.64,99.83",2025-05-09 17:17:42,2025-05-09 23:47:42
21.2790000,96.2570000,10.0000,3.10,ml,,,,,,th_14287_202505091346,2025-05-09T13:46:34.000Z,"Ywarkhainggyi, Mandalay Region, Myanmar (Burma)",Myanmar,MM,Asia,earthquake,1746800696,1746798394,1,,"21.28,96.26",2025-05-09 13:46:34,2025-05-09 20:16:34
24.7700000,95.2900000,110.0000,4.30,ml,,,,,,in_dGtvd01KL2lJWFNnQnVEM3ZpWFIxZz09,2025-05-09T13:49:34.000Z,"Nyaungbintha, Sagaing Region, Myanmar (Burma)",Myanmar,MM,Asia,earthquake,1746798568,1746797879,0,,"24.77,95.29",2025-05-09 13:37:59,2025-05-09 20:07:59
20.0220000,98.0340000,10.0000,1.90,ml,,,,,,th_14285_202505091146,2025-05-09T11:46:46.000Z,"Wan Konlang, Shan, Myanmar (Burma)",Myanmar,MM,Asia,earthquake,1746791694,1746791206,0,,"20.02,98.03",2025-05-09 11:46:46,2025-05-09 18:16:46
21.4700000,96.2580000,10.0000,3.10,ml,,,,,,th_14284_202505090858,2025-05-09T08:58:38.000Z,"Thanywa, Mandalay Region, Myanmar (Burma)",Myanmar,MM,Asia,earthquake,1746781953,1746781118,0,,"21.47,96.26",2025-05-09 08:58:38,2025-05-09 15:28:38
20.8734000,96.0433000,10.0000,4.40,mb,,,,,,in_aksrK0ZtS05EeG5EZzBPblBZRld5dz09,2025-05-09T14:58:53.000Z,"Thazi, Mandalay Region, Myanmar (Burma)",Myanmar,MM,Asia,earthquake,1746780668,1746779850,1,,"20.87,96.05",2025-05-09 08:37:30,2025-05-09 15:07:30
22.0220000,96.3870000,10.0000,3.60,ml,,,,,,th_14282_202505090832,2025-05-09T08:56:36.000Z,"Anesakhan, Mandalay Region, Myanmar (Burma)",Myanmar,MM,Asia,earthquake,1746780145,1746779555,0,,"22.02,96.39",2025-05-09 08:32:35,2025-05-09 15:02:35
18.1440000,96.7640000,10.0000,4.20,ml,,,,,,ems_202505_1806105,2025-05-09T00:56:35.000Z,"Bogata Auk, Bago Region, Myanmar (Burma)",Myanmar,MM,Asia,earthquake,1746752211,1746751689,0,,"18.14,96.76",2025-05-09 00:48:09,2025-05-09 07:18:09
21.7280000,96.2770000,10.0000,2.90,ml,,,,,,th_14279_202505082300,2025-05-08T23:00:34.000Z,"Hngetkyithaik, Mandalay Region, Myanmar (Burma)",Myanmar,MM,Asia,earthquake,1746745706,1746745234,0,,"21.73,96.28",2025-05-08 23:00:34,2025-05-09 05:30:34
19.6380000,96.1880000,10.0000,2.40,ml,,,,,,th_14278_202505082236,2025-05-08T22:36:33.000Z,"Magyigon, Naypyidaw Union Territory, Myanmar (Burma)",Myanmar,MM,Asia,earthquake,1746744264,1746743793,0,,"19.64,96.19",2025-05-08 22:36:33,2025-05-09 05:06:33
22.0470000,96.4050000,10.0000,3.10,ml,,,,,,th_14277_202505082026,2025-05-08T20:26:12.000Z,"Pyin Oo Lwin, Mandalay Region, Myanmar (Burma)",Myanmar,MM,Asia,earthquake,1746736902,1746735972,0,,"22.05,96.41",2025-05-08 20:26:12,2025-05-09 02:56:12
19.0520000,97.4290000,10.0000,1.70,ml,,,,,,th_14275_202505081900,2025-05-08T19:00:06.000Z,"Ho-hwè-ko-sa-pa, Kayah State, Myanmar (Burma)",Myanmar,MM,Asia,earthquake,1746731745,1746730806,0,,"19.05,97.43",2025-05-08 19:00:06,2025-05-09 01:30:06
19.8030000,96.4020000,10.0000,2.20,ml,,,,,,th_14274_202505081549,2025-05-08T15:49:31.000Z,"Kwedugyi, Naypyidaw Union Territory, Myanmar (Burma)",Myanmar,MM,Asia,earthquake,1746719756,1746719371,0,,"19.80,96.40",2025-05-08 15:49:31,2025-05-08 22:19:31
20.0460000,96.4250000,10.0000,2.30,ml,,,,,,th_14273_202505081532,2025-05-08T15:32:58.000Z,"Thalaing, Naypyidaw Union Territory, Myanmar (Burma)",Myanmar,MM,Asia,earthquake,1746719078,1746718378,0,,"20.05,96.43",2025-05-08 15:32:58,2025-05-08 22:02:58
23.1800000,94.0500000,10.0000,3.60,ml,,,,,,in_eE5uZG1qYmZjNmt0TnNwMkttdE12dz09,2025-05-08T14:21:42.000Z,"Kale, Sagaing Region, Myanmar (Burma)",Myanmar,MM,Asia,earthquake,1746713847,1746713167,0,,"23.18,94.05",2025-05-08 14:06:07,2025-05-08 20:36:07
21.5610000,96.2020000,10.0000,4.10,ml,,,,,,ems_202505_1805781,2025-05-08T08:00:37.000Z,"Kyaukse, Mandalay Region, Myanmar (Burma)",Myanmar,MM,Asia,earthquake,1746691249,1746689924,0,,"21.56,96.20",2025-05-08 07:38:44,2025-05-08 14:08:44
18.0890000,96.7330000,10.0000,2.40,ml,,,,,,th_14271_202505080232,2025-05-08T02:32:14.000Z,"Hinthawè, Bago Region, Myanmar (Burma)",Myanmar,MM,Asia,earthquake,1746672301,1746671534,0,,"18.09,96.73",2025-05-08 02:32:14,2025-05-08 09:02:14
20.9580000,96.3290000,10.0000,2.60,ml,,,,,,th_14268_202505072039,2025-05-07T20:39:31.000Z,"Patchaung, Shan, Myanmar (Burma)",Myanmar,MM,Asia,earthquake,1746650883,1746650371,1,,"20.96,96.33",2025-05-07 20:39:31,2025-05-08 03:09:31
19.3650000,96.5380000,10.0000,2.00,ml,,,,,,th_14267_202505071808,2025-05-07T18:08:08.000Z,"Amayadaung, Kayin State, Myanmar (Burma)",Myanmar,MM,Asia,earthquake,1746641944,1746641288,0,,"19.37,96.54",2025-05-07 18:08:08,2025-05-08 00:38:08
20.0390000,97.9400000,10.0000,1.50,ml,,,,,,th_14266_202505071733,2025-05-07T17:33:46.000Z,"Wan Kongpao, Shan, Myanmar (Burma)",Myanmar,MM,Asia,earthquake,1746639605,1746639226,0,,"20.04,97.94",2025-05-07 17:33:46,2025-05-08 00:03:46
17.4490000,96.2700000,10.0000,2.30,ml,,,,,,th_14265_202505071720,2025-05-07T17:20:07.000Z,"Wanetkon, Yangon Region, Myanmar (Burma)",Myanmar,MM,Asia,earthquake,1746638924,1746638407,0,,"17.45,96.27",2025-05-07 17:20:07,2025-05-07 23:50:07
21.7020000,96.3250000,10.0000,3.00,ml,,,,,,th_14264_202505071600,2025-05-07T16:00:22.000Z,"Hngetkyithaik, Mandalay Region, Myanmar (Burma)",Myanmar,MM,Asia,earthquake,1746637232,1746633622,0,,"21.70,96.33",2025-05-07 16:00:22,2025-05-07 22:30:22
20.9670000,98.0900000,10.0000,2.10,ml,,,,,,th_14263_202505071550,2025-05-07T15:50:01.000Z,"Tatpük, Shan, Myanmar (Burma)",Myanmar,MM,Asia,earthquake,1746633711,1746633001,0,,"20.97,98.09",2025-05-07 15:50:01,2025-05-07 22:20:01
19.7770000,96.4850000,10.0000,2.40,ml,,,,,,th_14262_202505071310,2025-05-07T13:10:09.000Z,"Saungdaung Anauk, Naypyidaw Union Territory, Myanmar (Burma)",Myanmar,MM,Asia,earthquake,1746623967,1746623409,0,,"19.78,96.49",2025-05-07 13:10:09,2025-05-07 19:40:09
18.6350000,96.5720000,10.0000,4.00,ml,,,,,,ems_202505_1805382,2025-05-07T07:42:39.000Z,"Zayatkyi, Bago Region, Myanmar (Burma)",Myanmar,MM,Asia,earthquake,1746603777,1746603325,0,,"18.64,96.57",2025-05-07 07:35:25,2025-05-07 14:05:25
18.6850000,96.3650000,10.0000,3.90,ml,,,,,,th_14260_202505070727,2025-05-07T07:35:36.000Z,"Kywebwe, Bago Region, Myanmar (Burma)",Myanmar,MM,Asia,earthquake,1746603217,1746602868,0,,"18.69,96.37",2025-05-07 07:27:48,2025-05-07 13:57:48
18.7990000,96.5240000,10.0000,3.30,ml,,,,,,th_14259_202505070123,2025-05-07T01:23:00.000Z,"Bomari, Bago Region, Myanmar (Burma)",Myanmar,MM,Asia,earthquake,1746581303,1746580980,0,,"18.80,96.52",2025-05-07 01:23:00,2025-05-07 07:53:00
19.9410000,97.9580000,10.0000,2.10,ml,,,,,,th_14258_202505070058,2025-05-07T00:58:46.000Z,"Ta Ho-pong, Shan, Myanmar (Burma)",Myanmar,MM,Asia,earthquake,1746579855,1746579526,0,,"19.94,97.96",2025-05-07 00:58:46,2025-05-07 07:28:46
20.1490000,97.9020000,10.0000,1.80,ml,,,,,,th_14257_202505062247,2025-05-06T22:47:57.000Z,"Wan Hat, Shan, Myanmar (Burma)",Myanmar,MM,Asia,earthquake,1746572063,1746571677,0,,"20.15,97.90",2025-05-06 22:47:57,2025-05-07 05:17:57
20.0810000,97.8000000,10.0000,3.50,ml,,,,,,th_14255_202505062221,2025-05-06T22:28:41.000Z,"Wan Kongpao, Shan, Myanmar (Burma)",Myanmar,MM,Asia,earthquake,1746570329,1746570079,0,,"20.08,97.80",2025-05-06 22:21:19,2025-05-07 04:51:19
20.0480000,97.8770000,10.0000,2.70,ml,,,,,,th_14254_202505062210,2025-05-06T22:10:19.000Z,"Wan Kongpao, Shan, Myanmar (Burma)",Myanmar,MM,Asia,earthquake,1746569671,1746569419,0,,"20.05,97.88",2025-05-06 22:10:19,2025-05-07 04:40:19
19.3040000,96.2590000,10.0000,2.30,ml,,,,,,th_14253_202505062122,2025-05-06T21:22:29.000Z,"Thagaya, Bago Region, Myanmar (Burma)",Myanmar,MM,Asia,earthquake,1746568440,1746566549,0,,"19.30,96.26",2025-05-06 21:22:29,2025-05-07 03:52:29
19.7850000,96.5020000,10.0000,2.10,ml,,,,,,th_14252_202505062025,2025-05-06T20:25:04.000Z,"Saungdaung Anauk, Naypyidaw Union Territory, Myanmar (Burma)",Myanmar,MM,Asia,earthquake,1746564174,1746563104,0,,"19.79,96.50",2025-05-06 20:25:04,2025-05-07 02:55:04
21.7110000,96.3510000,10.0000,4.40,ml,,,,,,in_VEo2UDlqeVJMUWhaSThyMVVoOHY3dz09,2025-05-06T19:14:48.000Z,"Mandalay, Mandalay Region, Myanmar (Burma)",Myanmar,MM,Asia,earthquake,1746558220,1746557794,1,,"21.92,96.12",2025-05-06 18:56:34,2025-05-07 01:26:34
20.1120000,96.4500000,10.0000,3.20,ml,,,,,,th_14250_202505061727,2025-05-06T17:27:44.000Z,"Kyaunggon, Naypyidaw Union Territory, Myanmar (Burma)",Myanmar,MM,Asia,earthquake,1746552957,1746552464,0,,"20.11,96.45",2025-05-06 17:27:44,2025-05-06 23:57:44
17.0650000,96.1680000,10.0000,2.60,ml,,,,,,th_14249_202505061708,2025-05-06T17:08:12.000Z,"Yangon, Yangon Region, Myanmar (Burma)",Myanmar,MM,Asia,earthquake,1746552686,1746551292,0,,"17.07,96.17",2025-05-06 17:08:12,2025-05-06 23:38:12
20.8960000,96.2870000,10.0000,2.50,ml,,,,,,th_14248_202505061656,2025-05-06T16:56:50.000Z,"Pothanaing, Mandalay Region, Myanmar (Burma)",Myanmar,MM,Asia,earthquake,1746551482,1746550610,0,,"20.90,96.29",2025-05-06 16:56:50,2025-05-06 23:26:50
17.1420000,96.3040000,10.0000,3.70,ml,,,,,,th_14247_202505061625,2025-05-06T16:49:47.000Z,"Za Yet Kwin, Yangon Region, Myanmar (Burma)",Myanmar,MM,Asia,earthquake,1746549949,1746548740,0,,"17.14,96.30",2025-05-06 16:25:40,2025-05-06 22:55:40
19.6810000,96.3920000,10.0000,2.20,ml,,,,,,th_14246_202505061604,2025-05-06T16:04:28.000Z,"Teinpyaung Atet, Naypyidaw Union Territory, Myanmar (Burma)",Myanmar,MM,Asia,earthquake,1746548039,1746547468,0,,"19.68,96.39",2025-05-06 16:04:28,2025-05-06 22:34:28
17.1060000,96.2820000,10.0000,2.90,ml,,,,,,th_14245_202505061510,2025-05-06T15:10:18.000Z,"Za Yet Kwin, Yangon Region, Myanmar (Burma)",Myanmar,MM,Asia,earthquake,1746545091,1746544218,0,,"17.11,96.28",2025-05-06 15:10:18,2025-05-06 21:40:18
19.9680000,98.1590000,10.0000,3.10,ml,,,,,,th_14244_202505061441,2025-05-06T14:41:50.000Z,"Wan Hsa-mu, Shan, Myanmar (Burma)",Myanmar,MM,Asia,earthquake,1746542987,1746542510,0,,"19.97,98.16",2025-05-06 14:41:50,2025-05-06 21:11:50
20.5800000,94.6100000,10.0000,3.80,ml,,,,,,in_MFhIazZVYjZhc3BrZzQ0RXhoUXF6Zz09,2025-05-06T14:26:53.000Z,"Salin, Magway Region, Myanmar (Burma)",Myanmar,MM,Asia,earthquake,1746542072,1746541613,0,,"20.58,94.61",2025-05-06 14:26:53,2025-05-06 20:56:53
19.1780000,96.4560000,10.0000,2.30,ml,,,,,,th_14243_202505061341,2025-05-06T13:41:10.000Z,"Karenchaung, Bago Region, Myanmar (Burma)",Myanmar,MM,Asia,earthquake,1746539461,1746538870,0,,"19.18,96.46",2025-05-06 13:41:10,2025-05-06 20:11:10
19.8630000,97.8610000,10.0000,2.80,ml,,,,,,th_14242_202505061327,2025-05-06T13:27:04.000Z,"Ta Öngmu, Shan, Myanmar (Burma)",Myanmar,MM,Asia,earthquake,1746538595,1746538024,0,,"19.86,97.86",2025-05-06 13:27:04,2025-05-06 19:57:04
20.4080000,97.0200000,10.0000,2.20,ml,,,,,,th_14241_202505060943,2025-05-06T09:43:53.000Z,"Nampan, Shan, Myanmar (Burma)",Myanmar,MM,Asia,earthquake,1746532698,1746524633,0,,"20.41,97.02",2025-05-06 09:43:53,2025-05-06 16:13:53
19.6530000,96.2240000,10.0000,2.60,ml,,,,,,th_14240_202505060649,2025-05-06T06:49:06.000Z,"Hpya-ling, Shan, Myanmar (Burma)",Myanmar,MM,Asia,earthquake,1746514671,1746514146,1,,"20.95,97.20",2025-05-06 06:49:06,2025-05-06 13:19:06
20.2700000,98.0890000,10.0000,2.00,ml,,,,,,th_14239_202505060617,2025-05-06T06:17:04.000Z,"Chueh Chu, Shan, Myanmar (Burma)",Myanmar,MM,Asia,earthquake,1746513097,1746512224,0,,"20.27,98.09",2025-05-06 06:17:04,2025-05-06 12:47:04
20.2400000,98.0720000,10.0000,2.30,ml,,,,,,th_14238_202505060615,2025-05-06T06:15:38.000Z,"Chueh Chu, Shan, Myanmar (Burma)",Myanmar,MM,Asia,earthquake,1746512743,1746512138,0,,"20.24,98.07",2025-05-06 06:15:38,2025-05-06 12:45:38
22.2160000,96.8870000,10.0000,3.30,ml,,,,,,th_14237_202505060341,2025-05-06T03:41:53.000Z,"Kan Gyi, Shan, Myanmar (Burma)",Myanmar,MM,Asia,earthquake,1746503532,1746502913,0,,"22.22,96.89",2025-05-06 03:41:53,2025-05-06 10:11:53
20.0710000,97.8800000,10.0000,2.40,ml,,,,,,th_14236_202505060108,2025-05-06T01:08:02.000Z,"Wan Kongpao, Shan, Myanmar (Burma)",Myanmar,MM,Asia,earthquake,1746494344,1746493682,0,,"20.07,97.88",2025-05-06 01:08:02,2025-05-06 07:38:02
20.2700000,97.6570000,10.0000,2.40,ml,,,,,,th_14235_202505060011,2025-05-06T00:11:21.000Z,"Mawkmai, Shan, Myanmar (Burma)",Myanmar,MM,Asia,earthquake,1746490689,1746490281,0,,"20.27,97.66",2025-05-06 00:11:21,2025-05-06 06:41:21
18.7700000,96.4540000,10.0000,2.60,ml,,,,,,th_14234_202505052102,2025-05-05T21:02:07.000Z,"Bomari, Bago Region, Myanmar (Burma)",Myanmar,MM,Asia,earthquake,1746480227,1746478927,0,,"18.77,96.45",2025-05-05 21:02:07,2025-05-06 03:32:07
19.9710000,96.2650000,10.0000,2.50,ml,,,,,,th_14233_202505052058,2025-05-05T20:58:49.000Z,"Tegon, Naypyidaw Union Territory, Myanmar (Burma)",Myanmar,MM,Asia,earthquake,1746480011,1746478729,0,,"19.97,96.27",2025-05-05 20:58:49,2025-05-06 03:28:49
19.4210000,97.7680000,10.0000,1.60,ml,,,,,,th_14232_202505051939,2025-05-05T19:39:24.000Z,"Hwè-yao, Kayah State, Myanmar (Burma)",Myanmar,MM,Asia,earthquake,1746474459,1746473964,0,,"19.42,97.77",2025-05-05 19:39:24,2025-05-06 02:09:24
19.4140000,96.3180000,10.0000,2.10,ml,,,,,,th_14229_202505051825,2025-05-05T18:25:41.000Z,"Wayonle, Bago Region, Myanmar (Burma)",Myanmar,MM,Asia,earthquake,1746470321,1746469541,0,,"19.41,96.32",2025-05-05 18:25:41,2025-05-06 00:55:41
18.9470000,96.2560000,10.0000,2.20,ml,,,,,,th_14228_202505051822,2025-05-05T18:22:58.000Z,"Gyihauk, Bago Region, Myanmar (Burma)",Myanmar,MM,Asia,earthquake,1746470274,1746469378,0,,"18.95,96.26",2025-05-05 18:22:58,2025-05-06 00:52:58
26.9900000,96.4700000,13.0000,3.50,ml,,,,,,in_UVA3cVE1RVV3Mm9xTnRmVEhzN2IwQT09,2025-05-05T15:14:48.000Z,"Gedu Ga, Kachin, Myanmar (Burma)",Myanmar,MM,Asia,earthquake,1746457723,1746457258,0,,"26.99,96.47",2025-05-05 15:00:58,2025-05-05 21:30:58
18.7720000,96.4430000,10.0000,2.50,ml,,,,,,th_14226_202505051455,2025-05-05T14:55:30.000Z,"Bomari, Bago Region, Myanmar (Burma)",Myanmar,MM,Asia,earthquake,1746457252,1746456930,0,,"18.77,96.44",2025-05-05 14:55:30,2025-05-05 21:25:30
20.0370000,97.8880000,10.0000,2.10,ml,,,,,,th_14225_202505051451,2025-05-05T14:51:57.000Z,"Wan Kongpao, Shan, Myanmar (Burma)",Myanmar,MM,Asia,earthquake,1746457032,1746456717,0,,"20.04,97.89",2025-05-05 14:51:57,2025-05-05 21:21:57
18.8180000,96.9870000,10.0000,1.90,ml,,,,,,th_14224_202505051228,2025-05-05T12:28:28.000Z,"Hoki, Kayin State, Myanmar (Burma)",Myanmar,MM,Asia,earthquake,1746449929,1746448108,0,,"18.82,96.99",2025-05-05 12:28:28,2025-05-05 18:58:28
19.2580000,96.3490000,10.0000,2.90,ml,,,,,,th_14223_202505050151,2025-05-05T01:51:48.000Z,"Sibaing, Bago Region, Myanmar (Burma)",Myanmar,MM,Asia,earthquake,1746410765,1746409908,0,,"19.26,96.35",2025-05-05 01:51:48,2025-05-05 08:21:48
24.5800000,94.8600000,70.0000,3.70,ml,,,,,,in_bGtPZnBRckxuNm15ZCtxUVg4c2ZvUT09,2025-05-05T01:28:34.000Z,"Myene, Sagaing Region, Myanmar (Burma)",Myanmar,MM,Asia,earthquake,1746408225,1746407515,0,,"24.58,94.86",2025-05-05 01:11:55,2025-05-05 07:41:55
19.9400000,97.7470000,5.0000,2.90,ml,,,,,,th_14222_202505042339,2025-05-04T23:39:34.000Z,"Wan Hwè-ya-yung, Shan, Myanmar (Burma)",Myanmar,MM,Asia,earthquake,1746403248,1746401974,0,,"19.94,97.75",2025-05-04 23:39:34,2025-05-05 06:09:34
22.9878000,95.6631000,10.0000,4.80,ml,,,,,,in_L0hZR2k4RVkrU0VUUXNjeENmOSsydz09,2025-05-05T06:42:10.000Z,"Bugon, Sagaing Region, Myanmar (Burma)",Myanmar,MM,Asia,earthquake,1746402052,1746401597,0,,"23.07,95.52",2025-05-04 23:33:17,2025-05-05 06:03:17
19.9400000,97.6190000,5.0000,2.80,ml,,,,,,th_14220_202505042324,2025-05-04T23:24:57.000Z,"Mai-hsa-se, Shan, Myanmar (Burma)",Myanmar,MM,Asia,earthquake,1746401296,1746401097,0,,"19.94,97.62",2025-05-04 23:24:57,2025-05-05 05:54:57
19.6520000,97.8790000,5.0000,2.40,ml,,,,,,th_14219_202505042258,2025-05-04T22:58:12.000Z,"Kiu-neng, Shan, Myanmar (Burma)",Myanmar,MM,Asia,earthquake,1746399743,1746399492,0,,"19.65,97.88",2025-05-04 22:58:12,2025-05-05 05:28:12
20.0760000,98.0670000,10.0000,2.20,ml,,,,,,th_14217_202505042143,2025-05-04T21:43:28.000Z,"Üng-yao, Shan, Myanmar (Burma)",Myanmar,MM,Asia,earthquake,1746395829,1746395008,0,,"20.08,98.07",2025-05-04 21:43:28,2025-05-05 04:13:28
19.9450000,97.7340000,10.0000,2.20,ml,,,,,,th_14215_202505041933,2025-05-04T19:33:03.000Z,"Wan Hwè-ya-yung, Shan, Myanmar (Burma)",Myanmar,MM,Asia,earthquake,1746388062,1746387183,0,,"19.95,97.73",2025-05-04 19:33:03,2025-05-05 02:03:03
19.7910000,96.9820000,10.0000,2.40,ml,,,,,,th_14214_202505041904,2025-05-04T19:04:02.000Z,"Engla, Shan, Myanmar (Burma)",Myanmar,MM,Asia,earthquake,1746386979,1746385442,0,,"19.79,96.98",2025-05-04 19:04:02,2025-05-05 01:34:02
20.1070000,97.8380000,2.0000,3.00,ml,,,,,,th_14213_202505041753,2025-05-04T17:53:13.000Z,"Wan Kongpao, Shan, Myanmar (Burma)",Myanmar,MM,Asia,earthquake,1746381705,1746381193,0,,"20.11,97.84",2025-05-04 17:53:13,2025-05-05 00:23:13
19.8420000,97.8510000,5.0000,2.20,ml,,,,,,th_14218_202505041740,2025-05-04T17:40:09.000Z,"Wan Hwè-ya-yung, Shan, Myanmar (Burma)",Myanmar,MM,Asia,earthquake,1746395913,1746380409,0,,"19.84,97.85",2025-05-04 17:40:09,2025-05-05 00:10:09
19.2170000,96.4560000,16.0000,2.20,ml,,,,,,th_14212_202505041550,2025-05-04T15:50:45.000Z,"Hnawpin, Bago Region, Myanmar (Burma)",Myanmar,MM,Asia,earthquake,1746374408,1746373845,0,,"19.22,96.46",2025-05-04 15:50:45,2025-05-04 22:20:45
18.0950000,95.3070000,76.0000,2.90,ml,,,,,,th_14211_202505041459,2025-05-04T14:59:49.000Z,"Kongyi, Ayeyarwady, Myanmar (Burma)",Myanmar,MM,Asia,earthquake,1746371299,1746370789,0,,"18.10,95.31",2025-05-04 14:59:49,2025-05-04 21:29:49
18.1100000,95.1900000,80.0000,3.10,ml,,,,,,th_14210_202505041404,2025-05-04T14:04:48.000Z,"Hngetkyiwin, Ayeyarwady, Myanmar (Burma)",Myanmar,MM,Asia,earthquake,1746368012,1746367488,0,,"18.11,95.19",2025-05-04 14:04:48,2025-05-04 20:34:48
21.6100000,94.4700000,90.0000,3.90,ml,,,,,,in_ODUzMGcyVThHZmxiSjhNK3ZINDBGUT09,2025-05-04T13:48:50.000Z,"Zee Pyar, Magway Region, Myanmar (Burma)",Myanmar,MM,Asia,earthquake,1746367849,1746366530,0,,"21.61,94.47",2025-05-04 13:48:50,2025-05-04 20:18:50
19.8390000,97.9340000,1.0000,1.70,ml,,,,,,th_14209_202505041230,2025-05-04T12:30:01.000Z,"Pang Tae Waet, Shan, Myanmar (Burma)",Myanmar,MM,Asia,earthquake,1746362032,1746361801,0,,"19.84,97.93",2025-05-04 12:30:01,2025-05-04 19:00:01
19.9360000,97.9460000,10.0000,2.20,ml,,,,,,th_14208_202505041158,2025-05-04T11:58:58.000Z,"Ta Ho-pong, Shan, Myanmar (Burma)",Myanmar,MM,Asia,earthquake,1746360487,1746359938,1,,"19.94,97.95",2025-05-04 11:58:58,2025-05-04 18:28:58
19.4400000,96.3320000,10.0000,2.50,ml,,,,,,th_14207_202505041154,2025-05-04T11:54:35.000Z,"Wayonle, Bago Region, Myanmar (Burma)",Myanmar,MM,Asia,earthquake,1746360389,1746359675,0,,"19.44,96.33",2025-05-04 11:54:35,2025-05-04 18:24:35
19.7830000,96.4770000,10.0000,2.50,ml,,,,,,th_14206_202505041149,2025-05-04T11:49:22.000Z,"Saungdaung Anauk, Naypyidaw Union Territory, Myanmar (Burma)",Myanmar,MM,Asia,earthquake,1746360240,1746359362,0,,"19.78,96.48",2025-05-04 11:49:22,2025-05-04 18:19:22
20.6710000,97.8170000,1.0000,2.60,ml,,,,,,th_14205_202505041005,2025-05-04T10:05:35.000Z,"Hai Hpak, Shan, Myanmar (Burma)",Myanmar,MM,Asia,earthquake,1746354780,1746353135,0,,"20.67,97.82",2025-05-04 10:05:35,2025-05-04 16:35:35
19.9320000,97.7770000,2.0000,2.70,ml,,,,,,th_14204_202505040813,2025-05-04T08:13:34.000Z,"Wan Hwè-ya-yung, Shan, Myanmar (Burma)",Myanmar,MM,Asia,earthquake,1746346621,1746346414,0,,"19.93,97.78",2025-05-04 08:13:34,2025-05-04 14:43:34
20.0970000,97.8830000,1.0000,2.90,ml,,,,,,th_14203_202505040158,2025-05-04T01:58:50.000Z,"Shan, Myanmar (Burma)",Myanmar,MM,Asia,earthquake,1746324314,1746323930,1,,"20.10,97.88",2025-05-04 01:58:50,2025-05-04 08:28:50
18.9170000,97.5050000,2.0000,2.10,ml,,,,,,th_14202_202505040015,2025-05-04T00:15:02.000Z,"Loi Mun, Kayah State, Myanmar (Burma)",Myanmar,MM,Asia,earthquake,1746318244,1746317702,0,,"18.92,97.51",2025-05-04 00:15:02,2025-05-04 06:45:02
21.7770000,96.2420000,10.0000,3.40,ml,,,,,,th_14198_202505032015,2025-05-03T20:15:11.000Z,"Thon-Daung-Ywa-Ma, Mandalay Region, Myanmar (Burma)",Myanmar,MM,Asia,earthquake,1746303634,1746303311,0,,"21.78,96.24",2025-05-03 20:15:11,2025-05-04 02:45:11
22.0350000,96.4960000,10.0000,2.90,ml,,,,,,th_14197_202505031839,2025-05-03T18:39:24.000Z,"Pyin Oo Lwin, Mandalay Region, Myanmar (Burma)",Myanmar,MM,Asia,earthquake,1746297865,1746297564,0,,"22.04,96.50",2025-05-03 18:39:24,2025-05-04 01:09:24
19.9650000,97.6670000,7.0000,2.50,ml,,,,,,th_14196_202505031447,2025-05-03T14:47:53.000Z,"Wan Panglu, Shan, Myanmar (Burma)",Myanmar,MM,Asia,earthquake,1746283947,1746283673,0,,"19.97,97.67",2025-05-03 14:47:53,2025-05-03 21:17:53
20.0340000,97.8980000,10.0000,2.00,ml,,,,,,th_14195_202505031443,2025-05-03T14:43:13.000Z,"Wan Kongpao, Shan, Myanmar (Burma)",Myanmar,MM,Asia,earthquake,1746283754,1746283393,1,,"20.03,97.90",2025-05-03 14:43:13,2025-05-03 21:13:13
19.9870000,97.9700000,10.0000,2.00,ml,,,,,,th_14194_202505031210,2025-05-03T12:10:00.000Z,"Ta Ho-pong, Shan, Myanmar (Burma)",Myanmar,MM,Asia,earthquake,1746274516,1746274200,1,,"19.99,97.97",2025-05-03 12:10:00,2025-05-03 18:40:00
19.2390000,96.2050000,10.0000,3.10,ml,,,,,,th_14193_202505031159,2025-05-03T11:59:01.000Z,"Baungdok, Bago Region, Myanmar (Burma)",Myanmar,MM,Asia,earthquake,1746273937,1746273541,0,,"19.24,96.21",2025-05-03 11:59:01,2025-05-03 18:29:01
19.2530000,96.2340000,10.0000,2.40,ml,,,,,,th_14192_202505031143,2025-05-03T11:43:05.000Z,"Swar, Bago Region, Myanmar (Burma)",Myanmar,MM,Asia,earthquake,1746272918,1746272585,0,,"19.25,96.23",2025-05-03 11:43:05,2025-05-03 18:13:05
18.7190000,96.4020000,10.0000,2.40,ml,,,,,,th_14190_202505030959,2025-05-03T09:59:38.000Z,"Kywebwe, Bago Region, Myanmar (Burma)",Myanmar,MM,Asia,earthquake,1746266839,1746266378,0,,"18.72,96.40",2025-05-03 09:59:38,2025-05-03 16:29:38
19.1650000,97.1100000,10.0000,2.30,ml,,,,,,th_14189_202505030915,2025-05-03T09:15:58.000Z,"He-sa-hku, Kayah State, Myanmar (Burma)",Myanmar,MM,Asia,earthquake,1746266794,1746263758,0,,"19.17,97.11",2025-05-03 09:15:58,2025-05-03 15:45:58
19.2350000,96.3830000,10.0000,2.60,ml,,,,,,th_14188_202505030600,2025-05-03T06:00:30.000Z,"Sibaing, Bago Region, Myanmar (Burma)",Myanmar,MM,Asia,earthquake,1746252385,1746252030,0,,"19.24,96.38",2025-05-03 06:00:30,2025-05-03 12:30:30
19.7350000,96.2190000,10.0000,2.80,ml,,,,,,th_14186_202505030117,2025-05-03T01:17:00.000Z,"Pyinmana, Naypyidaw Union Territory, Myanmar (Burma)",Myanmar,MM,Asia,earthquake,1746235396,1746235020,0,,"19.74,96.22",2025-05-03 01:17:00,2025-05-03 07:47:00
20.8820000,98.6700000,10.0000,2.60,ml,,,,,,th_14184_202505022009,2025-05-02T20:09:41.000Z,"Möng Pu, Shan, Myanmar (Burma)",Myanmar,MM,Asia,earthquake,1746217101,1746216581,0,,"20.88,98.67",2025-05-02 20:09:41,2025-05-03 02:39:41
19.0640000,96.4460000,10.0000,3.00,ml,,,,,,th_14183_202505022003,2025-05-02T20:03:59.000Z,"Kaytumati, Bago Region, Myanmar (Burma)",Myanmar,MM,Asia,earthquake,1746217048,1746216239,0,,"19.06,96.45",2025-05-02 20:03:59,2025-05-03 02:33:59
20.0470000,97.9370000,10.0000,1.60,ml,,,,,,th_14180_202505021749,2025-05-02T17:49:20.000Z,"Wan Kongpao, Shan, Myanmar (Burma)",Myanmar,MM,Asia,earthquake,1746208443,1746208160,0,,"20.05,97.94",2025-05-02 17:49:20,2025-05-03 00:19:20
21.6670000,96.5270000,10.0000,2.80,ml,,,,,,th_14179_202505021733,2025-05-02T17:33:18.000Z,"Gwebin, Mandalay Region, Myanmar (Burma)",Myanmar,MM,Asia,earthquake,1746208272,1746207198,0,,"21.67,96.53",2025-05-02 17:33:18,2025-05-03 00:03:18
19.8270000,97.9860000,10.0000,1.40,ml,,,,,,th_14178_202505021733,2025-05-02T17:33:01.000Z,"Pang Tae Waet, Shan, Myanmar (Burma)",Myanmar,MM,Asia,earthquake,1746208083,1746207181,0,,"19.83,97.99",2025-05-02 17:33:01,2025-05-03 00:03:01
17.2200000,96.1510000,10.0000,3.10,ml,,,,,,th_14177_202505021515,2025-05-02T15:15:51.000Z,"Si Sone Kone, Yangon Region, Myanmar (Burma)",Myanmar,MM,Asia,earthquake,1746199609,1746198951,0,,"17.22,96.15",2025-05-02 15:15:51,2025-05-02 21:45:51
22.0170000,96.8960000,10.0000,2.70,ml,,,,,,th_14176_202505021441,2025-05-02T14:41:09.000Z,"Nam-maw-lon, Shan, Myanmar (Burma)",Myanmar,MM,Asia,earthquake,1746198251,1746196869,0,,"22.02,96.90",2025-05-02 14:41:09,2025-05-02 21:11:09
21.9600000,96.2800000,10.0000,4.00,ml,,,,,,ems_202505_1803105,2025-05-02T11:21:40.000Z,"Thon-Daung-Ywa-Ma, Mandalay Region, Myanmar (Burma)",Myanmar,MM,Asia,earthquake,1746184914,1746183844,0,,"21.96,96.28",2025-05-02 11:04:04,2025-05-02 17:34:04
18.7570000,96.6040000,10.0000,2.10,ml,,,,,,th_14174_202505020717,2025-05-02T07:17:27.000Z,"Alesengyaung, Kayin State, Myanmar (Burma)",Myanmar,MM,Asia,earthquake,1746170565,1746170247,0,,"18.76,96.60",2025-05-02 07:17:27,2025-05-02 13:47:27
18.8080000,96.6540000,10.0000,2.60,ml,,,,,,th_14173_202505020355,2025-05-02T03:55:56.000Z,"Alesengyaung, Kayin State, Myanmar (Burma)",Myanmar,MM,Asia,earthquake,1746160089,1746158156,0,,"18.81,96.65",2025-05-02 03:55:56,2025-05-02 10:25:56
21.8620000,96.3880000,10.0000,3.90,ml,,,,,,th_14171_202505020153,2025-05-02T02:07:42.000Z,"Pyin Sar, Mandalay Region, Myanmar (Burma)",Myanmar,MM,Asia,earthquake,1746151388,1746150780,0,,"21.86,96.39",2025-05-02 01:53:00,2025-05-02 08:23:00
18.6270000,96.4240000,10.0000,2.00,ml,,,,,,th_14170_202505012016,2025-05-01T20:16:56.000Z,"Nyaung Chay Htauk, Bago Region, Myanmar (Burma)",Myanmar,MM,Asia,earthquake,1746130967,1746130616,0,,"18.63,96.42",2025-05-01 20:16:56,2025-05-02 02:46:56
20.9630000,96.3300000,10.0000,3.10,ml,,,,,,th_14169_202505011950,2025-05-01T19:50:44.000Z,"Patchaung, Shan, Myanmar (Burma)",Myanmar,MM,Asia,earthquake,1746129589,1746129044,0,,"20.96,96.33",2025-05-01 19:50:44,2025-05-02 02:20:44
18.8810000,95.5970000,10.0000,2.90,ml,,,,,,th_14167_202505011603,2025-05-01T16:03:16.000Z,"Kywetabaung, Bago Region, Myanmar (Burma)",Myanmar,MM,Asia,earthquake,1746115817,1746115396,0,,"18.88,95.60",2025-05-01 16:03:16,2025-05-01 22:33:16
21.8820000,96.3460000,5.0000,3.20,ml,,,,,,th_14166_202505011544,2025-05-01T15:44:24.000Z,"Yatanarpon Cyber City, Mandalay Region, Myanmar (Burma)",Myanmar,MM,Asia,earthquake,1746115090,1746114264,0,,"21.88,96.35",2025-05-01 15:44:24,2025-05-01 22:14:24
19.1930000,96.1420000,10.0000,2.20,ml,,,,,,th_14165_202505011510,2025-05-01T15:10:54.000Z,"Mayogon, Bago Region, Myanmar (Burma)",Myanmar,MM,Asia,earthquake,1746112639,1746112254,0,,"19.19,96.14",2025-05-01 15:10:54,2025-05-01 21:40:54
19.9190000,96.1370000,10.0000,2.30,ml,,,,,,th_14164_202505011436,2025-05-01T14:36:46.000Z,"Pobba Thiri, Naypyidaw Union Territory, Myanmar (Burma)",Myanmar,MM,Asia,earthquake,1746110861,1746110206,0,,"19.92,96.14",2025-05-01 14:36:46,2025-05-01 21:06:46
19.2310000,96.5120000,10.0000,2.10,ml,,,,,,th_14162_202505011401,2025-05-01T14:01:27.000Z,"Pebo, Kayin State, Myanmar (Burma)",Myanmar,MM,Asia,earthquake,1746108383,1746108087,0,,"19.23,96.51",2025-05-01 14:01:27,2025-05-01 20:31:27
19.2100000,96.4020000,10.0000,2.30,ml,,,,,,th_14161_202505011310,2025-05-01T13:10:12.000Z,"Hnawpin, Bago Region, Myanmar (Burma)",Myanmar,MM,Asia,earthquake,1746105392,1746105012,1,,"19.21,96.40",2025-05-01 13:10:12,2025-05-01 19:40:12
23.2300000,94.0800000,30.0000,3.40,ml,,,,,,in_NmxEcTRvWUZVenhranlyTHZrLzI1UT09,2025-05-01T08:21:31.000Z,"Kale, Chin State, Myanmar (Burma)",Myanmar,MM,Asia,earthquake,1746087305,1746086852,0,,"23.23,94.08",2025-05-01 08:07:32,2025-05-01 14:37:32
20.2950000,96.1150000,10.0000,3.30,ml,,,,,,th_14159_202505010641,2025-05-01T06:41:48.000Z,"Inbingyi, Mandalay Region, Myanmar (Burma)",Myanmar,MM,Asia,earthquake,1746083128,1746081708,0,,"20.30,96.12",2025-05-01 06:41:48,2025-05-01 13:11:48
20.9930000,99.0430000,10.0000,2.50,ml,,,,,,th_14158_202505010538,2025-05-01T05:38:17.000Z,"Mongkyet, Shan, Myanmar (Burma)",Myanmar,MM,Asia,earthquake,1746078262,1746077897,0,,"20.99,99.04",2025-05-01 05:38:17,2025-05-01 12:08:17
20.7360000,96.9510000,10.0000,3.10,ml,,,,,,th_14157_202505010515,2025-05-01T05:15:18.000Z,"Ayetharyar, Shan, Myanmar (Burma)",Myanmar,MM,Asia,earthquake,1746076874,1746076518,0,,"20.74,96.95",2025-05-01 05:15:18,2025-05-01 11:45:18
20.7930000,96.1460000,10.0000,3.00,ml,,,,,,th_14341_202505132335,2025-05-13T23:35:26.000Z,"Hlaingdet, Mandalay Region, Myanmar (Burma)",Myanmar,MM,Asia,earthquake,1747179645,1747179326,0,,"20.79,96.15",2025-05-13 23:35:26,2025-05-14 06:05:26
19.6670000,96.2100000,10.0000,3.60,ml,,,,,,th_14340_202505132245,2025-05-13T22:56:37.000Z,"Wetkamu, နေပြည်တော် ပြည်တောင်စုနယ်မြေ, Myanmar (Burma)",Myanmar,MM,Asia,earthquake,1747176725,1747176346,0,,"19.67,96.21",2025-05-13 22:45:46,2025-05-14 05:15:46
21.7890000,96.3310000,10.0000,3.50,ml,,,,,,th_14338_202505132021,2025-05-13T20:35:54.000Z,"Thon-Daung-Ywa-Ma, Mandalay Region, Myanmar (Burma)",Myanmar,MM,Asia,earthquake,1747168507,1747167686,1,,"21.79,96.33",2025-05-13 20:21:26,2025-05-14 02:51:26
20.2120000,96.4950000,3.0000,2.70,ml,,,,,,th_14337_202505131808,2025-05-13T18:08:07.000Z,Yamethin Township,Myanmar - China Border Region,MM,Asia,earthquake,1747160010,1747159687,0,,"20.21,96.50",2025-05-13 18:08:07,2025-05-14 00:38:07
17.7940000,97.5720000,2.0000,2.60,ml,,,,,,th_14336_202505131718,2025-05-13T17:18:59.000Z,"Bawkawkhi, Kayin State, Myanmar (Burma)",Myanmar,MM,Asia,earthquake,1747157294,1747156739,0,,"17.79,97.57",2025-05-13 17:18:59,2025-05-13 23:48:59
18.9610000,96.3940000,10.0000,2.10,ml,,,,,,th_14335_202505131636,2025-05-13T16:36:40.000Z,"Taungoo, Bago Region, Myanmar (Burma)",Myanmar,MM,Asia,earthquake,1747154518,1747154200,0,,"18.96,96.39",2025-05-13 16:36:40,2025-05-13 23:06:40
18.4870000,96.2840000,10.0000,2.60,ml,,,,,,th_14334_202505131136,2025-05-13T11:36:23.000Z,"Kayuchaung, Bago Region, Myanmar (Burma)",Myanmar,MM,Asia,earthquake,1747136617,1747136183,0,,"18.49,96.28",2025-05-13 11:36:23,2025-05-13 18:06:23
22.1400000,96.3110000,2.0000,3.90,ml,,,,,,th_14333_202505130641,2025-05-13T06:56:40.000Z,"Daw-wa-kyaung, Mandalay Region, Myanmar (Burma)",Myanmar,MM,Asia,earthquake,1747119092,1747118515,0,,"22.14,96.31",2025-05-13 06:41:55,2025-05-13 13:11:55
21.8190000,96.4160000,10.0000,3.80,ml,,,,,,th_14330_202505122321,2025-05-12T23:42:39.000Z,"Shwegyaung, Mandalay Region, Myanmar (Burma)",Myanmar,MM,Asia,earthquake,1747093051,1747092117,0,,"21.82,96.42",2025-05-12 23:21:57,2025-05-13 05:51:57
18.8890000,97.3330000,1.0000,1.50,ml,,,,,,th_14329_202505122010,2025-05-12T20:10:19.000Z,"Hpasawng, Kayah State, Myanmar (Burma)",Myanmar,MM,Asia,earthquake,1747082292,1747080619,0,,"18.89,97.33",2025-05-12 20:10:19,2025-05-13 02:40:19
18.8390000,96.3600000,10.0000,2.90,ml,,,,,,th_14327_202505121953,2025-05-12T19:53:48.000Z,"Oktwin, Bago Region, Myanmar (Burma)",Myanmar,MM,Asia,earthquake,1747080352,1747079628,0,,"18.84,96.36",2025-05-12 19:53:48,2025-05-13 02:23:48
18.8880000,96.3750000,10.0000,2.80,ml,,,,,,th_14326_202505121949,2025-05-12T19:49:00.000Z,"Taungoo, Bago Region, Myanmar (Burma)",Myanmar,MM,Asia,earthquake,1747079792,1747079340,0,,"18.89,96.38",2025-05-12 19:49:00,2025-05-13 02:19:00
21.7300000,96.2890000,10.0000,3.90,ml,,,,,,th_14323_202505121824,2025-05-12T18:35:36.000Z,"Hngetkyithaik, Mandalay Region, Myanmar (Burma)",Myanmar,MM,Asia,earthquake,1747074712,1747074268,0,,"21.73,96.29",2025-05-12 18:24:28,2025-05-13 00:54:28
20.8620000,96.9880000,10.0000,2.50,ml,,,,,,th_14322_202505121720,2025-05-12T17:20:28.000Z,"taungni, Shan, Myanmar (Burma)",Myanmar,MM,Asia,earthquake,1747071078,1747070428,0,,"20.86,96.99",2025-05-12 17:20:28,2025-05-12 23:50:28
19.7070000,96.2480000,10.0000,2.60,ml,,,,,,th_14321_202505121346,2025-05-12T13:46:29.000Z,"Pwetseikkon, နေပြည်တော် ပြည်တောင်စုနယ်မြေ, Myanmar (Burma)",Myanmar,MM,Asia,earthquake,1747058303,1747057589,0,,"19.71,96.25",2025-05-12 13:46:29,2025-05-12 20:16:29
20.6200000,96.5350000,10.0000,2.40,ml,,,,,,th_14320_202505121342,2025-05-12T13:42:51.000Z,"Kalaw, Shan, Myanmar (Burma)",Myanmar,MM,Asia,earthquake,1747058253,1747057371,0,,"20.62,96.54",2025-05-12 13:42:51,2025-05-12 20:12:51
19.7060000,96.1970000,10.0000,2.90,ml,,,,,,th_14319_202505121332,2025-05-12T13:32:05.000Z,"Naypyidaw Union Territory, Myanmar (Burma)",Myanmar,MM,Asia,earthquake,1747057047,1747056725,1,,"19.71,96.20",2025-05-12 13:32:05,2025-05-12 20:02:05
20.9560000,96.3610000,10.0000,3.80,ml,,,,,,th_14318_202505120320,2025-05-12T03:35:37.000Z,"Patchaung, Shan, Myanmar (Burma)",Myanmar,MM,Asia,earthquake,1747020715,1747020027,0,,"20.96,96.36",2025-05-12 03:20:27,2025-05-12 09:50:27
20.9300000,96.5690000,10.0000,3.00,ml,,,,,,th_14317_202505120251,2025-05-12T02:51:53.000Z,"Nyaungbingwa, Shan, Myanmar (Burma)",Myanmar,MM,Asia,earthquake,1747018835,1747018313,0,,"20.93,96.57",2025-05-12 02:51:53,2025-05-12 09:21:53
20.0250000,96.3060000,10.0000,4.00,ml,,,,,,ems_202505_1807159,2025-05-11T23:56:36.000Z,"Setkon, Naypyidaw Union Territory, Myanmar (Burma)",Myanmar,MM,Asia,earthquake,1747007805,1747006960,0,,"20.03,96.31",2025-05-11 23:42:40,2025-05-12 06:12:40
19.1120000,96.4580000,9.0000,3.20,ml,,,,,,th_14315_202505112131,2025-05-11T21:31:01.000Z,"Karenchaung, Bago Region, Myanmar (Burma)",Myanmar,MM,Asia,earthquake,1746999452,1746999061,1,,"19.11,96.46",2025-05-11 21:31:01,2025-05-12 04:01:01
20.1260000,98.0400000,10.0000,2.40,ml,,,,,,th_14314_202505111731,2025-05-11T17:31:54.000Z,"Üng-yao, Shan, Myanmar (Burma)",Myanmar,MM,Asia,earthquake,1746985210,1746984714,0,,"20.13,98.04",2025-05-11 17:31:54,2025-05-12 00:01:54
20.0970000,97.7600000,10.0000,2.60,ml,,,,,,th_14313_202505111015,2025-05-11T10:15:46.000Z,"Wān Kongmakpin, Shan, Myanmar (Burma)",Myanmar,MM,Asia,earthquake,1746959010,1746958546,0,,"20.10,97.76",2025-05-11 10:15:46,2025-05-11 16:45:46
18.8740000,96.4530000,10.0000,3.00,ml,,,,,,th_14311_202505110840,2025-05-11T08:40:08.000Z,"Taungoo, Bago Region, Myanmar (Burma)",Myanmar,MM,Asia,earthquake,1746953798,1746952808,0,,"18.87,96.45",2025-05-11 08:40:08,2025-05-11 15:10:08
21.2640000,99.8890000,10.0000,2.80,ml,,,,,,th_14310_202505110227,2025-05-11T02:27:19.000Z,"Wan Hpaya-hkè, Shan, Myanmar (Burma)",Myanmar,MM,Asia,earthquake,1746930982,1746930439,1,,"21.26,99.89",2025-05-11 02:27:19,2025-05-11 08:57:19
20.3620000,98.0470000,10.0000,2.20,ml,,,,,,th_14309_202505110203,2025-05-11T02:03:58.000Z,"Langkho, Shan, Myanmar (Burma)",Myanmar,MM,Asia,earthquake,1746929426,1746929038,0,,"20.36,98.05",2025-05-11 02:03:58,2025-05-11 08:33:58
20.2780000,96.2300000,10.0000,2.60,ml,,,,,,th_14308_202505102127,2025-05-10T21:27:06.000Z,"Nyaung Lunt, Naypyidaw Union Territory, Myanmar (Burma)",Myanmar,MM,Asia,earthquake,1746913100,1746912426,0,,"20.28,96.23",2025-05-10 21:27:06,2025-05-11 03:57:06
21.7660000,96.3990000,10.0000,2.80,ml,,,,,,th_14307_202505102050,2025-05-10T20:50:32.000Z,"Thon-Daung-Ywa-Ma, Mandalay Region, Myanmar (Burma)",Myanmar,MM,Asia,earthquake,1746910921,1746910232,0,,"21.77,96.40",2025-05-10 20:50:32,2025-05-11 03:20:32
21.0120000,96.5440000,10.0000,2.80,ml,,,,,,th_14305_202505101911,2025-05-10T19:11:32.000Z,"Nyaungbingwa, Shan, Myanmar (Burma)",Myanmar,MM,Asia,earthquake,1746904549,1746904292,0,,"21.01,96.54",2025-05-10 19:11:32,2025-05-11 01:41:32
21.1310000,99.7450000,2.0000,2.90,ml,,,,,,th_14304_202505101840,2025-05-10T18:40:08.000Z,"Loi Pang Koi, Shan, Myanmar (Burma)",Myanmar,MM,Asia,earthquake,1746902724,1746902408,0,,"21.13,99.75",2025-05-10 18:40:08,2025-05-11 01:10:08
19.1840000,96.3710000,10.0000,2.90,ml,,,,,,th_14303_202505101636,2025-05-10T16:36:47.000Z,"Yedashe, Bago Region, Myanmar (Burma)",Myanmar,MM,Asia,earthquake,1746895276,1746895007,1,,"19.18,96.37",2025-05-10 16:36:47,2025-05-10 23:06:47
19.9910000,96.2810000,10.0000,2.40,ml,,,,,,th_14302_202505101628,2025-05-10T16:28:02.000Z,"Chaungbya, Naypyidaw Union Territory, Myanmar (Burma)",Myanmar,MM,Asia,earthquake,1746894862,1746894482,0,,"19.99,96.28",2025-05-10 16:28:02,2025-05-10 22:58:02
20.3500000,98.2350000,7.0000,4.00,ml,,,,,,ems_202505_1806624,2025-05-10T12:35:36.000Z,"Na-law, Shan, Myanmar (Burma)",Myanmar,MM,Asia,earthquake,1746880549,1746880169,0,,"20.35,98.24",2025-05-10 12:29:29,2025-05-10 18:59:29
21.6200000,96.3930000,10.0000,3.70,ml,,,,,,th_14300_202505101137,2025-05-10T11:49:35.000Z,"Gwebin, Mandalay Region, Myanmar (Burma)",Myanmar,MM,Asia,earthquake,1746877646,1746877027,0,,"21.62,96.39",2025-05-10 11:37:07,2025-05-10 18:07:07
19.2660000,96.2590000,10.0000,2.70,ml,,,,,,th_14299_202505101039,2025-05-10T10:39:18.000Z,"Swar, Bago Region, Myanmar (Burma)",Myanmar,MM,Asia,earthquake,1746873902,1746873558,0,,"19.27,96.26",2025-05-10 10:39:18,2025-05-10 17:09:18
18.8700000,96.4290000,10.0000,2.40,ml,,,,,,th_14297_202505100701,2025-05-10T07:01:58.000Z,"Taungoo, Bago Region, Myanmar (Burma)",Myanmar,MM,Asia,earthquake,1746860896,1746860518,0,,"18.87,96.43",2025-05-10 07:01:58,2025-05-10 13:31:58
18.0900000,96.1090000,10.0000,3.80,ml,,,,,,th_14296_202505100613,2025-05-10T06:22:04.000Z,"Foucar's, Bago Region, Myanmar (Burma)",Myanmar,MM,Asia,earthquake,1746857949,1746857621,0,,"18.09,96.11",2025-05-10 06:13:41,2025-05-10 12:43:41
20.0460000,97.8380000,10.0000,3.00,ml,,,,,,th_14295_202505100414,2025-05-10T04:14:54.000Z,"Wan Kongpao, Shan, Myanmar (Burma)",Myanmar,MM,Asia,earthquake,1746850835,1746850494,0,,"20.05,97.84",2025-05-10 04:14:54,2025-05-10 10:44:54
19.9960000,98.0390000,5.0000,2.30,ml,,,,,,th_14294_202505100246,2025-05-10T02:46:41.000Z,"Wan Konlang, Shan, Myanmar (Burma)",Myanmar,MM,Asia,earthquake,1746845705,1746845201,0,,"20.00,98.04",2025-05-10 02:46:41,2025-05-10 09:16:41
18.2790000,96.5880000,10.0000,2.50,ml,,,,,,th_14293_202505100157,2025-05-10T01:57:59.000Z,"Ingone, Bago Region, Myanmar (Burma)",Myanmar,MM,Asia,earthquake,1746842811,1746842279,0,,"18.28,96.59",2025-05-10 01:57:59,2025-05-10 08:27:59
20.0650000,98.0200000,10.0000,3.10,ml,,,,,,th_14292_202505100021,2025-05-10T00:21:38.000Z,"Wan Konlang, Shan, Myanmar (Burma)",Myanmar,MM,Asia,earthquake,1746836984,1746836498,0,,"20.07,98.02",2025-05-10 00:21:38,2025-05-10 06:51:38
19.1460000,96.3560000,10.0000,2.90,ml,,,,,,th_14291_202505091956,2025-05-09T19:56:05.000Z,"Yedashe, Bago Region, Myanmar (Burma)",Myanmar,MM,Asia,earthquake,1746821533,1746820565,0,,"19.15,96.36",2025-05-09 19:56:05,2025-05-10 02:26:05
19.7340000,96.5060000,10.0000,2.50,ml,,,,,,th_14290_202505091808,2025-05-09T18:08:25.000Z,"Saungdaung Anauk, Naypyidaw Union Territory, Myanmar (Burma)",Myanmar,MM,Asia,earthquake,1746821306,1746814105,0,,"19.73,96.51",2025-05-09 18:08:25,2025-05-10 00:38:25
20.6380000,99.8320000,10.0000,1.90,ml,,,,,,th_14289_202505091717,2025-05-09T17:17:42.000Z,"Wan Hsenhkampeng, Shan, Myanmar (Burma)",Myanmar,MM,Asia,earthquake,1746821179,1746811062,0,,"20.64,99.83",2025-05-09 17:17:42,2025-05-09 23:47:42
21.2790000,96.2570000,10.0000,3.10,ml,,,,,,th_14287_202505091346,2025-05-09T13:46:34.000Z,"Ywarkhainggyi, Mandalay Region, Myanmar (Burma)",Myanmar,MM,Asia,earthquake,1746800696,1746798394,1,,"21.28,96.26",2025-05-09 13:46:34,2025-05-09 20:16:34
24.7700000,95.2900000,110.0000,4.30,ml,,,,,,in_dGtvd01KL2lJWFNnQnVEM3ZpWFIxZz09,2025-05-09T13:49:34.000Z,"Nyaungbintha, Sagaing Region, Myanmar (Burma)",Myanmar,MM,Asia,earthquake,1746798568,1746797879,0,,"24.77,95.29",2025-05-09 13:37:59,2025-05-09 20:07:59
20.0220000,98.0340000,10.0000,1.90,ml,,,,,,th_14285_202505091146,2025-05-09T11:46:46.000Z,"Wan Konlang, Shan, Myanmar (Burma)",Myanmar,MM,Asia,earthquake,1746791694,1746791206,0,,"20.02,98.03",2025-05-09 11:46:46,2025-05-09 18:16:46
21.4700000,96.2580000,10.0000,3.10,ml,,,,,,th_14284_202505090858,2025-05-09T08:58:38.000Z,"Thanywa, Mandalay Region, Myanmar (Burma)",Myanmar,MM,Asia,earthquake,1746781953,1746781118,0,,"21.47,96.26",2025-05-09 08:58:38,2025-05-09 15:28:38
20.8734000,96.0433000,10.0000,4.40,mb,,,,,,in_aksrK0ZtS05EeG5EZzBPblBZRld5dz09,2025-05-09T14:58:53.000Z,"Thazi, Mandalay Region, Myanmar (Burma)",Myanmar,MM,Asia,earthquake,1746780668,1746779850,1,,"20.87,96.05",2025-05-09 08:37:30,2025-05-09 15:07:30
22.0220000,96.3870000,10.0000,3.60,ml,,,,,,th_14282_202505090832,2025-05-09T08:56:36.000Z,"Anesakhan, Mandalay Region, Myanmar (Burma)",Myanmar,MM,Asia,earthquake,1746780145,1746779555,0,,"22.02,96.39",2025-05-09 08:32:35,2025-05-09 15:02:35
18.1440000,96.7640000,10.0000,4.20,ml,,,,,,ems_202505_1806105,2025-05-09T00:56:35.000Z,"Bogata Auk, Bago Region, Myanmar (Burma)",Myanmar,MM,Asia,earthquake,1746752211,1746751689,0,,"18.14,96.76",2025-05-09 00:48:09,2025-05-09 07:18:09
21.7280000,96.2770000,10.0000,2.90,ml,,,,,,th_14279_202505082300,2025-05-08T23:00:34.000Z,"Hngetkyithaik, Mandalay Region, Myanmar (Burma)",Myanmar,MM,Asia,earthquake,1746745706,1746745234,0,,"21.73,96.28",2025-05-08 23:00:34,2025-05-09 05:30:34
19.6380000,96.1880000,10.0000,2.40,ml,,,,,,th_14278_202505082236,2025-05-08T22:36:33.000Z,"Magyigon, Naypyidaw Union Territory, Myanmar (Burma)",Myanmar,MM,Asia,earthquake,1746744264,1746743793,0,,"19.64,96.19",2025-05-08 22:36:33,2025-05-09 05:06:33
22.0470000,96.4050000,10.0000,3.10,ml,,,,,,th_14277_202505082026,2025-05-08T20:26:12.000Z,"Pyin Oo Lwin, Mandalay Region, Myanmar (Burma)",Myanmar,MM,Asia,earthquake,1746736902,1746735972,0,,"22.05,96.41",2025-05-08 20:26:12,2025-05-09 02:56:12
19.0520000,97.4290000,10.0000,1.70,ml,,,,,,th_14275_202505081900,2025-05-08T19:00:06.000Z,"Ho-hwè-ko-sa-pa, Kayah State, Myanmar (Burma)",Myanmar,MM,Asia,earthquake,1746731745,1746730806,0,,"19.05,97.43",2025-05-08 19:00:06,2025-05-09 01:30:06
19.8030000,96.4020000,10.0000,2.20,ml,,,,,,th_14274_202505081549,2025-05-08T15:49:31.000Z,"Kwedugyi, Naypyidaw Union Territory, Myanmar (Burma)",Myanmar,MM,Asia,earthquake,1746719756,1746719371,0,,"19.80,96.40",2025-05-08 15:49:31,2025-05-08 22:19:31
20.0460000,96.4250000,10.0000,2.30,ml,,,,,,th_14273_202505081532,2025-05-08T15:32:58.000Z,"Thalaing, Naypyidaw Union Territory, Myanmar (Burma)",Myanmar,MM,Asia,earthquake,1746719078,1746718378,0,,"20.05,96.43",2025-05-08 15:32:58,2025-05-08 22:02:58
23.1800000,94.0500000,10.0000,3.60,ml,,,,,,in_eE5uZG1qYmZjNmt0TnNwMkttdE12dz09,2025-05-08T14:21:42.000Z,"Kale, Sagaing Region, Myanmar (Burma)",Myanmar,MM,Asia,earthquake,1746713847,1746713167,0,,"23.18,94.05",2025-05-08 14:06:07,2025-05-08 20:36:07
21.5610000,96.2020000,10.0000,4.10,ml,,,,,,ems_202505_1805781,2025-05-08T08:00:37.000Z,"Kyaukse, Mandalay Region, Myanmar (Burma)",Myanmar,MM,Asia,earthquake,1746691249,1746689924,0,,"21.56,96.20",2025-05-08 07:38:44,2025-05-08 14:08:44
18.0890000,96.7330000,10.0000,2.40,ml,,,,,,th_14271_202505080232,2025-05-08T02:32:14.000Z,"Hinthawè, Bago Region, Myanmar (Burma)",Myanmar,MM,Asia,earthquake,1746672301,1746671534,0,,"18.09,96.73",2025-05-08 02:32:14,2025-05-08 09:02:14
20.9580000,96.3290000,10.0000,2.60,ml,,,,,,th_14268_202505072039,2025-05-07T20:39:31.000Z,"Patchaung, Shan, Myanmar (Burma)",Myanmar,MM,Asia,earthquake,1746650883,1746650371,1,,"20.96,96.33",2025-05-07 20:39:31,2025-05-08 03:09:31
19.3650000,96.5380000,10.0000,2.00,ml,,,,,,th_14267_202505071808,2025-05-07T18:08:08.000Z,"Amayadaung, Kayin State, Myanmar (Burma)",Myanmar,MM,Asia,earthquake,1746641944,1746641288,0,,"19.37,96.54",2025-05-07 18:08:08,2025-05-08 00:38:08
20.0390000,97.9400000,10.0000,1.50,ml,,,,,,th_14266_202505071733,2025-05-07T17:33:46.000Z,"Wan Kongpao, Shan, Myanmar (Burma)",Myanmar,MM,Asia,earthquake,1746639605,1746639226,0,,"20.04,97.94",2025-05-07 17:33:46,2025-05-08 00:03:46
17.4490000,96.2700000,10.0000,2.30,ml,,,,,,th_14265_202505071720,2025-05-07T17:20:07.000Z,"Wanetkon, Yangon Region, Myanmar (Burma)",Myanmar,MM,Asia,earthquake,1746638924,1746638407,0,,"17.45,96.27",2025-05-07 17:20:07,2025-05-07 23:50:07
21.7020000,96.3250000,10.0000,3.00,ml,,,,,,th_14264_202505071600,2025-05-07T16:00:22.000Z,"Hngetkyithaik, Mandalay Region, Myanmar (Burma)",Myanmar,MM,Asia,earthquake,1746637232,1746633622,0,,"21.70,96.33",2025-05-07 16:00:22,2025-05-07 22:30:22
20.9670000,98.0900000,10.0000,2.10,ml,,,,,,th_14263_202505071550,2025-05-07T15:50:01.000Z,"Tatpük, Shan, Myanmar (Burma)",Myanmar,MM,Asia,earthquake,1746633711,1746633001,0,,"20.97,98.09",2025-05-07 15:50:01,2025-05-07 22:20:01
19.7770000,96.4850000,10.0000,2.40,ml,,,,,,th_14262_202505071310,2025-05-07T13:10:09.000Z,"Saungdaung Anauk, Naypyidaw Union Territory, Myanmar (Burma)",Myanmar,MM,Asia,earthquake,1746623967,1746623409,0,,"19.78,96.49",2025-05-07 13:10:09,2025-05-07 19:40:09
18.6350000,96.5720000,10.0000,4.00,ml,,,,,,ems_202505_1805382,2025-05-07T07:42:39.000Z,"Zayatkyi, Bago Region, Myanmar (Burma)",Myanmar,MM,Asia,earthquake,1746603777,1746603325,0,,"18.64,96.57",2025-05-07 07:35:25,2025-05-07 14:05:25
18.6850000,96.3650000,10.0000,3.90,ml,,,,,,th_14260_202505070727,2025-05-07T07:35:36.000Z,"Kywebwe, Bago Region, Myanmar (Burma)",Myanmar,MM,Asia,earthquake,1746603217,1746602868,0,,"18.69,96.37",2025-05-07 07:27:48,2025-05-07 13:57:48
18.7990000,96.5240000,10.0000,3.30,ml,,,,,,th_14259_202505070123,2025-05-07T01:23:00.000Z,"Bomari, Bago Region, Myanmar (Burma)",Myanmar,MM,Asia,earthquake,1746581303,1746580980,0,,"18.80,96.52",2025-05-07 01:23:00,2025-05-07 07:53:00
19.9410000,97.9580000,10.0000,2.10,ml,,,,,,th_14258_202505070058,2025-05-07T00:58:46.000Z,"Ta Ho-pong, Shan, Myanmar (Burma)",Myanmar,MM,Asia,earthquake,1746579855,1746579526,0,,"19.94,97.96",2025-05-07 00:58:46,2025-05-07 07:28:46
20.1490000,97.9020000,10.0000,1.80,ml,,,,,,th_14257_202505062247,2025-05-06T22:47:57.000Z,"Wan Hat, Shan, Myanmar (Burma)",Myanmar,MM,Asia,earthquake,1746572063,1746571677,0,,"20.15,97.90",2025-05-06 22:47:57,2025-05-07 05:17:57
20.0810000,97.8000000,10.0000,3.50,ml,,,,,,th_14255_202505062221,2025-05-06T22:28:41.000Z,"Wan Kongpao, Shan, Myanmar (Burma)",Myanmar,MM,Asia,earthquake,1746570329,1746570079,0,,"20.08,97.80",2025-05-06 22:21:19,2025-05-07 04:51:19
20.0480000,97.8770000,10.0000,2.70,ml,,,,,,th_14254_202505062210,2025-05-06T22:10:19.000Z,"Wan Kongpao, Shan, Myanmar (Burma)",Myanmar,MM,Asia,earthquake,1746569671,1746569419,0,,"20.05,97.88",2025-05-06 22:10:19,2025-05-07 04:40:19
19.3040000,96.2590000,10.0000,2.30,ml,,,,,,th_14253_202505062122,2025-05-06T21:22:29.000Z,"Thagaya, Bago Region, Myanmar (Burma)",Myanmar,MM,Asia,earthquake,1746568440,1746566549,0,,"19.30,96.26",2025-05-06 21:22:29,2025-05-07 03:52:29
19.7850000,96.5020000,10.0000,2.10,ml,,,,,,th_14252_202505062025,2025-05-06T20:25:04.000Z,"Saungdaung Anauk, Naypyidaw Union Territory, Myanmar (Burma)",Myanmar,MM,Asia,earthquake,1746564174,1746563104,0,,"19.79,96.50",2025-05-06 20:25:04,2025-05-07 02:55:04
21.7110000,96.3510000,10.0000,4.40,ml,,,,,,in_VEo2UDlqeVJMUWhaSThyMVVoOHY3dz09,2025-05-06T19:14:48.000Z,"Mandalay, Mandalay Region, Myanmar (Burma)",Myanmar,MM,Asia,earthquake,1746558220,1746557794,1,,"21.92,96.12",2025-05-06 18:56:34,2025-05-07 01:26:34
20.1120000,96.4500000,10.0000,3.20,ml,,,,,,th_14250_202505061727,2025-05-06T17:27:44.000Z,"Kyaunggon, Naypyidaw Union Territory, Myanmar (Burma)",Myanmar,MM,Asia,earthquake,1746552957,1746552464,0,,"20.11,96.45",2025-05-06 17:27:44,2025-05-06 23:57:44
17.0650000,96.1680000,10.0000,2.60,ml,,,,,,th_14249_202505061708,2025-05-06T17:08:12.000Z,"Yangon, Yangon Region, Myanmar (Burma)",Myanmar,MM,Asia,earthquake,1746552686,1746551292,0,,"17.07,96.17",2025-05-06 17:08:12,2025-05-06 23:38:12
20.8960000,96.2870000,10.0000,2.50,ml,,,,,,th_14248_202505061656,2025-05-06T16:56:50.000Z,"Pothanaing, Mandalay Region, Myanmar (Burma)",Myanmar,MM,Asia,earthquake,1746551482,1746550610,0,,"20.90,96.29",2025-05-06 16:56:50,2025-05-06 23:26:50
17.1420000,96.3040000,10.0000,3.70,ml,,,,,,th_14247_202505061625,2025-05-06T16:49:47.000Z,"Za Yet Kwin, Yangon Region, Myanmar (Burma)",Myanmar,MM,Asia,earthquake,1746549949,1746548740,0,,"17.14,96.30",2025-05-06 16:25:40,2025-05-06 22:55:40
19.6810000,96.3920000,10.0000,2.20,ml,,,,,,th_14246_202505061604,2025-05-06T16:04:28.000Z,"Teinpyaung Atet, Naypyidaw Union Territory, Myanmar (Burma)",Myanmar,MM,Asia,earthquake,1746548039,1746547468,0,,"19.68,96.39",2025-05-06 16:04:28,2025-05-06 22:34:28
17.1060000,96.2820000,10.0000,2.90,ml,,,,,,th_14245_202505061510,2025-05-06T15:10:18.000Z,"Za Yet Kwin, Yangon Region, Myanmar (Burma)",Myanmar,MM,Asia,earthquake,1746545091,1746544218,0,,"17.11,96.28",2025-05-06 15:10:18,2025-05-06 21:40:18
19.9680000,98.1590000,10.0000,3.10,ml,,,,,,th_14244_202505061441,2025-05-06T14:41:50.000Z,"Wan Hsa-mu, Shan, Myanmar (Burma)",Myanmar,MM,Asia,earthquake,1746542987,1746542510,0,,"19.97,98.16",2025-05-06 14:41:50,2025-05-06 21:11:50
20.5800000,94.6100000,10.0000,3.80,ml,,,,,,in_MFhIazZVYjZhc3BrZzQ0RXhoUXF6Zz09,2025-05-06T14:26:53.000Z,"Salin, Magway Region, Myanmar (Burma)",Myanmar,MM,Asia,earthquake,1746542072,1746541613,0,,"20.58,94.61",2025-05-06 14:26:53,2025-05-06 20:56:53
19.1780000,96.4560000,10.0000,2.30,ml,,,,,,th_14243_202505061341,2025-05-06T13:41:10.000Z,"Karenchaung, Bago Region, Myanmar (Burma)",Myanmar,MM,Asia,earthquake,1746539461,1746538870,0,,"19.18,96.46",2025-05-06 13:41:10,2025-05-06 20:11:10
19.8630000,97.8610000,10.0000,2.80,ml,,,,,,th_14242_202505061327,2025-05-06T13:27:04.000Z,"Ta Öngmu, Shan, Myanmar (Burma)",Myanmar,MM,Asia,earthquake,1746538595,1746538024,0,,"19.86,97.86",2025-05-06 13:27:04,2025-05-06 19:57:04
20.4080000,97.0200000,10.0000,2.20,ml,,,,,,th_14241_202505060943,2025-05-06T09:43:53.000Z,"Nampan, Shan, Myanmar (Burma)",Myanmar,MM,Asia,earthquake,1746532698,1746524633,0,,"20.41,97.02",2025-05-06 09:43:53,2025-05-06 16:13:53
19.6530000,96.2240000,10.0000,2.60,ml,,,,,,th_14240_202505060649,2025-05-06T06:49:06.000Z,"Hpya-ling, Shan, Myanmar (Burma)",Myanmar,MM,Asia,earthquake,1746514671,1746514146,1,,"20.95,97.20",2025-05-06 06:49:06,2025-05-06 13:19:06
20.2700000,98.0890000,10.0000,2.00,ml,,,,,,th_14239_202505060617,2025-05-06T06:17:04.000Z,"Chueh Chu, Shan, Myanmar (Burma)",Myanmar,MM,Asia,earthquake,1746513097,1746512224,0,,"20.27,98.09",2025-05-06 06:17:04,2025-05-06 12:47:04
20.2400000,98.0720000,10.0000,2.30,ml,,,,,,th_14238_202505060615,2025-05-06T06:15:38.000Z,"Chueh Chu, Shan, Myanmar (Burma)",Myanmar,MM,Asia,earthquake,1746512743,1746512138,0,,"20.24,98.07",2025-05-06 06:15:38,2025-05-06 12:45:38
22.2160000,96.8870000,10.0000,3.30,ml,,,,,,th_14237_202505060341,2025-05-06T03:41:53.000Z,"Kan Gyi, Shan, Myanmar (Burma)",Myanmar,MM,Asia,earthquake,1746503532,1746502913,0,,"22.22,96.89",2025-05-06 03:41:53,2025-05-06 10:11:53
20.0710000,97.8800000,10.0000,2.40,ml,,,,,,th_14236_202505060108,2025-05-06T01:08:02.000Z,"Wan Kongpao, Shan, Myanmar (Burma)",Myanmar,MM,Asia,earthquake,1746494344,1746493682,0,,"20.07,97.88",2025-05-06 01:08:02,2025-05-06 07:38:02
20.2700000,97.6570000,10.0000,2.40,ml,,,,,,th_14235_202505060011,2025-05-06T00:11:21.000Z,"Mawkmai, Shan, Myanmar (Burma)",Myanmar,MM,Asia,earthquake,1746490689,1746490281,0,,"20.27,97.66",2025-05-06 00:11:21,2025-05-06 06:41:21
18.7700000,96.4540000,10.0000,2.60,ml,,,,,,th_14234_202505052102,2025-05-05T21:02:07.000Z,"Bomari, Bago Region, Myanmar (Burma)",Myanmar,MM,Asia,earthquake,1746480227,1746478927,0,,"18.77,96.45",2025-05-05 21:02:07,2025-05-06 03:32:07
19.9710000,96.2650000,10.0000,2.50,ml,,,,,,th_14233_202505052058,2025-05-05T20:58:49.000Z,"Tegon, Naypyidaw Union Territory, Myanmar (Burma)",Myanmar,MM,Asia,earthquake,1746480011,1746478729,0,,"19.97,96.27",2025-05-05 20:58:49,2025-05-06 03:28:49
19.4210000,97.7680000,10.0000,1.60,ml,,,,,,th_14232_202505051939,2025-05-05T19:39:24.000Z,"Hwè-yao, Kayah State, Myanmar (Burma)",Myanmar,MM,Asia,earthquake,1746474459,1746473964,0,,"19.42,97.77",2025-05-05 19:39:24,2025-05-06 02:09:24
19.4140000,96.3180000,10.0000,2.10,ml,,,,,,th_14229_202505051825,2025-05-05T18:25:41.000Z,"Wayonle, Bago Region, Myanmar (Burma)",Myanmar,MM,Asia,earthquake,1746470321,1746469541,0,,"19.41,96.32",2025-05-05 18:25:41,2025-05-06 00:55:41
18.9470000,96.2560000,10.0000,2.20,ml,,,,,,th_14228_202505051822,2025-05-05T18:22:58.000Z,"Gyihauk, Bago Region, Myanmar (Burma)",Myanmar,MM,Asia,earthquake,1746470274,1746469378,0,,"18.95,96.26",2025-05-05 18:22:58,2025-05-06 00:52:58
26.9900000,96.4700000,13.0000,3.50,ml,,,,,,in_UVA3cVE1RVV3Mm9xTnRmVEhzN2IwQT09,2025-05-05T15:14:48.000Z,"Gedu Ga, Kachin, Myanmar (Burma)",Myanmar,MM,Asia,earthquake,1746457723,1746457258,0,,"26.99,96.47",2025-05-05 15:00:58,2025-05-05 21:30:58
18.7720000,96.4430000,10.0000,2.50,ml,,,,,,th_14226_202505051455,2025-05-05T14:55:30.000Z,"Bomari, Bago Region, Myanmar (Burma)",Myanmar,MM,Asia,earthquake,1746457252,1746456930,0,,"18.77,96.44",2025-05-05 14:55:30,2025-05-05 21:25:30
20.0370000,97.8880000,10.0000,2.10,ml,,,,,,th_14225_202505051451,2025-05-05T14:51:57.000Z,"Wan Kongpao, Shan, Myanmar (Burma)",Myanmar,MM,Asia,earthquake,1746457032,1746456717,0,,"20.04,97.89",2025-05-05 14:51:57,2025-05-05 21:21:57
18.8180000,96.9870000,10.0000,1.90,ml,,,,,,th_14224_202505051228,2025-05-05T12:28:28.000Z,"Hoki, Kayin State, Myanmar (Burma)",Myanmar,MM,Asia,earthquake,1746449929,1746448108,0,,"18.82,96.99",2025-05-05 12:28:28,2025-05-05 18:58:28
19.2580000,96.3490000,10.0000,2.90,ml,,,,,,th_14223_202505050151,2025-05-05T01:51:48.000Z,"Sibaing, Bago Region, Myanmar (Burma)",Myanmar,MM,Asia,earthquake,1746410765,1746409908,0,,"19.26,96.35",2025-05-05 01:51:48,2025-05-05 08:21:48
24.5800000,94.8600000,70.0000,3.70,ml,,,,,,in_bGtPZnBRckxuNm15ZCtxUVg4c2ZvUT09,2025-05-05T01:28:34.000Z,"Myene, Sagaing Region, Myanmar (Burma)",Myanmar,MM,Asia,earthquake,1746408225,1746407515,0,,"24.58,94.86",2025-05-05 01:11:55,2025-05-05 07:41:55
19.9400000,97.7470000,5.0000,2.90,ml,,,,,,th_14222_202505042339,2025-05-04T23:39:34.000Z,"Wan Hwè-ya-yung, Shan, Myanmar (Burma)",Myanmar,MM,Asia,earthquake,1746403248,1746401974,0,,"19.94,97.75",2025-05-04 23:39:34,2025-05-05 06:09:34
22.9878000,95.6631000,10.0000,4.80,ml,,,,,,in_L0hZR2k4RVkrU0VUUXNjeENmOSsydz09,2025-05-05T06:42:10.000Z,"Bugon, Sagaing Region, Myanmar (Burma)",Myanmar,MM,Asia,earthquake,1746402052,1746401597,0,,"23.07,95.52",2025-05-04 23:33:17,2025-05-05 06:03:17
19.9400000,97.6190000,5.0000,2.80,ml,,,,,,th_14220_202505042324,2025-05-04T23:24:57.000Z,"Mai-hsa-se, Shan, Myanmar (Burma)",Myanmar,MM,Asia,earthquake,1746401296,1746401097,0,,"19.94,97.62",2025-05-04 23:24:57,2025-05-05 05:54:57
19.6520000,97.8790000,5.0000,2.40,ml,,,,,,th_14219_202505042258,2025-05-04T22:58:12.000Z,"Kiu-neng, Shan, Myanmar (Burma)",Myanmar,MM,Asia,earthquake,1746399743,1746399492,0,,"19.65,97.88",2025-05-04 22:58:12,2025-05-05 05:28:12
20.0760000,98.0670000,10.0000,2.20,ml,,,,,,th_14217_202505042143,2025-05-04T21:43:28.000Z,"Üng-yao, Shan, Myanmar (Burma)",Myanmar,MM,Asia,earthquake,1746395829,1746395008,0,,"20.08,98.07",2025-05-04 21:43:28,2025-05-05 04:13:28
19.9450000,97.7340000,10.0000,2.20,ml,,,,,,th_14215_202505041933,2025-05-04T19:33:03.000Z,"Wan Hwè-ya-yung, Shan, Myanmar (Burma)",Myanmar,MM,Asia,earthquake,1746388062,1746387183,0,,"19.95,97.73",2025-05-04 19:33:03,2025-05-05 02:03:03
19.7910000,96.9820000,10.0000,2.40,ml,,,,,,th_14214_202505041904,2025-05-04T19:04:02.000Z,"Engla, Shan, Myanmar (Burma)",Myanmar,MM,Asia,earthquake,1746386979,1746385442,0,,"19.79,96.98",2025-05-04 19:04:02,2025-05-05 01:34:02
20.1070000,97.8380000,2.0000,3.00,ml,,,,,,th_14213_202505041753,2025-05-04T17:53:13.000Z,"Wan Kongpao, Shan, Myanmar (Burma)",Myanmar,MM,Asia,earthquake,1746381705,1746381193,0,,"20.11,97.84",2025-05-04 17:53:13,2025-05-05 00:23:13
19.8420000,97.8510000,5.0000,2.20,ml,,,,,,th_14218_202505041740,2025-05-04T17:40:09.000Z,"Wan Hwè-ya-yung, Shan, Myanmar (Burma)",Myanmar,MM,Asia,earthquake,1746395913,1746380409,0,,"19.84,97.85",2025-05-04 17:40:09,2025-05-05 00:10:09
19.2170000,96.4560000,16.0000,2.20,ml,,,,,,th_14212_202505041550,2025-05-04T15:50:45.000Z,"Hnawpin, Bago Region, Myanmar (Burma)",Myanmar,MM,Asia,earthquake,1746374408,1746373845,0,,"19.22,96.46",2025-05-04 15:50:45,2025-05-04 22:20:45
18.0950000,95.3070000,76.0000,2.90,ml,,,,,,th_14211_202505041459,2025-05-04T14:59:49.000Z,"Kongyi, Ayeyarwady, Myanmar (Burma)",Myanmar,MM,Asia,earthquake,1746371299,1746370789,0,,"18.10,95.31",2025-05-04 14:59:49,2025-05-04 21:29:49
18.1100000,95.1900000,80.0000,3.10,ml,,,,,,th_14210_202505041404,2025-05-04T14:04:48.000Z,"Hngetkyiwin, Ayeyarwady, Myanmar (Burma)",Myanmar,MM,Asia,earthquake,1746368012,1746367488,0,,"18.11,95.19",2025-05-04 14:04:48,2025-05-04 20:34:48
21.6100000,94.4700000,90.0000,3.90,ml,,,,,,in_ODUzMGcyVThHZmxiSjhNK3ZINDBGUT09,2025-05-04T13:48:50.000Z,"Zee Pyar, Magway Region, Myanmar (Burma)",Myanmar,MM,Asia,earthquake,1746367849,1746366530,0,,"21.61,94.47",2025-05-04 13:48:50,2025-05-04 20:18:50
19.8390000,97.9340000,1.0000,1.70,ml,,,,,,th_14209_202505041230,2025-05-04T12:30:01.000Z,"Pang Tae Waet, Shan, Myanmar (Burma)",Myanmar,MM,Asia,earthquake,1746362032,1746361801,0,,"19.84,97.93",2025-05-04 12:30:01,2025-05-04 19:00:01
19.9360000,97.9460000,10.0000,2.20,ml,,,,,,th_14208_202505041158,2025-05-04T11:58:58.000Z,"Ta Ho-pong, Shan, Myanmar (Burma)",Myanmar,MM,Asia,earthquake,1746360487,1746359938,1,,"19.94,97.95",2025-05-04 11:58:58,2025-05-04 18:28:58
19.4400000,96.3320000,10.0000,2.50,ml,,,,,,th_14207_202505041154,2025-05-04T11:54:35.000Z,"Wayonle, Bago Region, Myanmar (Burma)",Myanmar,MM,Asia,earthquake,1746360389,1746359675,0,,"19.44,96.33",2025-05-04 11:54:35,2025-05-04 18:24:35
19.7830000,96.4770000,10.0000,2.50,ml,,,,,,th_14206_202505041149,2025-05-04T11:49:22.000Z,"Saungdaung Anauk, Naypyidaw Union Territory, Myanmar (Burma)",Myanmar,MM,Asia,earthquake,1746360240,1746359362,0,,"19.78,96.48",2025-05-04 11:49:22,2025-05-04 18:19:22
20.6710000,97.8170000,1.0000,2.60,ml,,,,,,th_14205_202505041005,2025-05-04T10:05:35.000Z,"Hai Hpak, Shan, Myanmar (Burma)",Myanmar,MM,Asia,earthquake,1746354780,1746353135,0,,"20.67,97.82",2025-05-04 10:05:35,2025-05-04 16:35:35
19.9320000,97.7770000,2.0000,2.70,ml,,,,,,th_14204_202505040813,2025-05-04T08:13:34.000Z,"Wan Hwè-ya-yung, Shan, Myanmar (Burma)",Myanmar,MM,Asia,earthquake,1746346621,1746346414,0,,"19.93,97.78",2025-05-04 08:13:34,2025-05-04 14:43:34
20.0970000,97.8830000,1.0000,2.90,ml,,,,,,th_14203_202505040158,2025-05-04T01:58:50.000Z,"Shan, Myanmar (Burma)",Myanmar,MM,Asia,earthquake,1746324314,1746323930,1,,"20.10,97.88",2025-05-04 01:58:50,2025-05-04 08:28:50
18.9170000,97.5050000,2.0000,2.10,ml,,,,,,th_14202_202505040015,2025-05-04T00:15:02.000Z,"Loi Mun, Kayah State, Myanmar (Burma)",Myanmar,MM,Asia,earthquake,1746318244,1746317702,0,,"18.92,97.51",2025-05-04 00:15:02,2025-05-04 06:45:02
21.7770000,96.2420000,10.0000,3.40,ml,,,,,,th_14198_202505032015,2025-05-03T20:15:11.000Z,"Thon-Daung-Ywa-Ma, Mandalay Region, Myanmar (Burma)",Myanmar,MM,Asia,earthquake,1746303634,1746303311,0,,"21.78,96.24",2025-05-03 20:15:11,2025-05-04 02:45:11
22.0350000,96.4960000,10.0000,2.90,ml,,,,,,th_14197_202505031839,2025-05-03T18:39:24.000Z,"Pyin Oo Lwin, Mandalay Region, Myanmar (Burma)",Myanmar,MM,Asia,earthquake,1746297865,1746297564,0,,"22.04,96.50",2025-05-03 18:39:24,2025-05-04 01:09:24
19.9650000,97.6670000,7.0000,2.50,ml,,,,,,th_14196_202505031447,2025-05-03T14:47:53.000Z,"Wan Panglu, Shan, Myanmar (Burma)",Myanmar,MM,Asia,earthquake,1746283947,1746283673,0,,"19.97,97.67",2025-05-03 14:47:53,2025-05-03 21:17:53
20.0340000,97.8980000,10.0000,2.00,ml,,,,,,th_14195_202505031443,2025-05-03T14:43:13.000Z,"Wan Kongpao, Shan, Myanmar (Burma)",Myanmar,MM,Asia,earthquake,1746283754,1746283393,1,,"20.03,97.90",2025-05-03 14:43:13,2025-05-03 21:13:13
19.9870000,97.9700000,10.0000,2.00,ml,,,,,,th_14194_202505031210,2025-05-03T12:10:00.000Z,"Ta Ho-pong, Shan, Myanmar (Burma)",Myanmar,MM,Asia,earthquake,1746274516,1746274200,1,,"19.99,97.97",2025-05-03 12:10:00,2025-05-03 18:40:00
19.2390000,96.2050000,10.0000,3.10,ml,,,,,,th_14193_202505031159,2025-05-03T11:59:01.000Z,"Baungdok, Bago Region, Myanmar (Burma)",Myanmar,MM,Asia,earthquake,1746273937,1746273541,0,,"19.24,96.21",2025-05-03 11:59:01,2025-05-03 18:29:01
19.2530000,96.2340000,10.0000,2.40,ml,,,,,,th_14192_202505031143,2025-05-03T11:43:05.000Z,"Swar, Bago Region, Myanmar (Burma)",Myanmar,MM,Asia,earthquake,1746272918,1746272585,0,,"19.25,96.23",2025-05-03 11:43:05,2025-05-03 18:13:05
18.7190000,96.4020000,10.0000,2.40,ml,,,,,,th_14190_202505030959,2025-05-03T09:59:38.000Z,"Kywebwe, Bago Region, Myanmar (Burma)",Myanmar,MM,Asia,earthquake,1746266839,1746266378,0,,"18.72,96.40",2025-05-03 09:59:38,2025-05-03 16:29:38
19.1650000,97.1100000,10.0000,2.30,ml,,,,,,th_14189_202505030915,2025-05-03T09:15:58.000Z,"He-sa-hku, Kayah State, Myanmar (Burma)",Myanmar,MM,Asia,earthquake,1746266794,1746263758,0,,"19.17,97.11",2025-05-03 09:15:58,2025-05-03 15:45:58
19.2350000,96.3830000,10.0000,2.60,ml,,,,,,th_14188_202505030600,2025-05-03T06:00:30.000Z,"Sibaing, Bago Region, Myanmar (Burma)",Myanmar,MM,Asia,earthquake,1746252385,1746252030,0,,"19.24,96.38",2025-05-03 06:00:30,2025-05-03 12:30:30
19.7350000,96.2190000,10.0000,2.80,ml,,,,,,th_14186_202505030117,2025-05-03T01:17:00.000Z,"Pyinmana, Naypyidaw Union Territory, Myanmar (Burma)",Myanmar,MM,Asia,earthquake,1746235396,1746235020,0,,"19.74,96.22",2025-05-03 01:17:00,2025-05-03 07:47:00
20.8820000,98.6700000,10.0000,2.60,ml,,,,,,th_14184_202505022009,2025-05-02T20:09:41.000Z,"Möng Pu, Shan, Myanmar (Burma)",Myanmar,MM,Asia,earthquake,1746217101,1746216581,0,,"20.88,98.67",2025-05-02 20:09:41,2025-05-03 02:39:41
19.0640000,96.4460000,10.0000,3.00,ml,,,,,,th_14183_202505022003,2025-05-02T20:03:59.000Z,"Kaytumati, Bago Region, Myanmar (Burma)",Myanmar,MM,Asia,earthquake,1746217048,1746216239,0,,"19.06,96.45",2025-05-02 20:03:59,2025-05-03 02:33:59
20.0470000,97.9370000,10.0000,1.60,ml,,,,,,th_14180_202505021749,2025-05-02T17:49:20.000Z,"Wan Kongpao, Shan, Myanmar (Burma)",Myanmar,MM,Asia,earthquake,1746208443,1746208160,0,,"20.05,97.94",2025-05-02 17:49:20,2025-05-03 00:19:20
21.6670000,96.5270000,10.0000,2.80,ml,,,,,,th_14179_202505021733,2025-05-02T17:33:18.000Z,"Gwebin, Mandalay Region, Myanmar (Burma)",Myanmar,MM,Asia,earthquake,1746208272,1746207198,0,,"21.67,96.53",2025-05-02 17:33:18,2025-05-03 00:03:18
19.8270000,97.9860000,10.0000,1.40,ml,,,,,,th_14178_202505021733,2025-05-02T17:33:01.000Z,"Pang Tae Waet, Shan, Myanmar (Burma)",Myanmar,MM,Asia,earthquake,1746208083,1746207181,0,,"19.83,97.99",2025-05-02 17:33:01,2025-05-03 00:03:01
17.2200000,96.1510000,10.0000,3.10,ml,,,,,,th_14177_202505021515,2025-05-02T15:15:51.000Z,"Si Sone Kone, Yangon Region, Myanmar (Burma)",Myanmar,MM,Asia,earthquake,1746199609,1746198951,0,,"17.22,96.15",2025-05-02 15:15:51,2025-05-02 21:45:51
22.0170000,96.8960000,10.0000,2.70,ml,,,,,,th_14176_202505021441,2025-05-02T14:41:09.000Z,"Nam-maw-lon, Shan, Myanmar (Burma)",Myanmar,MM,Asia,earthquake,1746198251,1746196869,0,,"22.02,96.90",2025-05-02 14:41:09,2025-05-02 21:11:09
21.9600000,96.2800000,10.0000,4.00,ml,,,,,,ems_202505_1803105,2025-05-02T11:21:40.000Z,"Thon-Daung-Ywa-Ma, Mandalay Region, Myanmar (Burma)",Myanmar,MM,Asia,earthquake,1746184914,1746183844,0,,"21.96,96.28",2025-05-02 11:04:04,2025-05-02 17:34:04
18.7570000,96.6040000,10.0000,2.10,ml,,,,,,th_14174_202505020717,2025-05-02T07:17:27.000Z,"Alesengyaung, Kayin State, Myanmar (Burma)",Myanmar,MM,Asia,earthquake,1746170565,1746170247,0,,"18.76,96.60",2025-05-02 07:17:27,2025-05-02 13:47:27
18.8080000,96.6540000,10.0000,2.60,ml,,,,,,th_14173_202505020355,2025-05-02T03:55:56.000Z,"Alesengyaung, Kayin State, Myanmar (Burma)",Myanmar,MM,Asia,earthquake,1746160089,1746158156,0,,"18.81,96.65",2025-05-02 03:55:56,2025-05-02 10:25:56
21.8620000,96.3880000,10.0000,3.90,ml,,,,,,th_14171_202505020153,2025-05-02T02:07:42.000Z,"Pyin Sar, Mandalay Region, Myanmar (Burma)",Myanmar,MM,Asia,earthquake,1746151388,1746150780,0,,"21.86,96.39",2025-05-02 01:53:00,2025-05-02 08:23:00
18.6270000,96.4240000,10.0000,2.00,ml,,,,,,th_14170_202505012016,2025-05-01T20:16:56.000Z,"Nyaung Chay Htauk, Bago Region, Myanmar (Burma)",Myanmar,MM,Asia,earthquake,1746130967,1746130616,0,,"18.63,96.42",2025-05-01 20:16:56,2025-05-02 02:46:56
20.9630000,96.3300000,10.0000,3.10,ml,,,,,,th_14169_202505011950,2025-05-01T19:50:44.000Z,"Patchaung, Shan, Myanmar (Burma)",Myanmar,MM,Asia,earthquake,1746129589,1746129044,0,,"20.96,96.33",2025-05-01 19:50:44,2025-05-02 02:20:44
18.8810000,95.5970000,10.0000,2.90,ml,,,,,,th_14167_202505011603,2025-05-01T16:03:16.000Z,"Kywetabaung, Bago Region, Myanmar (Burma)",Myanmar,MM,Asia,earthquake,1746115817,1746115396,0,,"18.88,95.60",2025-05-01 16:03:16,2025-05-01 22:33:16
21.8820000,96.3460000,5.0000,3.20,ml,,,,,,th_14166_202505011544,2025-05-01T15:44:24.000Z,"Yatanarpon Cyber City, Mandalay Region, Myanmar (Burma)",Myanmar,MM,Asia,earthquake,1746115090,1746114264,0,,"21.88,96.35",2025-05-01 15:44:24,2025-05-01 22:14:24
19.1930000,96.1420000,10.0000,2.20,ml,,,,,,th_14165_202505011510,2025-05-01T15:10:54.000Z,"Mayogon, Bago Region, Myanmar (Burma)",Myanmar,MM,Asia,earthquake,1746112639,1746112254,0,,"19.19,96.14",2025-05-01 15:10:54,2025-05-01 21:40:54
19.9190000,96.1370000,10.0000,2.30,ml,,,,,,th_14164_202505011436,2025-05-01T14:36:46.000Z,"Pobba Thiri, Naypyidaw Union Territory, Myanmar (Burma)",Myanmar,MM,Asia,earthquake,1746110861,1746110206,0,,"19.92,96.14",2025-05-01 14:36:46,2025-05-01 21:06:46
19.2310000,96.5120000,10.0000,2.10,ml,,,,,,th_14162_202505011401,2025-05-01T14:01:27.000Z,"Pebo, Kayin State, Myanmar (Burma)",Myanmar,MM,Asia,earthquake,1746108383,1746108087,0,,"19.23,96.51",2025-05-01 14:01:27,2025-05-01 20:31:27
19.2100000,96.4020000,10.0000,2.30,ml,,,,,,th_14161_202505011310,2025-05-01T13:10:12.000Z,"Hnawpin, Bago Region, Myanmar (Burma)",Myanmar,MM,Asia,earthquake,1746105392,1746105012,1,,"19.21,96.40",2025-05-01 13:10:12,2025-05-01 19:40:12
23.2300000,94.0800000,30.0000,3.40,ml,,,,,,in_NmxEcTRvWUZVenhranlyTHZrLzI1UT09,2025-05-01T08:21:31.000Z,"Kale, Chin State, Myanmar (Burma)",Myanmar,MM,Asia,earthquake,1746087305,1746086852,0,,"23.23,94.08",2025-05-01 08:07:32,2025-05-01 14:37:32
20.2950000,96.1150000,10.0000,3.30,ml,,,,,,th_14159_202505010641,2025-05-01T06:41:48.000Z,"Inbingyi, Mandalay Region, Myanmar (Burma)",Myanmar,MM,Asia,earthquake,1746083128,1746081708,0,,"20.30,96.12",2025-05-01 06:41:48,2025-05-01 13:11:48
20.9930000,99.0430000,10.0000,2.50,ml,,,,,,th_14158_202505010538,2025-05-01T05:38:17.000Z,"Mongkyet, Shan, Myanmar (Burma)",Myanmar,MM,Asia,earthquake,1746078262,1746077897,0,,"20.99,99.04",2025-05-01 05:38:17,2025-05-01 12:08:17
20.7360000,96.9510000,10.0000,3.10,ml,,,,,,th_14157_202505010515,2025-05-01T05:15:18.000Z,"Ayetharyar, Shan, Myanmar (Burma)",Myanmar,MM,Asia,earthquake,1746076874,1746076518,0,,"20.74,96.95",2025-05-01 05:15:18,2025-05-01 11:45:18
26.9700000,95.8000000,10.0000,3.40,ml,,,,,,in_NitUR2RZTnd0YWdVOWlCNmZRQzdDUT09,2025-05-15T00:28:36.000Z,"Don Hee, Sagaing Region, Myanmar (Burma)",Myanmar,MM,Asia,earthquake,1747268745,1747268183,0,,"26.97,95.80",2025-05-15 00:16:23,2025-05-15 06:46:23
19.9730000,97.9100000,10.0000,2.20,ml,,,,,,th_14358_202505150005,2025-05-15T00:05:00.000Z,"Ta Ho-pong, Shan, Myanmar (Burma)",Myanmar,MM,Asia,earthquake,1747275389,1747267500,0,,"19.97,97.91",2025-05-15 00:05:00,2025-05-15 06:35:00
22.2480000,96.0580000,10.0000,3.20,ml,,,,,,th_14357_202505142258,2025-05-14T22:58:26.000Z,"Mwe Tha Laing, Mandalay Region, Myanmar (Burma)",Myanmar,MM,Asia,earthquake,1747264333,1747263506,0,,"22.25,96.06",2025-05-14 22:58:26,2025-05-15 05:28:26
19.8820000,98.0440000,4.0000,1.70,ml,,,,,,th_14356_202505142213,2025-05-14T22:13:56.000Z,"Wan Nawnghsem, Shan, Myanmar (Burma)",Myanmar,MM,Asia,earthquake,1747261398,1747260836,0,,"19.88,98.04",2025-05-14 22:13:56,2025-05-15 04:43:56
19.2390000,96.2360000,10.0000,2.80,ml,,,,,,th_14355_202505142104,2025-05-14T21:04:45.000Z,"Baungdok, Bago Region, Myanmar (Burma)",Myanmar,MM,Asia,earthquake,1747257331,1747256685,0,,"19.24,96.24",2025-05-14 21:04:45,2025-05-15 03:34:45
19.2310000,96.3790000,10.0000,2.30,ml,,,,,,th_14354_202505142034,2025-05-14T20:34:17.000Z,"Sibaing, Bago Region, Myanmar (Burma)",Myanmar,MM,Asia,earthquake,1747255555,1747254857,1,,"19.23,96.38",2025-05-14 20:34:17,2025-05-15 03:04:17
25.9800000,97.1900000,10.0000,3.40,ml,,,,,,in_NVJWQzRMR0hJcXplSEV4R0FlTEN4Zz09,2025-05-14T19:11:59.000Z,"'Njungbum, Kachin, Myanmar (Burma)",Myanmar,MM,Asia,earthquake,1747250906,1747249919,0,,"25.98,97.19",2025-05-14 19:11:59,2025-05-15 01:41:59
22.1480000,96.4620000,10.0000,3.20,ml,,,,,,th_14351_202505141328,2025-05-14T13:28:49.000Z,"Nyaung Gone, Mandalay Region, Myanmar (Burma)",Myanmar,MM,Asia,earthquake,1747230216,1747229329,0,,"22.15,96.46",2025-05-14 13:28:49,2025-05-14 19:58:49
21.1180000,99.8770000,10.0000,2.30,ml,,,,,,th_14350_202505141245,2025-05-14T12:45:37.000Z,"Yangka, Shan, Myanmar (Burma)",Myanmar,MM,Asia,earthquake,1747228540,1747226737,1,,"21.12,99.88",2025-05-14 12:45:37,2025-05-14 19:15:37
18.2840000,96.1460000,10.0000,2.20,ml,,,,,,th_14348_202505141226,2025-05-14T12:26:30.000Z,"Thitkyi, Bago Region, Myanmar (Burma)",Myanmar,MM,Asia,earthquake,1747226846,1747225590,0,,"18.28,96.15",2025-05-14 12:26:30,2025-05-14 18:56:30
21.0140000,99.8970000,10.0000,3.00,ml,,,,,,th_14347_202505141050,2025-05-14T10:50:09.000Z,"Wan Mu-hsö Hsensawmawng, Shan, Myanmar (Burma)",Myanmar,MM,Asia,earthquake,1747220195,1747219809,1,,"21.01,99.90",2025-05-14 10:50:09,2025-05-14 17:20:09
25.0400000,94.8000000,130.0000,3.90,ml,,,,,,in_WFN5dmVuZWc4bk1ieE1VaUdpMzFTQT09,2025-05-14T10:56:37.000Z,"Mo Paing Lut, Sagaing Region, Myanmar (Burma)",Myanmar,MM,Asia,earthquake,1747219875,1747218651,0,,"25.04,94.80",2025-05-14 10:30:51,2025-05-14 17:00:51
21.6030000,96.4980000,10.0000,2.80,ml,,,,,,th_14346_202505141028,2025-05-14T10:28:58.000Z,"Gwebin, Mandalay Region, Myanmar (Burma)",Myanmar,MM,Asia,earthquake,1747219693,1747218538,0,,"21.60,96.50",2025-05-14 10:28:58,2025-05-14 16:58:58
22.1010000,96.4370000,10.0000,4.00,ml,,,,,,ems_202505_1808139,2025-05-14T09:21:56.000Z,"Pyin Oo Lwin, Mandalay Region, Myanmar (Burma)",Myanmar,MM,Asia,earthquake,1747214530,1747213658,0,,"22.10,96.44",2025-05-14 09:07:38,2025-05-14 15:37:38
19.9640000,98.1410000,10.0000,2.10,ml,,,,,,th_14344_202505140832,2025-05-14T08:32:51.000Z,"Wan Nawnghsem, Shan, Myanmar (Burma)",Myanmar,MM,Asia,earthquake,1747212168,1747211571,0,,"19.96,98.14",2025-05-14 08:32:51,2025-05-14 15:02:51
18.0880000,96.7310000,10.0000,3.10,ml,,,,,,th_14343_202505140639,2025-05-14T06:39:32.000Z,"Hinthawè, Bago Region, Myanmar (Burma)",Myanmar,MM,Asia,earthquake,1747205274,1747204772,1,,"18.09,96.73",2025-05-14 06:39:32,2025-05-14 13:09:32
21.6530000,96.5790000,10.0000,3.10,ml,,,,,,th_14342_202505140419,2025-05-14T04:19:08.000Z,"Zayitke, Mandalay Region, Myanmar (Burma)",Myanmar,MM,Asia,earthquake,1747197439,1747196348,0,,"21.65,96.58",2025-05-14 04:19:08,2025-05-14 10:49:08
20.7930000,96.1460000,10.0000,3.00,ml,,,,,,th_14341_202505132335,2025-05-13T23:35:26.000Z,"Hlaingdet, Mandalay Region, Myanmar (Burma)",Myanmar,MM,Asia,earthquake,1747179645,1747179326,0,,"20.79,96.15",2025-05-13 23:35:26,2025-05-14 06:05:26
19.6670000,96.2100000,10.0000,3.60,ml,,,,,,th_14340_202505132245,2025-05-13T22:56:37.000Z,"Wetkamu, နေပြည်တော် ပြည်တောင်စုနယ်မြေ, Myanmar (Burma)",Myanmar,MM,Asia,earthquake,1747176725,1747176346,0,,"19.67,96.21",2025-05-13 22:45:46,2025-05-14 05:15:46
21.7890000,96.3310000,10.0000,3.50,ml,,,,,,th_14338_202505132021,2025-05-13T20:35:54.000Z,"Thon-Daung-Ywa-Ma, Mandalay Region, Myanmar (Burma)",Myanmar,MM,Asia,earthquake,1747168507,1747167686,1,,"21.79,96.33",2025-05-13 20:21:26,2025-05-14 02:51:26
20.2120000,96.4950000,3.0000,2.70,ml,,,,,,th_14337_202505131808,2025-05-13T18:08:07.000Z,Yamethin Township,Myanmar - China Border Region,MM,Asia,earthquake,1747160010,1747159687,0,,"20.21,96.50",2025-05-13 18:08:07,2025-05-14 00:38:07
17.7940000,97.5720000,2.0000,2.60,ml,,,,,,th_14336_202505131718,2025-05-13T17:18:59.000Z,"Bawkawkhi, Kayin State, Myanmar (Burma)",Myanmar,MM,Asia,earthquake,1747157294,1747156739,0,,"17.79,97.57",2025-05-13 17:18:59,2025-05-13 23:48:59
18.9610000,96.3940000,10.0000,2.10,ml,,,,,,th_14335_202505131636,2025-05-13T16:36:40.000Z,"Taungoo, Bago Region, Myanmar (Burma)",Myanmar,MM,Asia,earthquake,1747154518,1747154200,0,,"18.96,96.39",2025-05-13 16:36:40,2025-05-13 23:06:40
18.4870000,96.2840000,10.0000,2.60,ml,,,,,,th_14334_202505131136,2025-05-13T11:36:23.000Z,"Kayuchaung, Bago Region, Myanmar (Burma)",Myanmar,MM,Asia,earthquake,1747136617,1747136183,0,,"18.49,96.28",2025-05-13 11:36:23,2025-05-13 18:06:23
22.1400000,96.3110000,2.0000,3.90,ml,,,,,,th_14333_202505130641,2025-05-13T06:56:40.000Z,"Daw-wa-kyaung, Mandalay Region, Myanmar (Burma)",Myanmar,MM,Asia,earthquake,1747119092,1747118515,0,,"22.14,96.31",2025-05-13 06:41:55,2025-05-13 13:11:55
21.8190000,96.4160000,10.0000,3.80,ml,,,,,,th_14330_202505122321,2025-05-12T23:42:39.000Z,"Shwegyaung, Mandalay Region, Myanmar (Burma)",Myanmar,MM,Asia,earthquake,1747093051,1747092117,0,,"21.82,96.42",2025-05-12 23:21:57,2025-05-13 05:51:57
18.8890000,97.3330000,1.0000,1.50,ml,,,,,,th_14329_202505122010,2025-05-12T20:10:19.000Z,"Hpasawng, Kayah State, Myanmar (Burma)",Myanmar,MM,Asia,earthquake,1747082292,1747080619,0,,"18.89,97.33",2025-05-12 20:10:19,2025-05-13 02:40:19
18.8390000,96.3600000,10.0000,2.90,ml,,,,,,th_14327_202505121953,2025-05-12T19:53:48.000Z,"Oktwin, Bago Region, Myanmar (Burma)",Myanmar,MM,Asia,earthquake,1747080352,1747079628,0,,"18.84,96.36",2025-05-12 19:53:48,2025-05-13 02:23:48
18.8880000,96.3750000,10.0000,2.80,ml,,,,,,th_14326_202505121949,2025-05-12T19:49:00.000Z,"Taungoo, Bago Region, Myanmar (Burma)",Myanmar,MM,Asia,earthquake,1747079792,1747079340,0,,"18.89,96.38",2025-05-12 19:49:00,2025-05-13 02:19:00
21.7300000,96.2890000,10.0000,3.90,ml,,,,,,th_14323_202505121824,2025-05-12T18:35:36.000Z,"Hngetkyithaik, Mandalay Region, Myanmar (Burma)",Myanmar,MM,Asia,earthquake,1747074712,1747074268,0,,"21.73,96.29",2025-05-12 18:24:28,2025-05-13 00:54:28
20.8620000,96.9880000,10.0000,2.50,ml,,,,,,th_14322_202505121720,2025-05-12T17:20:28.000Z,"taungni, Shan, Myanmar (Burma)",Myanmar,MM,Asia,earthquake,1747071078,1747070428,0,,"20.86,96.99",2025-05-12 17:20:28,2025-05-12 23:50:28
19.7070000,96.2480000,10.0000,2.60,ml,,,,,,th_14321_202505121346,2025-05-12T13:46:29.000Z,"Pwetseikkon, နေပြည်တော် ပြည်တောင်စုနယ်မြေ, Myanmar (Burma)",Myanmar,MM,Asia,earthquake,1747058303,1747057589,0,,"19.71,96.25",2025-05-12 13:46:29,2025-05-12 20:16:29
20.6200000,96.5350000,10.0000,2.40,ml,,,,,,th_14320_202505121342,2025-05-12T13:42:51.000Z,"Kalaw, Shan, Myanmar (Burma)",Myanmar,MM,Asia,earthquake,1747058253,1747057371,0,,"20.62,96.54",2025-05-12 13:42:51,2025-05-12 20:12:51
19.7060000,96.1970000,10.0000,2.90,ml,,,,,,th_14319_202505121332,2025-05-12T13:32:05.000Z,"Naypyidaw Union Territory, Myanmar (Burma)",Myanmar,MM,Asia,earthquake,1747057047,1747056725,1,,"19.71,96.20",2025-05-12 13:32:05,2025-05-12 20:02:05
20.9560000,96.3610000,10.0000,3.80,ml,,,,,,th_14318_202505120320,2025-05-12T03:35:37.000Z,"Patchaung, Shan, Myanmar (Burma)",Myanmar,MM,Asia,earthquake,1747020715,1747020027,0,,"20.96,96.36",2025-05-12 03:20:27,2025-05-12 09:50:27
20.9300000,96.5690000,10.0000,3.00,ml,,,,,,th_14317_202505120251,2025-05-12T02:51:53.000Z,"Nyaungbingwa, Shan, Myanmar (Burma)",Myanmar,MM,Asia,earthquake,1747018835,1747018313,0,,"20.93,96.57",2025-05-12 02:51:53,2025-05-12 09:21:53
20.0250000,96.3060000,10.0000,4.00,ml,,,,,,ems_202505_1807159,2025-05-11T23:56:36.000Z,"Setkon, Naypyidaw Union Territory, Myanmar (Burma)",Myanmar,MM,Asia,earthquake,1747007805,1747006960,0,,"20.03,96.31",2025-05-11 23:42:40,2025-05-12 06:12:40
19.1120000,96.4580000,9.0000,3.20,ml,,,,,,th_14315_202505112131,2025-05-11T21:31:01.000Z,"Karenchaung, Bago Region, Myanmar (Burma)",Myanmar,MM,Asia,earthquake,1746999452,1746999061,1,,"19.11,96.46",2025-05-11 21:31:01,2025-05-12 04:01:01
20.1260000,98.0400000,10.0000,2.40,ml,,,,,,th_14314_202505111731,2025-05-11T17:31:54.000Z,"Üng-yao, Shan, Myanmar (Burma)",Myanmar,MM,Asia,earthquake,1746985210,1746984714,0,,"20.13,98.04",2025-05-11 17:31:54,2025-05-12 00:01:54
20.0970000,97.7600000,10.0000,2.60,ml,,,,,,th_14313_202505111015,2025-05-11T10:15:46.000Z,"Wān Kongmakpin, Shan, Myanmar (Burma)",Myanmar,MM,Asia,earthquake,1746959010,1746958546,0,,"20.10,97.76",2025-05-11 10:15:46,2025-05-11 16:45:46
18.8740000,96.4530000,10.0000,3.00,ml,,,,,,th_14311_202505110840,2025-05-11T08:40:08.000Z,"Taungoo, Bago Region, Myanmar (Burma)",Myanmar,MM,Asia,earthquake,1746953798,1746952808,0,,"18.87,96.45",2025-05-11 08:40:08,2025-05-11 15:10:08
21.2640000,99.8890000,10.0000,2.80,ml,,,,,,th_14310_202505110227,2025-05-11T02:27:19.000Z,"Wan Hpaya-hkè, Shan, Myanmar (Burma)",Myanmar,MM,Asia,earthquake,1746930982,1746930439,1,,"21.26,99.89",2025-05-11 02:27:19,2025-05-11 08:57:19
20.3620000,98.0470000,10.0000,2.20,ml,,,,,,th_14309_202505110203,2025-05-11T02:03:58.000Z,"Langkho, Shan, Myanmar (Burma)",Myanmar,MM,Asia,earthquake,1746929426,1746929038,0,,"20.36,98.05",2025-05-11 02:03:58,2025-05-11 08:33:58
20.2780000,96.2300000,10.0000,2.60,ml,,,,,,th_14308_202505102127,2025-05-10T21:27:06.000Z,"Nyaung Lunt, Naypyidaw Union Territory, Myanmar (Burma)",Myanmar,MM,Asia,earthquake,1746913100,1746912426,0,,"20.28,96.23",2025-05-10 21:27:06,2025-05-11 03:57:06
21.7660000,96.3990000,10.0000,2.80,ml,,,,,,th_14307_202505102050,2025-05-10T20:50:32.000Z,"Thon-Daung-Ywa-Ma, Mandalay Region, Myanmar (Burma)",Myanmar,MM,Asia,earthquake,1746910921,1746910232,0,,"21.77,96.40",2025-05-10 20:50:32,2025-05-11 03:20:32
21.0120000,96.5440000,10.0000,2.80,ml,,,,,,th_14305_202505101911,2025-05-10T19:11:32.000Z,"Nyaungbingwa, Shan, Myanmar (Burma)",Myanmar,MM,Asia,earthquake,1746904549,1746904292,0,,"21.01,96.54",2025-05-10 19:11:32,2025-05-11 01:41:32
21.1310000,99.7450000,2.0000,2.90,ml,,,,,,th_14304_202505101840,2025-05-10T18:40:08.000Z,"Loi Pang Koi, Shan, Myanmar (Burma)",Myanmar,MM,Asia,earthquake,1746902724,1746902408,0,,"21.13,99.75",2025-05-10 18:40:08,2025-05-11 01:10:08
19.1840000,96.3710000,10.0000,2.90,ml,,,,,,th_14303_202505101636,2025-05-10T16:36:47.000Z,"Yedashe, Bago Region, Myanmar (Burma)",Myanmar,MM,Asia,earthquake,1746895276,1746895007,1,,"19.18,96.37",2025-05-10 16:36:47,2025-05-10 23:06:47
19.9910000,96.2810000,10.0000,2.40,ml,,,,,,th_14302_202505101628,2025-05-10T16:28:02.000Z,"Chaungbya, Naypyidaw Union Territory, Myanmar (Burma)",Myanmar,MM,Asia,earthquake,1746894862,1746894482,0,,"19.99,96.28",2025-05-10 16:28:02,2025-05-10 22:58:02
20.3500000,98.2350000,7.0000,4.00,ml,,,,,,ems_202505_1806624,2025-05-10T12:35:36.000Z,"Na-law, Shan, Myanmar (Burma)",Myanmar,MM,Asia,earthquake,1746880549,1746880169,0,,"20.35,98.24",2025-05-10 12:29:29,2025-05-10 18:59:29
21.6200000,96.3930000,10.0000,3.70,ml,,,,,,th_14300_202505101137,2025-05-10T11:49:35.000Z,"Gwebin, Mandalay Region, Myanmar (Burma)",Myanmar,MM,Asia,earthquake,1746877646,1746877027,0,,"21.62,96.39",2025-05-10 11:37:07,2025-05-10 18:07:07
19.2660000,96.2590000,10.0000,2.70,ml,,,,,,th_14299_202505101039,2025-05-10T10:39:18.000Z,"Swar, Bago Region, Myanmar (Burma)",Myanmar,MM,Asia,earthquake,1746873902,1746873558,0,,"19.27,96.26",2025-05-10 10:39:18,2025-05-10 17:09:18
18.8700000,96.4290000,10.0000,2.40,ml,,,,,,th_14297_202505100701,2025-05-10T07:01:58.000Z,"Taungoo, Bago Region, Myanmar (Burma)",Myanmar,MM,Asia,earthquake,1746860896,1746860518,0,,"18.87,96.43",2025-05-10 07:01:58,2025-05-10 13:31:58
18.0900000,96.1090000,10.0000,3.80,ml,,,,,,th_14296_202505100613,2025-05-10T06:22:04.000Z,"Foucar's, Bago Region, Myanmar (Burma)",Myanmar,MM,Asia,earthquake,1746857949,1746857621,0,,"18.09,96.11",2025-05-10 06:13:41,2025-05-10 12:43:41
20.0460000,97.8380000,10.0000,3.00,ml,,,,,,th_14295_202505100414,2025-05-10T04:14:54.000Z,"Wan Kongpao, Shan, Myanmar (Burma)",Myanmar,MM,Asia,earthquake,1746850835,1746850494,0,,"20.05,97.84",2025-05-10 04:14:54,2025-05-10 10:44:54
19.9960000,98.0390000,5.0000,2.30,ml,,,,,,th_14294_202505100246,2025-05-10T02:46:41.000Z,"Wan Konlang, Shan, Myanmar (Burma)",Myanmar,MM,Asia,earthquake,1746845705,1746845201,0,,"20.00,98.04",2025-05-10 02:46:41,2025-05-10 09:16:41
18.2790000,96.5880000,10.0000,2.50,ml,,,,,,th_14293_202505100157,2025-05-10T01:57:59.000Z,"Ingone, Bago Region, Myanmar (Burma)",Myanmar,MM,Asia,earthquake,1746842811,1746842279,0,,"18.28,96.59",2025-05-10 01:57:59,2025-05-10 08:27:59
20.0650000,98.0200000,10.0000,3.10,ml,,,,,,th_14292_202505100021,2025-05-10T00:21:38.000Z,"Wan Konlang, Shan, Myanmar (Burma)",Myanmar,MM,Asia,earthquake,1746836984,1746836498,0,,"20.07,98.02",2025-05-10 00:21:38,2025-05-10 06:51:38
19.1460000,96.3560000,10.0000,2.90,ml,,,,,,th_14291_202505091956,2025-05-09T19:56:05.000Z,"Yedashe, Bago Region, Myanmar (Burma)",Myanmar,MM,Asia,earthquake,1746821533,1746820565,0,,"19.15,96.36",2025-05-09 19:56:05,2025-05-10 02:26:05
19.7340000,96.5060000,10.0000,2.50,ml,,,,,,th_14290_202505091808,2025-05-09T18:08:25.000Z,"Saungdaung Anauk, Naypyidaw Union Territory, Myanmar (Burma)",Myanmar,MM,Asia,earthquake,1746821306,1746814105,0,,"19.73,96.51",2025-05-09 18:08:25,2025-05-10 00:38:25
20.6380000,99.8320000,10.0000,1.90,ml,,,,,,th_14289_202505091717,2025-05-09T17:17:42.000Z,"Wan Hsenhkampeng, Shan, Myanmar (Burma)",Myanmar,MM,Asia,earthquake,1746821179,1746811062,0,,"20.64,99.83",2025-05-09 17:17:42,2025-05-09 23:47:42
21.2790000,96.2570000,10.0000,3.10,ml,,,,,,th_14287_202505091346,2025-05-09T13:46:34.000Z,"Ywarkhainggyi, Mandalay Region, Myanmar (Burma)",Myanmar,MM,Asia,earthquake,1746800696,1746798394,1,,"21.28,96.26",2025-05-09 13:46:34,2025-05-09 20:16:34
24.7700000,95.2900000,110.0000,4.30,ml,,,,,,in_dGtvd01KL2lJWFNnQnVEM3ZpWFIxZz09,2025-05-09T13:49:34.000Z,"Nyaungbintha, Sagaing Region, Myanmar (Burma)",Myanmar,MM,Asia,earthquake,1746798568,1746797879,0,,"24.77,95.29",2025-05-09 13:37:59,2025-05-09 20:07:59
20.0220000,98.0340000,10.0000,1.90,ml,,,,,,th_14285_202505091146,2025-05-09T11:46:46.000Z,"Wan Konlang, Shan, Myanmar (Burma)",Myanmar,MM,Asia,earthquake,1746791694,1746791206,0,,"20.02,98.03",2025-05-09 11:46:46,2025-05-09 18:16:46
21.4700000,96.2580000,10.0000,3.10,ml,,,,,,th_14284_202505090858,2025-05-09T08:58:38.000Z,"Thanywa, Mandalay Region, Myanmar (Burma)",Myanmar,MM,Asia,earthquake,1746781953,1746781118,0,,"21.47,96.26",2025-05-09 08:58:38,2025-05-09 15:28:38
20.8734000,96.0433000,10.0000,4.40,mb,,,,,,in_aksrK0ZtS05EeG5EZzBPblBZRld5dz09,2025-05-09T14:58:53.000Z,"Thazi, Mandalay Region, Myanmar (Burma)",Myanmar,MM,Asia,earthquake,1746780668,1746779850,1,,"20.87,96.05",2025-05-09 08:37:30,2025-05-09 15:07:30
22.0220000,96.3870000,10.0000,3.60,ml,,,,,,th_14282_202505090832,2025-05-09T08:56:36.000Z,"Anesakhan, Mandalay Region, Myanmar (Burma)",Myanmar,MM,Asia,earthquake,1746780145,1746779555,0,,"22.02,96.39",2025-05-09 08:32:35,2025-05-09 15:02:35
18.1440000,96.7640000,10.0000,4.20,ml,,,,,,ems_202505_1806105,2025-05-09T00:56:35.000Z,"Bogata Auk, Bago Region, Myanmar (Burma)",Myanmar,MM,Asia,earthquake,1746752211,1746751689,0,,"18.14,96.76",2025-05-09 00:48:09,2025-05-09 07:18:09
21.7280000,96.2770000,10.0000,2.90,ml,,,,,,th_14279_202505082300,2025-05-08T23:00:34.000Z,"Hngetkyithaik, Mandalay Region, Myanmar (Burma)",Myanmar,MM,Asia,earthquake,1746745706,1746745234,0,,"21.73,96.28",2025-05-08 23:00:34,2025-05-09 05:30:34
19.6380000,96.1880000,10.0000,2.40,ml,,,,,,th_14278_202505082236,2025-05-08T22:36:33.000Z,"Magyigon, Naypyidaw Union Territory, Myanmar (Burma)",Myanmar,MM,Asia,earthquake,1746744264,1746743793,0,,"19.64,96.19",2025-05-08 22:36:33,2025-05-09 05:06:33
22.0470000,96.4050000,10.0000,3.10,ml,,,,,,th_14277_202505082026,2025-05-08T20:26:12.000Z,"Pyin Oo Lwin, Mandalay Region, Myanmar (Burma)",Myanmar,MM,Asia,earthquake,1746736902,1746735972,0,,"22.05,96.41",2025-05-08 20:26:12,2025-05-09 02:56:12
19.0520000,97.4290000,10.0000,1.70,ml,,,,,,th_14275_202505081900,2025-05-08T19:00:06.000Z,"Ho-hwè-ko-sa-pa, Kayah State, Myanmar (Burma)",Myanmar,MM,Asia,earthquake,1746731745,1746730806,0,,"19.05,97.43",2025-05-08 19:00:06,2025-05-09 01:30:06
19.8030000,96.4020000,10.0000,2.20,ml,,,,,,th_14274_202505081549,2025-05-08T15:49:31.000Z,"Kwedugyi, Naypyidaw Union Territory, Myanmar (Burma)",Myanmar,MM,Asia,earthquake,1746719756,1746719371,0,,"19.80,96.40",2025-05-08 15:49:31,2025-05-08 22:19:31
20.0460000,96.4250000,10.0000,2.30,ml,,,,,,th_14273_202505081532,2025-05-08T15:32:58.000Z,"Thalaing, Naypyidaw Union Territory, Myanmar (Burma)",Myanmar,MM,Asia,earthquake,1746719078,1746718378,0,,"20.05,96.43",2025-05-08 15:32:58,2025-05-08 22:02:58
23.1800000,94.0500000,10.0000,3.60,ml,,,,,,in_eE5uZG1qYmZjNmt0TnNwMkttdE12dz09,2025-05-08T14:21:42.000Z,"Kale, Sagaing Region, Myanmar (Burma)",Myanmar,MM,Asia,earthquake,1746713847,1746713167,0,,"23.18,94.05",2025-05-08 14:06:07,2025-05-08 20:36:07
21.5610000,96.2020000,10.0000,4.10,ml,,,,,,ems_202505_1805781,2025-05-08T08:00:37.000Z,"Kyaukse, Mandalay Region, Myanmar (Burma)",Myanmar,MM,Asia,earthquake,1746691249,1746689924,0,,"21.56,96.20",2025-05-08 07:38:44,2025-05-08 14:08:44
18.0890000,96.7330000,10.0000,2.40,ml,,,,,,th_14271_202505080232,2025-05-08T02:32:14.000Z,"Hinthawè, Bago Region, Myanmar (Burma)",Myanmar,MM,Asia,earthquake,1746672301,1746671534,0,,"18.09,96.73",2025-05-08 02:32:14,2025-05-08 09:02:14
20.9580000,96.3290000,10.0000,2.60,ml,,,,,,th_14268_202505072039,2025-05-07T20:39:31.000Z,"Patchaung, Shan, Myanmar (Burma)",Myanmar,MM,Asia,earthquake,1746650883,1746650371,1,,"20.96,96.33",2025-05-07 20:39:31,2025-05-08 03:09:31
19.3650000,96.5380000,10.0000,2.00,ml,,,,,,th_14267_202505071808,2025-05-07T18:08:08.000Z,"Amayadaung, Kayin State, Myanmar (Burma)",Myanmar,MM,Asia,earthquake,1746641944,1746641288,0,,"19.37,96.54",2025-05-07 18:08:08,2025-05-08 00:38:08
20.0390000,97.9400000,10.0000,1.50,ml,,,,,,th_14266_202505071733,2025-05-07T17:33:46.000Z,"Wan Kongpao, Shan, Myanmar (Burma)",Myanmar,MM,Asia,earthquake,1746639605,1746639226,0,,"20.04,97.94",2025-05-07 17:33:46,2025-05-08 00:03:46
17.4490000,96.2700000,10.0000,2.30,ml,,,,,,th_14265_202505071720,2025-05-07T17:20:07.000Z,"Wanetkon, Yangon Region, Myanmar (Burma)",Myanmar,MM,Asia,earthquake,1746638924,1746638407,0,,"17.45,96.27",2025-05-07 17:20:07,2025-05-07 23:50:07
21.7020000,96.3250000,10.0000,3.00,ml,,,,,,th_14264_202505071600,2025-05-07T16:00:22.000Z,"Hngetkyithaik, Mandalay Region, Myanmar (Burma)",Myanmar,MM,Asia,earthquake,1746637232,1746633622,0,,"21.70,96.33",2025-05-07 16:00:22,2025-05-07 22:30:22
20.9670000,98.0900000,10.0000,2.10,ml,,,,,,th_14263_202505071550,2025-05-07T15:50:01.000Z,"Tatpük, Shan, Myanmar (Burma)",Myanmar,MM,Asia,earthquake,1746633711,1746633001,0,,"20.97,98.09",2025-05-07 15:50:01,2025-05-07 22:20:01
19.7770000,96.4850000,10.0000,2.40,ml,,,,,,th_14262_202505071310,2025-05-07T13:10:09.000Z,"Saungdaung Anauk, Naypyidaw Union Territory, Myanmar (Burma)",Myanmar,MM,Asia,earthquake,1746623967,1746623409,0,,"19.78,96.49",2025-05-07 13:10:09,2025-05-07 19:40:09
18.6350000,96.5720000,10.0000,4.00,ml,,,,,,ems_202505_1805382,2025-05-07T07:42:39.000Z,"Zayatkyi, Bago Region, Myanmar (Burma)",Myanmar,MM,Asia,earthquake,1746603777,1746603325,0,,"18.64,96.57",2025-05-07 07:35:25,2025-05-07 14:05:25
18.6850000,96.3650000,10.0000,3.90,ml,,,,,,th_14260_202505070727,2025-05-07T07:35:36.000Z,"Kywebwe, Bago Region, Myanmar (Burma)",Myanmar,MM,Asia,earthquake,1746603217,1746602868,0,,"18.69,96.37",2025-05-07 07:27:48,2025-05-07 13:57:48
18.7990000,96.5240000,10.0000,3.30,ml,,,,,,th_14259_202505070123,2025-05-07T01:23:00.000Z,"Bomari, Bago Region, Myanmar (Burma)",Myanmar,MM,Asia,earthquake,1746581303,1746580980,0,,"18.80,96.52",2025-05-07 01:23:00,2025-05-07 07:53:00
19.9410000,97.9580000,10.0000,2.10,ml,,,,,,th_14258_202505070058,2025-05-07T00:58:46.000Z,"Ta Ho-pong, Shan, Myanmar (Burma)",Myanmar,MM,Asia,earthquake,1746579855,1746579526,0,,"19.94,97.96",2025-05-07 00:58:46,2025-05-07 07:28:46
20.1490000,97.9020000,10.0000,1.80,ml,,,,,,th_14257_202505062247,2025-05-06T22:47:57.000Z,"Wan Hat, Shan, Myanmar (Burma)",Myanmar,MM,Asia,earthquake,1746572063,1746571677,0,,"20.15,97.90",2025-05-06 22:47:57,2025-05-07 05:17:57
20.0810000,97.8000000,10.0000,3.50,ml,,,,,,th_14255_202505062221,2025-05-06T22:28:41.000Z,"Wan Kongpao, Shan, Myanmar (Burma)",Myanmar,MM,Asia,earthquake,1746570329,1746570079,0,,"20.08,97.80",2025-05-06 22:21:19,2025-05-07 04:51:19
20.0480000,97.8770000,10.0000,2.70,ml,,,,,,th_14254_202505062210,2025-05-06T22:10:19.000Z,"Wan Kongpao, Shan, Myanmar (Burma)",Myanmar,MM,Asia,earthquake,1746569671,1746569419,0,,"20.05,97.88",2025-05-06 22:10:19,2025-05-07 04:40:19
19.3040000,96.2590000,10.0000,2.30,ml,,,,,,th_14253_202505062122,2025-05-06T21:22:29.000Z,"Thagaya, Bago Region, Myanmar (Burma)",Myanmar,MM,Asia,earthquake,1746568440,1746566549,0,,"19.30,96.26",2025-05-06 21:22:29,2025-05-07 03:52:29
19.7850000,96.5020000,10.0000,2.10,ml,,,,,,th_14252_202505062025,2025-05-06T20:25:04.000Z,"Saungdaung Anauk, Naypyidaw Union Territory, Myanmar (Burma)",Myanmar,MM,Asia,earthquake,1746564174,1746563104,0,,"19.79,96.50",2025-05-06 20:25:04,2025-05-07 02:55:04
21.7110000,96.3510000,10.0000,4.40,ml,,,,,,in_VEo2UDlqeVJMUWhaSThyMVVoOHY3dz09,2025-05-06T19:14:48.000Z,"Mandalay, Mandalay Region, Myanmar (Burma)",Myanmar,MM,Asia,earthquake,1746558220,1746557794,1,,"21.92,96.12",2025-05-06 18:56:34,2025-05-07 01:26:34
20.1120000,96.4500000,10.0000,3.20,ml,,,,,,th_14250_202505061727,2025-05-06T17:27:44.000Z,"Kyaunggon, Naypyidaw Union Territory, Myanmar (Burma)",Myanmar,MM,Asia,earthquake,1746552957,1746552464,0,,"20.11,96.45",2025-05-06 17:27:44,2025-05-06 23:57:44
17.0650000,96.1680000,10.0000,2.60,ml,,,,,,th_14249_202505061708,2025-05-06T17:08:12.000Z,"Yangon, Yangon Region, Myanmar (Burma)",Myanmar,MM,Asia,earthquake,1746552686,1746551292,0,,"17.07,96.17",2025-05-06 17:08:12,2025-05-06 23:38:12
20.8960000,96.2870000,10.0000,2.50,ml,,,,,,th_14248_202505061656,2025-05-06T16:56:50.000Z,"Pothanaing, Mandalay Region, Myanmar (Burma)",Myanmar,MM,Asia,earthquake,1746551482,1746550610,0,,"20.90,96.29",2025-05-06 16:56:50,2025-05-06 23:26:50
17.1420000,96.3040000,10.0000,3.70,ml,,,,,,th_14247_202505061625,2025-05-06T16:49:47.000Z,"Za Yet Kwin, Yangon Region, Myanmar (Burma)",Myanmar,MM,Asia,earthquake,1746549949,1746548740,0,,"17.14,96.30",2025-05-06 16:25:40,2025-05-06 22:55:40
19.6810000,96.3920000,10.0000,2.20,ml,,,,,,th_14246_202505061604,2025-05-06T16:04:28.000Z,"Teinpyaung Atet, Naypyidaw Union Territory, Myanmar (Burma)",Myanmar,MM,Asia,earthquake,1746548039,1746547468,0,,"19.68,96.39",2025-05-06 16:04:28,2025-05-06 22:34:28
17.1060000,96.2820000,10.0000,2.90,ml,,,,,,th_14245_202505061510,2025-05-06T15:10:18.000Z,"Za Yet Kwin, Yangon Region, Myanmar (Burma)",Myanmar,MM,Asia,earthquake,1746545091,1746544218,0,,"17.11,96.28",2025-05-06 15:10:18,2025-05-06 21:40:18
19.9680000,98.1590000,10.0000,3.10,ml,,,,,,th_14244_202505061441,2025-05-06T14:41:50.000Z,"Wan Hsa-mu, Shan, Myanmar (Burma)",Myanmar,MM,Asia,earthquake,1746542987,1746542510,0,,"19.97,98.16",2025-05-06 14:41:50,2025-05-06 21:11:50
20.5800000,94.6100000,10.0000,3.80,ml,,,,,,in_MFhIazZVYjZhc3BrZzQ0RXhoUXF6Zz09,2025-05-06T14:26:53.000Z,"Salin, Magway Region, Myanmar (Burma)",Myanmar,MM,Asia,earthquake,1746542072,1746541613,0,,"20.58,94.61",2025-05-06 14:26:53,2025-05-06 20:56:53
19.1780000,96.4560000,10.0000,2.30,ml,,,,,,th_14243_202505061341,2025-05-06T13:41:10.000Z,"Karenchaung, Bago Region, Myanmar (Burma)",Myanmar,MM,Asia,earthquake,1746539461,1746538870,0,,"19.18,96.46",2025-05-06 13:41:10,2025-05-06 20:11:10
19.8630000,97.8610000,10.0000,2.80,ml,,,,,,th_14242_202505061327,2025-05-06T13:27:04.000Z,"Ta Öngmu, Shan, Myanmar (Burma)",Myanmar,MM,Asia,earthquake,1746538595,1746538024,0,,"19.86,97.86",2025-05-06 13:27:04,2025-05-06 19:57:04
20.4080000,97.0200000,10.0000,2.20,ml,,,,,,th_14241_202505060943,2025-05-06T09:43:53.000Z,"Nampan, Shan, Myanmar (Burma)",Myanmar,MM,Asia,earthquake,1746532698,1746524633,0,,"20.41,97.02",2025-05-06 09:43:53,2025-05-06 16:13:53
19.6530000,96.2240000,10.0000,2.60,ml,,,,,,th_14240_202505060649,2025-05-06T06:49:06.000Z,"Hpya-ling, Shan, Myanmar (Burma)",Myanmar,MM,Asia,earthquake,1746514671,1746514146,1,,"20.95,97.20",2025-05-06 06:49:06,2025-05-06 13:19:06
20.2700000,98.0890000,10.0000,2.00,ml,,,,,,th_14239_202505060617,2025-05-06T06:17:04.000Z,"Chueh Chu, Shan, Myanmar (Burma)",Myanmar,MM,Asia,earthquake,1746513097,1746512224,0,,"20.27,98.09",2025-05-06 06:17:04,2025-05-06 12:47:04
20.2400000,98.0720000,10.0000,2.30,ml,,,,,,th_14238_202505060615,2025-05-06T06:15:38.000Z,"Chueh Chu, Shan, Myanmar (Burma)",Myanmar,MM,Asia,earthquake,1746512743,1746512138,0,,"20.24,98.07",2025-05-06 06:15:38,2025-05-06 12:45:38
22.2160000,96.8870000,10.0000,3.30,ml,,,,,,th_14237_202505060341,2025-05-06T03:41:53.000Z,"Kan Gyi, Shan, Myanmar (Burma)",Myanmar,MM,Asia,earthquake,1746503532,1746502913,0,,"22.22,96.89",2025-05-06 03:41:53,2025-05-06 10:11:53
20.0710000,97.8800000,10.0000,2.40,ml,,,,,,th_14236_202505060108,2025-05-06T01:08:02.000Z,"Wan Kongpao, Shan, Myanmar (Burma)",Myanmar,MM,Asia,earthquake,1746494344,1746493682,0,,"20.07,97.88",2025-05-06 01:08:02,2025-05-06 07:38:02
20.2700000,97.6570000,10.0000,2.40,ml,,,,,,th_14235_202505060011,2025-05-06T00:11:21.000Z,"Mawkmai, Shan, Myanmar (Burma)",Myanmar,MM,Asia,earthquake,1746490689,1746490281,0,,"20.27,97.66",2025-05-06 00:11:21,2025-05-06 06:41:21
18.7700000,96.4540000,10.0000,2.60,ml,,,,,,th_14234_202505052102,2025-05-05T21:02:07.000Z,"Bomari, Bago Region, Myanmar (Burma)",Myanmar,MM,Asia,earthquake,1746480227,1746478927,0,,"18.77,96.45",2025-05-05 21:02:07,2025-05-06 03:32:07
19.9710000,96.2650000,10.0000,2.50,ml,,,,,,th_14233_202505052058,2025-05-05T20:58:49.000Z,"Tegon, Naypyidaw Union Territory, Myanmar (Burma)",Myanmar,MM,Asia,earthquake,1746480011,1746478729,0,,"19.97,96.27",2025-05-05 20:58:49,2025-05-06 03:28:49
19.4210000,97.7680000,10.0000,1.60,ml,,,,,,th_14232_202505051939,2025-05-05T19:39:24.000Z,"Hwè-yao, Kayah State, Myanmar (Burma)",Myanmar,MM,Asia,earthquake,1746474459,1746473964,0,,"19.42,97.77",2025-05-05 19:39:24,2025-05-06 02:09:24
19.4140000,96.3180000,10.0000,2.10,ml,,,,,,th_14229_202505051825,2025-05-05T18:25:41.000Z,"Wayonle, Bago Region, Myanmar (Burma)",Myanmar,MM,Asia,earthquake,1746470321,1746469541,0,,"19.41,96.32",2025-05-05 18:25:41,2025-05-06 00:55:41
18.9470000,96.2560000,10.0000,2.20,ml,,,,,,th_14228_202505051822,2025-05-05T18:22:58.000Z,"Gyihauk, Bago Region, Myanmar (Burma)",Myanmar,MM,Asia,earthquake,1746470274,1746469378,0,,"18.95,96.26",2025-05-05 18:22:58,2025-05-06 00:52:58
26.9900000,96.4700000,13.0000,3.50,ml,,,,,,in_UVA3cVE1RVV3Mm9xTnRmVEhzN2IwQT09,2025-05-05T15:14:48.000Z,"Gedu Ga, Kachin, Myanmar (Burma)",Myanmar,MM,Asia,earthquake,1746457723,1746457258,0,,"26.99,96.47",2025-05-05 15:00:58,2025-05-05 21:30:58
18.7720000,96.4430000,10.0000,2.50,ml,,,,,,th_14226_202505051455,2025-05-05T14:55:30.000Z,"Bomari, Bago Region, Myanmar (Burma)",Myanmar,MM,Asia,earthquake,1746457252,1746456930,0,,"18.77,96.44",2025-05-05 14:55:30,2025-05-05 21:25:30
20.0370000,97.8880000,10.0000,2.10,ml,,,,,,th_14225_202505051451,2025-05-05T14:51:57.000Z,"Wan Kongpao, Shan, Myanmar (Burma)",Myanmar,MM,Asia,earthquake,1746457032,1746456717,0,,"20.04,97.89",2025-05-05 14:51:57,2025-05-05 21:21:57
18.8180000,96.9870000,10.0000,1.90,ml,,,,,,th_14224_202505051228,2025-05-05T12:28:28.000Z,"Hoki, Kayin State, Myanmar (Burma)",Myanmar,MM,Asia,earthquake,1746449929,1746448108,0,,"18.82,96.99",2025-05-05 12:28:28,2025-05-05 18:58:28
19.2580000,96.3490000,10.0000,2.90,ml,,,,,,th_14223_202505050151,2025-05-05T01:51:48.000Z,"Sibaing, Bago Region, Myanmar (Burma)",Myanmar,MM,Asia,earthquake,1746410765,1746409908,0,,"19.26,96.35",2025-05-05 01:51:48,2025-05-05 08:21:48
24.5800000,94.8600000,70.0000,3.70,ml,,,,,,in_bGtPZnBRckxuNm15ZCtxUVg4c2ZvUT09,2025-05-05T01:28:34.000Z,"Myene, Sagaing Region, Myanmar (Burma)",Myanmar,MM,Asia,earthquake,1746408225,1746407515,0,,"24.58,94.86",2025-05-05 01:11:55,2025-05-05 07:41:55
19.9400000,97.7470000,5.0000,2.90,ml,,,,,,th_14222_202505042339,2025-05-04T23:39:34.000Z,"Wan Hwè-ya-yung, Shan, Myanmar (Burma)",Myanmar,MM,Asia,earthquake,1746403248,1746401974,0,,"19.94,97.75",2025-05-04 23:39:34,2025-05-05 06:09:34
22.9878000,95.6631000,10.0000,4.80,ml,,,,,,in_L0hZR2k4RVkrU0VUUXNjeENmOSsydz09,2025-05-05T06:42:10.000Z,"Bugon, Sagaing Region, Myanmar (Burma)",Myanmar,MM,Asia,earthquake,1746402052,1746401597,0,,"23.07,95.52",2025-05-04 23:33:17,2025-05-05 06:03:17
19.9400000,97.6190000,5.0000,2.80,ml,,,,,,th_14220_202505042324,2025-05-04T23:24:57.000Z,"Mai-hsa-se, Shan, Myanmar (Burma)",Myanmar,MM,Asia,earthquake,1746401296,1746401097,0,,"19.94,97.62",2025-05-04 23:24:57,2025-05-05 05:54:57
19.6520000,97.8790000,5.0000,2.40,ml,,,,,,th_14219_202505042258,2025-05-04T22:58:12.000Z,"Kiu-neng, Shan, Myanmar (Burma)",Myanmar,MM,Asia,earthquake,1746399743,1746399492,0,,"19.65,97.88",2025-05-04 22:58:12,2025-05-05 05:28:12
20.0760000,98.0670000,10.0000,2.20,ml,,,,,,th_14217_202505042143,2025-05-04T21:43:28.000Z,"Üng-yao, Shan, Myanmar (Burma)",Myanmar,MM,Asia,earthquake,1746395829,1746395008,0,,"20.08,98.07",2025-05-04 21:43:28,2025-05-05 04:13:28
19.9450000,97.7340000,10.0000,2.20,ml,,,,,,th_14215_202505041933,2025-05-04T19:33:03.000Z,"Wan Hwè-ya-yung, Shan, Myanmar (Burma)",Myanmar,MM,Asia,earthquake,1746388062,1746387183,0,,"19.95,97.73",2025-05-04 19:33:03,2025-05-05 02:03:03
19.7910000,96.9820000,10.0000,2.40,ml,,,,,,th_14214_202505041904,2025-05-04T19:04:02.000Z,"Engla, Shan, Myanmar (Burma)",Myanmar,MM,Asia,earthquake,1746386979,1746385442,0,,"19.79,96.98",2025-05-04 19:04:02,2025-05-05 01:34:02
20.1070000,97.8380000,2.0000,3.00,ml,,,,,,th_14213_202505041753,2025-05-04T17:53:13.000Z,"Wan Kongpao, Shan, Myanmar (Burma)",Myanmar,MM,Asia,earthquake,1746381705,1746381193,0,,"20.11,97.84",2025-05-04 17:53:13,2025-05-05 00:23:13
19.8420000,97.8510000,5.0000,2.20,ml,,,,,,th_14218_202505041740,2025-05-04T17:40:09.000Z,"Wan Hwè-ya-yung, Shan, Myanmar (Burma)",Myanmar,MM,Asia,earthquake,1746395913,1746380409,0,,"19.84,97.85",2025-05-04 17:40:09,2025-05-05 00:10:09
19.2170000,96.4560000,16.0000,2.20,ml,,,,,,th_14212_202505041550,2025-05-04T15:50:45.000Z,"Hnawpin, Bago Region, Myanmar (Burma)",Myanmar,MM,Asia,earthquake,1746374408,1746373845,0,,"19.22,96.46",2025-05-04 15:50:45,2025-05-04 22:20:45
18.0950000,95.3070000,76.0000,2.90,ml,,,,,,th_14211_202505041459,2025-05-04T14:59:49.000Z,"Kongyi, Ayeyarwady, Myanmar (Burma)",Myanmar,MM,Asia,earthquake,1746371299,1746370789,0,,"18.10,95.31",2025-05-04 14:59:49,2025-05-04 21:29:49
18.1100000,95.1900000,80.0000,3.10,ml,,,,,,th_14210_202505041404,2025-05-04T14:04:48.000Z,"Hngetkyiwin, Ayeyarwady, Myanmar (Burma)",Myanmar,MM,Asia,earthquake,1746368012,1746367488,0,,"18.11,95.19",2025-05-04 14:04:48,2025-05-04 20:34:48
21.6100000,94.4700000,90.0000,3.90,ml,,,,,,in_ODUzMGcyVThHZmxiSjhNK3ZINDBGUT09,2025-05-04T13:48:50.000Z,"Zee Pyar, Magway Region, Myanmar (Burma)",Myanmar,MM,Asia,earthquake,1746367849,1746366530,0,,"21.61,94.47",2025-05-04 13:48:50,2025-05-04 20:18:50
19.8390000,97.9340000,1.0000,1.70,ml,,,,,,th_14209_202505041230,2025-05-04T12:30:01.000Z,"Pang Tae Waet, Shan, Myanmar (Burma)",Myanmar,MM,Asia,earthquake,1746362032,1746361801,0,,"19.84,97.93",2025-05-04 12:30:01,2025-05-04 19:00:01
19.9360000,97.9460000,10.0000,2.20,ml,,,,,,th_14208_202505041158,2025-05-04T11:58:58.000Z,"Ta Ho-pong, Shan, Myanmar (Burma)",Myanmar,MM,Asia,earthquake,1746360487,1746359938,1,,"19.94,97.95",2025-05-04 11:58:58,2025-05-04 18:28:58
19.4400000,96.3320000,10.0000,2.50,ml,,,,,,th_14207_202505041154,2025-05-04T11:54:35.000Z,"Wayonle, Bago Region, Myanmar (Burma)",Myanmar,MM,Asia,earthquake,1746360389,1746359675,0,,"19.44,96.33",2025-05-04 11:54:35,2025-05-04 18:24:35
19.7830000,96.4770000,10.0000,2.50,ml,,,,,,th_14206_202505041149,2025-05-04T11:49:22.000Z,"Saungdaung Anauk, Naypyidaw Union Territory, Myanmar (Burma)",Myanmar,MM,Asia,earthquake,1746360240,1746359362,0,,"19.78,96.48",2025-05-04 11:49:22,2025-05-04 18:19:22
20.6710000,97.8170000,1.0000,2.60,ml,,,,,,th_14205_202505041005,2025-05-04T10:05:35.000Z,"Hai Hpak, Shan, Myanmar (Burma)",Myanmar,MM,Asia,earthquake,1746354780,1746353135,0,,"20.67,97.82",2025-05-04 10:05:35,2025-05-04 16:35:35
19.9320000,97.7770000,2.0000,2.70,ml,,,,,,th_14204_202505040813,2025-05-04T08:13:34.000Z,"Wan Hwè-ya-yung, Shan, Myanmar (Burma)",Myanmar,MM,Asia,earthquake,1746346621,1746346414,0,,"19.93,97.78",2025-05-04 08:13:34,2025-05-04 14:43:34
20.0970000,97.8830000,1.0000,2.90,ml,,,,,,th_14203_202505040158,2025-05-04T01:58:50.000Z,"Shan, Myanmar (Burma)",Myanmar,MM,Asia,earthquake,1746324314,1746323930,1,,"20.10,97.88",2025-05-04 01:58:50,2025-05-04 08:28:50
18.9170000,97.5050000,2.0000,2.10,ml,,,,,,th_14202_202505040015,2025-05-04T00:15:02.000Z,"Loi Mun, Kayah State, Myanmar (Burma)",Myanmar,MM,Asia,earthquake,1746318244,1746317702,0,,"18.92,97.51",2025-05-04 00:15:02,2025-05-04 06:45:02
21.7770000,96.2420000,10.0000,3.40,ml,,,,,,th_14198_202505032015,2025-05-03T20:15:11.000Z,"Thon-Daung-Ywa-Ma, Mandalay Region, Myanmar (Burma)",Myanmar,MM,Asia,earthquake,1746303634,1746303311,0,,"21.78,96.24",2025-05-03 20:15:11,2025-05-04 02:45:11
22.0350000,96.4960000,10.0000,2.90,ml,,,,,,th_14197_202505031839,2025-05-03T18:39:24.000Z,"Pyin Oo Lwin, Mandalay Region, Myanmar (Burma)",Myanmar,MM,Asia,earthquake,1746297865,1746297564,0,,"22.04,96.50",2025-05-03 18:39:24,2025-05-04 01:09:24
19.9650000,97.6670000,7.0000,2.50,ml,,,,,,th_14196_202505031447,2025-05-03T14:47:53.000Z,"Wan Panglu, Shan, Myanmar (Burma)",Myanmar,MM,Asia,earthquake,1746283947,1746283673,0,,"19.97,97.67",2025-05-03 14:47:53,2025-05-03 21:17:53
20.0340000,97.8980000,10.0000,2.00,ml,,,,,,th_14195_202505031443,2025-05-03T14:43:13.000Z,"Wan Kongpao, Shan, Myanmar (Burma)",Myanmar,MM,Asia,earthquake,1746283754,1746283393,1,,"20.03,97.90",2025-05-03 14:43:13,2025-05-03 21:13:13
19.9870000,97.9700000,10.0000,2.00,ml,,,,,,th_14194_202505031210,2025-05-03T12:10:00.000Z,"Ta Ho-pong, Shan, Myanmar (Burma)",Myanmar,MM,Asia,earthquake,1746274516,1746274200,1,,"19.99,97.97",2025-05-03 12:10:00,2025-05-03 18:40:00
19.2390000,96.2050000,10.0000,3.10,ml,,,,,,th_14193_202505031159,2025-05-03T11:59:01.000Z,"Baungdok, Bago Region, Myanmar (Burma)",Myanmar,MM,Asia,earthquake,1746273937,1746273541,0,,"19.24,96.21",2025-05-03 11:59:01,2025-05-03 18:29:01
19.2530000,96.2340000,10.0000,2.40,ml,,,,,,th_14192_202505031143,2025-05-03T11:43:05.000Z,"Swar, Bago Region, Myanmar (Burma)",Myanmar,MM,Asia,earthquake,1746272918,1746272585,0,,"19.25,96.23",2025-05-03 11:43:05,2025-05-03 18:13:05
18.7190000,96.4020000,10.0000,2.40,ml,,,,,,th_14190_202505030959,2025-05-03T09:59:38.000Z,"Kywebwe, Bago Region, Myanmar (Burma)",Myanmar,MM,Asia,earthquake,1746266839,1746266378,0,,"18.72,96.40",2025-05-03 09:59:38,2025-05-03 16:29:38
19.1650000,97.1100000,10.0000,2.30,ml,,,,,,th_14189_202505030915,2025-05-03T09:15:58.000Z,"He-sa-hku, Kayah State, Myanmar (Burma)",Myanmar,MM,Asia,earthquake,1746266794,1746263758,0,,"19.17,97.11",2025-05-03 09:15:58,2025-05-03 15:45:58
19.2350000,96.3830000,10.0000,2.60,ml,,,,,,th_14188_202505030600,2025-05-03T06:00:30.000Z,"Sibaing, Bago Region, Myanmar (Burma)",Myanmar,MM,Asia,earthquake,1746252385,1746252030,0,,"19.24,96.38",2025-05-03 06:00:30,2025-05-03 12:30:30
19.7350000,96.2190000,10.0000,2.80,ml,,,,,,th_14186_202505030117,2025-05-03T01:17:00.000Z,"Pyinmana, Naypyidaw Union Territory, Myanmar (Burma)",Myanmar,MM,Asia,earthquake,1746235396,1746235020,0,,"19.74,96.22",2025-05-03 01:17:00,2025-05-03 07:47:00
20.8820000,98.6700000,10.0000,2.60,ml,,,,,,th_14184_202505022009,2025-05-02T20:09:41.000Z,"Möng Pu, Shan, Myanmar (Burma)",Myanmar,MM,Asia,earthquake,1746217101,1746216581,0,,"20.88,98.67",2025-05-02 20:09:41,2025-05-03 02:39:41
19.0640000,96.4460000,10.0000,3.00,ml,,,,,,th_14183_202505022003,2025-05-02T20:03:59.000Z,"Kaytumati, Bago Region, Myanmar (Burma)",Myanmar,MM,Asia,earthquake,1746217048,1746216239,0,,"19.06,96.45",2025-05-02 20:03:59,2025-05-03 02:33:59
20.0470000,97.9370000,10.0000,1.60,ml,,,,,,th_14180_202505021749,2025-05-02T17:49:20.000Z,"Wan Kongpao, Shan, Myanmar (Burma)",Myanmar,MM,Asia,earthquake,1746208443,1746208160,0,,"20.05,97.94",2025-05-02 17:49:20,2025-05-03 00:19:20
21.6670000,96.5270000,10.0000,2.80,ml,,,,,,th_14179_202505021733,2025-05-02T17:33:18.000Z,"Gwebin, Mandalay Region, Myanmar (Burma)",Myanmar,MM,Asia,earthquake,1746208272,1746207198,0,,"21.67,96.53",2025-05-02 17:33:18,2025-05-03 00:03:18
19.8270000,97.9860000,10.0000,1.40,ml,,,,,,th_14178_202505021733,2025-05-02T17:33:01.000Z,"Pang Tae Waet, Shan, Myanmar (Burma)",Myanmar,MM,Asia,earthquake,1746208083,1746207181,0,,"19.83,97.99",2025-05-02 17:33:01,2025-05-03 00:03:01
17.2200000,96.1510000,10.0000,3.10,ml,,,,,,th_14177_202505021515,2025-05-02T15:15:51.000Z,"Si Sone Kone, Yangon Region, Myanmar (Burma)",Myanmar,MM,Asia,earthquake,1746199609,1746198951,0,,"17.22,96.15",2025-05-02 15:15:51,2025-05-02 21:45:51
22.0170000,96.8960000,10.0000,2.70,ml,,,,,,th_14176_202505021441,2025-05-02T14:41:09.000Z,"Nam-maw-lon, Shan, Myanmar (Burma)",Myanmar,MM,Asia,earthquake,1746198251,1746196869,0,,"22.02,96.90",2025-05-02 14:41:09,2025-05-02 21:11:09
21.9600000,96.2800000,10.0000,4.00,ml,,,,,,ems_202505_1803105,2025-05-02T11:21:40.000Z,"Thon-Daung-Ywa-Ma, Mandalay Region, Myanmar (Burma)",Myanmar,MM,Asia,earthquake,1746184914,1746183844,0,,"21.96,96.28",2025-05-02 11:04:04,2025-05-02 17:34:04
18.7570000,96.6040000,10.0000,2.10,ml,,,,,,th_14174_202505020717,2025-05-02T07:17:27.000Z,"Alesengyaung, Kayin State, Myanmar (Burma)",Myanmar,MM,Asia,earthquake,1746170565,1746170247,0,,"18.76,96.60",2025-05-02 07:17:27,2025-05-02 13:47:27
18.8080000,96.6540000,10.0000,2.60,ml,,,,,,th_14173_202505020355,2025-05-02T03:55:56.000Z,"Alesengyaung, Kayin State, Myanmar (Burma)",Myanmar,MM,Asia,earthquake,1746160089,1746158156,0,,"18.81,96.65",2025-05-02 03:55:56,2025-05-02 10:25:56
21.8620000,96.3880000,10.0000,3.90,ml,,,,,,th_14171_202505020153,2025-05-02T02:07:42.000Z,"Pyin Sar, Mandalay Region, Myanmar (Burma)",Myanmar,MM,Asia,earthquake,1746151388,1746150780,0,,"21.86,96.39",2025-05-02 01:53:00,2025-05-02 08:23:00
18.6270000,96.4240000,10.0000,2.00,ml,,,,,,th_14170_202505012016,2025-05-01T20:16:56.000Z,"Nyaung Chay Htauk, Bago Region, Myanmar (Burma)",Myanmar,MM,Asia,earthquake,1746130967,1746130616,0,,"18.63,96.42",2025-05-01 20:16:56,2025-05-02 02:46:56
20.9630000,96.3300000,10.0000,3.10,ml,,,,,,th_14169_202505011950,2025-05-01T19:50:44.000Z,"Patchaung, Shan, Myanmar (Burma)",Myanmar,MM,Asia,earthquake,1746129589,1746129044,0,,"20.96,96.33",2025-05-01 19:50:44,2025-05-02 02:20:44
18.8810000,95.5970000,10.0000,2.90,ml,,,,,,th_14167_202505011603,2025-05-01T16:03:16.000Z,"Kywetabaung, Bago Region, Myanmar (Burma)",Myanmar,MM,Asia,earthquake,1746115817,1746115396,0,,"18.88,95.60",2025-05-01 16:03:16,2025-05-01 22:33:16
21.8820000,96.3460000,5.0000,3.20,ml,,,,,,th_14166_202505011544,2025-05-01T15:44:24.000Z,"Yatanarpon Cyber City, Mandalay Region, Myanmar (Burma)",Myanmar,MM,Asia,earthquake,1746115090,1746114264,0,,"21.88,96.35",2025-05-01 15:44:24,2025-05-01 22:14:24
19.1930000,96.1420000,10.0000,2.20,ml,,,,,,th_14165_202505011510,2025-05-01T15:10:54.000Z,"Mayogon, Bago Region, Myanmar (Burma)",Myanmar,MM,Asia,earthquake,1746112639,1746112254,0,,"19.19,96.14",2025-05-01 15:10:54,2025-05-01 21:40:54
19.9190000,96.1370000,10.0000,2.30,ml,,,,,,th_14164_202505011436,2025-05-01T14:36:46.000Z,"Pobba Thiri, Naypyidaw Union Territory, Myanmar (Burma)",Myanmar,MM,Asia,earthquake,1746110861,1746110206,0,,"19.92,96.14",2025-05-01 14:36:46,2025-05-01 21:06:46
19.2310000,96.5120000,10.0000,2.10,ml,,,,,,th_14162_202505011401,2025-05-01T14:01:27.000Z,"Pebo, Kayin State, Myanmar (Burma)",Myanmar,MM,Asia,earthquake,1746108383,1746108087,0,,"19.23,96.51",2025-05-01 14:01:27,2025-05-01 20:31:27
19.2100000,96.4020000,10.0000,2.30,ml,,,,,,th_14161_202505011310,2025-05-01T13:10:12.000Z,"Hnawpin, Bago Region, Myanmar (Burma)",Myanmar,MM,Asia,earthquake,1746105392,1746105012,1,,"19.21,96.40",2025-05-01 13:10:12,2025-05-01 19:40:12
23.2300000,94.0800000,30.0000,3.40,ml,,,,,,in_NmxEcTRvWUZVenhranlyTHZrLzI1UT09,2025-05-01T08:21:31.000Z,"Kale, Chin State, Myanmar (Burma)",Myanmar,MM,Asia,earthquake,1746087305,1746086852,0,,"23.23,94.08",2025-05-01 08:07:32,2025-05-01 14:37:32
20.2950000,96.1150000,10.0000,3.30,ml,,,,,,th_14159_202505010641,2025-05-01T06:41:48.000Z,"Inbingyi, Mandalay Region, Myanmar (Burma)",Myanmar,MM,Asia,earthquake,1746083128,1746081708,0,,"20.30,96.12",2025-05-01 06:41:48,2025-05-01 13:11:48
20.9930000,99.0430000,10.0000,2.50,ml,,,,,,th_14158_202505010538,2025-05-01T05:38:17.000Z,"Mongkyet, Shan, Myanmar (Burma)",Myanmar,MM,Asia,earthquake,1746078262,1746077897,0,,"20.99,99.04",2025-05-01 05:38:17,2025-05-01 12:08:17
20.7360000,96.9510000,10.0000,3.10,ml,,,,,,th_14157_202505010515,2025-05-01T05:15:18.000Z,"Ayetharyar, Shan, Myanmar (Burma)",Myanmar,MM,Asia,earthquake,1746076874,1746076518,0,,"20.74,96.95",2025-05-01 05:15:18,2025-05-01 11:45:18
18.9010000,97.4290000,3.0000,2.90,ml,,,,,,th_14369_202505152108,2025-05-15T21:08:44.000Z,"Loi Mun, Kayah State, Myanmar (Burma)",Myanmar,MM,Asia,earthquake,1747343928,1747343324,0,,"18.90,97.43",2025-05-15 21:08:44,2025-05-16 03:38:44
18.9310000,97.6450000,1.0000,1.90,ml,,,,,,th_14368_202505152103,2025-05-15T21:03:46.000Z,"Watak, Kayah State, Myanmar (Burma)",Myanmar,MM,Asia,earthquake,1747343695,1747343026,0,,"18.93,97.65",2025-05-15 21:03:46,2025-05-16 03:33:46
19.8990000,97.9090000,2.0000,1.70,ml,,,,,,th_14367_202505152051,2025-05-15T20:51:44.000Z,Langhko Township,Myanmar,MM,Asia,earthquake,1747342930,1747342304,0,,"19.90,97.91",2025-05-15 20:51:44,2025-05-16 03:21:44
18.4440000,96.4530000,10.0000,2.80,ml,,,,,,th_14365_202505151834,2025-05-15T18:34:24.000Z,"Phyu, Bago Region, Myanmar (Burma)",Myanmar,MM,Asia,earthquake,1747334330,1747334064,0,,"18.44,96.45",2025-05-15 18:34:24,2025-05-16 01:04:24
19.8170000,98.0320000,10.0000,2.10,ml,,,,,,th_14364_202505151715,2025-05-15T17:15:29.000Z,"Loikwang, Shan, Myanmar (Burma)",Myanmar,MM,Asia,earthquake,1747329638,1747329329,0,,"19.82,98.03",2025-05-15 17:15:29,2025-05-15 23:45:29
23.3220000,95.8720000,10.0000,3.40,ml,,,,,,th_14363_202505151520,2025-05-15T15:20:10.000Z,"Ngayinbyo, Sagaing Region, Myanmar (Burma)",Myanmar,MM,Asia,earthquake,1747324300,1747322410,0,,"23.32,95.87",2025-05-15 15:20:10,2025-05-15 21:50:10
19.2660000,96.4840000,10.0000,2.30,ml,,,,,,th_14362_202505151447,2025-05-15T14:47:14.000Z,"Pebo, Kayin State, Myanmar (Burma)",Myanmar,MM,Asia,earthquake,1747320786,1747320434,0,,"19.27,96.48",2025-05-15 14:47:14,2025-05-15 21:17:14
20.1890000,98.0330000,10.0000,2.00,ml,,,,,,th_14361_202505150847,2025-05-15T08:47:46.000Z,"Wan Mawngkawk, Shan, Myanmar (Burma)",Myanmar,MM,Asia,earthquake,1747299699,1747298866,0,,"20.19,98.03",2025-05-15 08:47:46,2025-05-15 15:17:46
26.6700000,96.1700000,10.0000,3.30,ml,,,,,,in_T2pqZ29xMzlmS21QQkF1UWRYVFdYQT09,2025-05-15T08:21:35.000Z,"Shin Bway Yang, Kachin, Myanmar (Burma)",Myanmar,MM,Asia,earthquake,1747297094,1747296061,0,,"26.67,96.17",2025-05-15 08:01:01,2025-05-15 14:31:01
21.8850000,96.7730000,10.0000,3.90,ml,,,,,,th_14360_202505150718,2025-05-15T07:35:54.000Z,"Kontha, Mandalay Region, Myanmar (Burma)",Myanmar,MM,Asia,earthquake,1747294377,1747293525,0,,"21.89,96.77",2025-05-15 07:18:45,2025-05-15 13:48:45
19.2540000,96.3050000,10.0000,3.00,ml,,,,,,th_14359_202505150208,2025-05-15T02:08:06.000Z,"Swar, Bago Region, Myanmar (Burma)",Myanmar,MM,Asia,earthquake,1747275500,1747274886,0,,"19.25,96.31",2025-05-15 02:08:06,2025-05-15 08:38:06
26.9700000,95.8000000,10.0000,3.40,ml,,,,,,in_NitUR2RZTnd0YWdVOWlCNmZRQzdDUT09,2025-05-15T00:28:36.000Z,"Don Hee, Sagaing Region, Myanmar (Burma)",Myanmar,MM,Asia,earthquake,1747268745,1747268183,0,,"26.97,95.80",2025-05-15 00:16:23,2025-05-15 06:46:23
19.9730000,97.9100000,10.0000,2.20,ml,,,,,,th_14358_202505150005,2025-05-15T00:05:00.000Z,"Ta Ho-pong, Shan, Myanmar (Burma)",Myanmar,MM,Asia,earthquake,1747275389,1747267500,0,,"19.97,97.91",2025-05-15 00:05:00,2025-05-15 06:35:00
22.2480000,96.0580000,10.0000,3.20,ml,,,,,,th_14357_202505142258,2025-05-14T22:58:26.000Z,"Mwe Tha Laing, Mandalay Region, Myanmar (Burma)",Myanmar,MM,Asia,earthquake,1747264333,1747263506,0,,"22.25,96.06",2025-05-14 22:58:26,2025-05-15 05:28:26
19.8820000,98.0440000,4.0000,1.70,ml,,,,,,th_14356_202505142213,2025-05-14T22:13:56.000Z,"Wan Nawnghsem, Shan, Myanmar (Burma)",Myanmar,MM,Asia,earthquake,1747261398,1747260836,0,,"19.88,98.04",2025-05-14 22:13:56,2025-05-15 04:43:56
19.2390000,96.2360000,10.0000,2.80,ml,,,,,,th_14355_202505142104,2025-05-14T21:04:45.000Z,"Baungdok, Bago Region, Myanmar (Burma)",Myanmar,MM,Asia,earthquake,1747257331,1747256685,0,,"19.24,96.24",2025-05-14 21:04:45,2025-05-15 03:34:45
19.2310000,96.3790000,10.0000,2.30,ml,,,,,,th_14354_202505142034,2025-05-14T20:34:17.000Z,"Sibaing, Bago Region, Myanmar (Burma)",Myanmar,MM,Asia,earthquake,1747255555,1747254857,1,,"19.23,96.38",2025-05-14 20:34:17,2025-05-15 03:04:17
25.9800000,97.1900000,10.0000,3.40,ml,,,,,,in_NVJWQzRMR0hJcXplSEV4R0FlTEN4Zz09,2025-05-14T19:11:59.000Z,"'Njungbum, Kachin, Myanmar (Burma)",Myanmar,MM,Asia,earthquake,1747250906,1747249919,0,,"25.98,97.19",2025-05-14 19:11:59,2025-05-15 01:41:59
22.1480000,96.4620000,10.0000,3.20,ml,,,,,,th_14351_202505141328,2025-05-14T13:28:49.000Z,"Nyaung Gone, Mandalay Region, Myanmar (Burma)",Myanmar,MM,Asia,earthquake,1747230216,1747229329,0,,"22.15,96.46",2025-05-14 13:28:49,2025-05-14 19:58:49
21.1180000,99.8770000,10.0000,2.30,ml,,,,,,th_14350_202505141245,2025-05-14T12:45:37.000Z,"Yangka, Shan, Myanmar (Burma)",Myanmar,MM,Asia,earthquake,1747228540,1747226737,1,,"21.12,99.88",2025-05-14 12:45:37,2025-05-14 19:15:37
18.2840000,96.1460000,10.0000,2.20,ml,,,,,,th_14348_202505141226,2025-05-14T12:26:30.000Z,"Thitkyi, Bago Region, Myanmar (Burma)",Myanmar,MM,Asia,earthquake,1747226846,1747225590,0,,"18.28,96.15",2025-05-14 12:26:30,2025-05-14 18:56:30
21.0140000,99.8970000,10.0000,3.00,ml,,,,,,th_14347_202505141050,2025-05-14T10:50:09.000Z,"Wan Mu-hsö Hsensawmawng, Shan, Myanmar (Burma)",Myanmar,MM,Asia,earthquake,1747220195,1747219809,1,,"21.01,99.90",2025-05-14 10:50:09,2025-05-14 17:20:09
25.0400000,94.8000000,130.0000,3.90,ml,,,,,,in_WFN5dmVuZWc4bk1ieE1VaUdpMzFTQT09,2025-05-14T10:56:37.000Z,"Mo Paing Lut, Sagaing Region, Myanmar (Burma)",Myanmar,MM,Asia,earthquake,1747219875,1747218651,0,,"25.04,94.80",2025-05-14 10:30:51,2025-05-14 17:00:51
21.6030000,96.4980000,10.0000,2.80,ml,,,,,,th_14346_202505141028,2025-05-14T10:28:58.000Z,"Gwebin, Mandalay Region, Myanmar (Burma)",Myanmar,MM,Asia,earthquake,1747219693,1747218538,0,,"21.60,96.50",2025-05-14 10:28:58,2025-05-14 16:58:58
22.1010000,96.4370000,10.0000,4.00,ml,,,,,,ems_202505_1808139,2025-05-14T09:21:56.000Z,"Pyin Oo Lwin, Mandalay Region, Myanmar (Burma)",Myanmar,MM,Asia,earthquake,1747214530,1747213658,0,,"22.10,96.44",2025-05-14 09:07:38,2025-05-14 15:37:38
19.9640000,98.1410000,10.0000,2.10,ml,,,,,,th_14344_202505140832,2025-05-14T08:32:51.000Z,"Wan Nawnghsem, Shan, Myanmar (Burma)",Myanmar,MM,Asia,earthquake,1747212168,1747211571,0,,"19.96,98.14",2025-05-14 08:32:51,2025-05-14 15:02:51
18.0880000,96.7310000,10.0000,3.10,ml,,,,,,th_14343_202505140639,2025-05-14T06:39:32.000Z,"Hinthawè, Bago Region, Myanmar (Burma)",Myanmar,MM,Asia,earthquake,1747205274,1747204772,1,,"18.09,96.73",2025-05-14 06:39:32,2025-05-14 13:09:32
21.6530000,96.5790000,10.0000,3.10,ml,,,,,,th_14342_202505140419,2025-05-14T04:19:08.000Z,"Zayitke, Mandalay Region, Myanmar (Burma)",Myanmar,MM,Asia,earthquake,1747197439,1747196348,0,,"21.65,96.58",2025-05-14 04:19:08,2025-05-14 10:49:08
20.7930000,96.1460000,10.0000,3.00,ml,,,,,,th_14341_202505132335,2025-05-13T23:35:26.000Z,"Hlaingdet, Mandalay Region, Myanmar (Burma)",Myanmar,MM,Asia,earthquake,1747179645,1747179326,0,,"20.79,96.15",2025-05-13 23:35:26,2025-05-14 06:05:26
19.6670000,96.2100000,10.0000,3.60,ml,,,,,,th_14340_202505132245,2025-05-13T22:56:37.000Z,"Wetkamu, နေပြည်တော် ပြည်တောင်စုနယ်မြေ, Myanmar (Burma)",Myanmar,MM,Asia,earthquake,1747176725,1747176346,0,,"19.67,96.21",2025-05-13 22:45:46,2025-05-14 05:15:46
21.7890000,96.3310000,10.0000,3.50,ml,,,,,,th_14338_202505132021,2025-05-13T20:35:54.000Z,"Thon-Daung-Ywa-Ma, Mandalay Region, Myanmar (Burma)",Myanmar,MM,Asia,earthquake,1747168507,1747167686,1,,"21.79,96.33",2025-05-13 20:21:26,2025-05-14 02:51:26
20.2120000,96.4950000,3.0000,2.70,ml,,,,,,th_14337_202505131808,2025-05-13T18:08:07.000Z,Yamethin Township,Myanmar - China Border Region,MM,Asia,earthquake,1747160010,1747159687,0,,"20.21,96.50",2025-05-13 18:08:07,2025-05-14 00:38:07
17.7940000,97.5720000,2.0000,2.60,ml,,,,,,th_14336_202505131718,2025-05-13T17:18:59.000Z,"Bawkawkhi, Kayin State, Myanmar (Burma)",Myanmar,MM,Asia,earthquake,1747157294,1747156739,0,,"17.79,97.57",2025-05-13 17:18:59,2025-05-13 23:48:59
18.9610000,96.3940000,10.0000,2.10,ml,,,,,,th_14335_202505131636,2025-05-13T16:36:40.000Z,"Taungoo, Bago Region, Myanmar (Burma)",Myanmar,MM,Asia,earthquake,1747154518,1747154200,0,,"18.96,96.39",2025-05-13 16:36:40,2025-05-13 23:06:40
18.4870000,96.2840000,10.0000,2.60,ml,,,,,,th_14334_202505131136,2025-05-13T11:36:23.000Z,"Kayuchaung, Bago Region, Myanmar (Burma)",Myanmar,MM,Asia,earthquake,1747136617,1747136183,0,,"18.49,96.28",2025-05-13 11:36:23,2025-05-13 18:06:23
22.1400000,96.3110000,2.0000,3.90,ml,,,,,,th_14333_202505130641,2025-05-13T06:56:40.000Z,"Daw-wa-kyaung, Mandalay Region, Myanmar (Burma)",Myanmar,MM,Asia,earthquake,1747119092,1747118515,0,,"22.14,96.31",2025-05-13 06:41:55,2025-05-13 13:11:55
21.8190000,96.4160000,10.0000,3.80,ml,,,,,,th_14330_202505122321,2025-05-12T23:42:39.000Z,"Shwegyaung, Mandalay Region, Myanmar (Burma)",Myanmar,MM,Asia,earthquake,1747093051,1747092117,0,,"21.82,96.42",2025-05-12 23:21:57,2025-05-13 05:51:57
18.8890000,97.3330000,1.0000,1.50,ml,,,,,,th_14329_202505122010,2025-05-12T20:10:19.000Z,"Hpasawng, Kayah State, Myanmar (Burma)",Myanmar,MM,Asia,earthquake,1747082292,1747080619,0,,"18.89,97.33",2025-05-12 20:10:19,2025-05-13 02:40:19
18.8390000,96.3600000,10.0000,2.90,ml,,,,,,th_14327_202505121953,2025-05-12T19:53:48.000Z,"Oktwin, Bago Region, Myanmar (Burma)",Myanmar,MM,Asia,earthquake,1747080352,1747079628,0,,"18.84,96.36",2025-05-12 19:53:48,2025-05-13 02:23:48
18.8880000,96.3750000,10.0000,2.80,ml,,,,,,th_14326_202505121949,2025-05-12T19:49:00.000Z,"Taungoo, Bago Region, Myanmar (Burma)",Myanmar,MM,Asia,earthquake,1747079792,1747079340,0,,"18.89,96.38",2025-05-12 19:49:00,2025-05-13 02:19:00
21.7300000,96.2890000,10.0000,3.90,ml,,,,,,th_14323_202505121824,2025-05-12T18:35:36.000Z,"Hngetkyithaik, Mandalay Region, Myanmar (Burma)",Myanmar,MM,Asia,earthquake,1747074712,1747074268,0,,"21.73,96.29",2025-05-12 18:24:28,2025-05-13 00:54:28
20.8620000,96.9880000,10.0000,2.50,ml,,,,,,th_14322_202505121720,2025-05-12T17:20:28.000Z,"taungni, Shan, Myanmar (Burma)",Myanmar,MM,Asia,earthquake,1747071078,1747070428,0,,"20.86,96.99",2025-05-12 17:20:28,2025-05-12 23:50:28
19.7070000,96.2480000,10.0000,2.60,ml,,,,,,th_14321_202505121346,2025-05-12T13:46:29.000Z,"Pwetseikkon, နေပြည်တော် ပြည်တောင်စုနယ်မြေ, Myanmar (Burma)",Myanmar,MM,Asia,earthquake,1747058303,1747057589,0,,"19.71,96.25",2025-05-12 13:46:29,2025-05-12 20:16:29
20.6200000,96.5350000,10.0000,2.40,ml,,,,,,th_14320_202505121342,2025-05-12T13:42:51.000Z,"Kalaw, Shan, Myanmar (Burma)",Myanmar,MM,Asia,earthquake,1747058253,1747057371,0,,"20.62,96.54",2025-05-12 13:42:51,2025-05-12 20:12:51
19.7060000,96.1970000,10.0000,2.90,ml,,,,,,th_14319_202505121332,2025-05-12T13:32:05.000Z,"Naypyidaw Union Territory, Myanmar (Burma)",Myanmar,MM,Asia,earthquake,1747057047,1747056725,1,,"19.71,96.20",2025-05-12 13:32:05,2025-05-12 20:02:05
20.9560000,96.3610000,10.0000,3.80,ml,,,,,,th_14318_202505120320,2025-05-12T03:35:37.000Z,"Patchaung, Shan, Myanmar (Burma)",Myanmar,MM,Asia,earthquake,1747020715,1747020027,0,,"20.96,96.36",2025-05-12 03:20:27,2025-05-12 09:50:27
20.9300000,96.5690000,10.0000,3.00,ml,,,,,,th_14317_202505120251,2025-05-12T02:51:53.000Z,"Nyaungbingwa, Shan, Myanmar (Burma)",Myanmar,MM,Asia,earthquake,1747018835,1747018313,0,,"20.93,96.57",2025-05-12 02:51:53,2025-05-12 09:21:53
20.0250000,96.3060000,10.0000,4.00,ml,,,,,,ems_202505_1807159,2025-05-11T23:56:36.000Z,"Setkon, Naypyidaw Union Territory, Myanmar (Burma)",Myanmar,MM,Asia,earthquake,1747007805,1747006960,0,,"20.03,96.31",2025-05-11 23:42:40,2025-05-12 06:12:40
19.1120000,96.4580000,9.0000,3.20,ml,,,,,,th_14315_202505112131,2025-05-11T21:31:01.000Z,"Karenchaung, Bago Region, Myanmar (Burma)",Myanmar,MM,Asia,earthquake,1746999452,1746999061,1,,"19.11,96.46",2025-05-11 21:31:01,2025-05-12 04:01:01
20.1260000,98.0400000,10.0000,2.40,ml,,,,,,th_14314_202505111731,2025-05-11T17:31:54.000Z,"Üng-yao, Shan, Myanmar (Burma)",Myanmar,MM,Asia,earthquake,1746985210,1746984714,0,,"20.13,98.04",2025-05-11 17:31:54,2025-05-12 00:01:54
20.0970000,97.7600000,10.0000,2.60,ml,,,,,,th_14313_202505111015,2025-05-11T10:15:46.000Z,"Wān Kongmakpin, Shan, Myanmar (Burma)",Myanmar,MM,Asia,earthquake,1746959010,1746958546,0,,"20.10,97.76",2025-05-11 10:15:46,2025-05-11 16:45:46
18.8740000,96.4530000,10.0000,3.00,ml,,,,,,th_14311_202505110840,2025-05-11T08:40:08.000Z,"Taungoo, Bago Region, Myanmar (Burma)",Myanmar,MM,Asia,earthquake,1746953798,1746952808,0,,"18.87,96.45",2025-05-11 08:40:08,2025-05-11 15:10:08
21.2640000,99.8890000,10.0000,2.80,ml,,,,,,th_14310_202505110227,2025-05-11T02:27:19.000Z,"Wan Hpaya-hkè, Shan, Myanmar (Burma)",Myanmar,MM,Asia,earthquake,1746930982,1746930439,1,,"21.26,99.89",2025-05-11 02:27:19,2025-05-11 08:57:19
20.3620000,98.0470000,10.0000,2.20,ml,,,,,,th_14309_202505110203,2025-05-11T02:03:58.000Z,"Langkho, Shan, Myanmar (Burma)",Myanmar,MM,Asia,earthquake,1746929426,1746929038,0,,"20.36,98.05",2025-05-11 02:03:58,2025-05-11 08:33:58
20.2780000,96.2300000,10.0000,2.60,ml,,,,,,th_14308_202505102127,2025-05-10T21:27:06.000Z,"Nyaung Lunt, Naypyidaw Union Territory, Myanmar (Burma)",Myanmar,MM,Asia,earthquake,1746913100,1746912426,0,,"20.28,96.23",2025-05-10 21:27:06,2025-05-11 03:57:06
21.7660000,96.3990000,10.0000,2.80,ml,,,,,,th_14307_202505102050,2025-05-10T20:50:32.000Z,"Thon-Daung-Ywa-Ma, Mandalay Region, Myanmar (Burma)",Myanmar,MM,Asia,earthquake,1746910921,1746910232,0,,"21.77,96.40",2025-05-10 20:50:32,2025-05-11 03:20:32
21.0120000,96.5440000,10.0000,2.80,ml,,,,,,th_14305_202505101911,2025-05-10T19:11:32.000Z,"Nyaungbingwa, Shan, Myanmar (Burma)",Myanmar,MM,Asia,earthquake,1746904549,1746904292,0,,"21.01,96.54",2025-05-10 19:11:32,2025-05-11 01:41:32
21.1310000,99.7450000,2.0000,2.90,ml,,,,,,th_14304_202505101840,2025-05-10T18:40:08.000Z,"Loi Pang Koi, Shan, Myanmar (Burma)",Myanmar,MM,Asia,earthquake,1746902724,1746902408,0,,"21.13,99.75",2025-05-10 18:40:08,2025-05-11 01:10:08
19.1840000,96.3710000,10.0000,2.90,ml,,,,,,th_14303_202505101636,2025-05-10T16:36:47.000Z,"Yedashe, Bago Region, Myanmar (Burma)",Myanmar,MM,Asia,earthquake,1746895276,1746895007,1,,"19.18,96.37",2025-05-10 16:36:47,2025-05-10 23:06:47
19.9910000,96.2810000,10.0000,2.40,ml,,,,,,th_14302_202505101628,2025-05-10T16:28:02.000Z,"Chaungbya, Naypyidaw Union Territory, Myanmar (Burma)",Myanmar,MM,Asia,earthquake,1746894862,1746894482,0,,"19.99,96.28",2025-05-10 16:28:02,2025-05-10 22:58:02
20.3500000,98.2350000,7.0000,4.00,ml,,,,,,ems_202505_1806624,2025-05-10T12:35:36.000Z,"Na-law, Shan, Myanmar (Burma)",Myanmar,MM,Asia,earthquake,1746880549,1746880169,0,,"20.35,98.24",2025-05-10 12:29:29,2025-05-10 18:59:29
21.6200000,96.3930000,10.0000,3.70,ml,,,,,,th_14300_202505101137,2025-05-10T11:49:35.000Z,"Gwebin, Mandalay Region, Myanmar (Burma)",Myanmar,MM,Asia,earthquake,1746877646,1746877027,0,,"21.62,96.39",2025-05-10 11:37:07,2025-05-10 18:07:07
19.2660000,96.2590000,10.0000,2.70,ml,,,,,,th_14299_202505101039,2025-05-10T10:39:18.000Z,"Swar, Bago Region, Myanmar (Burma)",Myanmar,MM,Asia,earthquake,1746873902,1746873558,0,,"19.27,96.26",2025-05-10 10:39:18,2025-05-10 17:09:18
18.8700000,96.4290000,10.0000,2.40,ml,,,,,,th_14297_202505100701,2025-05-10T07:01:58.000Z,"Taungoo, Bago Region, Myanmar (Burma)",Myanmar,MM,Asia,earthquake,1746860896,1746860518,0,,"18.87,96.43",2025-05-10 07:01:58,2025-05-10 13:31:58
18.0900000,96.1090000,10.0000,3.80,ml,,,,,,th_14296_202505100613,2025-05-10T06:22:04.000Z,"Foucar's, Bago Region, Myanmar (Burma)",Myanmar,MM,Asia,earthquake,1746857949,1746857621,0,,"18.09,96.11",2025-05-10 06:13:41,2025-05-10 12:43:41
20.0460000,97.8380000,10.0000,3.00,ml,,,,,,th_14295_202505100414,2025-05-10T04:14:54.000Z,"Wan Kongpao, Shan, Myanmar (Burma)",Myanmar,MM,Asia,earthquake,1746850835,1746850494,0,,"20.05,97.84",2025-05-10 04:14:54,2025-05-10 10:44:54
19.9960000,98.0390000,5.0000,2.30,ml,,,,,,th_14294_202505100246,2025-05-10T02:46:41.000Z,"Wan Konlang, Shan, Myanmar (Burma)",Myanmar,MM,Asia,earthquake,1746845705,1746845201,0,,"20.00,98.04",2025-05-10 02:46:41,2025-05-10 09:16:41
18.2790000,96.5880000,10.0000,2.50,ml,,,,,,th_14293_202505100157,2025-05-10T01:57:59.000Z,"Ingone, Bago Region, Myanmar (Burma)",Myanmar,MM,Asia,earthquake,1746842811,1746842279,0,,"18.28,96.59",2025-05-10 01:57:59,2025-05-10 08:27:59
20.0650000,98.0200000,10.0000,3.10,ml,,,,,,th_14292_202505100021,2025-05-10T00:21:38.000Z,"Wan Konlang, Shan, Myanmar (Burma)",Myanmar,MM,Asia,earthquake,1746836984,1746836498,0,,"20.07,98.02",2025-05-10 00:21:38,2025-05-10 06:51:38
19.1460000,96.3560000,10.0000,2.90,ml,,,,,,th_14291_202505091956,2025-05-09T19:56:05.000Z,"Yedashe, Bago Region, Myanmar (Burma)",Myanmar,MM,Asia,earthquake,1746821533,1746820565,0,,"19.15,96.36",2025-05-09 19:56:05,2025-05-10 02:26:05
19.7340000,96.5060000,10.0000,2.50,ml,,,,,,th_14290_202505091808,2025-05-09T18:08:25.000Z,"Saungdaung Anauk, Naypyidaw Union Territory, Myanmar (Burma)",Myanmar,MM,Asia,earthquake,1746821306,1746814105,0,,"19.73,96.51",2025-05-09 18:08:25,2025-05-10 00:38:25
20.6380000,99.8320000,10.0000,1.90,ml,,,,,,th_14289_202505091717,2025-05-09T17:17:42.000Z,"Wan Hsenhkampeng, Shan, Myanmar (Burma)",Myanmar,MM,Asia,earthquake,1746821179,1746811062,0,,"20.64,99.83",2025-05-09 17:17:42,2025-05-09 23:47:42
21.2790000,96.2570000,10.0000,3.10,ml,,,,,,th_14287_202505091346,2025-05-09T13:46:34.000Z,"Ywarkhainggyi, Mandalay Region, Myanmar (Burma)",Myanmar,MM,Asia,earthquake,1746800696,1746798394,1,,"21.28,96.26",2025-05-09 13:46:34,2025-05-09 20:16:34
24.7700000,95.2900000,110.0000,4.30,ml,,,,,,in_dGtvd01KL2lJWFNnQnVEM3ZpWFIxZz09,2025-05-09T13:49:34.000Z,"Nyaungbintha, Sagaing Region, Myanmar (Burma)",Myanmar,MM,Asia,earthquake,1746798568,1746797879,0,,"24.77,95.29",2025-05-09 13:37:59,2025-05-09 20:07:59
20.0220000,98.0340000,10.0000,1.90,ml,,,,,,th_14285_202505091146,2025-05-09T11:46:46.000Z,"Wan Konlang, Shan, Myanmar (Burma)",Myanmar,MM,Asia,earthquake,1746791694,1746791206,0,,"20.02,98.03",2025-05-09 11:46:46,2025-05-09 18:16:46
21.4700000,96.2580000,10.0000,3.10,ml,,,,,,th_14284_202505090858,2025-05-09T08:58:38.000Z,"Thanywa, Mandalay Region, Myanmar (Burma)",Myanmar,MM,Asia,earthquake,1746781953,1746781118,0,,"21.47,96.26",2025-05-09 08:58:38,2025-05-09 15:28:38
20.8734000,96.0433000,10.0000,4.40,mb,,,,,,in_aksrK0ZtS05EeG5EZzBPblBZRld5dz09,2025-05-09T14:58:53.000Z,"Thazi, Mandalay Region, Myanmar (Burma)",Myanmar,MM,Asia,earthquake,1746780668,1746779850,1,,"20.87,96.05",2025-05-09 08:37:30,2025-05-09 15:07:30
22.0220000,96.3870000,10.0000,3.60,ml,,,,,,th_14282_202505090832,2025-05-09T08:56:36.000Z,"Anesakhan, Mandalay Region, Myanmar (Burma)",Myanmar,MM,Asia,earthquake,1746780145,1746779555,0,,"22.02,96.39",2025-05-09 08:32:35,2025-05-09 15:02:35
18.1440000,96.7640000,10.0000,4.20,ml,,,,,,ems_202505_1806105,2025-05-09T00:56:35.000Z,"Bogata Auk, Bago Region, Myanmar (Burma)",Myanmar,MM,Asia,earthquake,1746752211,1746751689,0,,"18.14,96.76",2025-05-09 00:48:09,2025-05-09 07:18:09
21.7280000,96.2770000,10.0000,2.90,ml,,,,,,th_14279_202505082300,2025-05-08T23:00:34.000Z,"Hngetkyithaik, Mandalay Region, Myanmar (Burma)",Myanmar,MM,Asia,earthquake,1746745706,1746745234,0,,"21.73,96.28",2025-05-08 23:00:34,2025-05-09 05:30:34
19.6380000,96.1880000,10.0000,2.40,ml,,,,,,th_14278_202505082236,2025-05-08T22:36:33.000Z,"Magyigon, Naypyidaw Union Territory, Myanmar (Burma)",Myanmar,MM,Asia,earthquake,1746744264,1746743793,0,,"19.64,96.19",2025-05-08 22:36:33,2025-05-09 05:06:33
22.0470000,96.4050000,10.0000,3.10,ml,,,,,,th_14277_202505082026,2025-05-08T20:26:12.000Z,"Pyin Oo Lwin, Mandalay Region, Myanmar (Burma)",Myanmar,MM,Asia,earthquake,1746736902,1746735972,0,,"22.05,96.41",2025-05-08 20:26:12,2025-05-09 02:56:12
19.0520000,97.4290000,10.0000,1.70,ml,,,,,,th_14275_202505081900,2025-05-08T19:00:06.000Z,"Ho-hwè-ko-sa-pa, Kayah State, Myanmar (Burma)",Myanmar,MM,Asia,earthquake,1746731745,1746730806,0,,"19.05,97.43",2025-05-08 19:00:06,2025-05-09 01:30:06
19.8030000,96.4020000,10.0000,2.20,ml,,,,,,th_14274_202505081549,2025-05-08T15:49:31.000Z,"Kwedugyi, Naypyidaw Union Territory, Myanmar (Burma)",Myanmar,MM,Asia,earthquake,1746719756,1746719371,0,,"19.80,96.40",2025-05-08 15:49:31,2025-05-08 22:19:31
20.0460000,96.4250000,10.0000,2.30,ml,,,,,,th_14273_202505081532,2025-05-08T15:32:58.000Z,"Thalaing, Naypyidaw Union Territory, Myanmar (Burma)",Myanmar,MM,Asia,earthquake,1746719078,1746718378,0,,"20.05,96.43",2025-05-08 15:32:58,2025-05-08 22:02:58
23.1800000,94.0500000,10.0000,3.60,ml,,,,,,in_eE5uZG1qYmZjNmt0TnNwMkttdE12dz09,2025-05-08T14:21:42.000Z,"Kale, Sagaing Region, Myanmar (Burma)",Myanmar,MM,Asia,earthquake,1746713847,1746713167,0,,"23.18,94.05",2025-05-08 14:06:07,2025-05-08 20:36:07
21.5610000,96.2020000,10.0000,4.10,ml,,,,,,ems_202505_1805781,2025-05-08T08:00:37.000Z,"Kyaukse, Mandalay Region, Myanmar (Burma)",Myanmar,MM,Asia,earthquake,1746691249,1746689924,0,,"21.56,96.20",2025-05-08 07:38:44,2025-05-08 14:08:44
18.0890000,96.7330000,10.0000,2.40,ml,,,,,,th_14271_202505080232,2025-05-08T02:32:14.000Z,"Hinthawè, Bago Region, Myanmar (Burma)",Myanmar,MM,Asia,earthquake,1746672301,1746671534,0,,"18.09,96.73",2025-05-08 02:32:14,2025-05-08 09:02:14
20.9580000,96.3290000,10.0000,2.60,ml,,,,,,th_14268_202505072039,2025-05-07T20:39:31.000Z,"Patchaung, Shan, Myanmar (Burma)",Myanmar,MM,Asia,earthquake,1746650883,1746650371,1,,"20.96,96.33",2025-05-07 20:39:31,2025-05-08 03:09:31
19.3650000,96.5380000,10.0000,2.00,ml,,,,,,th_14267_202505071808,2025-05-07T18:08:08.000Z,"Amayadaung, Kayin State, Myanmar (Burma)",Myanmar,MM,Asia,earthquake,1746641944,1746641288,0,,"19.37,96.54",2025-05-07 18:08:08,2025-05-08 00:38:08
20.0390000,97.9400000,10.0000,1.50,ml,,,,,,th_14266_202505071733,2025-05-07T17:33:46.000Z,"Wan Kongpao, Shan, Myanmar (Burma)",Myanmar,MM,Asia,earthquake,1746639605,1746639226,0,,"20.04,97.94",2025-05-07 17:33:46,2025-05-08 00:03:46
17.4490000,96.2700000,10.0000,2.30,ml,,,,,,th_14265_202505071720,2025-05-07T17:20:07.000Z,"Wanetkon, Yangon Region, Myanmar (Burma)",Myanmar,MM,Asia,earthquake,1746638924,1746638407,0,,"17.45,96.27",2025-05-07 17:20:07,2025-05-07 23:50:07
21.7020000,96.3250000,10.0000,3.00,ml,,,,,,th_14264_202505071600,2025-05-07T16:00:22.000Z,"Hngetkyithaik, Mandalay Region, Myanmar (Burma)",Myanmar,MM,Asia,earthquake,1746637232,1746633622,0,,"21.70,96.33",2025-05-07 16:00:22,2025-05-07 22:30:22
20.9670000,98.0900000,10.0000,2.10,ml,,,,,,th_14263_202505071550,2025-05-07T15:50:01.000Z,"Tatpük, Shan, Myanmar (Burma)",Myanmar,MM,Asia,earthquake,1746633711,1746633001,0,,"20.97,98.09",2025-05-07 15:50:01,2025-05-07 22:20:01
19.7770000,96.4850000,10.0000,2.40,ml,,,,,,th_14262_202505071310,2025-05-07T13:10:09.000Z,"Saungdaung Anauk, Naypyidaw Union Territory, Myanmar (Burma)",Myanmar,MM,Asia,earthquake,1746623967,1746623409,0,,"19.78,96.49",2025-05-07 13:10:09,2025-05-07 19:40:09
18.6350000,96.5720000,10.0000,4.00,ml,,,,,,ems_202505_1805382,2025-05-07T07:42:39.000Z,"Zayatkyi, Bago Region, Myanmar (Burma)",Myanmar,MM,Asia,earthquake,1746603777,1746603325,0,,"18.64,96.57",2025-05-07 07:35:25,2025-05-07 14:05:25
18.6850000,96.3650000,10.0000,3.90,ml,,,,,,th_14260_202505070727,2025-05-07T07:35:36.000Z,"Kywebwe, Bago Region, Myanmar (Burma)",Myanmar,MM,Asia,earthquake,1746603217,1746602868,0,,"18.69,96.37",2025-05-07 07:27:48,2025-05-07 13:57:48
18.7990000,96.5240000,10.0000,3.30,ml,,,,,,th_14259_202505070123,2025-05-07T01:23:00.000Z,"Bomari, Bago Region, Myanmar (Burma)",Myanmar,MM,Asia,earthquake,1746581303,1746580980,0,,"18.80,96.52",2025-05-07 01:23:00,2025-05-07 07:53:00
19.9410000,97.9580000,10.0000,2.10,ml,,,,,,th_14258_202505070058,2025-05-07T00:58:46.000Z,"Ta Ho-pong, Shan, Myanmar (Burma)",Myanmar,MM,Asia,earthquake,1746579855,1746579526,0,,"19.94,97.96",2025-05-07 00:58:46,2025-05-07 07:28:46
20.1490000,97.9020000,10.0000,1.80,ml,,,,,,th_14257_202505062247,2025-05-06T22:47:57.000Z,"Wan Hat, Shan, Myanmar (Burma)",Myanmar,MM,Asia,earthquake,1746572063,1746571677,0,,"20.15,97.90",2025-05-06 22:47:57,2025-05-07 05:17:57
20.0810000,97.8000000,10.0000,3.50,ml,,,,,,th_14255_202505062221,2025-05-06T22:28:41.000Z,"Wan Kongpao, Shan, Myanmar (Burma)",Myanmar,MM,Asia,earthquake,1746570329,1746570079,0,,"20.08,97.80",2025-05-06 22:21:19,2025-05-07 04:51:19
20.0480000,97.8770000,10.0000,2.70,ml,,,,,,th_14254_202505062210,2025-05-06T22:10:19.000Z,"Wan Kongpao, Shan, Myanmar (Burma)",Myanmar,MM,Asia,earthquake,1746569671,1746569419,0,,"20.05,97.88",2025-05-06 22:10:19,2025-05-07 04:40:19
19.3040000,96.2590000,10.0000,2.30,ml,,,,,,th_14253_202505062122,2025-05-06T21:22:29.000Z,"Thagaya, Bago Region, Myanmar (Burma)",Myanmar,MM,Asia,earthquake,1746568440,1746566549,0,,"19.30,96.26",2025-05-06 21:22:29,2025-05-07 03:52:29
19.7850000,96.5020000,10.0000,2.10,ml,,,,,,th_14252_202505062025,2025-05-06T20:25:04.000Z,"Saungdaung Anauk, Naypyidaw Union Territory, Myanmar (Burma)",Myanmar,MM,Asia,earthquake,1746564174,1746563104,0,,"19.79,96.50",2025-05-06 20:25:04,2025-05-07 02:55:04
21.7110000,96.3510000,10.0000,4.40,ml,,,,,,in_VEo2UDlqeVJMUWhaSThyMVVoOHY3dz09,2025-05-06T19:14:48.000Z,"Mandalay, Mandalay Region, Myanmar (Burma)",Myanmar,MM,Asia,earthquake,1746558220,1746557794,1,,"21.92,96.12",2025-05-06 18:56:34,2025-05-07 01:26:34
20.1120000,96.4500000,10.0000,3.20,ml,,,,,,th_14250_202505061727,2025-05-06T17:27:44.000Z,"Kyaunggon, Naypyidaw Union Territory, Myanmar (Burma)",Myanmar,MM,Asia,earthquake,1746552957,1746552464,0,,"20.11,96.45",2025-05-06 17:27:44,2025-05-06 23:57:44
17.0650000,96.1680000,10.0000,2.60,ml,,,,,,th_14249_202505061708,2025-05-06T17:08:12.000Z,"Yangon, Yangon Region, Myanmar (Burma)",Myanmar,MM,Asia,earthquake,1746552686,1746551292,0,,"17.07,96.17",2025-05-06 17:08:12,2025-05-06 23:38:12
20.8960000,96.2870000,10.0000,2.50,ml,,,,,,th_14248_202505061656,2025-05-06T16:56:50.000Z,"Pothanaing, Mandalay Region, Myanmar (Burma)",Myanmar,MM,Asia,earthquake,1746551482,1746550610,0,,"20.90,96.29",2025-05-06 16:56:50,2025-05-06 23:26:50
17.1420000,96.3040000,10.0000,3.70,ml,,,,,,th_14247_202505061625,2025-05-06T16:49:47.000Z,"Za Yet Kwin, Yangon Region, Myanmar (Burma)",Myanmar,MM,Asia,earthquake,1746549949,1746548740,0,,"17.14,96.30",2025-05-06 16:25:40,2025-05-06 22:55:40
19.6810000,96.3920000,10.0000,2.20,ml,,,,,,th_14246_202505061604,2025-05-06T16:04:28.000Z,"Teinpyaung Atet, Naypyidaw Union Territory, Myanmar (Burma)",Myanmar,MM,Asia,earthquake,1746548039,1746547468,0,,"19.68,96.39",2025-05-06 16:04:28,2025-05-06 22:34:28
17.1060000,96.2820000,10.0000,2.90,ml,,,,,,th_14245_202505061510,2025-05-06T15:10:18.000Z,"Za Yet Kwin, Yangon Region, Myanmar (Burma)",Myanmar,MM,Asia,earthquake,1746545091,1746544218,0,,"17.11,96.28",2025-05-06 15:10:18,2025-05-06 21:40:18
19.9680000,98.1590000,10.0000,3.10,ml,,,,,,th_14244_202505061441,2025-05-06T14:41:50.000Z,"Wan Hsa-mu, Shan, Myanmar (Burma)",Myanmar,MM,Asia,earthquake,1746542987,1746542510,0,,"19.97,98.16",2025-05-06 14:41:50,2025-05-06 21:11:50
20.5800000,94.6100000,10.0000,3.80,ml,,,,,,in_MFhIazZVYjZhc3BrZzQ0RXhoUXF6Zz09,2025-05-06T14:26:53.000Z,"Salin, Magway Region, Myanmar (Burma)",Myanmar,MM,Asia,earthquake,1746542072,1746541613,0,,"20.58,94.61",2025-05-06 14:26:53,2025-05-06 20:56:53
19.1780000,96.4560000,10.0000,2.30,ml,,,,,,th_14243_202505061341,2025-05-06T13:41:10.000Z,"Karenchaung, Bago Region, Myanmar (Burma)",Myanmar,MM,Asia,earthquake,1746539461,1746538870,0,,"19.18,96.46",2025-05-06 13:41:10,2025-05-06 20:11:10
19.8630000,97.8610000,10.0000,2.80,ml,,,,,,th_14242_202505061327,2025-05-06T13:27:04.000Z,"Ta Öngmu, Shan, Myanmar (Burma)",Myanmar,MM,Asia,earthquake,1746538595,1746538024,0,,"19.86,97.86",2025-05-06 13:27:04,2025-05-06 19:57:04
20.4080000,97.0200000,10.0000,2.20,ml,,,,,,th_14241_202505060943,2025-05-06T09:43:53.000Z,"Nampan, Shan, Myanmar (Burma)",Myanmar,MM,Asia,earthquake,1746532698,1746524633,0,,"20.41,97.02",2025-05-06 09:43:53,2025-05-06 16:13:53
19.6530000,96.2240000,10.0000,2.60,ml,,,,,,th_14240_202505060649,2025-05-06T06:49:06.000Z,"Hpya-ling, Shan, Myanmar (Burma)",Myanmar,MM,Asia,earthquake,1746514671,1746514146,1,,"20.95,97.20",2025-05-06 06:49:06,2025-05-06 13:19:06
20.2700000,98.0890000,10.0000,2.00,ml,,,,,,th_14239_202505060617,2025-05-06T06:17:04.000Z,"Chueh Chu, Shan, Myanmar (Burma)",Myanmar,MM,Asia,earthquake,1746513097,1746512224,0,,"20.27,98.09",2025-05-06 06:17:04,2025-05-06 12:47:04
20.2400000,98.0720000,10.0000,2.30,ml,,,,,,th_14238_202505060615,2025-05-06T06:15:38.000Z,"Chueh Chu, Shan, Myanmar (Burma)",Myanmar,MM,Asia,earthquake,1746512743,1746512138,0,,"20.24,98.07",2025-05-06 06:15:38,2025-05-06 12:45:38
22.2160000,96.8870000,10.0000,3.30,ml,,,,,,th_14237_202505060341,2025-05-06T03:41:53.000Z,"Kan Gyi, Shan, Myanmar (Burma)",Myanmar,MM,Asia,earthquake,1746503532,1746502913,0,,"22.22,96.89",2025-05-06 03:41:53,2025-05-06 10:11:53
20.0710000,97.8800000,10.0000,2.40,ml,,,,,,th_14236_202505060108,2025-05-06T01:08:02.000Z,"Wan Kongpao, Shan, Myanmar (Burma)",Myanmar,MM,Asia,earthquake,1746494344,1746493682,0,,"20.07,97.88",2025-05-06 01:08:02,2025-05-06 07:38:02
20.2700000,97.6570000,10.0000,2.40,ml,,,,,,th_14235_202505060011,2025-05-06T00:11:21.000Z,"Mawkmai, Shan, Myanmar (Burma)",Myanmar,MM,Asia,earthquake,1746490689,1746490281,0,,"20.27,97.66",2025-05-06 00:11:21,2025-05-06 06:41:21
18.7700000,96.4540000,10.0000,2.60,ml,,,,,,th_14234_202505052102,2025-05-05T21:02:07.000Z,"Bomari, Bago Region, Myanmar (Burma)",Myanmar,MM,Asia,earthquake,1746480227,1746478927,0,,"18.77,96.45",2025-05-05 21:02:07,2025-05-06 03:32:07
19.9710000,96.2650000,10.0000,2.50,ml,,,,,,th_14233_202505052058,2025-05-05T20:58:49.000Z,"Tegon, Naypyidaw Union Territory, Myanmar (Burma)",Myanmar,MM,Asia,earthquake,1746480011,1746478729,0,,"19.97,96.27",2025-05-05 20:58:49,2025-05-06 03:28:49
19.4210000,97.7680000,10.0000,1.60,ml,,,,,,th_14232_202505051939,2025-05-05T19:39:24.000Z,"Hwè-yao, Kayah State, Myanmar (Burma)",Myanmar,MM,Asia,earthquake,1746474459,1746473964,0,,"19.42,97.77",2025-05-05 19:39:24,2025-05-06 02:09:24
19.4140000,96.3180000,10.0000,2.10,ml,,,,,,th_14229_202505051825,2025-05-05T18:25:41.000Z,"Wayonle, Bago Region, Myanmar (Burma)",Myanmar,MM,Asia,earthquake,1746470321,1746469541,0,,"19.41,96.32",2025-05-05 18:25:41,2025-05-06 00:55:41
18.9470000,96.2560000,10.0000,2.20,ml,,,,,,th_14228_202505051822,2025-05-05T18:22:58.000Z,"Gyihauk, Bago Region, Myanmar (Burma)",Myanmar,MM,Asia,earthquake,1746470274,1746469378,0,,"18.95,96.26",2025-05-05 18:22:58,2025-05-06 00:52:58
26.9900000,96.4700000,13.0000,3.50,ml,,,,,,in_UVA3cVE1RVV3Mm9xTnRmVEhzN2IwQT09,2025-05-05T15:14:48.000Z,"Gedu Ga, Kachin, Myanmar (Burma)",Myanmar,MM,Asia,earthquake,1746457723,1746457258,0,,"26.99,96.47",2025-05-05 15:00:58,2025-05-05 21:30:58
18.7720000,96.4430000,10.0000,2.50,ml,,,,,,th_14226_202505051455,2025-05-05T14:55:30.000Z,"Bomari, Bago Region, Myanmar (Burma)",Myanmar,MM,Asia,earthquake,1746457252,1746456930,0,,"18.77,96.44",2025-05-05 14:55:30,2025-05-05 21:25:30
20.0370000,97.8880000,10.0000,2.10,ml,,,,,,th_14225_202505051451,2025-05-05T14:51:57.000Z,"Wan Kongpao, Shan, Myanmar (Burma)",Myanmar,MM,Asia,earthquake,1746457032,1746456717,0,,"20.04,97.89",2025-05-05 14:51:57,2025-05-05 21:21:57
18.8180000,96.9870000,10.0000,1.90,ml,,,,,,th_14224_202505051228,2025-05-05T12:28:28.000Z,"Hoki, Kayin State, Myanmar (Burma)",Myanmar,MM,Asia,earthquake,1746449929,1746448108,0,,"18.82,96.99",2025-05-05 12:28:28,2025-05-05 18:58:28
19.2580000,96.3490000,10.0000,2.90,ml,,,,,,th_14223_202505050151,2025-05-05T01:51:48.000Z,"Sibaing, Bago Region, Myanmar (Burma)",Myanmar,MM,Asia,earthquake,1746410765,1746409908,0,,"19.26,96.35",2025-05-05 01:51:48,2025-05-05 08:21:48
24.5800000,94.8600000,70.0000,3.70,ml,,,,,,in_bGtPZnBRckxuNm15ZCtxUVg4c2ZvUT09,2025-05-05T01:28:34.000Z,"Myene, Sagaing Region, Myanmar (Burma)",Myanmar,MM,Asia,earthquake,1746408225,1746407515,0,,"24.58,94.86",2025-05-05 01:11:55,2025-05-05 07:41:55
19.9400000,97.7470000,5.0000,2.90,ml,,,,,,th_14222_202505042339,2025-05-04T23:39:34.000Z,"Wan Hwè-ya-yung, Shan, Myanmar (Burma)",Myanmar,MM,Asia,earthquake,1746403248,1746401974,0,,"19.94,97.75",2025-05-04 23:39:34,2025-05-05 06:09:34
22.9878000,95.6631000,10.0000,4.80,ml,,,,,,in_L0hZR2k4RVkrU0VUUXNjeENmOSsydz09,2025-05-05T06:42:10.000Z,"Bugon, Sagaing Region, Myanmar (Burma)",Myanmar,MM,Asia,earthquake,1746402052,1746401597,0,,"23.07,95.52",2025-05-04 23:33:17,2025-05-05 06:03:17
19.9400000,97.6190000,5.0000,2.80,ml,,,,,,th_14220_202505042324,2025-05-04T23:24:57.000Z,"Mai-hsa-se, Shan, Myanmar (Burma)",Myanmar,MM,Asia,earthquake,1746401296,1746401097,0,,"19.94,97.62",2025-05-04 23:24:57,2025-05-05 05:54:57
19.6520000,97.8790000,5.0000,2.40,ml,,,,,,th_14219_202505042258,2025-05-04T22:58:12.000Z,"Kiu-neng, Shan, Myanmar (Burma)",Myanmar,MM,Asia,earthquake,1746399743,1746399492,0,,"19.65,97.88",2025-05-04 22:58:12,2025-05-05 05:28:12
20.0760000,98.0670000,10.0000,2.20,ml,,,,,,th_14217_202505042143,2025-05-04T21:43:28.000Z,"Üng-yao, Shan, Myanmar (Burma)",Myanmar,MM,Asia,earthquake,1746395829,1746395008,0,,"20.08,98.07",2025-05-04 21:43:28,2025-05-05 04:13:28
19.9450000,97.7340000,10.0000,2.20,ml,,,,,,th_14215_202505041933,2025-05-04T19:33:03.000Z,"Wan Hwè-ya-yung, Shan, Myanmar (Burma)",Myanmar,MM,Asia,earthquake,1746388062,1746387183,0,,"19.95,97.73",2025-05-04 19:33:03,2025-05-05 02:03:03
19.7910000,96.9820000,10.0000,2.40,ml,,,,,,th_14214_202505041904,2025-05-04T19:04:02.000Z,"Engla, Shan, Myanmar (Burma)",Myanmar,MM,Asia,earthquake,1746386979,1746385442,0,,"19.79,96.98",2025-05-04 19:04:02,2025-05-05 01:34:02
20.1070000,97.8380000,2.0000,3.00,ml,,,,,,th_14213_202505041753,2025-05-04T17:53:13.000Z,"Wan Kongpao, Shan, Myanmar (Burma)",Myanmar,MM,Asia,earthquake,1746381705,1746381193,0,,"20.11,97.84",2025-05-04 17:53:13,2025-05-05 00:23:13
19.8420000,97.8510000,5.0000,2.20,ml,,,,,,th_14218_202505041740,2025-05-04T17:40:09.000Z,"Wan Hwè-ya-yung, Shan, Myanmar (Burma)",Myanmar,MM,Asia,earthquake,1746395913,1746380409,0,,"19.84,97.85",2025-05-04 17:40:09,2025-05-05 00:10:09
19.2170000,96.4560000,16.0000,2.20,ml,,,,,,th_14212_202505041550,2025-05-04T15:50:45.000Z,"Hnawpin, Bago Region, Myanmar (Burma)",Myanmar,MM,Asia,earthquake,1746374408,1746373845,0,,"19.22,96.46",2025-05-04 15:50:45,2025-05-04 22:20:45
18.0950000,95.3070000,76.0000,2.90,ml,,,,,,th_14211_202505041459,2025-05-04T14:59:49.000Z,"Kongyi, Ayeyarwady, Myanmar (Burma)",Myanmar,MM,Asia,earthquake,1746371299,1746370789,0,,"18.10,95.31",2025-05-04 14:59:49,2025-05-04 21:29:49
18.1100000,95.1900000,80.0000,3.10,ml,,,,,,th_14210_202505041404,2025-05-04T14:04:48.000Z,"Hngetkyiwin, Ayeyarwady, Myanmar (Burma)",Myanmar,MM,Asia,earthquake,1746368012,1746367488,0,,"18.11,95.19",2025-05-04 14:04:48,2025-05-04 20:34:48
21.6100000,94.4700000,90.0000,3.90,ml,,,,,,in_ODUzMGcyVThHZmxiSjhNK3ZINDBGUT09,2025-05-04T13:48:50.000Z,"Zee Pyar, Magway Region, Myanmar (Burma)",Myanmar,MM,Asia,earthquake,1746367849,1746366530,0,,"21.61,94.47",2025-05-04 13:48:50,2025-05-04 20:18:50
19.8390000,97.9340000,1.0000,1.70,ml,,,,,,th_14209_202505041230,2025-05-04T12:30:01.000Z,"Pang Tae Waet, Shan, Myanmar (Burma)",Myanmar,MM,Asia,earthquake,1746362032,1746361801,0,,"19.84,97.93",2025-05-04 12:30:01,2025-05-04 19:00:01
19.9360000,97.9460000,10.0000,2.20,ml,,,,,,th_14208_202505041158,2025-05-04T11:58:58.000Z,"Ta Ho-pong, Shan, Myanmar (Burma)",Myanmar,MM,Asia,earthquake,1746360487,1746359938,1,,"19.94,97.95",2025-05-04 11:58:58,2025-05-04 18:28:58
19.4400000,96.3320000,10.0000,2.50,ml,,,,,,th_14207_202505041154,2025-05-04T11:54:35.000Z,"Wayonle, Bago Region, Myanmar (Burma)",Myanmar,MM,Asia,earthquake,1746360389,1746359675,0,,"19.44,96.33",2025-05-04 11:54:35,2025-05-04 18:24:35
19.7830000,96.4770000,10.0000,2.50,ml,,,,,,th_14206_202505041149,2025-05-04T11:49:22.000Z,"Saungdaung Anauk, Naypyidaw Union Territory, Myanmar (Burma)",Myanmar,MM,Asia,earthquake,1746360240,1746359362,0,,"19.78,96.48",2025-05-04 11:49:22,2025-05-04 18:19:22
20.6710000,97.8170000,1.0000,2.60,ml,,,,,,th_14205_202505041005,2025-05-04T10:05:35.000Z,"Hai Hpak, Shan, Myanmar (Burma)",Myanmar,MM,Asia,earthquake,1746354780,1746353135,0,,"20.67,97.82",2025-05-04 10:05:35,2025-05-04 16:35:35
19.9320000,97.7770000,2.0000,2.70,ml,,,,,,th_14204_202505040813,2025-05-04T08:13:34.000Z,"Wan Hwè-ya-yung, Shan, Myanmar (Burma)",Myanmar,MM,Asia,earthquake,1746346621,1746346414,0,,"19.93,97.78",2025-05-04 08:13:34,2025-05-04 14:43:34
20.0970000,97.8830000,1.0000,2.90,ml,,,,,,th_14203_202505040158,2025-05-04T01:58:50.000Z,"Shan, Myanmar (Burma)",Myanmar,MM,Asia,earthquake,1746324314,1746323930,1,,"20.10,97.88",2025-05-04 01:58:50,2025-05-04 08:28:50
18.9170000,97.5050000,2.0000,2.10,ml,,,,,,th_14202_202505040015,2025-05-04T00:15:02.000Z,"Loi Mun, Kayah State, Myanmar (Burma)",Myanmar,MM,Asia,earthquake,1746318244,1746317702,0,,"18.92,97.51",2025-05-04 00:15:02,2025-05-04 06:45:02
21.7770000,96.2420000,10.0000,3.40,ml,,,,,,th_14198_202505032015,2025-05-03T20:15:11.000Z,"Thon-Daung-Ywa-Ma, Mandalay Region, Myanmar (Burma)",Myanmar,MM,Asia,earthquake,1746303634,1746303311,0,,"21.78,96.24",2025-05-03 20:15:11,2025-05-04 02:45:11
22.0350000,96.4960000,10.0000,2.90,ml,,,,,,th_14197_202505031839,2025-05-03T18:39:24.000Z,"Pyin Oo Lwin, Mandalay Region, Myanmar (Burma)",Myanmar,MM,Asia,earthquake,1746297865,1746297564,0,,"22.04,96.50",2025-05-03 18:39:24,2025-05-04 01:09:24
19.9650000,97.6670000,7.0000,2.50,ml,,,,,,th_14196_202505031447,2025-05-03T14:47:53.000Z,"Wan Panglu, Shan, Myanmar (Burma)",Myanmar,MM,Asia,earthquake,1746283947,1746283673,0,,"19.97,97.67",2025-05-03 14:47:53,2025-05-03 21:17:53
20.0340000,97.8980000,10.0000,2.00,ml,,,,,,th_14195_202505031443,2025-05-03T14:43:13.000Z,"Wan Kongpao, Shan, Myanmar (Burma)",Myanmar,MM,Asia,earthquake,1746283754,1746283393,1,,"20.03,97.90",2025-05-03 14:43:13,2025-05-03 21:13:13
19.9870000,97.9700000,10.0000,2.00,ml,,,,,,th_14194_202505031210,2025-05-03T12:10:00.000Z,"Ta Ho-pong, Shan, Myanmar (Burma)",Myanmar,MM,Asia,earthquake,1746274516,1746274200,1,,"19.99,97.97",2025-05-03 12:10:00,2025-05-03 18:40:00
19.2390000,96.2050000,10.0000,3.10,ml,,,,,,th_14193_202505031159,2025-05-03T11:59:01.000Z,"Baungdok, Bago Region, Myanmar (Burma)",Myanmar,MM,Asia,earthquake,1746273937,1746273541,0,,"19.24,96.21",2025-05-03 11:59:01,2025-05-03 18:29:01
19.2530000,96.2340000,10.0000,2.40,ml,,,,,,th_14192_202505031143,2025-05-03T11:43:05.000Z,"Swar, Bago Region, Myanmar (Burma)",Myanmar,MM,Asia,earthquake,1746272918,1746272585,0,,"19.25,96.23",2025-05-03 11:43:05,2025-05-03 18:13:05
18.7190000,96.4020000,10.0000,2.40,ml,,,,,,th_14190_202505030959,2025-05-03T09:59:38.000Z,"Kywebwe, Bago Region, Myanmar (Burma)",Myanmar,MM,Asia,earthquake,1746266839,1746266378,0,,"18.72,96.40",2025-05-03 09:59:38,2025-05-03 16:29:38
19.1650000,97.1100000,10.0000,2.30,ml,,,,,,th_14189_202505030915,2025-05-03T09:15:58.000Z,"He-sa-hku, Kayah State, Myanmar (Burma)",Myanmar,MM,Asia,earthquake,1746266794,1746263758,0,,"19.17,97.11",2025-05-03 09:15:58,2025-05-03 15:45:58
19.2350000,96.3830000,10.0000,2.60,ml,,,,,,th_14188_202505030600,2025-05-03T06:00:30.000Z,"Sibaing, Bago Region, Myanmar (Burma)",Myanmar,MM,Asia,earthquake,1746252385,1746252030,0,,"19.24,96.38",2025-05-03 06:00:30,2025-05-03 12:30:30
19.7350000,96.2190000,10.0000,2.80,ml,,,,,,th_14186_202505030117,2025-05-03T01:17:00.000Z,"Pyinmana, Naypyidaw Union Territory, Myanmar (Burma)",Myanmar,MM,Asia,earthquake,1746235396,1746235020,0,,"19.74,96.22",2025-05-03 01:17:00,2025-05-03 07:47:00
20.8820000,98.6700000,10.0000,2.60,ml,,,,,,th_14184_202505022009,2025-05-02T20:09:41.000Z,"Möng Pu, Shan, Myanmar (Burma)",Myanmar,MM,Asia,earthquake,1746217101,1746216581,0,,"20.88,98.67",2025-05-02 20:09:41,2025-05-03 02:39:41
19.0640000,96.4460000,10.0000,3.00,ml,,,,,,th_14183_202505022003,2025-05-02T20:03:59.000Z,"Kaytumati, Bago Region, Myanmar (Burma)",Myanmar,MM,Asia,earthquake,1746217048,1746216239,0,,"19.06,96.45",2025-05-02 20:03:59,2025-05-03 02:33:59
20.0470000,97.9370000,10.0000,1.60,ml,,,,,,th_14180_202505021749,2025-05-02T17:49:20.000Z,"Wan Kongpao, Shan, Myanmar (Burma)",Myanmar,MM,Asia,earthquake,1746208443,1746208160,0,,"20.05,97.94",2025-05-02 17:49:20,2025-05-03 00:19:20
21.6670000,96.5270000,10.0000,2.80,ml,,,,,,th_14179_202505021733,2025-05-02T17:33:18.000Z,"Gwebin, Mandalay Region, Myanmar (Burma)",Myanmar,MM,Asia,earthquake,1746208272,1746207198,0,,"21.67,96.53",2025-05-02 17:33:18,2025-05-03 00:03:18
19.8270000,97.9860000,10.0000,1.40,ml,,,,,,th_14178_202505021733,2025-05-02T17:33:01.000Z,"Pang Tae Waet, Shan, Myanmar (Burma)",Myanmar,MM,Asia,earthquake,1746208083,1746207181,0,,"19.83,97.99",2025-05-02 17:33:01,2025-05-03 00:03:01
17.2200000,96.1510000,10.0000,3.10,ml,,,,,,th_14177_202505021515,2025-05-02T15:15:51.000Z,"Si Sone Kone, Yangon Region, Myanmar (Burma)",Myanmar,MM,Asia,earthquake,1746199609,1746198951,0,,"17.22,96.15",2025-05-02 15:15:51,2025-05-02 21:45:51
22.0170000,96.8960000,10.0000,2.70,ml,,,,,,th_14176_202505021441,2025-05-02T14:41:09.000Z,"Nam-maw-lon, Shan, Myanmar (Burma)",Myanmar,MM,Asia,earthquake,1746198251,1746196869,0,,"22.02,96.90",2025-05-02 14:41:09,2025-05-02 21:11:09
21.9600000,96.2800000,10.0000,4.00,ml,,,,,,ems_202505_1803105,2025-05-02T11:21:40.000Z,"Thon-Daung-Ywa-Ma, Mandalay Region, Myanmar (Burma)",Myanmar,MM,Asia,earthquake,1746184914,1746183844,0,,"21.96,96.28",2025-05-02 11:04:04,2025-05-02 17:34:04
18.7570000,96.6040000,10.0000,2.10,ml,,,,,,th_14174_202505020717,2025-05-02T07:17:27.000Z,"Alesengyaung, Kayin State, Myanmar (Burma)",Myanmar,MM,Asia,earthquake,1746170565,1746170247,0,,"18.76,96.60",2025-05-02 07:17:27,2025-05-02 13:47:27
18.8080000,96.6540000,10.0000,2.60,ml,,,,,,th_14173_202505020355,2025-05-02T03:55:56.000Z,"Alesengyaung, Kayin State, Myanmar (Burma)",Myanmar,MM,Asia,earthquake,1746160089,1746158156,0,,"18.81,96.65",2025-05-02 03:55:56,2025-05-02 10:25:56
21.8620000,96.3880000,10.0000,3.90,ml,,,,,,th_14171_202505020153,2025-05-02T02:07:42.000Z,"Pyin Sar, Mandalay Region, Myanmar (Burma)",Myanmar,MM,Asia,earthquake,1746151388,1746150780,0,,"21.86,96.39",2025-05-02 01:53:00,2025-05-02 08:23:00
18.6270000,96.4240000,10.0000,2.00,ml,,,,,,th_14170_202505012016,2025-05-01T20:16:56.000Z,"Nyaung Chay Htauk, Bago Region, Myanmar (Burma)",Myanmar,MM,Asia,earthquake,1746130967,1746130616,0,,"18.63,96.42",2025-05-01 20:16:56,2025-05-02 02:46:56
20.9630000,96.3300000,10.0000,3.10,ml,,,,,,th_14169_202505011950,2025-05-01T19:50:44.000Z,"Patchaung, Shan, Myanmar (Burma)",Myanmar,MM,Asia,earthquake,1746129589,1746129044,0,,"20.96,96.33",2025-05-01 19:50:44,2025-05-02 02:20:44
18.8810000,95.5970000,10.0000,2.90,ml,,,,,,th_14167_202505011603,2025-05-01T16:03:16.000Z,"Kywetabaung, Bago Region, Myanmar (Burma)",Myanmar,MM,Asia,earthquake,1746115817,1746115396,0,,"18.88,95.60",2025-05-01 16:03:16,2025-05-01 22:33:16
21.8820000,96.3460000,5.0000,3.20,ml,,,,,,th_14166_202505011544,2025-05-01T15:44:24.000Z,"Yatanarpon Cyber City, Mandalay Region, Myanmar (Burma)",Myanmar,MM,Asia,earthquake,1746115090,1746114264,0,,"21.88,96.35",2025-05-01 15:44:24,2025-05-01 22:14:24
19.1930000,96.1420000,10.0000,2.20,ml,,,,,,th_14165_202505011510,2025-05-01T15:10:54.000Z,"Mayogon, Bago Region, Myanmar (Burma)",Myanmar,MM,Asia,earthquake,1746112639,1746112254,0,,"19.19,96.14",2025-05-01 15:10:54,2025-05-01 21:40:54
19.9190000,96.1370000,10.0000,2.30,ml,,,,,,th_14164_202505011436,2025-05-01T14:36:46.000Z,"Pobba Thiri, Naypyidaw Union Territory, Myanmar (Burma)",Myanmar,MM,Asia,earthquake,1746110861,1746110206,0,,"19.92,96.14",2025-05-01 14:36:46,2025-05-01 21:06:46
19.2310000,96.5120000,10.0000,2.10,ml,,,,,,th_14162_202505011401,2025-05-01T14:01:27.000Z,"Pebo, Kayin State, Myanmar (Burma)",Myanmar,MM,Asia,earthquake,1746108383,1746108087,0,,"19.23,96.51",2025-05-01 14:01:27,2025-05-01 20:31:27
19.2100000,96.4020000,10.0000,2.30,ml,,,,,,th_14161_202505011310,2025-05-01T13:10:12.000Z,"Hnawpin, Bago Region, Myanmar (Burma)",Myanmar,MM,Asia,earthquake,1746105392,1746105012,1,,"19.21,96.40",2025-05-01 13:10:12,2025-05-01 19:40:12
23.2300000,94.0800000,30.0000,3.40,ml,,,,,,in_NmxEcTRvWUZVenhranlyTHZrLzI1UT09,2025-05-01T08:21:31.000Z,"Kale, Chin State, Myanmar (Burma)",Myanmar,MM,Asia,earthquake,1746087305,1746086852,0,,"23.23,94.08",2025-05-01 08:07:32,2025-05-01 14:37:32
20.2950000,96.1150000,10.0000,3.30,ml,,,,,,th_14159_202505010641,2025-05-01T06:41:48.000Z,"Inbingyi, Mandalay Region, Myanmar (Burma)",Myanmar,MM,Asia,earthquake,1746083128,1746081708,0,,"20.30,96.12",2025-05-01 06:41:48,2025-05-01 13:11:48
20.9930000,99.0430000,10.0000,2.50,ml,,,,,,th_14158_202505010538,2025-05-01T05:38:17.000Z,"Mongkyet, Shan, Myanmar (Burma)",Myanmar,MM,Asia,earthquake,1746078262,1746077897,0,,"20.99,99.04",2025-05-01 05:38:17,2025-05-01 12:08:17
20.7360000,96.9510000,10.0000,3.10,ml,,,,,,th_14157_202505010515,2025-05-01T05:15:18.000Z,"Ayetharyar, Shan, Myanmar (Burma)",Myanmar,MM,Asia,earthquake,1746076874,1746076518,0,,"20.74,96.95",2025-05-01 05:15:18,2025-05-01 11:45:18
19.0750000,96.5820000,10.0000,2.70,ml,,,,,,th_14379_202505162148,2025-05-16T21:48:27.000Z,"Thandaung, Kayin State, Myanmar (Burma)",Myanmar,MM,Asia,earthquake,1747432790,1747432107,0,,"19.08,96.58",2025-05-16 21:48:27,2025-05-17 04:18:27
21.1000000,99.8580000,10.0000,2.10,ml,,,,,,th_14378_202505162049,2025-05-16T20:49:31.000Z,"Yangka, Shan, Myanmar (Burma)",Myanmar,MM,Asia,earthquake,1747429119,1747428571,1,,"21.10,99.86",2025-05-16 20:49:31,2025-05-17 03:19:31
22.0350000,96.2650000,10.0000,3.00,ml,,,,,,th_14377_202505161936,2025-05-16T19:36:49.000Z,"Yetaw, Mandalay Region, Myanmar (Burma)",Myanmar,MM,Asia,earthquake,1747424713,1747424209,0,,"22.04,96.27",2025-05-16 19:36:49,2025-05-17 02:06:49
19.8930000,97.8740000,10.0000,1.70,ml,,,,,,th_14375_202505161334,2025-05-16T13:34:53.000Z,"Ta Öngmu, Shan, Myanmar (Burma)",Myanmar,MM,Asia,earthquake,1747403079,1747402493,0,,"19.89,97.87",2025-05-16 13:34:53,2025-05-16 20:04:53
21.7250000,96.6410000,10.0000,2.70,ml,,,,,,th_14374_202505161108,2025-05-16T11:08:12.000Z,"Zayitke, Mandalay Region, Myanmar (Burma)",Myanmar,MM,Asia,earthquake,1747394384,1747393692,0,,"21.73,96.64",2025-05-16 11:08:12,2025-05-16 17:38:12
18.7510000,96.6530000,10.0000,2.30,ml,,,,,,th_14373_202505160846,2025-05-16T08:46:02.000Z,"Alesengyaung, Kayin State, Myanmar (Burma)",Myanmar,MM,Asia,earthquake,1747385506,1747385162,0,,"18.75,96.65",2025-05-16 08:46:02,2025-05-16 15:16:02
26.0400000,95.4800000,60.0000,3.50,ml,,,,,,in_VThTTFdlYkNSbnJETzd1YisrZ2NlZz09,2025-05-16T05:42:31.000Z,"Hintiu, Sagaing Region, Myanmar (Burma)",Myanmar,MM,Asia,earthquake,1747373873,1747373039,0,,"26.04,95.48",2025-05-16 05:23:59,2025-05-16 11:53:59
18.9010000,97.4290000,3.0000,2.90,ml,,,,,,th_14369_202505152108,2025-05-15T21:08:44.000Z,"Loi Mun, Kayah State, Myanmar (Burma)",Myanmar,MM,Asia,earthquake,1747343928,1747343324,0,,"18.90,97.43",2025-05-15 21:08:44,2025-05-16 03:38:44
18.9310000,97.6450000,1.0000,1.90,ml,,,,,,th_14368_202505152103,2025-05-15T21:03:46.000Z,"Watak, Kayah State, Myanmar (Burma)",Myanmar,MM,Asia,earthquake,1747343695,1747343026,0,,"18.93,97.65",2025-05-15 21:03:46,2025-05-16 03:33:46
19.8990000,97.9090000,2.0000,1.70,ml,,,,,,th_14367_202505152051,2025-05-15T20:51:44.000Z,Langhko Township,Myanmar,MM,Asia,earthquake,1747342930,1747342304,0,,"19.90,97.91",2025-05-15 20:51:44,2025-05-16 03:21:44
18.4440000,96.4530000,10.0000,2.80,ml,,,,,,th_14365_202505151834,2025-05-15T18:34:24.000Z,"Phyu, Bago Region, Myanmar (Burma)",Myanmar,MM,Asia,earthquake,1747334330,1747334064,0,,"18.44,96.45",2025-05-15 18:34:24,2025-05-16 01:04:24
19.8170000,98.0320000,10.0000,2.10,ml,,,,,,th_14364_202505151715,2025-05-15T17:15:29.000Z,"Loikwang, Shan, Myanmar (Burma)",Myanmar,MM,Asia,earthquake,1747329638,1747329329,0,,"19.82,98.03",2025-05-15 17:15:29,2025-05-15 23:45:29
23.3220000,95.8720000,10.0000,3.40,ml,,,,,,th_14363_202505151520,2025-05-15T15:20:10.000Z,"Ngayinbyo, Sagaing Region, Myanmar (Burma)",Myanmar,MM,Asia,earthquake,1747324300,1747322410,0,,"23.32,95.87",2025-05-15 15:20:10,2025-05-15 21:50:10
19.2660000,96.4840000,10.0000,2.30,ml,,,,,,th_14362_202505151447,2025-05-15T14:47:14.000Z,"Pebo, Kayin State, Myanmar (Burma)",Myanmar,MM,Asia,earthquake,1747320786,1747320434,0,,"19.27,96.48",2025-05-15 14:47:14,2025-05-15 21:17:14
20.1890000,98.0330000,10.0000,2.00,ml,,,,,,th_14361_202505150847,2025-05-15T08:47:46.000Z,"Wan Mawngkawk, Shan, Myanmar (Burma)",Myanmar,MM,Asia,earthquake,1747299699,1747298866,0,,"20.19,98.03",2025-05-15 08:47:46,2025-05-15 15:17:46
26.6700000,96.1700000,10.0000,3.30,ml,,,,,,in_T2pqZ29xMzlmS21QQkF1UWRYVFdYQT09,2025-05-15T08:21:35.000Z,"Shin Bway Yang, Kachin, Myanmar (Burma)",Myanmar,MM,Asia,earthquake,1747297094,1747296061,0,,"26.67,96.17",2025-05-15 08:01:01,2025-05-15 14:31:01
21.8850000,96.7730000,10.0000,3.90,ml,,,,,,th_14360_202505150718,2025-05-15T07:35:54.000Z,"Kontha, Mandalay Region, Myanmar (Burma)",Myanmar,MM,Asia,earthquake,1747294377,1747293525,0,,"21.89,96.77",2025-05-15 07:18:45,2025-05-15 13:48:45
19.2540000,96.3050000,10.0000,3.00,ml,,,,,,th_14359_202505150208,2025-05-15T02:08:06.000Z,"Swar, Bago Region, Myanmar (Burma)",Myanmar,MM,Asia,earthquake,1747275500,1747274886,0,,"19.25,96.31",2025-05-15 02:08:06,2025-05-15 08:38:06
26.9700000,95.8000000,10.0000,3.40,ml,,,,,,in_NitUR2RZTnd0YWdVOWlCNmZRQzdDUT09,2025-05-15T00:28:36.000Z,"Don Hee, Sagaing Region, Myanmar (Burma)",Myanmar,MM,Asia,earthquake,1747268745,1747268183,0,,"26.97,95.80",2025-05-15 00:16:23,2025-05-15 06:46:23
19.9730000,97.9100000,10.0000,2.20,ml,,,,,,th_14358_202505150005,2025-05-15T00:05:00.000Z,"Ta Ho-pong, Shan, Myanmar (Burma)",Myanmar,MM,Asia,earthquake,1747275389,1747267500,0,,"19.97,97.91",2025-05-15 00:05:00,2025-05-15 06:35:00
22.2480000,96.0580000,10.0000,3.20,ml,,,,,,th_14357_202505142258,2025-05-14T22:58:26.000Z,"Mwe Tha Laing, Mandalay Region, Myanmar (Burma)",Myanmar,MM,Asia,earthquake,1747264333,1747263506,0,,"22.25,96.06",2025-05-14 22:58:26,2025-05-15 05:28:26
19.8820000,98.0440000,4.0000,1.70,ml,,,,,,th_14356_202505142213,2025-05-14T22:13:56.000Z,"Wan Nawnghsem, Shan, Myanmar (Burma)",Myanmar,MM,Asia,earthquake,1747261398,1747260836,0,,"19.88,98.04",2025-05-14 22:13:56,2025-05-15 04:43:56
19.2390000,96.2360000,10.0000,2.80,ml,,,,,,th_14355_202505142104,2025-05-14T21:04:45.000Z,"Baungdok, Bago Region, Myanmar (Burma)",Myanmar,MM,Asia,earthquake,1747257331,1747256685,0,,"19.24,96.24",2025-05-14 21:04:45,2025-05-15 03:34:45
19.2310000,96.3790000,10.0000,2.30,ml,,,,,,th_14354_202505142034,2025-05-14T20:34:17.000Z,"Sibaing, Bago Region, Myanmar (Burma)",Myanmar,MM,Asia,earthquake,1747255555,1747254857,1,,"19.23,96.38",2025-05-14 20:34:17,2025-05-15 03:04:17
25.9800000,97.1900000,10.0000,3.40,ml,,,,,,in_NVJWQzRMR0hJcXplSEV4R0FlTEN4Zz09,2025-05-14T19:11:59.000Z,"'Njungbum, Kachin, Myanmar (Burma)",Myanmar,MM,Asia,earthquake,1747250906,1747249919,0,,"25.98,97.19",2025-05-14 19:11:59,2025-05-15 01:41:59
22.1480000,96.4620000,10.0000,3.20,ml,,,,,,th_14351_202505141328,2025-05-14T13:28:49.000Z,"Nyaung Gone, Mandalay Region, Myanmar (Burma)",Myanmar,MM,Asia,earthquake,1747230216,1747229329,0,,"22.15,96.46",2025-05-14 13:28:49,2025-05-14 19:58:49
21.1180000,99.8770000,10.0000,2.30,ml,,,,,,th_14350_202505141245,2025-05-14T12:45:37.000Z,"Yangka, Shan, Myanmar (Burma)",Myanmar,MM,Asia,earthquake,1747228540,1747226737,1,,"21.12,99.88",2025-05-14 12:45:37,2025-05-14 19:15:37
18.2840000,96.1460000,10.0000,2.20,ml,,,,,,th_14348_202505141226,2025-05-14T12:26:30.000Z,"Thitkyi, Bago Region, Myanmar (Burma)",Myanmar,MM,Asia,earthquake,1747226846,1747225590,0,,"18.28,96.15",2025-05-14 12:26:30,2025-05-14 18:56:30
21.0140000,99.8970000,10.0000,3.00,ml,,,,,,th_14347_202505141050,2025-05-14T10:50:09.000Z,"Wan Mu-hsö Hsensawmawng, Shan, Myanmar (Burma)",Myanmar,MM,Asia,earthquake,1747220195,1747219809,1,,"21.01,99.90",2025-05-14 10:50:09,2025-05-14 17:20:09
25.0400000,94.8000000,130.0000,3.90,ml,,,,,,in_WFN5dmVuZWc4bk1ieE1VaUdpMzFTQT09,2025-05-14T10:56:37.000Z,"Mo Paing Lut, Sagaing Region, Myanmar (Burma)",Myanmar,MM,Asia,earthquake,1747219875,1747218651,0,,"25.04,94.80",2025-05-14 10:30:51,2025-05-14 17:00:51
21.6030000,96.4980000,10.0000,2.80,ml,,,,,,th_14346_202505141028,2025-05-14T10:28:58.000Z,"Gwebin, Mandalay Region, Myanmar (Burma)",Myanmar,MM,Asia,earthquake,1747219693,1747218538,0,,"21.60,96.50",2025-05-14 10:28:58,2025-05-14 16:58:58
22.1010000,96.4370000,10.0000,4.00,ml,,,,,,ems_202505_1808139,2025-05-14T09:21:56.000Z,"Pyin Oo Lwin, Mandalay Region, Myanmar (Burma)",Myanmar,MM,Asia,earthquake,1747214530,1747213658,0,,"22.10,96.44",2025-05-14 09:07:38,2025-05-14 15:37:38
19.9640000,98.1410000,10.0000,2.10,ml,,,,,,th_14344_202505140832,2025-05-14T08:32:51.000Z,"Wan Nawnghsem, Shan, Myanmar (Burma)",Myanmar,MM,Asia,earthquake,1747212168,1747211571,0,,"19.96,98.14",2025-05-14 08:32:51,2025-05-14 15:02:51
18.0880000,96.7310000,10.0000,3.10,ml,,,,,,th_14343_202505140639,2025-05-14T06:39:32.000Z,"Hinthawè, Bago Region, Myanmar (Burma)",Myanmar,MM,Asia,earthquake,1747205274,1747204772,1,,"18.09,96.73",2025-05-14 06:39:32,2025-05-14 13:09:32
21.6530000,96.5790000,10.0000,3.10,ml,,,,,,th_14342_202505140419,2025-05-14T04:19:08.000Z,"Zayitke, Mandalay Region, Myanmar (Burma)",Myanmar,MM,Asia,earthquake,1747197439,1747196348,0,,"21.65,96.58",2025-05-14 04:19:08,2025-05-14 10:49:08
20.7930000,96.1460000,10.0000,3.00,ml,,,,,,th_14341_202505132335,2025-05-13T23:35:26.000Z,"Hlaingdet, Mandalay Region, Myanmar (Burma)",Myanmar,MM,Asia,earthquake,1747179645,1747179326,0,,"20.79,96.15",2025-05-13 23:35:26,2025-05-14 06:05:26
19.6670000,96.2100000,10.0000,3.60,ml,,,,,,th_14340_202505132245,2025-05-13T22:56:37.000Z,"Wetkamu, နေပြည်တော် ပြည်တောင်စုနယ်မြေ, Myanmar (Burma)",Myanmar,MM,Asia,earthquake,1747176725,1747176346,0,,"19.67,96.21",2025-05-13 22:45:46,2025-05-14 05:15:46
21.7890000,96.3310000,10.0000,3.50,ml,,,,,,th_14338_202505132021,2025-05-13T20:35:54.000Z,"Thon-Daung-Ywa-Ma, Mandalay Region, Myanmar (Burma)",Myanmar,MM,Asia,earthquake,1747168507,1747167686,1,,"21.79,96.33",2025-05-13 20:21:26,2025-05-14 02:51:26
20.2120000,96.4950000,3.0000,2.70,ml,,,,,,th_14337_202505131808,2025-05-13T18:08:07.000Z,Yamethin Township,Myanmar - China Border Region,MM,Asia,earthquake,1747160010,1747159687,0,,"20.21,96.50",2025-05-13 18:08:07,2025-05-14 00:38:07
17.7940000,97.5720000,2.0000,2.60,ml,,,,,,th_14336_202505131718,2025-05-13T17:18:59.000Z,"Bawkawkhi, Kayin State, Myanmar (Burma)",Myanmar,MM,Asia,earthquake,1747157294,1747156739,0,,"17.79,97.57",2025-05-13 17:18:59,2025-05-13 23:48:59
18.9610000,96.3940000,10.0000,2.10,ml,,,,,,th_14335_202505131636,2025-05-13T16:36:40.000Z,"Taungoo, Bago Region, Myanmar (Burma)",Myanmar,MM,Asia,earthquake,1747154518,1747154200,0,,"18.96,96.39",2025-05-13 16:36:40,2025-05-13 23:06:40
18.4870000,96.2840000,10.0000,2.60,ml,,,,,,th_14334_202505131136,2025-05-13T11:36:23.000Z,"Kayuchaung, Bago Region, Myanmar (Burma)",Myanmar,MM,Asia,earthquake,1747136617,1747136183,0,,"18.49,96.28",2025-05-13 11:36:23,2025-05-13 18:06:23
22.1400000,96.3110000,2.0000,3.90,ml,,,,,,th_14333_202505130641,2025-05-13T06:56:40.000Z,"Daw-wa-kyaung, Mandalay Region, Myanmar (Burma)",Myanmar,MM,Asia,earthquake,1747119092,1747118515,0,,"22.14,96.31",2025-05-13 06:41:55,2025-05-13 13:11:55
21.8190000,96.4160000,10.0000,3.80,ml,,,,,,th_14330_202505122321,2025-05-12T23:42:39.000Z,"Shwegyaung, Mandalay Region, Myanmar (Burma)",Myanmar,MM,Asia,earthquake,1747093051,1747092117,0,,"21.82,96.42",2025-05-12 23:21:57,2025-05-13 05:51:57
18.8890000,97.3330000,1.0000,1.50,ml,,,,,,th_14329_202505122010,2025-05-12T20:10:19.000Z,"Hpasawng, Kayah State, Myanmar (Burma)",Myanmar,MM,Asia,earthquake,1747082292,1747080619,0,,"18.89,97.33",2025-05-12 20:10:19,2025-05-13 02:40:19
18.8390000,96.3600000,10.0000,2.90,ml,,,,,,th_14327_202505121953,2025-05-12T19:53:48.000Z,"Oktwin, Bago Region, Myanmar (Burma)",Myanmar,MM,Asia,earthquake,1747080352,1747079628,0,,"18.84,96.36",2025-05-12 19:53:48,2025-05-13 02:23:48
18.8880000,96.3750000,10.0000,2.80,ml,,,,,,th_14326_202505121949,2025-05-12T19:49:00.000Z,"Taungoo, Bago Region, Myanmar (Burma)",Myanmar,MM,Asia,earthquake,1747079792,1747079340,0,,"18.89,96.38",2025-05-12 19:49:00,2025-05-13 02:19:00
21.7300000,96.2890000,10.0000,3.90,ml,,,,,,th_14323_202505121824,2025-05-12T18:35:36.000Z,"Hngetkyithaik, Mandalay Region, Myanmar (Burma)",Myanmar,MM,Asia,earthquake,1747074712,1747074268,0,,"21.73,96.29",2025-05-12 18:24:28,2025-05-13 00:54:28
20.8620000,96.9880000,10.0000,2.50,ml,,,,,,th_14322_202505121720,2025-05-12T17:20:28.000Z,"taungni, Shan, Myanmar (Burma)",Myanmar,MM,Asia,earthquake,1747071078,1747070428,0,,"20.86,96.99",2025-05-12 17:20:28,2025-05-12 23:50:28
19.7070000,96.2480000,10.0000,2.60,ml,,,,,,th_14321_202505121346,2025-05-12T13:46:29.000Z,"Pwetseikkon, နေပြည်တော် ပြည်တောင်စုနယ်မြေ, Myanmar (Burma)",Myanmar,MM,Asia,earthquake,1747058303,1747057589,0,,"19.71,96.25",2025-05-12 13:46:29,2025-05-12 20:16:29
20.6200000,96.5350000,10.0000,2.40,ml,,,,,,th_14320_202505121342,2025-05-12T13:42:51.000Z,"Kalaw, Shan, Myanmar (Burma)",Myanmar,MM,Asia,earthquake,1747058253,1747057371,0,,"20.62,96.54",2025-05-12 13:42:51,2025-05-12 20:12:51
19.7060000,96.1970000,10.0000,2.90,ml,,,,,,th_14319_202505121332,2025-05-12T13:32:05.000Z,"Naypyidaw Union Territory, Myanmar (Burma)",Myanmar,MM,Asia,earthquake,1747057047,1747056725,1,,"19.71,96.20",2025-05-12 13:32:05,2025-05-12 20:02:05
20.9560000,96.3610000,10.0000,3.80,ml,,,,,,th_14318_202505120320,2025-05-12T03:35:37.000Z,"Patchaung, Shan, Myanmar (Burma)",Myanmar,MM,Asia,earthquake,1747020715,1747020027,0,,"20.96,96.36",2025-05-12 03:20:27,2025-05-12 09:50:27
20.9300000,96.5690000,10.0000,3.00,ml,,,,,,th_14317_202505120251,2025-05-12T02:51:53.000Z,"Nyaungbingwa, Shan, Myanmar (Burma)",Myanmar,MM,Asia,earthquake,1747018835,1747018313,0,,"20.93,96.57",2025-05-12 02:51:53,2025-05-12 09:21:53
20.0250000,96.3060000,10.0000,4.00,ml,,,,,,ems_202505_1807159,2025-05-11T23:56:36.000Z,"Setkon, Naypyidaw Union Territory, Myanmar (Burma)",Myanmar,MM,Asia,earthquake,1747007805,1747006960,0,,"20.03,96.31",2025-05-11 23:42:40,2025-05-12 06:12:40
19.1120000,96.4580000,9.0000,3.20,ml,,,,,,th_14315_202505112131,2025-05-11T21:31:01.000Z,"Karenchaung, Bago Region, Myanmar (Burma)",Myanmar,MM,Asia,earthquake,1746999452,1746999061,1,,"19.11,96.46",2025-05-11 21:31:01,2025-05-12 04:01:01
20.1260000,98.0400000,10.0000,2.40,ml,,,,,,th_14314_202505111731,2025-05-11T17:31:54.000Z,"Üng-yao, Shan, Myanmar (Burma)",Myanmar,MM,Asia,earthquake,1746985210,1746984714,0,,"20.13,98.04",2025-05-11 17:31:54,2025-05-12 00:01:54
20.0970000,97.7600000,10.0000,2.60,ml,,,,,,th_14313_202505111015,2025-05-11T10:15:46.000Z,"Wān Kongmakpin, Shan, Myanmar (Burma)",Myanmar,MM,Asia,earthquake,1746959010,1746958546,0,,"20.10,97.76",2025-05-11 10:15:46,2025-05-11 16:45:46
18.8740000,96.4530000,10.0000,3.00,ml,,,,,,th_14311_202505110840,2025-05-11T08:40:08.000Z,"Taungoo, Bago Region, Myanmar (Burma)",Myanmar,MM,Asia,earthquake,1746953798,1746952808,0,,"18.87,96.45",2025-05-11 08:40:08,2025-05-11 15:10:08
21.2640000,99.8890000,10.0000,2.80,ml,,,,,,th_14310_202505110227,2025-05-11T02:27:19.000Z,"Wan Hpaya-hkè, Shan, Myanmar (Burma)",Myanmar,MM,Asia,earthquake,1746930982,1746930439,1,,"21.26,99.89",2025-05-11 02:27:19,2025-05-11 08:57:19
20.3620000,98.0470000,10.0000,2.20,ml,,,,,,th_14309_202505110203,2025-05-11T02:03:58.000Z,"Langkho, Shan, Myanmar (Burma)",Myanmar,MM,Asia,earthquake,1746929426,1746929038,0,,"20.36,98.05",2025-05-11 02:03:58,2025-05-11 08:33:58
20.2780000,96.2300000,10.0000,2.60,ml,,,,,,th_14308_202505102127,2025-05-10T21:27:06.000Z,"Nyaung Lunt, Naypyidaw Union Territory, Myanmar (Burma)",Myanmar,MM,Asia,earthquake,1746913100,1746912426,0,,"20.28,96.23",2025-05-10 21:27:06,2025-05-11 03:57:06
21.7660000,96.3990000,10.0000,2.80,ml,,,,,,th_14307_202505102050,2025-05-10T20:50:32.000Z,"Thon-Daung-Ywa-Ma, Mandalay Region, Myanmar (Burma)",Myanmar,MM,Asia,earthquake,1746910921,1746910232,0,,"21.77,96.40",2025-05-10 20:50:32,2025-05-11 03:20:32
21.0120000,96.5440000,10.0000,2.80,ml,,,,,,th_14305_202505101911,2025-05-10T19:11:32.000Z,"Nyaungbingwa, Shan, Myanmar (Burma)",Myanmar,MM,Asia,earthquake,1746904549,1746904292,0,,"21.01,96.54",2025-05-10 19:11:32,2025-05-11 01:41:32
21.1310000,99.7450000,2.0000,2.90,ml,,,,,,th_14304_202505101840,2025-05-10T18:40:08.000Z,"Loi Pang Koi, Shan, Myanmar (Burma)",Myanmar,MM,Asia,earthquake,1746902724,1746902408,0,,"21.13,99.75",2025-05-10 18:40:08,2025-05-11 01:10:08
19.1840000,96.3710000,10.0000,2.90,ml,,,,,,th_14303_202505101636,2025-05-10T16:36:47.000Z,"Yedashe, Bago Region, Myanmar (Burma)",Myanmar,MM,Asia,earthquake,1746895276,1746895007,1,,"19.18,96.37",2025-05-10 16:36:47,2025-05-10 23:06:47
19.9910000,96.2810000,10.0000,2.40,ml,,,,,,th_14302_202505101628,2025-05-10T16:28:02.000Z,"Chaungbya, Naypyidaw Union Territory, Myanmar (Burma)",Myanmar,MM,Asia,earthquake,1746894862,1746894482,0,,"19.99,96.28",2025-05-10 16:28:02,2025-05-10 22:58:02
20.3500000,98.2350000,7.0000,4.00,ml,,,,,,ems_202505_1806624,2025-05-10T12:35:36.000Z,"Na-law, Shan, Myanmar (Burma)",Myanmar,MM,Asia,earthquake,1746880549,1746880169,0,,"20.35,98.24",2025-05-10 12:29:29,2025-05-10 18:59:29
21.6200000,96.3930000,10.0000,3.70,ml,,,,,,th_14300_202505101137,2025-05-10T11:49:35.000Z,"Gwebin, Mandalay Region, Myanmar (Burma)",Myanmar,MM,Asia,earthquake,1746877646,1746877027,0,,"21.62,96.39",2025-05-10 11:37:07,2025-05-10 18:07:07
19.2660000,96.2590000,10.0000,2.70,ml,,,,,,th_14299_202505101039,2025-05-10T10:39:18.000Z,"Swar, Bago Region, Myanmar (Burma)",Myanmar,MM,Asia,earthquake,1746873902,1746873558,0,,"19.27,96.26",2025-05-10 10:39:18,2025-05-10 17:09:18
18.8700000,96.4290000,10.0000,2.40,ml,,,,,,th_14297_202505100701,2025-05-10T07:01:58.000Z,"Taungoo, Bago Region, Myanmar (Burma)",Myanmar,MM,Asia,earthquake,1746860896,1746860518,0,,"18.87,96.43",2025-05-10 07:01:58,2025-05-10 13:31:58
18.0900000,96.1090000,10.0000,3.80,ml,,,,,,th_14296_202505100613,2025-05-10T06:22:04.000Z,"Foucar's, Bago Region, Myanmar (Burma)",Myanmar,MM,Asia,earthquake,1746857949,1746857621,0,,"18.09,96.11",2025-05-10 06:13:41,2025-05-10 12:43:41
20.0460000,97.8380000,10.0000,3.00,ml,,,,,,th_14295_202505100414,2025-05-10T04:14:54.000Z,"Wan Kongpao, Shan, Myanmar (Burma)",Myanmar,MM,Asia,earthquake,1746850835,1746850494,0,,"20.05,97.84",2025-05-10 04:14:54,2025-05-10 10:44:54
19.9960000,98.0390000,5.0000,2.30,ml,,,,,,th_14294_202505100246,2025-05-10T02:46:41.000Z,"Wan Konlang, Shan, Myanmar (Burma)",Myanmar,MM,Asia,earthquake,1746845705,1746845201,0,,"20.00,98.04",2025-05-10 02:46:41,2025-05-10 09:16:41
18.2790000,96.5880000,10.0000,2.50,ml,,,,,,th_14293_202505100157,2025-05-10T01:57:59.000Z,"Ingone, Bago Region, Myanmar (Burma)",Myanmar,MM,Asia,earthquake,1746842811,1746842279,0,,"18.28,96.59",2025-05-10 01:57:59,2025-05-10 08:27:59
20.0650000,98.0200000,10.0000,3.10,ml,,,,,,th_14292_202505100021,2025-05-10T00:21:38.000Z,"Wan Konlang, Shan, Myanmar (Burma)",Myanmar,MM,Asia,earthquake,1746836984,1746836498,0,,"20.07,98.02",2025-05-10 00:21:38,2025-05-10 06:51:38
19.1460000,96.3560000,10.0000,2.90,ml,,,,,,th_14291_202505091956,2025-05-09T19:56:05.000Z,"Yedashe, Bago Region, Myanmar (Burma)",Myanmar,MM,Asia,earthquake,1746821533,1746820565,0,,"19.15,96.36",2025-05-09 19:56:05,2025-05-10 02:26:05
19.7340000,96.5060000,10.0000,2.50,ml,,,,,,th_14290_202505091808,2025-05-09T18:08:25.000Z,"Saungdaung Anauk, Naypyidaw Union Territory, Myanmar (Burma)",Myanmar,MM,Asia,earthquake,1746821306,1746814105,0,,"19.73,96.51",2025-05-09 18:08:25,2025-05-10 00:38:25
20.6380000,99.8320000,10.0000,1.90,ml,,,,,,th_14289_202505091717,2025-05-09T17:17:42.000Z,"Wan Hsenhkampeng, Shan, Myanmar (Burma)",Myanmar,MM,Asia,earthquake,1746821179,1746811062,0,,"20.64,99.83",2025-05-09 17:17:42,2025-05-09 23:47:42
21.2790000,96.2570000,10.0000,3.10,ml,,,,,,th_14287_202505091346,2025-05-09T13:46:34.000Z,"Ywarkhainggyi, Mandalay Region, Myanmar (Burma)",Myanmar,MM,Asia,earthquake,1746800696,1746798394,1,,"21.28,96.26",2025-05-09 13:46:34,2025-05-09 20:16:34
24.7700000,95.2900000,110.0000,4.30,ml,,,,,,in_dGtvd01KL2lJWFNnQnVEM3ZpWFIxZz09,2025-05-09T13:49:34.000Z,"Nyaungbintha, Sagaing Region, Myanmar (Burma)",Myanmar,MM,Asia,earthquake,1746798568,1746797879,0,,"24.77,95.29",2025-05-09 13:37:59,2025-05-09 20:07:59
20.0220000,98.0340000,10.0000,1.90,ml,,,,,,th_14285_202505091146,2025-05-09T11:46:46.000Z,"Wan Konlang, Shan, Myanmar (Burma)",Myanmar,MM,Asia,earthquake,1746791694,1746791206,0,,"20.02,98.03",2025-05-09 11:46:46,2025-05-09 18:16:46
21.4700000,96.2580000,10.0000,3.10,ml,,,,,,th_14284_202505090858,2025-05-09T08:58:38.000Z,"Thanywa, Mandalay Region, Myanmar (Burma)",Myanmar,MM,Asia,earthquake,1746781953,1746781118,0,,"21.47,96.26",2025-05-09 08:58:38,2025-05-09 15:28:38
20.8734000,96.0433000,10.0000,4.40,mb,,,,,,in_aksrK0ZtS05EeG5EZzBPblBZRld5dz09,2025-05-09T14:58:53.000Z,"Thazi, Mandalay Region, Myanmar (Burma)",Myanmar,MM,Asia,earthquake,1746780668,1746779850,1,,"20.87,96.05",2025-05-09 08:37:30,2025-05-09 15:07:30
22.0220000,96.3870000,10.0000,3.60,ml,,,,,,th_14282_202505090832,2025-05-09T08:56:36.000Z,"Anesakhan, Mandalay Region, Myanmar (Burma)",Myanmar,MM,Asia,earthquake,1746780145,1746779555,0,,"22.02,96.39",2025-05-09 08:32:35,2025-05-09 15:02:35
18.1440000,96.7640000,10.0000,4.20,ml,,,,,,ems_202505_1806105,2025-05-09T00:56:35.000Z,"Bogata Auk, Bago Region, Myanmar (Burma)",Myanmar,MM,Asia,earthquake,1746752211,1746751689,0,,"18.14,96.76",2025-05-09 00:48:09,2025-05-09 07:18:09
21.7280000,96.2770000,10.0000,2.90,ml,,,,,,th_14279_202505082300,2025-05-08T23:00:34.000Z,"Hngetkyithaik, Mandalay Region, Myanmar (Burma)",Myanmar,MM,Asia,earthquake,1746745706,1746745234,0,,"21.73,96.28",2025-05-08 23:00:34,2025-05-09 05:30:34
19.6380000,96.1880000,10.0000,2.40,ml,,,,,,th_14278_202505082236,2025-05-08T22:36:33.000Z,"Magyigon, Naypyidaw Union Territory, Myanmar (Burma)",Myanmar,MM,Asia,earthquake,1746744264,1746743793,0,,"19.64,96.19",2025-05-08 22:36:33,2025-05-09 05:06:33
22.0470000,96.4050000,10.0000,3.10,ml,,,,,,th_14277_202505082026,2025-05-08T20:26:12.000Z,"Pyin Oo Lwin, Mandalay Region, Myanmar (Burma)",Myanmar,MM,Asia,earthquake,1746736902,1746735972,0,,"22.05,96.41",2025-05-08 20:26:12,2025-05-09 02:56:12
19.0520000,97.4290000,10.0000,1.70,ml,,,,,,th_14275_202505081900,2025-05-08T19:00:06.000Z,"Ho-hwè-ko-sa-pa, Kayah State, Myanmar (Burma)",Myanmar,MM,Asia,earthquake,1746731745,1746730806,0,,"19.05,97.43",2025-05-08 19:00:06,2025-05-09 01:30:06
19.8030000,96.4020000,10.0000,2.20,ml,,,,,,th_14274_202505081549,2025-05-08T15:49:31.000Z,"Kwedugyi, Naypyidaw Union Territory, Myanmar (Burma)",Myanmar,MM,Asia,earthquake,1746719756,1746719371,0,,"19.80,96.40",2025-05-08 15:49:31,2025-05-08 22:19:31
20.0460000,96.4250000,10.0000,2.30,ml,,,,,,th_14273_202505081532,2025-05-08T15:32:58.000Z,"Thalaing, Naypyidaw Union Territory, Myanmar (Burma)",Myanmar,MM,Asia,earthquake,1746719078,1746718378,0,,"20.05,96.43",2025-05-08 15:32:58,2025-05-08 22:02:58
23.1800000,94.0500000,10.0000,3.60,ml,,,,,,in_eE5uZG1qYmZjNmt0TnNwMkttdE12dz09,2025-05-08T14:21:42.000Z,"Kale, Sagaing Region, Myanmar (Burma)",Myanmar,MM,Asia,earthquake,1746713847,1746713167,0,,"23.18,94.05",2025-05-08 14:06:07,2025-05-08 20:36:07
21.5610000,96.2020000,10.0000,4.10,ml,,,,,,ems_202505_1805781,2025-05-08T08:00:37.000Z,"Kyaukse, Mandalay Region, Myanmar (Burma)",Myanmar,MM,Asia,earthquake,1746691249,1746689924,0,,"21.56,96.20",2025-05-08 07:38:44,2025-05-08 14:08:44
18.0890000,96.7330000,10.0000,2.40,ml,,,,,,th_14271_202505080232,2025-05-08T02:32:14.000Z,"Hinthawè, Bago Region, Myanmar (Burma)",Myanmar,MM,Asia,earthquake,1746672301,1746671534,0,,"18.09,96.73",2025-05-08 02:32:14,2025-05-08 09:02:14
20.9580000,96.3290000,10.0000,2.60,ml,,,,,,th_14268_202505072039,2025-05-07T20:39:31.000Z,"Patchaung, Shan, Myanmar (Burma)",Myanmar,MM,Asia,earthquake,1746650883,1746650371,1,,"20.96,96.33",2025-05-07 20:39:31,2025-05-08 03:09:31
19.3650000,96.5380000,10.0000,2.00,ml,,,,,,th_14267_202505071808,2025-05-07T18:08:08.000Z,"Amayadaung, Kayin State, Myanmar (Burma)",Myanmar,MM,Asia,earthquake,1746641944,1746641288,0,,"19.37,96.54",2025-05-07 18:08:08,2025-05-08 00:38:08
20.0390000,97.9400000,10.0000,1.50,ml,,,,,,th_14266_202505071733,2025-05-07T17:33:46.000Z,"Wan Kongpao, Shan, Myanmar (Burma)",Myanmar,MM,Asia,earthquake,1746639605,1746639226,0,,"20.04,97.94",2025-05-07 17:33:46,2025-05-08 00:03:46
17.4490000,96.2700000,10.0000,2.30,ml,,,,,,th_14265_202505071720,2025-05-07T17:20:07.000Z,"Wanetkon, Yangon Region, Myanmar (Burma)",Myanmar,MM,Asia,earthquake,1746638924,1746638407,0,,"17.45,96.27",2025-05-07 17:20:07,2025-05-07 23:50:07
21.7020000,96.3250000,10.0000,3.00,ml,,,,,,th_14264_202505071600,2025-05-07T16:00:22.000Z,"Hngetkyithaik, Mandalay Region, Myanmar (Burma)",Myanmar,MM,Asia,earthquake,1746637232,1746633622,0,,"21.70,96.33",2025-05-07 16:00:22,2025-05-07 22:30:22
20.9670000,98.0900000,10.0000,2.10,ml,,,,,,th_14263_202505071550,2025-05-07T15:50:01.000Z,"Tatpük, Shan, Myanmar (Burma)",Myanmar,MM,Asia,earthquake,1746633711,1746633001,0,,"20.97,98.09",2025-05-07 15:50:01,2025-05-07 22:20:01
19.7770000,96.4850000,10.0000,2.40,ml,,,,,,th_14262_202505071310,2025-05-07T13:10:09.000Z,"Saungdaung Anauk, Naypyidaw Union Territory, Myanmar (Burma)",Myanmar,MM,Asia,earthquake,1746623967,1746623409,0,,"19.78,96.49",2025-05-07 13:10:09,2025-05-07 19:40:09
18.6350000,96.5720000,10.0000,4.00,ml,,,,,,ems_202505_1805382,2025-05-07T07:42:39.000Z,"Zayatkyi, Bago Region, Myanmar (Burma)",Myanmar,MM,Asia,earthquake,1746603777,1746603325,0,,"18.64,96.57",2025-05-07 07:35:25,2025-05-07 14:05:25
18.6850000,96.3650000,10.0000,3.90,ml,,,,,,th_14260_202505070727,2025-05-07T07:35:36.000Z,"Kywebwe, Bago Region, Myanmar (Burma)",Myanmar,MM,Asia,earthquake,1746603217,1746602868,0,,"18.69,96.37",2025-05-07 07:27:48,2025-05-07 13:57:48
18.7990000,96.5240000,10.0000,3.30,ml,,,,,,th_14259_202505070123,2025-05-07T01:23:00.000Z,"Bomari, Bago Region, Myanmar (Burma)",Myanmar,MM,Asia,earthquake,1746581303,1746580980,0,,"18.80,96.52",2025-05-07 01:23:00,2025-05-07 07:53:00
19.9410000,97.9580000,10.0000,2.10,ml,,,,,,th_14258_202505070058,2025-05-07T00:58:46.000Z,"Ta Ho-pong, Shan, Myanmar (Burma)",Myanmar,MM,Asia,earthquake,1746579855,1746579526,0,,"19.94,97.96",2025-05-07 00:58:46,2025-05-07 07:28:46
20.1490000,97.9020000,10.0000,1.80,ml,,,,,,th_14257_202505062247,2025-05-06T22:47:57.000Z,"Wan Hat, Shan, Myanmar (Burma)",Myanmar,MM,Asia,earthquake,1746572063,1746571677,0,,"20.15,97.90",2025-05-06 22:47:57,2025-05-07 05:17:57
20.0810000,97.8000000,10.0000,3.50,ml,,,,,,th_14255_202505062221,2025-05-06T22:28:41.000Z,"Wan Kongpao, Shan, Myanmar (Burma)",Myanmar,MM,Asia,earthquake,1746570329,1746570079,0,,"20.08,97.80",2025-05-06 22:21:19,2025-05-07 04:51:19
20.0480000,97.8770000,10.0000,2.70,ml,,,,,,th_14254_202505062210,2025-05-06T22:10:19.000Z,"Wan Kongpao, Shan, Myanmar (Burma)",Myanmar,MM,Asia,earthquake,1746569671,1746569419,0,,"20.05,97.88",2025-05-06 22:10:19,2025-05-07 04:40:19
19.3040000,96.2590000,10.0000,2.30,ml,,,,,,th_14253_202505062122,2025-05-06T21:22:29.000Z,"Thagaya, Bago Region, Myanmar (Burma)",Myanmar,MM,Asia,earthquake,1746568440,1746566549,0,,"19.30,96.26",2025-05-06 21:22:29,2025-05-07 03:52:29
19.7850000,96.5020000,10.0000,2.10,ml,,,,,,th_14252_202505062025,2025-05-06T20:25:04.000Z,"Saungdaung Anauk, Naypyidaw Union Territory, Myanmar (Burma)",Myanmar,MM,Asia,earthquake,1746564174,1746563104,0,,"19.79,96.50",2025-05-06 20:25:04,2025-05-07 02:55:04
21.7110000,96.3510000,10.0000,4.40,ml,,,,,,in_VEo2UDlqeVJMUWhaSThyMVVoOHY3dz09,2025-05-06T19:14:48.000Z,"Mandalay, Mandalay Region, Myanmar (Burma)",Myanmar,MM,Asia,earthquake,1746558220,1746557794,1,,"21.92,96.12",2025-05-06 18:56:34,2025-05-07 01:26:34
20.1120000,96.4500000,10.0000,3.20,ml,,,,,,th_14250_202505061727,2025-05-06T17:27:44.000Z,"Kyaunggon, Naypyidaw Union Territory, Myanmar (Burma)",Myanmar,MM,Asia,earthquake,1746552957,1746552464,0,,"20.11,96.45",2025-05-06 17:27:44,2025-05-06 23:57:44
17.0650000,96.1680000,10.0000,2.60,ml,,,,,,th_14249_202505061708,2025-05-06T17:08:12.000Z,"Yangon, Yangon Region, Myanmar (Burma)",Myanmar,MM,Asia,earthquake,1746552686,1746551292,0,,"17.07,96.17",2025-05-06 17:08:12,2025-05-06 23:38:12
20.8960000,96.2870000,10.0000,2.50,ml,,,,,,th_14248_202505061656,2025-05-06T16:56:50.000Z,"Pothanaing, Mandalay Region, Myanmar (Burma)",Myanmar,MM,Asia,earthquake,1746551482,1746550610,0,,"20.90,96.29",2025-05-06 16:56:50,2025-05-06 23:26:50
17.1420000,96.3040000,10.0000,3.70,ml,,,,,,th_14247_202505061625,2025-05-06T16:49:47.000Z,"Za Yet Kwin, Yangon Region, Myanmar (Burma)",Myanmar,MM,Asia,earthquake,1746549949,1746548740,0,,"17.14,96.30",2025-05-06 16:25:40,2025-05-06 22:55:40
19.6810000,96.3920000,10.0000,2.20,ml,,,,,,th_14246_202505061604,2025-05-06T16:04:28.000Z,"Teinpyaung Atet, Naypyidaw Union Territory, Myanmar (Burma)",Myanmar,MM,Asia,earthquake,1746548039,1746547468,0,,"19.68,96.39",2025-05-06 16:04:28,2025-05-06 22:34:28
17.1060000,96.2820000,10.0000,2.90,ml,,,,,,th_14245_202505061510,2025-05-06T15:10:18.000Z,"Za Yet Kwin, Yangon Region, Myanmar (Burma)",Myanmar,MM,Asia,earthquake,1746545091,1746544218,0,,"17.11,96.28",2025-05-06 15:10:18,2025-05-06 21:40:18
19.9680000,98.1590000,10.0000,3.10,ml,,,,,,th_14244_202505061441,2025-05-06T14:41:50.000Z,"Wan Hsa-mu, Shan, Myanmar (Burma)",Myanmar,MM,Asia,earthquake,1746542987,1746542510,0,,"19.97,98.16",2025-05-06 14:41:50,2025-05-06 21:11:50
20.5800000,94.6100000,10.0000,3.80,ml,,,,,,in_MFhIazZVYjZhc3BrZzQ0RXhoUXF6Zz09,2025-05-06T14:26:53.000Z,"Salin, Magway Region, Myanmar (Burma)",Myanmar,MM,Asia,earthquake,1746542072,1746541613,0,,"20.58,94.61",2025-05-06 14:26:53,2025-05-06 20:56:53
19.1780000,96.4560000,10.0000,2.30,ml,,,,,,th_14243_202505061341,2025-05-06T13:41:10.000Z,"Karenchaung, Bago Region, Myanmar (Burma)",Myanmar,MM,Asia,earthquake,1746539461,1746538870,0,,"19.18,96.46",2025-05-06 13:41:10,2025-05-06 20:11:10
19.8630000,97.8610000,10.0000,2.80,ml,,,,,,th_14242_202505061327,2025-05-06T13:27:04.000Z,"Ta Öngmu, Shan, Myanmar (Burma)",Myanmar,MM,Asia,earthquake,1746538595,1746538024,0,,"19.86,97.86",2025-05-06 13:27:04,2025-05-06 19:57:04
20.4080000,97.0200000,10.0000,2.20,ml,,,,,,th_14241_202505060943,2025-05-06T09:43:53.000Z,"Nampan, Shan, Myanmar (Burma)",Myanmar,MM,Asia,earthquake,1746532698,1746524633,0,,"20.41,97.02",2025-05-06 09:43:53,2025-05-06 16:13:53
19.6530000,96.2240000,10.0000,2.60,ml,,,,,,th_14240_202505060649,2025-05-06T06:49:06.000Z,"Hpya-ling, Shan, Myanmar (Burma)",Myanmar,MM,Asia,earthquake,1746514671,1746514146,1,,"20.95,97.20",2025-05-06 06:49:06,2025-05-06 13:19:06
20.2700000,98.0890000,10.0000,2.00,ml,,,,,,th_14239_202505060617,2025-05-06T06:17:04.000Z,"Chueh Chu, Shan, Myanmar (Burma)",Myanmar,MM,Asia,earthquake,1746513097,1746512224,0,,"20.27,98.09",2025-05-06 06:17:04,2025-05-06 12:47:04
20.2400000,98.0720000,10.0000,2.30,ml,,,,,,th_14238_202505060615,2025-05-06T06:15:38.000Z,"Chueh Chu, Shan, Myanmar (Burma)",Myanmar,MM,Asia,earthquake,1746512743,1746512138,0,,"20.24,98.07",2025-05-06 06:15:38,2025-05-06 12:45:38
22.2160000,96.8870000,10.0000,3.30,ml,,,,,,th_14237_202505060341,2025-05-06T03:41:53.000Z,"Kan Gyi, Shan, Myanmar (Burma)",Myanmar,MM,Asia,earthquake,1746503532,1746502913,0,,"22.22,96.89",2025-05-06 03:41:53,2025-05-06 10:11:53
20.0710000,97.8800000,10.0000,2.40,ml,,,,,,th_14236_202505060108,2025-05-06T01:08:02.000Z,"Wan Kongpao, Shan, Myanmar (Burma)",Myanmar,MM,Asia,earthquake,1746494344,1746493682,0,,"20.07,97.88",2025-05-06 01:08:02,2025-05-06 07:38:02
20.2700000,97.6570000,10.0000,2.40,ml,,,,,,th_14235_202505060011,2025-05-06T00:11:21.000Z,"Mawkmai, Shan, Myanmar (Burma)",Myanmar,MM,Asia,earthquake,1746490689,1746490281,0,,"20.27,97.66",2025-05-06 00:11:21,2025-05-06 06:41:21
18.7700000,96.4540000,10.0000,2.60,ml,,,,,,th_14234_202505052102,2025-05-05T21:02:07.000Z,"Bomari, Bago Region, Myanmar (Burma)",Myanmar,MM,Asia,earthquake,1746480227,1746478927,0,,"18.77,96.45",2025-05-05 21:02:07,2025-05-06 03:32:07
19.9710000,96.2650000,10.0000,2.50,ml,,,,,,th_14233_202505052058,2025-05-05T20:58:49.000Z,"Tegon, Naypyidaw Union Territory, Myanmar (Burma)",Myanmar,MM,Asia,earthquake,1746480011,1746478729,0,,"19.97,96.27",2025-05-05 20:58:49,2025-05-06 03:28:49
19.4210000,97.7680000,10.0000,1.60,ml,,,,,,th_14232_202505051939,2025-05-05T19:39:24.000Z,"Hwè-yao, Kayah State, Myanmar (Burma)",Myanmar,MM,Asia,earthquake,1746474459,1746473964,0,,"19.42,97.77",2025-05-05 19:39:24,2025-05-06 02:09:24
19.4140000,96.3180000,10.0000,2.10,ml,,,,,,th_14229_202505051825,2025-05-05T18:25:41.000Z,"Wayonle, Bago Region, Myanmar (Burma)",Myanmar,MM,Asia,earthquake,1746470321,1746469541,0,,"19.41,96.32",2025-05-05 18:25:41,2025-05-06 00:55:41
18.9470000,96.2560000,10.0000,2.20,ml,,,,,,th_14228_202505051822,2025-05-05T18:22:58.000Z,"Gyihauk, Bago Region, Myanmar (Burma)",Myanmar,MM,Asia,earthquake,1746470274,1746469378,0,,"18.95,96.26",2025-05-05 18:22:58,2025-05-06 00:52:58
26.9900000,96.4700000,13.0000,3.50,ml,,,,,,in_UVA3cVE1RVV3Mm9xTnRmVEhzN2IwQT09,2025-05-05T15:14:48.000Z,"Gedu Ga, Kachin, Myanmar (Burma)",Myanmar,MM,Asia,earthquake,1746457723,1746457258,0,,"26.99,96.47",2025-05-05 15:00:58,2025-05-05 21:30:58
18.7720000,96.4430000,10.0000,2.50,ml,,,,,,th_14226_202505051455,2025-05-05T14:55:30.000Z,"Bomari, Bago Region, Myanmar (Burma)",Myanmar,MM,Asia,earthquake,1746457252,1746456930,0,,"18.77,96.44",2025-05-05 14:55:30,2025-05-05 21:25:30
20.0370000,97.8880000,10.0000,2.10,ml,,,,,,th_14225_202505051451,2025-05-05T14:51:57.000Z,"Wan Kongpao, Shan, Myanmar (Burma)",Myanmar,MM,Asia,earthquake,1746457032,1746456717,0,,"20.04,97.89",2025-05-05 14:51:57,2025-05-05 21:21:57
18.8180000,96.9870000,10.0000,1.90,ml,,,,,,th_14224_202505051228,2025-05-05T12:28:28.000Z,"Hoki, Kayin State, Myanmar (Burma)",Myanmar,MM,Asia,earthquake,1746449929,1746448108,0,,"18.82,96.99",2025-05-05 12:28:28,2025-05-05 18:58:28
19.2580000,96.3490000,10.0000,2.90,ml,,,,,,th_14223_202505050151,2025-05-05T01:51:48.000Z,"Sibaing, Bago Region, Myanmar (Burma)",Myanmar,MM,Asia,earthquake,1746410765,1746409908,0,,"19.26,96.35",2025-05-05 01:51:48,2025-05-05 08:21:48
24.5800000,94.8600000,70.0000,3.70,ml,,,,,,in_bGtPZnBRckxuNm15ZCtxUVg4c2ZvUT09,2025-05-05T01:28:34.000Z,"Myene, Sagaing Region, Myanmar (Burma)",Myanmar,MM,Asia,earthquake,1746408225,1746407515,0,,"24.58,94.86",2025-05-05 01:11:55,2025-05-05 07:41:55
19.9400000,97.7470000,5.0000,2.90,ml,,,,,,th_14222_202505042339,2025-05-04T23:39:34.000Z,"Wan Hwè-ya-yung, Shan, Myanmar (Burma)",Myanmar,MM,Asia,earthquake,1746403248,1746401974,0,,"19.94,97.75",2025-05-04 23:39:34,2025-05-05 06:09:34
22.9878000,95.6631000,10.0000,4.80,ml,,,,,,in_L0hZR2k4RVkrU0VUUXNjeENmOSsydz09,2025-05-05T06:42:10.000Z,"Bugon, Sagaing Region, Myanmar (Burma)",Myanmar,MM,Asia,earthquake,1746402052,1746401597,0,,"23.07,95.52",2025-05-04 23:33:17,2025-05-05 06:03:17
19.9400000,97.6190000,5.0000,2.80,ml,,,,,,th_14220_202505042324,2025-05-04T23:24:57.000Z,"Mai-hsa-se, Shan, Myanmar (Burma)",Myanmar,MM,Asia,earthquake,1746401296,1746401097,0,,"19.94,97.62",2025-05-04 23:24:57,2025-05-05 05:54:57
19.6520000,97.8790000,5.0000,2.40,ml,,,,,,th_14219_202505042258,2025-05-04T22:58:12.000Z,"Kiu-neng, Shan, Myanmar (Burma)",Myanmar,MM,Asia,earthquake,1746399743,1746399492,0,,"19.65,97.88",2025-05-04 22:58:12,2025-05-05 05:28:12
20.0760000,98.0670000,10.0000,2.20,ml,,,,,,th_14217_202505042143,2025-05-04T21:43:28.000Z,"Üng-yao, Shan, Myanmar (Burma)",Myanmar,MM,Asia,earthquake,1746395829,1746395008,0,,"20.08,98.07",2025-05-04 21:43:28,2025-05-05 04:13:28
19.9450000,97.7340000,10.0000,2.20,ml,,,,,,th_14215_202505041933,2025-05-04T19:33:03.000Z,"Wan Hwè-ya-yung, Shan, Myanmar (Burma)",Myanmar,MM,Asia,earthquake,1746388062,1746387183,0,,"19.95,97.73",2025-05-04 19:33:03,2025-05-05 02:03:03
19.7910000,96.9820000,10.0000,2.40,ml,,,,,,th_14214_202505041904,2025-05-04T19:04:02.000Z,"Engla, Shan, Myanmar (Burma)",Myanmar,MM,Asia,earthquake,1746386979,1746385442,0,,"19.79,96.98",2025-05-04 19:04:02,2025-05-05 01:34:02
20.1070000,97.8380000,2.0000,3.00,ml,,,,,,th_14213_202505041753,2025-05-04T17:53:13.000Z,"Wan Kongpao, Shan, Myanmar (Burma)",Myanmar,MM,Asia,earthquake,1746381705,1746381193,0,,"20.11,97.84",2025-05-04 17:53:13,2025-05-05 00:23:13
19.8420000,97.8510000,5.0000,2.20,ml,,,,,,th_14218_202505041740,2025-05-04T17:40:09.000Z,"Wan Hwè-ya-yung, Shan, Myanmar (Burma)",Myanmar,MM,Asia,earthquake,1746395913,1746380409,0,,"19.84,97.85",2025-05-04 17:40:09,2025-05-05 00:10:09
19.2170000,96.4560000,16.0000,2.20,ml,,,,,,th_14212_202505041550,2025-05-04T15:50:45.000Z,"Hnawpin, Bago Region, Myanmar (Burma)",Myanmar,MM,Asia,earthquake,1746374408,1746373845,0,,"19.22,96.46",2025-05-04 15:50:45,2025-05-04 22:20:45
18.0950000,95.3070000,76.0000,2.90,ml,,,,,,th_14211_202505041459,2025-05-04T14:59:49.000Z,"Kongyi, Ayeyarwady, Myanmar (Burma)",Myanmar,MM,Asia,earthquake,1746371299,1746370789,0,,"18.10,95.31",2025-05-04 14:59:49,2025-05-04 21:29:49
18.1100000,95.1900000,80.0000,3.10,ml,,,,,,th_14210_202505041404,2025-05-04T14:04:48.000Z,"Hngetkyiwin, Ayeyarwady, Myanmar (Burma)",Myanmar,MM,Asia,earthquake,1746368012,1746367488,0,,"18.11,95.19",2025-05-04 14:04:48,2025-05-04 20:34:48
21.6100000,94.4700000,90.0000,3.90,ml,,,,,,in_ODUzMGcyVThHZmxiSjhNK3ZINDBGUT09,2025-05-04T13:48:50.000Z,"Zee Pyar, Magway Region, Myanmar (Burma)",Myanmar,MM,Asia,earthquake,1746367849,1746366530,0,,"21.61,94.47",2025-05-04 13:48:50,2025-05-04 20:18:50
19.8390000,97.9340000,1.0000,1.70,ml,,,,,,th_14209_202505041230,2025-05-04T12:30:01.000Z,"Pang Tae Waet, Shan, Myanmar (Burma)",Myanmar,MM,Asia,earthquake,1746362032,1746361801,0,,"19.84,97.93",2025-05-04 12:30:01,2025-05-04 19:00:01
19.9360000,97.9460000,10.0000,2.20,ml,,,,,,th_14208_202505041158,2025-05-04T11:58:58.000Z,"Ta Ho-pong, Shan, Myanmar (Burma)",Myanmar,MM,Asia,earthquake,1746360487,1746359938,1,,"19.94,97.95",2025-05-04 11:58:58,2025-05-04 18:28:58
19.4400000,96.3320000,10.0000,2.50,ml,,,,,,th_14207_202505041154,2025-05-04T11:54:35.000Z,"Wayonle, Bago Region, Myanmar (Burma)",Myanmar,MM,Asia,earthquake,1746360389,1746359675,0,,"19.44,96.33",2025-05-04 11:54:35,2025-05-04 18:24:35
19.7830000,96.4770000,10.0000,2.50,ml,,,,,,th_14206_202505041149,2025-05-04T11:49:22.000Z,"Saungdaung Anauk, Naypyidaw Union Territory, Myanmar (Burma)",Myanmar,MM,Asia,earthquake,1746360240,1746359362,0,,"19.78,96.48",2025-05-04 11:49:22,2025-05-04 18:19:22
20.6710000,97.8170000,1.0000,2.60,ml,,,,,,th_14205_202505041005,2025-05-04T10:05:35.000Z,"Hai Hpak, Shan, Myanmar (Burma)",Myanmar,MM,Asia,earthquake,1746354780,1746353135,0,,"20.67,97.82",2025-05-04 10:05:35,2025-05-04 16:35:35
19.9320000,97.7770000,2.0000,2.70,ml,,,,,,th_14204_202505040813,2025-05-04T08:13:34.000Z,"Wan Hwè-ya-yung, Shan, Myanmar (Burma)",Myanmar,MM,Asia,earthquake,1746346621,1746346414,0,,"19.93,97.78",2025-05-04 08:13:34,2025-05-04 14:43:34
20.0970000,97.8830000,1.0000,2.90,ml,,,,,,th_14203_202505040158,2025-05-04T01:58:50.000Z,"Shan, Myanmar (Burma)",Myanmar,MM,Asia,earthquake,1746324314,1746323930,1,,"20.10,97.88",2025-05-04 01:58:50,2025-05-04 08:28:50
18.9170000,97.5050000,2.0000,2.10,ml,,,,,,th_14202_202505040015,2025-05-04T00:15:02.000Z,"Loi Mun, Kayah State, Myanmar (Burma)",Myanmar,MM,Asia,earthquake,1746318244,1746317702,0,,"18.92,97.51",2025-05-04 00:15:02,2025-05-04 06:45:02
21.7770000,96.2420000,10.0000,3.40,ml,,,,,,th_14198_202505032015,2025-05-03T20:15:11.000Z,"Thon-Daung-Ywa-Ma, Mandalay Region, Myanmar (Burma)",Myanmar,MM,Asia,earthquake,1746303634,1746303311,0,,"21.78,96.24",2025-05-03 20:15:11,2025-05-04 02:45:11
22.0350000,96.4960000,10.0000,2.90,ml,,,,,,th_14197_202505031839,2025-05-03T18:39:24.000Z,"Pyin Oo Lwin, Mandalay Region, Myanmar (Burma)",Myanmar,MM,Asia,earthquake,1746297865,1746297564,0,,"22.04,96.50",2025-05-03 18:39:24,2025-05-04 01:09:24
19.9650000,97.6670000,7.0000,2.50,ml,,,,,,th_14196_202505031447,2025-05-03T14:47:53.000Z,"Wan Panglu, Shan, Myanmar (Burma)",Myanmar,MM,Asia,earthquake,1746283947,1746283673,0,,"19.97,97.67",2025-05-03 14:47:53,2025-05-03 21:17:53
20.0340000,97.8980000,10.0000,2.00,ml,,,,,,th_14195_202505031443,2025-05-03T14:43:13.000Z,"Wan Kongpao, Shan, Myanmar (Burma)",Myanmar,MM,Asia,earthquake,1746283754,1746283393,1,,"20.03,97.90",2025-05-03 14:43:13,2025-05-03 21:13:13
19.9870000,97.9700000,10.0000,2.00,ml,,,,,,th_14194_202505031210,2025-05-03T12:10:00.000Z,"Ta Ho-pong, Shan, Myanmar (Burma)",Myanmar,MM,Asia,earthquake,1746274516,1746274200,1,,"19.99,97.97",2025-05-03 12:10:00,2025-05-03 18:40:00
19.2390000,96.2050000,10.0000,3.10,ml,,,,,,th_14193_202505031159,2025-05-03T11:59:01.000Z,"Baungdok, Bago Region, Myanmar (Burma)",Myanmar,MM,Asia,earthquake,1746273937,1746273541,0,,"19.24,96.21",2025-05-03 11:59:01,2025-05-03 18:29:01
19.2530000,96.2340000,10.0000,2.40,ml,,,,,,th_14192_202505031143,2025-05-03T11:43:05.000Z,"Swar, Bago Region, Myanmar (Burma)",Myanmar,MM,Asia,earthquake,1746272918,1746272585,0,,"19.25,96.23",2025-05-03 11:43:05,2025-05-03 18:13:05
18.7190000,96.4020000,10.0000,2.40,ml,,,,,,th_14190_202505030959,2025-05-03T09:59:38.000Z,"Kywebwe, Bago Region, Myanmar (Burma)",Myanmar,MM,Asia,earthquake,1746266839,1746266378,0,,"18.72,96.40",2025-05-03 09:59:38,2025-05-03 16:29:38
19.1650000,97.1100000,10.0000,2.30,ml,,,,,,th_14189_202505030915,2025-05-03T09:15:58.000Z,"He-sa-hku, Kayah State, Myanmar (Burma)",Myanmar,MM,Asia,earthquake,1746266794,1746263758,0,,"19.17,97.11",2025-05-03 09:15:58,2025-05-03 15:45:58
19.2350000,96.3830000,10.0000,2.60,ml,,,,,,th_14188_202505030600,2025-05-03T06:00:30.000Z,"Sibaing, Bago Region, Myanmar (Burma)",Myanmar,MM,Asia,earthquake,1746252385,1746252030,0,,"19.24,96.38",2025-05-03 06:00:30,2025-05-03 12:30:30
19.7350000,96.2190000,10.0000,2.80,ml,,,,,,th_14186_202505030117,2025-05-03T01:17:00.000Z,"Pyinmana, Naypyidaw Union Territory, Myanmar (Burma)",Myanmar,MM,Asia,earthquake,1746235396,1746235020,0,,"19.74,96.22",2025-05-03 01:17:00,2025-05-03 07:47:00
20.8820000,98.6700000,10.0000,2.60,ml,,,,,,th_14184_202505022009,2025-05-02T20:09:41.000Z,"Möng Pu, Shan, Myanmar (Burma)",Myanmar,MM,Asia,earthquake,1746217101,1746216581,0,,"20.88,98.67",2025-05-02 20:09:41,2025-05-03 02:39:41
19.0640000,96.4460000,10.0000,3.00,ml,,,,,,th_14183_202505022003,2025-05-02T20:03:59.000Z,"Kaytumati, Bago Region, Myanmar (Burma)",Myanmar,MM,Asia,earthquake,1746217048,1746216239,0,,"19.06,96.45",2025-05-02 20:03:59,2025-05-03 02:33:59
20.0470000,97.9370000,10.0000,1.60,ml,,,,,,th_14180_202505021749,2025-05-02T17:49:20.000Z,"Wan Kongpao, Shan, Myanmar (Burma)",Myanmar,MM,Asia,earthquake,1746208443,1746208160,0,,"20.05,97.94",2025-05-02 17:49:20,2025-05-03 00:19:20
21.6670000,96.5270000,10.0000,2.80,ml,,,,,,th_14179_202505021733,2025-05-02T17:33:18.000Z,"Gwebin, Mandalay Region, Myanmar (Burma)",Myanmar,MM,Asia,earthquake,1746208272,1746207198,0,,"21.67,96.53",2025-05-02 17:33:18,2025-05-03 00:03:18
19.8270000,97.9860000,10.0000,1.40,ml,,,,,,th_14178_202505021733,2025-05-02T17:33:01.000Z,"Pang Tae Waet, Shan, Myanmar (Burma)",Myanmar,MM,Asia,earthquake,1746208083,1746207181,0,,"19.83,97.99",2025-05-02 17:33:01,2025-05-03 00:03:01
17.2200000,96.1510000,10.0000,3.10,ml,,,,,,th_14177_202505021515,2025-05-02T15:15:51.000Z,"Si Sone Kone, Yangon Region, Myanmar (Burma)",Myanmar,MM,Asia,earthquake,1746199609,1746198951,0,,"17.22,96.15",2025-05-02 15:15:51,2025-05-02 21:45:51
22.0170000,96.8960000,10.0000,2.70,ml,,,,,,th_14176_202505021441,2025-05-02T14:41:09.000Z,"Nam-maw-lon, Shan, Myanmar (Burma)",Myanmar,MM,Asia,earthquake,1746198251,1746196869,0,,"22.02,96.90",2025-05-02 14:41:09,2025-05-02 21:11:09
21.9600000,96.2800000,10.0000,4.00,ml,,,,,,ems_202505_1803105,2025-05-02T11:21:40.000Z,"Thon-Daung-Ywa-Ma, Mandalay Region, Myanmar (Burma)",Myanmar,MM,Asia,earthquake,1746184914,1746183844,0,,"21.96,96.28",2025-05-02 11:04:04,2025-05-02 17:34:04
18.7570000,96.6040000,10.0000,2.10,ml,,,,,,th_14174_202505020717,2025-05-02T07:17:27.000Z,"Alesengyaung, Kayin State, Myanmar (Burma)",Myanmar,MM,Asia,earthquake,1746170565,1746170247,0,,"18.76,96.60",2025-05-02 07:17:27,2025-05-02 13:47:27
18.8080000,96.6540000,10.0000,2.60,ml,,,,,,th_14173_202505020355,2025-05-02T03:55:56.000Z,"Alesengyaung, Kayin State, Myanmar (Burma)",Myanmar,MM,Asia,earthquake,1746160089,1746158156,0,,"18.81,96.65",2025-05-02 03:55:56,2025-05-02 10:25:56
21.8620000,96.3880000,10.0000,3.90,ml,,,,,,th_14171_202505020153,2025-05-02T02:07:42.000Z,"Pyin Sar, Mandalay Region, Myanmar (Burma)",Myanmar,MM,Asia,earthquake,1746151388,1746150780,0,,"21.86,96.39",2025-05-02 01:53:00,2025-05-02 08:23:00
18.6270000,96.4240000,10.0000,2.00,ml,,,,,,th_14170_202505012016,2025-05-01T20:16:56.000Z,"Nyaung Chay Htauk, Bago Region, Myanmar (Burma)",Myanmar,MM,Asia,earthquake,1746130967,1746130616,0,,"18.63,96.42",2025-05-01 20:16:56,2025-05-02 02:46:56
20.9630000,96.3300000,10.0000,3.10,ml,,,,,,th_14169_202505011950,2025-05-01T19:50:44.000Z,"Patchaung, Shan, Myanmar (Burma)",Myanmar,MM,Asia,earthquake,1746129589,1746129044,0,,"20.96,96.33",2025-05-01 19:50:44,2025-05-02 02:20:44
18.8810000,95.5970000,10.0000,2.90,ml,,,,,,th_14167_202505011603,2025-05-01T16:03:16.000Z,"Kywetabaung, Bago Region, Myanmar (Burma)",Myanmar,MM,Asia,earthquake,1746115817,1746115396,0,,"18.88,95.60",2025-05-01 16:03:16,2025-05-01 22:33:16
21.8820000,96.3460000,5.0000,3.20,ml,,,,,,th_14166_202505011544,2025-05-01T15:44:24.000Z,"Yatanarpon Cyber City, Mandalay Region, Myanmar (Burma)",Myanmar,MM,Asia,earthquake,1746115090,1746114264,0,,"21.88,96.35",2025-05-01 15:44:24,2025-05-01 22:14:24
19.1930000,96.1420000,10.0000,2.20,ml,,,,,,th_14165_202505011510,2025-05-01T15:10:54.000Z,"Mayogon, Bago Region, Myanmar (Burma)",Myanmar,MM,Asia,earthquake,1746112639,1746112254,0,,"19.19,96.14",2025-05-01 15:10:54,2025-05-01 21:40:54
19.9190000,96.1370000,10.0000,2.30,ml,,,,,,th_14164_202505011436,2025-05-01T14:36:46.000Z,"Pobba Thiri, Naypyidaw Union Territory, Myanmar (Burma)",Myanmar,MM,Asia,earthquake,1746110861,1746110206,0,,"19.92,96.14",2025-05-01 14:36:46,2025-05-01 21:06:46
19.2310000,96.5120000,10.0000,2.10,ml,,,,,,th_14162_202505011401,2025-05-01T14:01:27.000Z,"Pebo, Kayin State, Myanmar (Burma)",Myanmar,MM,Asia,earthquake,1746108383,1746108087,0,,"19.23,96.51",2025-05-01 14:01:27,2025-05-01 20:31:27
19.2100000,96.4020000,10.0000,2.30,ml,,,,,,th_14161_202505011310,2025-05-01T13:10:12.000Z,"Hnawpin, Bago Region, Myanmar (Burma)",Myanmar,MM,Asia,earthquake,1746105392,1746105012,1,,"19.21,96.40",2025-05-01 13:10:12,2025-05-01 19:40:12
23.2300000,94.0800000,30.0000,3.40,ml,,,,,,in_NmxEcTRvWUZVenhranlyTHZrLzI1UT09,2025-05-01T08:21:31.000Z,"Kale, Chin State, Myanmar (Burma)",Myanmar,MM,Asia,earthquake,1746087305,1746086852,0,,"23.23,94.08",2025-05-01 08:07:32,2025-05-01 14:37:32
20.2950000,96.1150000,10.0000,3.30,ml,,,,,,th_14159_202505010641,2025-05-01T06:41:48.000Z,"Inbingyi, Mandalay Region, Myanmar (Burma)",Myanmar,MM,Asia,earthquake,1746083128,1746081708,0,,"20.30,96.12",2025-05-01 06:41:48,2025-05-01 13:11:48
20.9930000,99.0430000,10.0000,2.50,ml,,,,,,th_14158_202505010538,2025-05-01T05:38:17.000Z,"Mongkyet, Shan, Myanmar (Burma)",Myanmar,MM,Asia,earthquake,1746078262,1746077897,0,,"20.99,99.04",2025-05-01 05:38:17,2025-05-01 12:08:17
20.7360000,96.9510000,10.0000,3.10,ml,,,,,,th_14157_202505010515,2025-05-01T05:15:18.000Z,"Ayetharyar, Shan, Myanmar (Burma)",Myanmar,MM,Asia,earthquake,1746076874,1746076518,0,,"20.74,96.95",2025-05-01 05:15:18,2025-05-01 11:45:18
19.5590000,97.7370000,10.0000,1.90,ml,,,,,,th_14390_202505172253,2025-05-17T22:53:53.000Z,"Daw Pawtu, Kayah State, Myanmar (Burma)",Myanmar,MM,Asia,earthquake,1747522877,1747522433,0,,"19.56,97.74",2025-05-17 22:53:53,2025-05-18 05:23:53
20.3090000,98.2930000,10.0000,1.90,ml,,,,,,th_14388_202505171942,2025-05-17T19:42:21.000Z,"Mongpan, Shan, Myanmar (Burma)",Myanmar,MM,Asia,earthquake,1747511960,1747510941,1,,"20.31,98.29",2025-05-17 19:42:21,2025-05-18 02:12:21
21.0180000,99.8160000,10.0000,2.40,ml,,,,,,th_14387_202505171721,2025-05-17T17:21:51.000Z,"Wan Mu-hsö Hsensawmawng, Shan, Myanmar (Burma)",Myanmar,MM,Asia,earthquake,1747502981,1747502511,0,,"21.02,99.82",2025-05-17 17:21:51,2025-05-17 23:51:51
19.6810000,96.1750000,10.0000,2.80,ml,,,,,,th_14386_202505171656,2025-05-17T16:56:35.000Z,"Thayetkon, Naypyidaw Union Territory, Myanmar (Burma)",Myanmar,MM,Asia,earthquake,1747501433,1747500995,0,,"19.68,96.18",2025-05-17 16:56:35,2025-05-17 23:26:35
21.4240000,96.0024000,10.0000,5.20,mww,,,,,,gfz2025jprx,2025-05-18T07:57:53.000Z,"Kyadwin, Mandalay Region, Myanmar (Burma)",Myanmar,MM,Asia,earthquake,1747497749,1747497287,0,,"21.35,96.01",2025-05-17 15:54:47,2025-05-17 22:24:47
21.0600000,96.5160000,10.0000,2.70,ml,,,,,,th_14384_202505171221,2025-05-17T12:21:08.000Z,"Myaing, Shan, Myanmar (Burma)",Myanmar,MM,Asia,earthquake,1747484930,1747484468,0,,"21.06,96.52",2025-05-17 12:21:08,2025-05-17 18:51:08
22.6230000,96.1250000,10.0000,3.30,ml,,,,,,th_14383_202505170854,2025-05-17T08:54:49.000Z,"Kokko, Mandalay Region, Myanmar (Burma)",Myanmar,MM,Asia,earthquake,1747472909,1747472089,0,,"22.62,96.13",2025-05-17 08:54:49,2025-05-17 15:24:49
22.6310000,96.3630000,10.0000,3.80,ml,,,,,,th_14381_202505170355,2025-05-17T04:14:35.000Z,"Pang Kit, Shan, Myanmar (Burma)",Myanmar,MM,Asia,earthquake,1747454905,1747454118,0,,"22.63,96.36",2025-05-17 03:55:18,2025-05-17 10:25:18
19.0750000,96.5820000,10.0000,2.70,ml,,,,,,th_14379_202505162148,2025-05-16T21:48:27.000Z,"Thandaung, Kayin State, Myanmar (Burma)",Myanmar,MM,Asia,earthquake,1747432790,1747432107,0,,"19.08,96.58",2025-05-16 21:48:27,2025-05-17 04:18:27
21.1000000,99.8580000,10.0000,2.10,ml,,,,,,th_14378_202505162049,2025-05-16T20:49:31.000Z,"Yangka, Shan, Myanmar (Burma)",Myanmar,MM,Asia,earthquake,1747429119,1747428571,1,,"21.10,99.86",2025-05-16 20:49:31,2025-05-17 03:19:31
22.0350000,96.2650000,10.0000,3.00,ml,,,,,,th_14377_202505161936,2025-05-16T19:36:49.000Z,"Yetaw, Mandalay Region, Myanmar (Burma)",Myanmar,MM,Asia,earthquake,1747424713,1747424209,0,,"22.04,96.27",2025-05-16 19:36:49,2025-05-17 02:06:49
19.8930000,97.8740000,10.0000,1.70,ml,,,,,,th_14375_202505161334,2025-05-16T13:34:53.000Z,"Ta Öngmu, Shan, Myanmar (Burma)",Myanmar,MM,Asia,earthquake,1747403079,1747402493,0,,"19.89,97.87",2025-05-16 13:34:53,2025-05-16 20:04:53
21.7250000,96.6410000,10.0000,2.70,ml,,,,,,th_14374_202505161108,2025-05-16T11:08:12.000Z,"Zayitke, Mandalay Region, Myanmar (Burma)",Myanmar,MM,Asia,earthquake,1747394384,1747393692,0,,"21.73,96.64",2025-05-16 11:08:12,2025-05-16 17:38:12
18.7510000,96.6530000,10.0000,2.30,ml,,,,,,th_14373_202505160846,2025-05-16T08:46:02.000Z,"Alesengyaung, Kayin State, Myanmar (Burma)",Myanmar,MM,Asia,earthquake,1747385506,1747385162,0,,"18.75,96.65",2025-05-16 08:46:02,2025-05-16 15:16:02
26.0400000,95.4800000,60.0000,3.50,ml,,,,,,in_VThTTFdlYkNSbnJETzd1YisrZ2NlZz09,2025-05-16T05:42:31.000Z,"Hintiu, Sagaing Region, Myanmar (Burma)",Myanmar,MM,Asia,earthquake,1747373873,1747373039,0,,"26.04,95.48",2025-05-16 05:23:59,2025-05-16 11:53:59
18.9010000,97.4290000,3.0000,2.90,ml,,,,,,th_14369_202505152108,2025-05-15T21:08:44.000Z,"Loi Mun, Kayah State, Myanmar (Burma)",Myanmar,MM,Asia,earthquake,1747343928,1747343324,0,,"18.90,97.43",2025-05-15 21:08:44,2025-05-16 03:38:44
18.9310000,97.6450000,1.0000,1.90,ml,,,,,,th_14368_202505152103,2025-05-15T21:03:46.000Z,"Watak, Kayah State, Myanmar (Burma)",Myanmar,MM,Asia,earthquake,1747343695,1747343026,0,,"18.93,97.65",2025-05-15 21:03:46,2025-05-16 03:33:46
19.8990000,97.9090000,2.0000,1.70,ml,,,,,,th_14367_202505152051,2025-05-15T20:51:44.000Z,Langhko Township,Myanmar,MM,Asia,earthquake,1747342930,1747342304,0,,"19.90,97.91",2025-05-15 20:51:44,2025-05-16 03:21:44
18.4440000,96.4530000,10.0000,2.80,ml,,,,,,th_14365_202505151834,2025-05-15T18:34:24.000Z,"Phyu, Bago Region, Myanmar (Burma)",Myanmar,MM,Asia,earthquake,1747334330,1747334064,0,,"18.44,96.45",2025-05-15 18:34:24,2025-05-16 01:04:24
19.8170000,98.0320000,10.0000,2.10,ml,,,,,,th_14364_202505151715,2025-05-15T17:15:29.000Z,"Loikwang, Shan, Myanmar (Burma)",Myanmar,MM,Asia,earthquake,1747329638,1747329329,0,,"19.82,98.03",2025-05-15 17:15:29,2025-05-15 23:45:29
23.3220000,95.8720000,10.0000,3.40,ml,,,,,,th_14363_202505151520,2025-05-15T15:20:10.000Z,"Ngayinbyo, Sagaing Region, Myanmar (Burma)",Myanmar,MM,Asia,earthquake,1747324300,1747322410,0,,"23.32,95.87",2025-05-15 15:20:10,2025-05-15 21:50:10
19.2660000,96.4840000,10.0000,2.30,ml,,,,,,th_14362_202505151447,2025-05-15T14:47:14.000Z,"Pebo, Kayin State, Myanmar (Burma)",Myanmar,MM,Asia,earthquake,1747320786,1747320434,0,,"19.27,96.48",2025-05-15 14:47:14,2025-05-15 21:17:14
20.1890000,98.0330000,10.0000,2.00,ml,,,,,,th_14361_202505150847,2025-05-15T08:47:46.000Z,"Wan Mawngkawk, Shan, Myanmar (Burma)",Myanmar,MM,Asia,earthquake,1747299699,1747298866,0,,"20.19,98.03",2025-05-15 08:47:46,2025-05-15 15:17:46
26.6700000,96.1700000,10.0000,3.30,ml,,,,,,in_T2pqZ29xMzlmS21QQkF1UWRYVFdYQT09,2025-05-15T08:21:35.000Z,"Shin Bway Yang, Kachin, Myanmar (Burma)",Myanmar,MM,Asia,earthquake,1747297094,1747296061,0,,"26.67,96.17",2025-05-15 08:01:01,2025-05-15 14:31:01
21.8850000,96.7730000,10.0000,3.90,ml,,,,,,th_14360_202505150718,2025-05-15T07:35:54.000Z,"Kontha, Mandalay Region, Myanmar (Burma)",Myanmar,MM,Asia,earthquake,1747294377,1747293525,0,,"21.89,96.77",2025-05-15 07:18:45,2025-05-15 13:48:45
19.2540000,96.3050000,10.0000,3.00,ml,,,,,,th_14359_202505150208,2025-05-15T02:08:06.000Z,"Swar, Bago Region, Myanmar (Burma)",Myanmar,MM,Asia,earthquake,1747275500,1747274886,0,,"19.25,96.31",2025-05-15 02:08:06,2025-05-15 08:38:06
26.9700000,95.8000000,10.0000,3.40,ml,,,,,,in_NitUR2RZTnd0YWdVOWlCNmZRQzdDUT09,2025-05-15T00:28:36.000Z,"Don Hee, Sagaing Region, Myanmar (Burma)",Myanmar,MM,Asia,earthquake,1747268745,1747268183,0,,"26.97,95.80",2025-05-15 00:16:23,2025-05-15 06:46:23
19.9730000,97.9100000,10.0000,2.20,ml,,,,,,th_14358_202505150005,2025-05-15T00:05:00.000Z,"Ta Ho-pong, Shan, Myanmar (Burma)",Myanmar,MM,Asia,earthquake,1747275389,1747267500,0,,"19.97,97.91",2025-05-15 00:05:00,2025-05-15 06:35:00
22.2480000,96.0580000,10.0000,3.20,ml,,,,,,th_14357_202505142258,2025-05-14T22:58:26.000Z,"Mwe Tha Laing, Mandalay Region, Myanmar (Burma)",Myanmar,MM,Asia,earthquake,1747264333,1747263506,0,,"22.25,96.06",2025-05-14 22:58:26,2025-05-15 05:28:26
19.8820000,98.0440000,4.0000,1.70,ml,,,,,,th_14356_202505142213,2025-05-14T22:13:56.000Z,"Wan Nawnghsem, Shan, Myanmar (Burma)",Myanmar,MM,Asia,earthquake,1747261398,1747260836,0,,"19.88,98.04",2025-05-14 22:13:56,2025-05-15 04:43:56
19.2390000,96.2360000,10.0000,2.80,ml,,,,,,th_14355_202505142104,2025-05-14T21:04:45.000Z,"Baungdok, Bago Region, Myanmar (Burma)",Myanmar,MM,Asia,earthquake,1747257331,1747256685,0,,"19.24,96.24",2025-05-14 21:04:45,2025-05-15 03:34:45
19.2310000,96.3790000,10.0000,2.30,ml,,,,,,th_14354_202505142034,2025-05-14T20:34:17.000Z,"Sibaing, Bago Region, Myanmar (Burma)",Myanmar,MM,Asia,earthquake,1747255555,1747254857,1,,"19.23,96.38",2025-05-14 20:34:17,2025-05-15 03:04:17
25.9800000,97.1900000,10.0000,3.40,ml,,,,,,in_NVJWQzRMR0hJcXplSEV4R0FlTEN4Zz09,2025-05-14T19:11:59.000Z,"'Njungbum, Kachin, Myanmar (Burma)",Myanmar,MM,Asia,earthquake,1747250906,1747249919,0,,"25.98,97.19",2025-05-14 19:11:59,2025-05-15 01:41:59
22.1480000,96.4620000,10.0000,3.20,ml,,,,,,th_14351_202505141328,2025-05-14T13:28:49.000Z,"Nyaung Gone, Mandalay Region, Myanmar (Burma)",Myanmar,MM,Asia,earthquake,1747230216,1747229329,0,,"22.15,96.46",2025-05-14 13:28:49,2025-05-14 19:58:49
21.1180000,99.8770000,10.0000,2.30,ml,,,,,,th_14350_202505141245,2025-05-14T12:45:37.000Z,"Yangka, Shan, Myanmar (Burma)",Myanmar,MM,Asia,earthquake,1747228540,1747226737,1,,"21.12,99.88",2025-05-14 12:45:37,2025-05-14 19:15:37
18.2840000,96.1460000,10.0000,2.20,ml,,,,,,th_14348_202505141226,2025-05-14T12:26:30.000Z,"Thitkyi, Bago Region, Myanmar (Burma)",Myanmar,MM,Asia,earthquake,1747226846,1747225590,0,,"18.28,96.15",2025-05-14 12:26:30,2025-05-14 18:56:30
21.0140000,99.8970000,10.0000,3.00,ml,,,,,,th_14347_202505141050,2025-05-14T10:50:09.000Z,"Wan Mu-hsö Hsensawmawng, Shan, Myanmar (Burma)",Myanmar,MM,Asia,earthquake,1747220195,1747219809,1,,"21.01,99.90",2025-05-14 10:50:09,2025-05-14 17:20:09
25.0400000,94.8000000,130.0000,3.90,ml,,,,,,in_WFN5dmVuZWc4bk1ieE1VaUdpMzFTQT09,2025-05-14T10:56:37.000Z,"Mo Paing Lut, Sagaing Region, Myanmar (Burma)",Myanmar,MM,Asia,earthquake,1747219875,1747218651,0,,"25.04,94.80",2025-05-14 10:30:51,2025-05-14 17:00:51
21.6030000,96.4980000,10.0000,2.80,ml,,,,,,th_14346_202505141028,2025-05-14T10:28:58.000Z,"Gwebin, Mandalay Region, Myanmar (Burma)",Myanmar,MM,Asia,earthquake,1747219693,1747218538,0,,"21.60,96.50",2025-05-14 10:28:58,2025-05-14 16:58:58
22.1010000,96.4370000,10.0000,4.00,ml,,,,,,ems_202505_1808139,2025-05-14T09:21:56.000Z,"Pyin Oo Lwin, Mandalay Region, Myanmar (Burma)",Myanmar,MM,Asia,earthquake,1747214530,1747213658,0,,"22.10,96.44",2025-05-14 09:07:38,2025-05-14 15:37:38
19.9640000,98.1410000,10.0000,2.10,ml,,,,,,th_14344_202505140832,2025-05-14T08:32:51.000Z,"Wan Nawnghsem, Shan, Myanmar (Burma)",Myanmar,MM,Asia,earthquake,1747212168,1747211571,0,,"19.96,98.14",2025-05-14 08:32:51,2025-05-14 15:02:51
18.0880000,96.7310000,10.0000,3.10,ml,,,,,,th_14343_202505140639,2025-05-14T06:39:32.000Z,"Hinthawè, Bago Region, Myanmar (Burma)",Myanmar,MM,Asia,earthquake,1747205274,1747204772,1,,"18.09,96.73",2025-05-14 06:39:32,2025-05-14 13:09:32
21.6530000,96.5790000,10.0000,3.10,ml,,,,,,th_14342_202505140419,2025-05-14T04:19:08.000Z,"Zayitke, Mandalay Region, Myanmar (Burma)",Myanmar,MM,Asia,earthquake,1747197439,1747196348,0,,"21.65,96.58",2025-05-14 04:19:08,2025-05-14 10:49:08
20.7930000,96.1460000,10.0000,3.00,ml,,,,,,th_14341_202505132335,2025-05-13T23:35:26.000Z,"Hlaingdet, Mandalay Region, Myanmar (Burma)",Myanmar,MM,Asia,earthquake,1747179645,1747179326,0,,"20.79,96.15",2025-05-13 23:35:26,2025-05-14 06:05:26
19.6670000,96.2100000,10.0000,3.60,ml,,,,,,th_14340_202505132245,2025-05-13T22:56:37.000Z,"Wetkamu, နေပြည်တော် ပြည်တောင်စုနယ်မြေ, Myanmar (Burma)",Myanmar,MM,Asia,earthquake,1747176725,1747176346,0,,"19.67,96.21",2025-05-13 22:45:46,2025-05-14 05:15:46
21.7890000,96.3310000,10.0000,3.50,ml,,,,,,th_14338_202505132021,2025-05-13T20:35:54.000Z,"Thon-Daung-Ywa-Ma, Mandalay Region, Myanmar (Burma)",Myanmar,MM,Asia,earthquake,1747168507,1747167686,1,,"21.79,96.33",2025-05-13 20:21:26,2025-05-14 02:51:26
20.2120000,96.4950000,3.0000,2.70,ml,,,,,,th_14337_202505131808,2025-05-13T18:08:07.000Z,Yamethin Township,Myanmar - China Border Region,MM,Asia,earthquake,1747160010,1747159687,0,,"20.21,96.50",2025-05-13 18:08:07,2025-05-14 00:38:07
17.7940000,97.5720000,2.0000,2.60,ml,,,,,,th_14336_202505131718,2025-05-13T17:18:59.000Z,"Bawkawkhi, Kayin State, Myanmar (Burma)",Myanmar,MM,Asia,earthquake,1747157294,1747156739,0,,"17.79,97.57",2025-05-13 17:18:59,2025-05-13 23:48:59
18.9610000,96.3940000,10.0000,2.10,ml,,,,,,th_14335_202505131636,2025-05-13T16:36:40.000Z,"Taungoo, Bago Region, Myanmar (Burma)",Myanmar,MM,Asia,earthquake,1747154518,1747154200,0,,"18.96,96.39",2025-05-13 16:36:40,2025-05-13 23:06:40
18.4870000,96.2840000,10.0000,2.60,ml,,,,,,th_14334_202505131136,2025-05-13T11:36:23.000Z,"Kayuchaung, Bago Region, Myanmar (Burma)",Myanmar,MM,Asia,earthquake,1747136617,1747136183,0,,"18.49,96.28",2025-05-13 11:36:23,2025-05-13 18:06:23
22.1400000,96.3110000,2.0000,3.90,ml,,,,,,th_14333_202505130641,2025-05-13T06:56:40.000Z,"Daw-wa-kyaung, Mandalay Region, Myanmar (Burma)",Myanmar,MM,Asia,earthquake,1747119092,1747118515,0,,"22.14,96.31",2025-05-13 06:41:55,2025-05-13 13:11:55
21.8190000,96.4160000,10.0000,3.80,ml,,,,,,th_14330_202505122321,2025-05-12T23:42:39.000Z,"Shwegyaung, Mandalay Region, Myanmar (Burma)",Myanmar,MM,Asia,earthquake,1747093051,1747092117,0,,"21.82,96.42",2025-05-12 23:21:57,2025-05-13 05:51:57
18.8890000,97.3330000,1.0000,1.50,ml,,,,,,th_14329_202505122010,2025-05-12T20:10:19.000Z,"Hpasawng, Kayah State, Myanmar (Burma)",Myanmar,MM,Asia,earthquake,1747082292,1747080619,0,,"18.89,97.33",2025-05-12 20:10:19,2025-05-13 02:40:19
18.8390000,96.3600000,10.0000,2.90,ml,,,,,,th_14327_202505121953,2025-05-12T19:53:48.000Z,"Oktwin, Bago Region, Myanmar (Burma)",Myanmar,MM,Asia,earthquake,1747080352,1747079628,0,,"18.84,96.36",2025-05-12 19:53:48,2025-05-13 02:23:48
18.8880000,96.3750000,10.0000,2.80,ml,,,,,,th_14326_202505121949,2025-05-12T19:49:00.000Z,"Taungoo, Bago Region, Myanmar (Burma)",Myanmar,MM,Asia,earthquake,1747079792,1747079340,0,,"18.89,96.38",2025-05-12 19:49:00,2025-05-13 02:19:00
21.7300000,96.2890000,10.0000,3.90,ml,,,,,,th_14323_202505121824,2025-05-12T18:35:36.000Z,"Hngetkyithaik, Mandalay Region, Myanmar (Burma)",Myanmar,MM,Asia,earthquake,1747074712,1747074268,0,,"21.73,96.29",2025-05-12 18:24:28,2025-05-13 00:54:28
20.8620000,96.9880000,10.0000,2.50,ml,,,,,,th_14322_202505121720,2025-05-12T17:20:28.000Z,"taungni, Shan, Myanmar (Burma)",Myanmar,MM,Asia,earthquake,1747071078,1747070428,0,,"20.86,96.99",2025-05-12 17:20:28,2025-05-12 23:50:28
19.7070000,96.2480000,10.0000,2.60,ml,,,,,,th_14321_202505121346,2025-05-12T13:46:29.000Z,"Pwetseikkon, နေပြည်တော် ပြည်တောင်စုနယ်မြေ, Myanmar (Burma)",Myanmar,MM,Asia,earthquake,1747058303,1747057589,0,,"19.71,96.25",2025-05-12 13:46:29,2025-05-12 20:16:29
20.6200000,96.5350000,10.0000,2.40,ml,,,,,,th_14320_202505121342,2025-05-12T13:42:51.000Z,"Kalaw, Shan, Myanmar (Burma)",Myanmar,MM,Asia,earthquake,1747058253,1747057371,0,,"20.62,96.54",2025-05-12 13:42:51,2025-05-12 20:12:51
19.7060000,96.1970000,10.0000,2.90,ml,,,,,,th_14319_202505121332,2025-05-12T13:32:05.000Z,"Naypyidaw Union Territory, Myanmar (Burma)",Myanmar,MM,Asia,earthquake,1747057047,1747056725,1,,"19.71,96.20",2025-05-12 13:32:05,2025-05-12 20:02:05
20.9560000,96.3610000,10.0000,3.80,ml,,,,,,th_14318_202505120320,2025-05-12T03:35:37.000Z,"Patchaung, Shan, Myanmar (Burma)",Myanmar,MM,Asia,earthquake,1747020715,1747020027,0,,"20.96,96.36",2025-05-12 03:20:27,2025-05-12 09:50:27
20.9300000,96.5690000,10.0000,3.00,ml,,,,,,th_14317_202505120251,2025-05-12T02:51:53.000Z,"Nyaungbingwa, Shan, Myanmar (Burma)",Myanmar,MM,Asia,earthquake,1747018835,1747018313,0,,"20.93,96.57",2025-05-12 02:51:53,2025-05-12 09:21:53
20.0250000,96.3060000,10.0000,4.00,ml,,,,,,ems_202505_1807159,2025-05-11T23:56:36.000Z,"Setkon, Naypyidaw Union Territory, Myanmar (Burma)",Myanmar,MM,Asia,earthquake,1747007805,1747006960,0,,"20.03,96.31",2025-05-11 23:42:40,2025-05-12 06:12:40
19.1120000,96.4580000,9.0000,3.20,ml,,,,,,th_14315_202505112131,2025-05-11T21:31:01.000Z,"Karenchaung, Bago Region, Myanmar (Burma)",Myanmar,MM,Asia,earthquake,1746999452,1746999061,1,,"19.11,96.46",2025-05-11 21:31:01,2025-05-12 04:01:01
20.1260000,98.0400000,10.0000,2.40,ml,,,,,,th_14314_202505111731,2025-05-11T17:31:54.000Z,"Üng-yao, Shan, Myanmar (Burma)",Myanmar,MM,Asia,earthquake,1746985210,1746984714,0,,"20.13,98.04",2025-05-11 17:31:54,2025-05-12 00:01:54
20.0970000,97.7600000,10.0000,2.60,ml,,,,,,th_14313_202505111015,2025-05-11T10:15:46.000Z,"Wān Kongmakpin, Shan, Myanmar (Burma)",Myanmar,MM,Asia,earthquake,1746959010,1746958546,0,,"20.10,97.76",2025-05-11 10:15:46,2025-05-11 16:45:46
18.8740000,96.4530000,10.0000,3.00,ml,,,,,,th_14311_202505110840,2025-05-11T08:40:08.000Z,"Taungoo, Bago Region, Myanmar (Burma)",Myanmar,MM,Asia,earthquake,1746953798,1746952808,0,,"18.87,96.45",2025-05-11 08:40:08,2025-05-11 15:10:08
21.2640000,99.8890000,10.0000,2.80,ml,,,,,,th_14310_202505110227,2025-05-11T02:27:19.000Z,"Wan Hpaya-hkè, Shan, Myanmar (Burma)",Myanmar,MM,Asia,earthquake,1746930982,1746930439,1,,"21.26,99.89",2025-05-11 02:27:19,2025-05-11 08:57:19
20.3620000,98.0470000,10.0000,2.20,ml,,,,,,th_14309_202505110203,2025-05-11T02:03:58.000Z,"Langkho, Shan, Myanmar (Burma)",Myanmar,MM,Asia,earthquake,1746929426,1746929038,0,,"20.36,98.05",2025-05-11 02:03:58,2025-05-11 08:33:58
20.2780000,96.2300000,10.0000,2.60,ml,,,,,,th_14308_202505102127,2025-05-10T21:27:06.000Z,"Nyaung Lunt, Naypyidaw Union Territory, Myanmar (Burma)",Myanmar,MM,Asia,earthquake,1746913100,1746912426,0,,"20.28,96.23",2025-05-10 21:27:06,2025-05-11 03:57:06
21.7660000,96.3990000,10.0000,2.80,ml,,,,,,th_14307_202505102050,2025-05-10T20:50:32.000Z,"Thon-Daung-Ywa-Ma, Mandalay Region, Myanmar (Burma)",Myanmar,MM,Asia,earthquake,1746910921,1746910232,0,,"21.77,96.40",2025-05-10 20:50:32,2025-05-11 03:20:32
21.0120000,96.5440000,10.0000,2.80,ml,,,,,,th_14305_202505101911,2025-05-10T19:11:32.000Z,"Nyaungbingwa, Shan, Myanmar (Burma)",Myanmar,MM,Asia,earthquake,1746904549,1746904292,0,,"21.01,96.54",2025-05-10 19:11:32,2025-05-11 01:41:32
21.1310000,99.7450000,2.0000,2.90,ml,,,,,,th_14304_202505101840,2025-05-10T18:40:08.000Z,"Loi Pang Koi, Shan, Myanmar (Burma)",Myanmar,MM,Asia,earthquake,1746902724,1746902408,0,,"21.13,99.75",2025-05-10 18:40:08,2025-05-11 01:10:08
19.1840000,96.3710000,10.0000,2.90,ml,,,,,,th_14303_202505101636,2025-05-10T16:36:47.000Z,"Yedashe, Bago Region, Myanmar (Burma)",Myanmar,MM,Asia,earthquake,1746895276,1746895007,1,,"19.18,96.37",2025-05-10 16:36:47,2025-05-10 23:06:47
19.9910000,96.2810000,10.0000,2.40,ml,,,,,,th_14302_202505101628,2025-05-10T16:28:02.000Z,"Chaungbya, Naypyidaw Union Territory, Myanmar (Burma)",Myanmar,MM,Asia,earthquake,1746894862,1746894482,0,,"19.99,96.28",2025-05-10 16:28:02,2025-05-10 22:58:02
20.3500000,98.2350000,7.0000,4.00,ml,,,,,,ems_202505_1806624,2025-05-10T12:35:36.000Z,"Na-law, Shan, Myanmar (Burma)",Myanmar,MM,Asia,earthquake,1746880549,1746880169,0,,"20.35,98.24",2025-05-10 12:29:29,2025-05-10 18:59:29
21.6200000,96.3930000,10.0000,3.70,ml,,,,,,th_14300_202505101137,2025-05-10T11:49:35.000Z,"Gwebin, Mandalay Region, Myanmar (Burma)",Myanmar,MM,Asia,earthquake,1746877646,1746877027,0,,"21.62,96.39",2025-05-10 11:37:07,2025-05-10 18:07:07
19.2660000,96.2590000,10.0000,2.70,ml,,,,,,th_14299_202505101039,2025-05-10T10:39:18.000Z,"Swar, Bago Region, Myanmar (Burma)",Myanmar,MM,Asia,earthquake,1746873902,1746873558,0,,"19.27,96.26",2025-05-10 10:39:18,2025-05-10 17:09:18
18.8700000,96.4290000,10.0000,2.40,ml,,,,,,th_14297_202505100701,2025-05-10T07:01:58.000Z,"Taungoo, Bago Region, Myanmar (Burma)",Myanmar,MM,Asia,earthquake,1746860896,1746860518,0,,"18.87,96.43",2025-05-10 07:01:58,2025-05-10 13:31:58
18.0900000,96.1090000,10.0000,3.80,ml,,,,,,th_14296_202505100613,2025-05-10T06:22:04.000Z,"Foucar's, Bago Region, Myanmar (Burma)",Myanmar,MM,Asia,earthquake,1746857949,1746857621,0,,"18.09,96.11",2025-05-10 06:13:41,2025-05-10 12:43:41
20.0460000,97.8380000,10.0000,3.00,ml,,,,,,th_14295_202505100414,2025-05-10T04:14:54.000Z,"Wan Kongpao, Shan, Myanmar (Burma)",Myanmar,MM,Asia,earthquake,1746850835,1746850494,0,,"20.05,97.84",2025-05-10 04:14:54,2025-05-10 10:44:54
19.9960000,98.0390000,5.0000,2.30,ml,,,,,,th_14294_202505100246,2025-05-10T02:46:41.000Z,"Wan Konlang, Shan, Myanmar (Burma)",Myanmar,MM,Asia,earthquake,1746845705,1746845201,0,,"20.00,98.04",2025-05-10 02:46:41,2025-05-10 09:16:41
18.2790000,96.5880000,10.0000,2.50,ml,,,,,,th_14293_202505100157,2025-05-10T01:57:59.000Z,"Ingone, Bago Region, Myanmar (Burma)",Myanmar,MM,Asia,earthquake,1746842811,1746842279,0,,"18.28,96.59",2025-05-10 01:57:59,2025-05-10 08:27:59
20.0650000,98.0200000,10.0000,3.10,ml,,,,,,th_14292_202505100021,2025-05-10T00:21:38.000Z,"Wan Konlang, Shan, Myanmar (Burma)",Myanmar,MM,Asia,earthquake,1746836984,1746836498,0,,"20.07,98.02",2025-05-10 00:21:38,2025-05-10 06:51:38
19.1460000,96.3560000,10.0000,2.90,ml,,,,,,th_14291_202505091956,2025-05-09T19:56:05.000Z,"Yedashe, Bago Region, Myanmar (Burma)",Myanmar,MM,Asia,earthquake,1746821533,1746820565,0,,"19.15,96.36",2025-05-09 19:56:05,2025-05-10 02:26:05
19.7340000,96.5060000,10.0000,2.50,ml,,,,,,th_14290_202505091808,2025-05-09T18:08:25.000Z,"Saungdaung Anauk, Naypyidaw Union Territory, Myanmar (Burma)",Myanmar,MM,Asia,earthquake,1746821306,1746814105,0,,"19.73,96.51",2025-05-09 18:08:25,2025-05-10 00:38:25
20.6380000,99.8320000,10.0000,1.90,ml,,,,,,th_14289_202505091717,2025-05-09T17:17:42.000Z,"Wan Hsenhkampeng, Shan, Myanmar (Burma)",Myanmar,MM,Asia,earthquake,1746821179,1746811062,0,,"20.64,99.83",2025-05-09 17:17:42,2025-05-09 23:47:42
21.2790000,96.2570000,10.0000,3.10,ml,,,,,,th_14287_202505091346,2025-05-09T13:46:34.000Z,"Ywarkhainggyi, Mandalay Region, Myanmar (Burma)",Myanmar,MM,Asia,earthquake,1746800696,1746798394,1,,"21.28,96.26",2025-05-09 13:46:34,2025-05-09 20:16:34
24.7700000,95.2900000,110.0000,4.30,ml,,,,,,in_dGtvd01KL2lJWFNnQnVEM3ZpWFIxZz09,2025-05-09T13:49:34.000Z,"Nyaungbintha, Sagaing Region, Myanmar (Burma)",Myanmar,MM,Asia,earthquake,1746798568,1746797879,0,,"24.77,95.29",2025-05-09 13:37:59,2025-05-09 20:07:59
20.0220000,98.0340000,10.0000,1.90,ml,,,,,,th_14285_202505091146,2025-05-09T11:46:46.000Z,"Wan Konlang, Shan, Myanmar (Burma)",Myanmar,MM,Asia,earthquake,1746791694,1746791206,0,,"20.02,98.03",2025-05-09 11:46:46,2025-05-09 18:16:46
21.4700000,96.2580000,10.0000,3.10,ml,,,,,,th_14284_202505090858,2025-05-09T08:58:38.000Z,"Thanywa, Mandalay Region, Myanmar (Burma)",Myanmar,MM,Asia,earthquake,1746781953,1746781118,0,,"21.47,96.26",2025-05-09 08:58:38,2025-05-09 15:28:38
20.8734000,96.0433000,10.0000,4.40,mb,,,,,,in_aksrK0ZtS05EeG5EZzBPblBZRld5dz09,2025-05-09T14:58:53.000Z,"Thazi, Mandalay Region, Myanmar (Burma)",Myanmar,MM,Asia,earthquake,1746780668,1746779850,1,,"20.87,96.05",2025-05-09 08:37:30,2025-05-09 15:07:30
22.0220000,96.3870000,10.0000,3.60,ml,,,,,,th_14282_202505090832,2025-05-09T08:56:36.000Z,"Anesakhan, Mandalay Region, Myanmar (Burma)",Myanmar,MM,Asia,earthquake,1746780145,1746779555,0,,"22.02,96.39",2025-05-09 08:32:35,2025-05-09 15:02:35
18.1440000,96.7640000,10.0000,4.20,ml,,,,,,ems_202505_1806105,2025-05-09T00:56:35.000Z,"Bogata Auk, Bago Region, Myanmar (Burma)",Myanmar,MM,Asia,earthquake,1746752211,1746751689,0,,"18.14,96.76",2025-05-09 00:48:09,2025-05-09 07:18:09
21.7280000,96.2770000,10.0000,2.90,ml,,,,,,th_14279_202505082300,2025-05-08T23:00:34.000Z,"Hngetkyithaik, Mandalay Region, Myanmar (Burma)",Myanmar,MM,Asia,earthquake,1746745706,1746745234,0,,"21.73,96.28",2025-05-08 23:00:34,2025-05-09 05:30:34
19.6380000,96.1880000,10.0000,2.40,ml,,,,,,th_14278_202505082236,2025-05-08T22:36:33.000Z,"Magyigon, Naypyidaw Union Territory, Myanmar (Burma)",Myanmar,MM,Asia,earthquake,1746744264,1746743793,0,,"19.64,96.19",2025-05-08 22:36:33,2025-05-09 05:06:33
22.0470000,96.4050000,10.0000,3.10,ml,,,,,,th_14277_202505082026,2025-05-08T20:26:12.000Z,"Pyin Oo Lwin, Mandalay Region, Myanmar (Burma)",Myanmar,MM,Asia,earthquake,1746736902,1746735972,0,,"22.05,96.41",2025-05-08 20:26:12,2025-05-09 02:56:12
19.0520000,97.4290000,10.0000,1.70,ml,,,,,,th_14275_202505081900,2025-05-08T19:00:06.000Z,"Ho-hwè-ko-sa-pa, Kayah State, Myanmar (Burma)",Myanmar,MM,Asia,earthquake,1746731745,1746730806,0,,"19.05,97.43",2025-05-08 19:00:06,2025-05-09 01:30:06
19.8030000,96.4020000,10.0000,2.20,ml,,,,,,th_14274_202505081549,2025-05-08T15:49:31.000Z,"Kwedugyi, Naypyidaw Union Territory, Myanmar (Burma)",Myanmar,MM,Asia,earthquake,1746719756,1746719371,0,,"19.80,96.40",2025-05-08 15:49:31,2025-05-08 22:19:31
20.0460000,96.4250000,10.0000,2.30,ml,,,,,,th_14273_202505081532,2025-05-08T15:32:58.000Z,"Thalaing, Naypyidaw Union Territory, Myanmar (Burma)",Myanmar,MM,Asia,earthquake,1746719078,1746718378,0,,"20.05,96.43",2025-05-08 15:32:58,2025-05-08 22:02:58
23.1800000,94.0500000,10.0000,3.60,ml,,,,,,in_eE5uZG1qYmZjNmt0TnNwMkttdE12dz09,2025-05-08T14:21:42.000Z,"Kale, Sagaing Region, Myanmar (Burma)",Myanmar,MM,Asia,earthquake,1746713847,1746713167,0,,"23.18,94.05",2025-05-08 14:06:07,2025-05-08 20:36:07
21.5610000,96.2020000,10.0000,4.10,ml,,,,,,ems_202505_1805781,2025-05-08T08:00:37.000Z,"Kyaukse, Mandalay Region, Myanmar (Burma)",Myanmar,MM,Asia,earthquake,1746691249,1746689924,0,,"21.56,96.20",2025-05-08 07:38:44,2025-05-08 14:08:44
18.0890000,96.7330000,10.0000,2.40,ml,,,,,,th_14271_202505080232,2025-05-08T02:32:14.000Z,"Hinthawè, Bago Region, Myanmar (Burma)",Myanmar,MM,Asia,earthquake,1746672301,1746671534,0,,"18.09,96.73",2025-05-08 02:32:14,2025-05-08 09:02:14
20.9580000,96.3290000,10.0000,2.60,ml,,,,,,th_14268_202505072039,2025-05-07T20:39:31.000Z,"Patchaung, Shan, Myanmar (Burma)",Myanmar,MM,Asia,earthquake,1746650883,1746650371,1,,"20.96,96.33",2025-05-07 20:39:31,2025-05-08 03:09:31
19.3650000,96.5380000,10.0000,2.00,ml,,,,,,th_14267_202505071808,2025-05-07T18:08:08.000Z,"Amayadaung, Kayin State, Myanmar (Burma)",Myanmar,MM,Asia,earthquake,1746641944,1746641288,0,,"19.37,96.54",2025-05-07 18:08:08,2025-05-08 00:38:08
20.0390000,97.9400000,10.0000,1.50,ml,,,,,,th_14266_202505071733,2025-05-07T17:33:46.000Z,"Wan Kongpao, Shan, Myanmar (Burma)",Myanmar,MM,Asia,earthquake,1746639605,1746639226,0,,"20.04,97.94",2025-05-07 17:33:46,2025-05-08 00:03:46
17.4490000,96.2700000,10.0000,2.30,ml,,,,,,th_14265_202505071720,2025-05-07T17:20:07.000Z,"Wanetkon, Yangon Region, Myanmar (Burma)",Myanmar,MM,Asia,earthquake,1746638924,1746638407,0,,"17.45,96.27",2025-05-07 17:20:07,2025-05-07 23:50:07
21.7020000,96.3250000,10.0000,3.00,ml,,,,,,th_14264_202505071600,2025-05-07T16:00:22.000Z,"Hngetkyithaik, Mandalay Region, Myanmar (Burma)",Myanmar,MM,Asia,earthquake,1746637232,1746633622,0,,"21.70,96.33",2025-05-07 16:00:22,2025-05-07 22:30:22
20.9670000,98.0900000,10.0000,2.10,ml,,,,,,th_14263_202505071550,2025-05-07T15:50:01.000Z,"Tatpük, Shan, Myanmar (Burma)",Myanmar,MM,Asia,earthquake,1746633711,1746633001,0,,"20.97,98.09",2025-05-07 15:50:01,2025-05-07 22:20:01
19.7770000,96.4850000,10.0000,2.40,ml,,,,,,th_14262_202505071310,2025-05-07T13:10:09.000Z,"Saungdaung Anauk, Naypyidaw Union Territory, Myanmar (Burma)",Myanmar,MM,Asia,earthquake,1746623967,1746623409,0,,"19.78,96.49",2025-05-07 13:10:09,2025-05-07 19:40:09
18.6350000,96.5720000,10.0000,4.00,ml,,,,,,ems_202505_1805382,2025-05-07T07:42:39.000Z,"Zayatkyi, Bago Region, Myanmar (Burma)",Myanmar,MM,Asia,earthquake,1746603777,1746603325,0,,"18.64,96.57",2025-05-07 07:35:25,2025-05-07 14:05:25
18.6850000,96.3650000,10.0000,3.90,ml,,,,,,th_14260_202505070727,2025-05-07T07:35:36.000Z,"Kywebwe, Bago Region, Myanmar (Burma)",Myanmar,MM,Asia,earthquake,1746603217,1746602868,0,,"18.69,96.37",2025-05-07 07:27:48,2025-05-07 13:57:48
18.7990000,96.5240000,10.0000,3.30,ml,,,,,,th_14259_202505070123,2025-05-07T01:23:00.000Z,"Bomari, Bago Region, Myanmar (Burma)",Myanmar,MM,Asia,earthquake,1746581303,1746580980,0,,"18.80,96.52",2025-05-07 01:23:00,2025-05-07 07:53:00
19.9410000,97.9580000,10.0000,2.10,ml,,,,,,th_14258_202505070058,2025-05-07T00:58:46.000Z,"Ta Ho-pong, Shan, Myanmar (Burma)",Myanmar,MM,Asia,earthquake,1746579855,1746579526,0,,"19.94,97.96",2025-05-07 00:58:46,2025-05-07 07:28:46
20.1490000,97.9020000,10.0000,1.80,ml,,,,,,th_14257_202505062247,2025-05-06T22:47:57.000Z,"Wan Hat, Shan, Myanmar (Burma)",Myanmar,MM,Asia,earthquake,1746572063,1746571677,0,,"20.15,97.90",2025-05-06 22:47:57,2025-05-07 05:17:57
20.0810000,97.8000000,10.0000,3.50,ml,,,,,,th_14255_202505062221,2025-05-06T22:28:41.000Z,"Wan Kongpao, Shan, Myanmar (Burma)",Myanmar,MM,Asia,earthquake,1746570329,1746570079,0,,"20.08,97.80",2025-05-06 22:21:19,2025-05-07 04:51:19
20.0480000,97.8770000,10.0000,2.70,ml,,,,,,th_14254_202505062210,2025-05-06T22:10:19.000Z,"Wan Kongpao, Shan, Myanmar (Burma)",Myanmar,MM,Asia,earthquake,1746569671,1746569419,0,,"20.05,97.88",2025-05-06 22:10:19,2025-05-07 04:40:19
19.3040000,96.2590000,10.0000,2.30,ml,,,,,,th_14253_202505062122,2025-05-06T21:22:29.000Z,"Thagaya, Bago Region, Myanmar (Burma)",Myanmar,MM,Asia,earthquake,1746568440,1746566549,0,,"19.30,96.26",2025-05-06 21:22:29,2025-05-07 03:52:29
19.7850000,96.5020000,10.0000,2.10,ml,,,,,,th_14252_202505062025,2025-05-06T20:25:04.000Z,"Saungdaung Anauk, Naypyidaw Union Territory, Myanmar (Burma)",Myanmar,MM,Asia,earthquake,1746564174,1746563104,0,,"19.79,96.50",2025-05-06 20:25:04,2025-05-07 02:55:04
21.7110000,96.3510000,10.0000,4.40,ml,,,,,,in_VEo2UDlqeVJMUWhaSThyMVVoOHY3dz09,2025-05-06T19:14:48.000Z,"Mandalay, Mandalay Region, Myanmar (Burma)",Myanmar,MM,Asia,earthquake,1746558220,1746557794,1,,"21.92,96.12",2025-05-06 18:56:34,2025-05-07 01:26:34
20.1120000,96.4500000,10.0000,3.20,ml,,,,,,th_14250_202505061727,2025-05-06T17:27:44.000Z,"Kyaunggon, Naypyidaw Union Territory, Myanmar (Burma)",Myanmar,MM,Asia,earthquake,1746552957,1746552464,0,,"20.11,96.45",2025-05-06 17:27:44,2025-05-06 23:57:44
17.0650000,96.1680000,10.0000,2.60,ml,,,,,,th_14249_202505061708,2025-05-06T17:08:12.000Z,"Yangon, Yangon Region, Myanmar (Burma)",Myanmar,MM,Asia,earthquake,1746552686,1746551292,0,,"17.07,96.17",2025-05-06 17:08:12,2025-05-06 23:38:12
20.8960000,96.2870000,10.0000,2.50,ml,,,,,,th_14248_202505061656,2025-05-06T16:56:50.000Z,"Pothanaing, Mandalay Region, Myanmar (Burma)",Myanmar,MM,Asia,earthquake,1746551482,1746550610,0,,"20.90,96.29",2025-05-06 16:56:50,2025-05-06 23:26:50
17.1420000,96.3040000,10.0000,3.70,ml,,,,,,th_14247_202505061625,2025-05-06T16:49:47.000Z,"Za Yet Kwin, Yangon Region, Myanmar (Burma)",Myanmar,MM,Asia,earthquake,1746549949,1746548740,0,,"17.14,96.30",2025-05-06 16:25:40,2025-05-06 22:55:40
19.6810000,96.3920000,10.0000,2.20,ml,,,,,,th_14246_202505061604,2025-05-06T16:04:28.000Z,"Teinpyaung Atet, Naypyidaw Union Territory, Myanmar (Burma)",Myanmar,MM,Asia,earthquake,1746548039,1746547468,0,,"19.68,96.39",2025-05-06 16:04:28,2025-05-06 22:34:28
17.1060000,96.2820000,10.0000,2.90,ml,,,,,,th_14245_202505061510,2025-05-06T15:10:18.000Z,"Za Yet Kwin, Yangon Region, Myanmar (Burma)",Myanmar,MM,Asia,earthquake,1746545091,1746544218,0,,"17.11,96.28",2025-05-06 15:10:18,2025-05-06 21:40:18
19.9680000,98.1590000,10.0000,3.10,ml,,,,,,th_14244_202505061441,2025-05-06T14:41:50.000Z,"Wan Hsa-mu, Shan, Myanmar (Burma)",Myanmar,MM,Asia,earthquake,1746542987,1746542510,0,,"19.97,98.16",2025-05-06 14:41:50,2025-05-06 21:11:50
20.5800000,94.6100000,10.0000,3.80,ml,,,,,,in_MFhIazZVYjZhc3BrZzQ0RXhoUXF6Zz09,2025-05-06T14:26:53.000Z,"Salin, Magway Region, Myanmar (Burma)",Myanmar,MM,Asia,earthquake,1746542072,1746541613,0,,"20.58,94.61",2025-05-06 14:26:53,2025-05-06 20:56:53
19.1780000,96.4560000,10.0000,2.30,ml,,,,,,th_14243_202505061341,2025-05-06T13:41:10.000Z,"Karenchaung, Bago Region, Myanmar (Burma)",Myanmar,MM,Asia,earthquake,1746539461,1746538870,0,,"19.18,96.46",2025-05-06 13:41:10,2025-05-06 20:11:10
19.8630000,97.8610000,10.0000,2.80,ml,,,,,,th_14242_202505061327,2025-05-06T13:27:04.000Z,"Ta Öngmu, Shan, Myanmar (Burma)",Myanmar,MM,Asia,earthquake,1746538595,1746538024,0,,"19.86,97.86",2025-05-06 13:27:04,2025-05-06 19:57:04
20.4080000,97.0200000,10.0000,2.20,ml,,,,,,th_14241_202505060943,2025-05-06T09:43:53.000Z,"Nampan, Shan, Myanmar (Burma)",Myanmar,MM,Asia,earthquake,1746532698,1746524633,0,,"20.41,97.02",2025-05-06 09:43:53,2025-05-06 16:13:53
19.6530000,96.2240000,10.0000,2.60,ml,,,,,,th_14240_202505060649,2025-05-06T06:49:06.000Z,"Hpya-ling, Shan, Myanmar (Burma)",Myanmar,MM,Asia,earthquake,1746514671,1746514146,1,,"20.95,97.20",2025-05-06 06:49:06,2025-05-06 13:19:06
20.2700000,98.0890000,10.0000,2.00,ml,,,,,,th_14239_202505060617,2025-05-06T06:17:04.000Z,"Chueh Chu, Shan, Myanmar (Burma)",Myanmar,MM,Asia,earthquake,1746513097,1746512224,0,,"20.27,98.09",2025-05-06 06:17:04,2025-05-06 12:47:04
20.2400000,98.0720000,10.0000,2.30,ml,,,,,,th_14238_202505060615,2025-05-06T06:15:38.000Z,"Chueh Chu, Shan, Myanmar (Burma)",Myanmar,MM,Asia,earthquake,1746512743,1746512138,0,,"20.24,98.07",2025-05-06 06:15:38,2025-05-06 12:45:38
22.2160000,96.8870000,10.0000,3.30,ml,,,,,,th_14237_202505060341,2025-05-06T03:41:53.000Z,"Kan Gyi, Shan, Myanmar (Burma)",Myanmar,MM,Asia,earthquake,1746503532,1746502913,0,,"22.22,96.89",2025-05-06 03:41:53,2025-05-06 10:11:53
20.0710000,97.8800000,10.0000,2.40,ml,,,,,,th_14236_202505060108,2025-05-06T01:08:02.000Z,"Wan Kongpao, Shan, Myanmar (Burma)",Myanmar,MM,Asia,earthquake,1746494344,1746493682,0,,"20.07,97.88",2025-05-06 01:08:02,2025-05-06 07:38:02
20.2700000,97.6570000,10.0000,2.40,ml,,,,,,th_14235_202505060011,2025-05-06T00:11:21.000Z,"Mawkmai, Shan, Myanmar (Burma)",Myanmar,MM,Asia,earthquake,1746490689,1746490281,0,,"20.27,97.66",2025-05-06 00:11:21,2025-05-06 06:41:21
18.7700000,96.4540000,10.0000,2.60,ml,,,,,,th_14234_202505052102,2025-05-05T21:02:07.000Z,"Bomari, Bago Region, Myanmar (Burma)",Myanmar,MM,Asia,earthquake,1746480227,1746478927,0,,"18.77,96.45",2025-05-05 21:02:07,2025-05-06 03:32:07
19.9710000,96.2650000,10.0000,2.50,ml,,,,,,th_14233_202505052058,2025-05-05T20:58:49.000Z,"Tegon, Naypyidaw Union Territory, Myanmar (Burma)",Myanmar,MM,Asia,earthquake,1746480011,1746478729,0,,"19.97,96.27",2025-05-05 20:58:49,2025-05-06 03:28:49
19.4210000,97.7680000,10.0000,1.60,ml,,,,,,th_14232_202505051939,2025-05-05T19:39:24.000Z,"Hwè-yao, Kayah State, Myanmar (Burma)",Myanmar,MM,Asia,earthquake,1746474459,1746473964,0,,"19.42,97.77",2025-05-05 19:39:24,2025-05-06 02:09:24
19.4140000,96.3180000,10.0000,2.10,ml,,,,,,th_14229_202505051825,2025-05-05T18:25:41.000Z,"Wayonle, Bago Region, Myanmar (Burma)",Myanmar,MM,Asia,earthquake,1746470321,1746469541,0,,"19.41,96.32",2025-05-05 18:25:41,2025-05-06 00:55:41
18.9470000,96.2560000,10.0000,2.20,ml,,,,,,th_14228_202505051822,2025-05-05T18:22:58.000Z,"Gyihauk, Bago Region, Myanmar (Burma)",Myanmar,MM,Asia,earthquake,1746470274,1746469378,0,,"18.95,96.26",2025-05-05 18:22:58,2025-05-06 00:52:58
26.9900000,96.4700000,13.0000,3.50,ml,,,,,,in_UVA3cVE1RVV3Mm9xTnRmVEhzN2IwQT09,2025-05-05T15:14:48.000Z,"Gedu Ga, Kachin, Myanmar (Burma)",Myanmar,MM,Asia,earthquake,1746457723,1746457258,0,,"26.99,96.47",2025-05-05 15:00:58,2025-05-05 21:30:58
18.7720000,96.4430000,10.0000,2.50,ml,,,,,,th_14226_202505051455,2025-05-05T14:55:30.000Z,"Bomari, Bago Region, Myanmar (Burma)",Myanmar,MM,Asia,earthquake,1746457252,1746456930,0,,"18.77,96.44",2025-05-05 14:55:30,2025-05-05 21:25:30
20.0370000,97.8880000,10.0000,2.10,ml,,,,,,th_14225_202505051451,2025-05-05T14:51:57.000Z,"Wan Kongpao, Shan, Myanmar (Burma)",Myanmar,MM,Asia,earthquake,1746457032,1746456717,0,,"20.04,97.89",2025-05-05 14:51:57,2025-05-05 21:21:57
18.8180000,96.9870000,10.0000,1.90,ml,,,,,,th_14224_202505051228,2025-05-05T12:28:28.000Z,"Hoki, Kayin State, Myanmar (Burma)",Myanmar,MM,Asia,earthquake,1746449929,1746448108,0,,"18.82,96.99",2025-05-05 12:28:28,2025-05-05 18:58:28
19.2580000,96.3490000,10.0000,2.90,ml,,,,,,th_14223_202505050151,2025-05-05T01:51:48.000Z,"Sibaing, Bago Region, Myanmar (Burma)",Myanmar,MM,Asia,earthquake,1746410765,1746409908,0,,"19.26,96.35",2025-05-05 01:51:48,2025-05-05 08:21:48
24.5800000,94.8600000,70.0000,3.70,ml,,,,,,in_bGtPZnBRckxuNm15ZCtxUVg4c2ZvUT09,2025-05-05T01:28:34.000Z,"Myene, Sagaing Region, Myanmar (Burma)",Myanmar,MM,Asia,earthquake,1746408225,1746407515,0,,"24.58,94.86",2025-05-05 01:11:55,2025-05-05 07:41:55
19.9400000,97.7470000,5.0000,2.90,ml,,,,,,th_14222_202505042339,2025-05-04T23:39:34.000Z,"Wan Hwè-ya-yung, Shan, Myanmar (Burma)",Myanmar,MM,Asia,earthquake,1746403248,1746401974,0,,"19.94,97.75",2025-05-04 23:39:34,2025-05-05 06:09:34
22.9878000,95.6631000,10.0000,4.80,ml,,,,,,in_L0hZR2k4RVkrU0VUUXNjeENmOSsydz09,2025-05-05T06:42:10.000Z,"Bugon, Sagaing Region, Myanmar (Burma)",Myanmar,MM,Asia,earthquake,1746402052,1746401597,0,,"23.07,95.52",2025-05-04 23:33:17,2025-05-05 06:03:17
19.9400000,97.6190000,5.0000,2.80,ml,,,,,,th_14220_202505042324,2025-05-04T23:24:57.000Z,"Mai-hsa-se, Shan, Myanmar (Burma)",Myanmar,MM,Asia,earthquake,1746401296,1746401097,0,,"19.94,97.62",2025-05-04 23:24:57,2025-05-05 05:54:57
19.6520000,97.8790000,5.0000,2.40,ml,,,,,,th_14219_202505042258,2025-05-04T22:58:12.000Z,"Kiu-neng, Shan, Myanmar (Burma)",Myanmar,MM,Asia,earthquake,1746399743,1746399492,0,,"19.65,97.88",2025-05-04 22:58:12,2025-05-05 05:28:12
20.0760000,98.0670000,10.0000,2.20,ml,,,,,,th_14217_202505042143,2025-05-04T21:43:28.000Z,"Üng-yao, Shan, Myanmar (Burma)",Myanmar,MM,Asia,earthquake,1746395829,1746395008,0,,"20.08,98.07",2025-05-04 21:43:28,2025-05-05 04:13:28
19.9450000,97.7340000,10.0000,2.20,ml,,,,,,th_14215_202505041933,2025-05-04T19:33:03.000Z,"Wan Hwè-ya-yung, Shan, Myanmar (Burma)",Myanmar,MM,Asia,earthquake,1746388062,1746387183,0,,"19.95,97.73",2025-05-04 19:33:03,2025-05-05 02:03:03
19.7910000,96.9820000,10.0000,2.40,ml,,,,,,th_14214_202505041904,2025-05-04T19:04:02.000Z,"Engla, Shan, Myanmar (Burma)",Myanmar,MM,Asia,earthquake,1746386979,1746385442,0,,"19.79,96.98",2025-05-04 19:04:02,2025-05-05 01:34:02
20.1070000,97.8380000,2.0000,3.00,ml,,,,,,th_14213_202505041753,2025-05-04T17:53:13.000Z,"Wan Kongpao, Shan, Myanmar (Burma)",Myanmar,MM,Asia,earthquake,1746381705,1746381193,0,,"20.11,97.84",2025-05-04 17:53:13,2025-05-05 00:23:13
19.8420000,97.8510000,5.0000,2.20,ml,,,,,,th_14218_202505041740,2025-05-04T17:40:09.000Z,"Wan Hwè-ya-yung, Shan, Myanmar (Burma)",Myanmar,MM,Asia,earthquake,1746395913,1746380409,0,,"19.84,97.85",2025-05-04 17:40:09,2025-05-05 00:10:09
19.2170000,96.4560000,16.0000,2.20,ml,,,,,,th_14212_202505041550,2025-05-04T15:50:45.000Z,"Hnawpin, Bago Region, Myanmar (Burma)",Myanmar,MM,Asia,earthquake,1746374408,1746373845,0,,"19.22,96.46",2025-05-04 15:50:45,2025-05-04 22:20:45
18.0950000,95.3070000,76.0000,2.90,ml,,,,,,th_14211_202505041459,2025-05-04T14:59:49.000Z,"Kongyi, Ayeyarwady, Myanmar (Burma)",Myanmar,MM,Asia,earthquake,1746371299,1746370789,0,,"18.10,95.31",2025-05-04 14:59:49,2025-05-04 21:29:49
18.1100000,95.1900000,80.0000,3.10,ml,,,,,,th_14210_202505041404,2025-05-04T14:04:48.000Z,"Hngetkyiwin, Ayeyarwady, Myanmar (Burma)",Myanmar,MM,Asia,earthquake,1746368012,1746367488,0,,"18.11,95.19",2025-05-04 14:04:48,2025-05-04 20:34:48
21.6100000,94.4700000,90.0000,3.90,ml,,,,,,in_ODUzMGcyVThHZmxiSjhNK3ZINDBGUT09,2025-05-04T13:48:50.000Z,"Zee Pyar, Magway Region, Myanmar (Burma)",Myanmar,MM,Asia,earthquake,1746367849,1746366530,0,,"21.61,94.47",2025-05-04 13:48:50,2025-05-04 20:18:50
19.8390000,97.9340000,1.0000,1.70,ml,,,,,,th_14209_202505041230,2025-05-04T12:30:01.000Z,"Pang Tae Waet, Shan, Myanmar (Burma)",Myanmar,MM,Asia,earthquake,1746362032,1746361801,0,,"19.84,97.93",2025-05-04 12:30:01,2025-05-04 19:00:01
19.9360000,97.9460000,10.0000,2.20,ml,,,,,,th_14208_202505041158,2025-05-04T11:58:58.000Z,"Ta Ho-pong, Shan, Myanmar (Burma)",Myanmar,MM,Asia,earthquake,1746360487,1746359938,1,,"19.94,97.95",2025-05-04 11:58:58,2025-05-04 18:28:58
19.4400000,96.3320000,10.0000,2.50,ml,,,,,,th_14207_202505041154,2025-05-04T11:54:35.000Z,"Wayonle, Bago Region, Myanmar (Burma)",Myanmar,MM,Asia,earthquake,1746360389,1746359675,0,,"19.44,96.33",2025-05-04 11:54:35,2025-05-04 18:24:35
19.7830000,96.4770000,10.0000,2.50,ml,,,,,,th_14206_202505041149,2025-05-04T11:49:22.000Z,"Saungdaung Anauk, Naypyidaw Union Territory, Myanmar (Burma)",Myanmar,MM,Asia,earthquake,1746360240,1746359362,0,,"19.78,96.48",2025-05-04 11:49:22,2025-05-04 18:19:22
20.6710000,97.8170000,1.0000,2.60,ml,,,,,,th_14205_202505041005,2025-05-04T10:05:35.000Z,"Hai Hpak, Shan, Myanmar (Burma)",Myanmar,MM,Asia,earthquake,1746354780,1746353135,0,,"20.67,97.82",2025-05-04 10:05:35,2025-05-04 16:35:35
19.9320000,97.7770000,2.0000,2.70,ml,,,,,,th_14204_202505040813,2025-05-04T08:13:34.000Z,"Wan Hwè-ya-yung, Shan, Myanmar (Burma)",Myanmar,MM,Asia,earthquake,1746346621,1746346414,0,,"19.93,97.78",2025-05-04 08:13:34,2025-05-04 14:43:34
20.0970000,97.8830000,1.0000,2.90,ml,,,,,,th_14203_202505040158,2025-05-04T01:58:50.000Z,"Shan, Myanmar (Burma)",Myanmar,MM,Asia,earthquake,1746324314,1746323930,1,,"20.10,97.88",2025-05-04 01:58:50,2025-05-04 08:28:50
18.9170000,97.5050000,2.0000,2.10,ml,,,,,,th_14202_202505040015,2025-05-04T00:15:02.000Z,"Loi Mun, Kayah State, Myanmar (Burma)",Myanmar,MM,Asia,earthquake,1746318244,1746317702,0,,"18.92,97.51",2025-05-04 00:15:02,2025-05-04 06:45:02
21.7770000,96.2420000,10.0000,3.40,ml,,,,,,th_14198_202505032015,2025-05-03T20:15:11.000Z,"Thon-Daung-Ywa-Ma, Mandalay Region, Myanmar (Burma)",Myanmar,MM,Asia,earthquake,1746303634,1746303311,0,,"21.78,96.24",2025-05-03 20:15:11,2025-05-04 02:45:11
22.0350000,96.4960000,10.0000,2.90,ml,,,,,,th_14197_202505031839,2025-05-03T18:39:24.000Z,"Pyin Oo Lwin, Mandalay Region, Myanmar (Burma)",Myanmar,MM,Asia,earthquake,1746297865,1746297564,0,,"22.04,96.50",2025-05-03 18:39:24,2025-05-04 01:09:24
19.9650000,97.6670000,7.0000,2.50,ml,,,,,,th_14196_202505031447,2025-05-03T14:47:53.000Z,"Wan Panglu, Shan, Myanmar (Burma)",Myanmar,MM,Asia,earthquake,1746283947,1746283673,0,,"19.97,97.67",2025-05-03 14:47:53,2025-05-03 21:17:53
20.0340000,97.8980000,10.0000,2.00,ml,,,,,,th_14195_202505031443,2025-05-03T14:43:13.000Z,"Wan Kongpao, Shan, Myanmar (Burma)",Myanmar,MM,Asia,earthquake,1746283754,1746283393,1,,"20.03,97.90",2025-05-03 14:43:13,2025-05-03 21:13:13
19.9870000,97.9700000,10.0000,2.00,ml,,,,,,th_14194_202505031210,2025-05-03T12:10:00.000Z,"Ta Ho-pong, Shan, Myanmar (Burma)",Myanmar,MM,Asia,earthquake,1746274516,1746274200,1,,"19.99,97.97",2025-05-03 12:10:00,2025-05-03 18:40:00
19.2390000,96.2050000,10.0000,3.10,ml,,,,,,th_14193_202505031159,2025-05-03T11:59:01.000Z,"Baungdok, Bago Region, Myanmar (Burma)",Myanmar,MM,Asia,earthquake,1746273937,1746273541,0,,"19.24,96.21",2025-05-03 11:59:01,2025-05-03 18:29:01
19.2530000,96.2340000,10.0000,2.40,ml,,,,,,th_14192_202505031143,2025-05-03T11:43:05.000Z,"Swar, Bago Region, Myanmar (Burma)",Myanmar,MM,Asia,earthquake,1746272918,1746272585,0,,"19.25,96.23",2025-05-03 11:43:05,2025-05-03 18:13:05
18.7190000,96.4020000,10.0000,2.40,ml,,,,,,th_14190_202505030959,2025-05-03T09:59:38.000Z,"Kywebwe, Bago Region, Myanmar (Burma)",Myanmar,MM,Asia,earthquake,1746266839,1746266378,0,,"18.72,96.40",2025-05-03 09:59:38,2025-05-03 16:29:38
19.1650000,97.1100000,10.0000,2.30,ml,,,,,,th_14189_202505030915,2025-05-03T09:15:58.000Z,"He-sa-hku, Kayah State, Myanmar (Burma)",Myanmar,MM,Asia,earthquake,1746266794,1746263758,0,,"19.17,97.11",2025-05-03 09:15:58,2025-05-03 15:45:58
19.2350000,96.3830000,10.0000,2.60,ml,,,,,,th_14188_202505030600,2025-05-03T06:00:30.000Z,"Sibaing, Bago Region, Myanmar (Burma)",Myanmar,MM,Asia,earthquake,1746252385,1746252030,0,,"19.24,96.38",2025-05-03 06:00:30,2025-05-03 12:30:30
19.7350000,96.2190000,10.0000,2.80,ml,,,,,,th_14186_202505030117,2025-05-03T01:17:00.000Z,"Pyinmana, Naypyidaw Union Territory, Myanmar (Burma)",Myanmar,MM,Asia,earthquake,1746235396,1746235020,0,,"19.74,96.22",2025-05-03 01:17:00,2025-05-03 07:47:00
20.8820000,98.6700000,10.0000,2.60,ml,,,,,,th_14184_202505022009,2025-05-02T20:09:41.000Z,"Möng Pu, Shan, Myanmar (Burma)",Myanmar,MM,Asia,earthquake,1746217101,1746216581,0,,"20.88,98.67",2025-05-02 20:09:41,2025-05-03 02:39:41
19.0640000,96.4460000,10.0000,3.00,ml,,,,,,th_14183_202505022003,2025-05-02T20:03:59.000Z,"Kaytumati, Bago Region, Myanmar (Burma)",Myanmar,MM,Asia,earthquake,1746217048,1746216239,0,,"19.06,96.45",2025-05-02 20:03:59,2025-05-03 02:33:59
20.0470000,97.9370000,10.0000,1.60,ml,,,,,,th_14180_202505021749,2025-05-02T17:49:20.000Z,"Wan Kongpao, Shan, Myanmar (Burma)",Myanmar,MM,Asia,earthquake,1746208443,1746208160,0,,"20.05,97.94",2025-05-02 17:49:20,2025-05-03 00:19:20
21.6670000,96.5270000,10.0000,2.80,ml,,,,,,th_14179_202505021733,2025-05-02T17:33:18.000Z,"Gwebin, Mandalay Region, Myanmar (Burma)",Myanmar,MM,Asia,earthquake,1746208272,1746207198,0,,"21.67,96.53",2025-05-02 17:33:18,2025-05-03 00:03:18
19.8270000,97.9860000,10.0000,1.40,ml,,,,,,th_14178_202505021733,2025-05-02T17:33:01.000Z,"Pang Tae Waet, Shan, Myanmar (Burma)",Myanmar,MM,Asia,earthquake,1746208083,1746207181,0,,"19.83,97.99",2025-05-02 17:33:01,2025-05-03 00:03:01
17.2200000,96.1510000,10.0000,3.10,ml,,,,,,th_14177_202505021515,2025-05-02T15:15:51.000Z,"Si Sone Kone, Yangon Region, Myanmar (Burma)",Myanmar,MM,Asia,earthquake,1746199609,1746198951,0,,"17.22,96.15",2025-05-02 15:15:51,2025-05-02 21:45:51
22.0170000,96.8960000,10.0000,2.70,ml,,,,,,th_14176_202505021441,2025-05-02T14:41:09.000Z,"Nam-maw-lon, Shan, Myanmar (Burma)",Myanmar,MM,Asia,earthquake,1746198251,1746196869,0,,"22.02,96.90",2025-05-02 14:41:09,2025-05-02 21:11:09
21.9600000,96.2800000,10.0000,4.00,ml,,,,,,ems_202505_1803105,2025-05-02T11:21:40.000Z,"Thon-Daung-Ywa-Ma, Mandalay Region, Myanmar (Burma)",Myanmar,MM,Asia,earthquake,1746184914,1746183844,0,,"21.96,96.28",2025-05-02 11:04:04,2025-05-02 17:34:04
18.7570000,96.6040000,10.0000,2.10,ml,,,,,,th_14174_202505020717,2025-05-02T07:17:27.000Z,"Alesengyaung, Kayin State, Myanmar (Burma)",Myanmar,MM,Asia,earthquake,1746170565,1746170247,0,,"18.76,96.60",2025-05-02 07:17:27,2025-05-02 13:47:27
18.8080000,96.6540000,10.0000,2.60,ml,,,,,,th_14173_202505020355,2025-05-02T03:55:56.000Z,"Alesengyaung, Kayin State, Myanmar (Burma)",Myanmar,MM,Asia,earthquake,1746160089,1746158156,0,,"18.81,96.65",2025-05-02 03:55:56,2025-05-02 10:25:56
21.8620000,96.3880000,10.0000,3.90,ml,,,,,,th_14171_202505020153,2025-05-02T02:07:42.000Z,"Pyin Sar, Mandalay Region, Myanmar (Burma)",Myanmar,MM,Asia,earthquake,1746151388,1746150780,0,,"21.86,96.39",2025-05-02 01:53:00,2025-05-02 08:23:00
18.6270000,96.4240000,10.0000,2.00,ml,,,,,,th_14170_202505012016,2025-05-01T20:16:56.000Z,"Nyaung Chay Htauk, Bago Region, Myanmar (Burma)",Myanmar,MM,Asia,earthquake,1746130967,1746130616,0,,"18.63,96.42",2025-05-01 20:16:56,2025-05-02 02:46:56
20.9630000,96.3300000,10.0000,3.10,ml,,,,,,th_14169_202505011950,2025-05-01T19:50:44.000Z,"Patchaung, Shan, Myanmar (Burma)",Myanmar,MM,Asia,earthquake,1746129589,1746129044,0,,"20.96,96.33",2025-05-01 19:50:44,2025-05-02 02:20:44
18.8810000,95.5970000,10.0000,2.90,ml,,,,,,th_14167_202505011603,2025-05-01T16:03:16.000Z,"Kywetabaung, Bago Region, Myanmar (Burma)",Myanmar,MM,Asia,earthquake,1746115817,1746115396,0,,"18.88,95.60",2025-05-01 16:03:16,2025-05-01 22:33:16
21.8820000,96.3460000,5.0000,3.20,ml,,,,,,th_14166_202505011544,2025-05-01T15:44:24.000Z,"Yatanarpon Cyber City, Mandalay Region, Myanmar (Burma)",Myanmar,MM,Asia,earthquake,1746115090,1746114264,0,,"21.88,96.35",2025-05-01 15:44:24,2025-05-01 22:14:24
19.1930000,96.1420000,10.0000,2.20,ml,,,,,,th_14165_202505011510,2025-05-01T15:10:54.000Z,"Mayogon, Bago Region, Myanmar (Burma)",Myanmar,MM,Asia,earthquake,1746112639,1746112254,0,,"19.19,96.14",2025-05-01 15:10:54,2025-05-01 21:40:54
19.9190000,96.1370000,10.0000,2.30,ml,,,,,,th_14164_202505011436,2025-05-01T14:36:46.000Z,"Pobba Thiri, Naypyidaw Union Territory, Myanmar (Burma)",Myanmar,MM,Asia,earthquake,1746110861,1746110206,0,,"19.92,96.14",2025-05-01 14:36:46,2025-05-01 21:06:46
19.2310000,96.5120000,10.0000,2.10,ml,,,,,,th_14162_202505011401,2025-05-01T14:01:27.000Z,"Pebo, Kayin State, Myanmar (Burma)",Myanmar,MM,Asia,earthquake,1746108383,1746108087,0,,"19.23,96.51",2025-05-01 14:01:27,2025-05-01 20:31:27
19.2100000,96.4020000,10.0000,2.30,ml,,,,,,th_14161_202505011310,2025-05-01T13:10:12.000Z,"Hnawpin, Bago Region, Myanmar (Burma)",Myanmar,MM,Asia,earthquake,1746105392,1746105012,1,,"19.21,96.40",2025-05-01 13:10:12,2025-05-01 19:40:12
23.2300000,94.0800000,30.0000,3.40,ml,,,,,,in_NmxEcTRvWUZVenhranlyTHZrLzI1UT09,2025-05-01T08:21:31.000Z,"Kale, Chin State, Myanmar (Burma)",Myanmar,MM,Asia,earthquake,1746087305,1746086852,0,,"23.23,94.08",2025-05-01 08:07:32,2025-05-01 14:37:32
20.2950000,96.1150000,10.0000,3.30,ml,,,,,,th_14159_202505010641,2025-05-01T06:41:48.000Z,"Inbingyi, Mandalay Region, Myanmar (Burma)",Myanmar,MM,Asia,earthquake,1746083128,1746081708,0,,"20.30,96.12",2025-05-01 06:41:48,2025-05-01 13:11:48
20.9930000,99.0430000,10.0000,2.50,ml,,,,,,th_14158_202505010538,2025-05-01T05:38:17.000Z,"Mongkyet, Shan, Myanmar (Burma)",Myanmar,MM,Asia,earthquake,1746078262,1746077897,0,,"20.99,99.04",2025-05-01 05:38:17,2025-05-01 12:08:17
20.7360000,96.9510000,10.0000,3.10,ml,,,,,,th_14157_202505010515,2025-05-01T05:15:18.000Z,"Ayetharyar, Shan, Myanmar (Burma)",Myanmar,MM,Asia,earthquake,1746076874,1746076518,0,,"20.74,96.95",2025-05-01 05:15:18,2025-05-01 11:45:18
21.1550000,99.3130000,10.0000,2.40,ml,,,,,,th_14408_202505182156,2025-05-18T21:56:11.000Z,"Mawnkak, Shan, Myanmar (Burma)",Myanmar,MM,Asia,earthquake,1747606084,1747605371,0,,"21.16,99.31",2025-05-18 21:56:11,2025-05-19 04:26:11
21.7510000,96.3870000,10.0000,2.90,ml,,,,,,th_14407_202505181929,2025-05-18T19:29:58.000Z,"Hngetkyithaik, Mandalay Region, Myanmar (Burma)",Myanmar,MM,Asia,earthquake,1747597593,1747596598,0,,"21.75,96.39",2025-05-18 19:29:58,2025-05-19 01:59:58
19.0850000,93.3987000,8.9000,5.00,ml,,,,,,gfz2025jrua,2025-05-19T06:29:55.000Z,Myanmar (Burma),Myanmar,MM,Asia,earthquake,1747596305,1747595721,0,,"19.09,93.42",2025-05-18 19:15:21,2025-05-19 01:45:21
18.7840000,96.7210000,10.0000,1.90,ml,,,,,,th_14405_202505181836,2025-05-18T18:36:51.000Z,"Kolu, Kayin State, Myanmar (Burma)",Myanmar,MM,Asia,earthquake,1747593966,1747593411,0,,"18.78,96.72",2025-05-18 18:36:51,2025-05-19 01:06:51
19.4260000,96.4880000,10.0000,2.10,ml,,,,,,th_14404_202505181826,2025-05-18T18:26:20.000Z,"Amayadaung, Kayin State, Myanmar (Burma)",Myanmar,MM,Asia,earthquake,1747593420,1747592780,0,,"19.43,96.49",2025-05-18 18:26:20,2025-05-19 00:56:20
19.0820000,96.4070000,10.0000,3.00,ml,,,,,,th_14403_202505181756,2025-05-18T17:56:11.000Z,"Kyun Kone, Bago Region, Myanmar (Burma)",Myanmar,MM,Asia,earthquake,1747591456,1747590971,0,,"19.08,96.41",2025-05-18 17:56:11,2025-05-19 00:26:11
21.6700000,93.9100000,40.0000,3.90,ml,,,,,,in_ZGpwWnZ0VlZrM2lCZEM5TGpySUt2Zz09,2025-05-18T17:37:58.000Z,"Ridwi, Chin State, Myanmar (Burma)",Myanmar,MM,Asia,earthquake,1747590625,1747589878,0,,"21.67,93.91",2025-05-18 17:37:58,2025-05-19 00:07:58
20.1410000,96.3010000,10.0000,2.60,ml,,,,,,th_14399_202505181144,2025-05-18T11:44:51.000Z,"Kyatpye, Naypyidaw Union Territory, Myanmar (Burma)",Myanmar,MM,Asia,earthquake,1747569325,1747568691,0,,"20.14,96.30",2025-05-18 11:44:51,2025-05-18 18:14:51
18.8100000,96.5760000,10.0000,2.40,ml,,,,,,th_14398_202505181125,2025-05-18T11:25:16.000Z,"Bomari, Bago Region, Myanmar (Burma)",Myanmar,MM,Asia,earthquake,1747568169,1747567516,0,,"18.81,96.58",2025-05-18 11:25:16,2025-05-18 17:55:16
22.0250000,96.7160000,10.0000,3.80,ml,,,,,,th_14397_202505181118,2025-05-18T11:35:37.000Z,"Pazunseik, Mandalay Region, Myanmar (Burma)",Myanmar,MM,Asia,earthquake,1747567874,1747567114,0,,"22.03,96.72",2025-05-18 11:18:34,2025-05-18 17:48:34
18.1620000,97.4500000,10.0000,1.70,ml,,,,,,th_14396_202505181049,2025-05-18T10:49:11.000Z,"Moseido, Kayin State, Myanmar (Burma)",Myanmar,MM,Asia,earthquake,1747567784,1747565351,0,,"18.16,97.45",2025-05-18 10:49:11,2025-05-18 17:19:11
18.5560000,96.6060000,10.0000,2.50,ml,,,,,,th_14395_202505180841,2025-05-18T08:41:32.000Z,"Mon, Bago Region, Myanmar (Burma)",Myanmar,MM,Asia,earthquake,1747558122,1747557692,0,,"18.56,96.61",2025-05-18 08:41:32,2025-05-18 15:11:32
20.7170000,96.2950000,10.0000,3.30,ml,,,,,,th_14394_202505180458,2025-05-18T04:58:05.000Z,"Yin Mar Bin, Mandalay Region, Myanmar (Burma)",Myanmar,MM,Asia,earthquake,1747544840,1747544285,0,,"20.72,96.30",2025-05-18 04:58:05,2025-05-18 11:28:05
21.8600000,96.5220000,10.0000,3.30,ml,,,,,,th_14393_202505180404,2025-05-18T04:04:39.000Z,"Lema, Mandalay Region, Myanmar (Burma)",Myanmar,MM,Asia,earthquake,1747541694,1747541079,0,,"21.86,96.52",2025-05-18 04:04:39,2025-05-18 10:34:39
19.1200000,96.6750000,10.0000,2.30,ml,,,,,,th_14391_202505180303,2025-05-18T03:03:41.000Z,"Than Daung Gyi, Kayin State, Myanmar (Burma)",Myanmar,MM,Asia,earthquake,1747537894,1747537421,0,,"19.12,96.68",2025-05-18 03:03:41,2025-05-18 09:33:41
19.5590000,97.7370000,10.0000,1.90,ml,,,,,,th_14390_202505172253,2025-05-17T22:53:53.000Z,"Daw Pawtu, Kayah State, Myanmar (Burma)",Myanmar,MM,Asia,earthquake,1747522877,1747522433,0,,"19.56,97.74",2025-05-17 22:53:53,2025-05-18 05:23:53
20.3090000,98.2930000,10.0000,1.90,ml,,,,,,th_14388_202505171942,2025-05-17T19:42:21.000Z,"Mongpan, Shan, Myanmar (Burma)",Myanmar,MM,Asia,earthquake,1747511960,1747510941,1,,"20.31,98.29",2025-05-17 19:42:21,2025-05-18 02:12:21
21.0180000,99.8160000,10.0000,2.40,ml,,,,,,th_14387_202505171721,2025-05-17T17:21:51.000Z,"Wan Mu-hsö Hsensawmawng, Shan, Myanmar (Burma)",Myanmar,MM,Asia,earthquake,1747502981,1747502511,0,,"21.02,99.82",2025-05-17 17:21:51,2025-05-17 23:51:51
19.6810000,96.1750000,10.0000,2.80,ml,,,,,,th_14386_202505171656,2025-05-17T16:56:35.000Z,"Thayetkon, Naypyidaw Union Territory, Myanmar (Burma)",Myanmar,MM,Asia,earthquake,1747501433,1747500995,0,,"19.68,96.18",2025-05-17 16:56:35,2025-05-17 23:26:35
21.4274000,96.0541000,10.0000,5.20,mww,171,42,1.083,0.58,us,gfz2025jprx,2025-05-19T12:22:27.040Z,"Kyaukse, Burma (Myanmar)","21km SSW of Kyaukse, Burma (Myanmar)",MM,Asia,earthquake,1747497749,1747497287,1,,"21.35,96.01",2025-05-17 15:54:47,2025-05-17 22:24:47
21.0600000,96.5160000,10.0000,2.70,ml,,,,,,th_14384_202505171221,2025-05-17T12:21:08.000Z,"Myaing, Shan, Myanmar (Burma)",Myanmar,MM,Asia,earthquake,1747484930,1747484468,0,,"21.06,96.52",2025-05-17 12:21:08,2025-05-17 18:51:08
22.6230000,96.1250000,10.0000,3.30,ml,,,,,,th_14383_202505170854,2025-05-17T08:54:49.000Z,"Kokko, Mandalay Region, Myanmar (Burma)",Myanmar,MM,Asia,earthquake,1747472909,1747472089,0,,"22.62,96.13",2025-05-17 08:54:49,2025-05-17 15:24:49
22.6310000,96.3630000,10.0000,3.80,ml,,,,,,th_14381_202505170355,2025-05-17T04:14:35.000Z,"Pang Kit, Shan, Myanmar (Burma)",Myanmar,MM,Asia,earthquake,1747454905,1747454118,0,,"22.63,96.36",2025-05-17 03:55:18,2025-05-17 10:25:18
19.0750000,96.5820000,10.0000,2.70,ml,,,,,,th_14379_202505162148,2025-05-16T21:48:27.000Z,"Thandaung, Kayin State, Myanmar (Burma)",Myanmar,MM,Asia,earthquake,1747432790,1747432107,0,,"19.08,96.58",2025-05-16 21:48:27,2025-05-17 04:18:27
21.1000000,99.8580000,10.0000,2.10,ml,,,,,,th_14378_202505162049,2025-05-16T20:49:31.000Z,"Yangka, Shan, Myanmar (Burma)",Myanmar,MM,Asia,earthquake,1747429119,1747428571,1,,"21.10,99.86",2025-05-16 20:49:31,2025-05-17 03:19:31
22.0350000,96.2650000,10.0000,3.00,ml,,,,,,th_14377_202505161936,2025-05-16T19:36:49.000Z,"Yetaw, Mandalay Region, Myanmar (Burma)",Myanmar,MM,Asia,earthquake,1747424713,1747424209,0,,"22.04,96.27",2025-05-16 19:36:49,2025-05-17 02:06:49
19.8930000,97.8740000,10.0000,1.70,ml,,,,,,th_14375_202505161334,2025-05-16T13:34:53.000Z,"Ta Öngmu, Shan, Myanmar (Burma)",Myanmar,MM,Asia,earthquake,1747403079,1747402493,0,,"19.89,97.87",2025-05-16 13:34:53,2025-05-16 20:04:53
21.7250000,96.6410000,10.0000,2.70,ml,,,,,,th_14374_202505161108,2025-05-16T11:08:12.000Z,"Zayitke, Mandalay Region, Myanmar (Burma)",Myanmar,MM,Asia,earthquake,1747394384,1747393692,0,,"21.73,96.64",2025-05-16 11:08:12,2025-05-16 17:38:12
18.7510000,96.6530000,10.0000,2.30,ml,,,,,,th_14373_202505160846,2025-05-16T08:46:02.000Z,"Alesengyaung, Kayin State, Myanmar (Burma)",Myanmar,MM,Asia,earthquake,1747385506,1747385162,0,,"18.75,96.65",2025-05-16 08:46:02,2025-05-16 15:16:02
26.0400000,95.4800000,60.0000,3.50,ml,,,,,,in_VThTTFdlYkNSbnJETzd1YisrZ2NlZz09,2025-05-16T05:42:31.000Z,"Hintiu, Sagaing Region, Myanmar (Burma)",Myanmar,MM,Asia,earthquake,1747373873,1747373039,0,,"26.04,95.48",2025-05-16 05:23:59,2025-05-16 11:53:59
18.9010000,97.4290000,3.0000,2.90,ml,,,,,,th_14369_202505152108,2025-05-15T21:08:44.000Z,"Loi Mun, Kayah State, Myanmar (Burma)",Myanmar,MM,Asia,earthquake,1747343928,1747343324,0,,"18.90,97.43",2025-05-15 21:08:44,2025-05-16 03:38:44
18.9310000,97.6450000,1.0000,1.90,ml,,,,,,th_14368_202505152103,2025-05-15T21:03:46.000Z,"Watak, Kayah State, Myanmar (Burma)",Myanmar,MM,Asia,earthquake,1747343695,1747343026,0,,"18.93,97.65",2025-05-15 21:03:46,2025-05-16 03:33:46
19.8990000,97.9090000,2.0000,1.70,ml,,,,,,th_14367_202505152051,2025-05-15T20:51:44.000Z,Langhko Township,Myanmar,MM,Asia,earthquake,1747342930,1747342304,0,,"19.90,97.91",2025-05-15 20:51:44,2025-05-16 03:21:44
18.4440000,96.4530000,10.0000,2.80,ml,,,,,,th_14365_202505151834,2025-05-15T18:34:24.000Z,"Phyu, Bago Region, Myanmar (Burma)",Myanmar,MM,Asia,earthquake,1747334330,1747334064,0,,"18.44,96.45",2025-05-15 18:34:24,2025-05-16 01:04:24
19.8170000,98.0320000,10.0000,2.10,ml,,,,,,th_14364_202505151715,2025-05-15T17:15:29.000Z,"Loikwang, Shan, Myanmar (Burma)",Myanmar,MM,Asia,earthquake,1747329638,1747329329,0,,"19.82,98.03",2025-05-15 17:15:29,2025-05-15 23:45:29
23.3220000,95.8720000,10.0000,3.40,ml,,,,,,th_14363_202505151520,2025-05-15T15:20:10.000Z,"Ngayinbyo, Sagaing Region, Myanmar (Burma)",Myanmar,MM,Asia,earthquake,1747324300,1747322410,0,,"23.32,95.87",2025-05-15 15:20:10,2025-05-15 21:50:10
19.2660000,96.4840000,10.0000,2.30,ml,,,,,,th_14362_202505151447,2025-05-15T14:47:14.000Z,"Pebo, Kayin State, Myanmar (Burma)",Myanmar,MM,Asia,earthquake,1747320786,1747320434,0,,"19.27,96.48",2025-05-15 14:47:14,2025-05-15 21:17:14
20.1890000,98.0330000,10.0000,2.00,ml,,,,,,th_14361_202505150847,2025-05-15T08:47:46.000Z,"Wan Mawngkawk, Shan, Myanmar (Burma)",Myanmar,MM,Asia,earthquake,1747299699,1747298866,0,,"20.19,98.03",2025-05-15 08:47:46,2025-05-15 15:17:46
26.6700000,96.1700000,10.0000,3.30,ml,,,,,,in_T2pqZ29xMzlmS21QQkF1UWRYVFdYQT09,2025-05-15T08:21:35.000Z,"Shin Bway Yang, Kachin, Myanmar (Burma)",Myanmar,MM,Asia,earthquake,1747297094,1747296061,0,,"26.67,96.17",2025-05-15 08:01:01,2025-05-15 14:31:01
21.8850000,96.7730000,10.0000,3.90,ml,,,,,,th_14360_202505150718,2025-05-15T07:35:54.000Z,"Kontha, Mandalay Region, Myanmar (Burma)",Myanmar,MM,Asia,earthquake,1747294377,1747293525,0,,"21.89,96.77",2025-05-15 07:18:45,2025-05-15 13:48:45
19.2540000,96.3050000,10.0000,3.00,ml,,,,,,th_14359_202505150208,2025-05-15T02:08:06.000Z,"Swar, Bago Region, Myanmar (Burma)",Myanmar,MM,Asia,earthquake,1747275500,1747274886,0,,"19.25,96.31",2025-05-15 02:08:06,2025-05-15 08:38:06
26.9700000,95.8000000,10.0000,3.40,ml,,,,,,in_NitUR2RZTnd0YWdVOWlCNmZRQzdDUT09,2025-05-15T00:28:36.000Z,"Don Hee, Sagaing Region, Myanmar (Burma)",Myanmar,MM,Asia,earthquake,1747268745,1747268183,0,,"26.97,95.80",2025-05-15 00:16:23,2025-05-15 06:46:23
19.9730000,97.9100000,10.0000,2.20,ml,,,,,,th_14358_202505150005,2025-05-15T00:05:00.000Z,"Ta Ho-pong, Shan, Myanmar (Burma)",Myanmar,MM,Asia,earthquake,1747275389,1747267500,0,,"19.97,97.91",2025-05-15 00:05:00,2025-05-15 06:35:00
22.2480000,96.0580000,10.0000,3.20,ml,,,,,,th_14357_202505142258,2025-05-14T22:58:26.000Z,"Mwe Tha Laing, Mandalay Region, Myanmar (Burma)",Myanmar,MM,Asia,earthquake,1747264333,1747263506,0,,"22.25,96.06",2025-05-14 22:58:26,2025-05-15 05:28:26
19.8820000,98.0440000,4.0000,1.70,ml,,,,,,th_14356_202505142213,2025-05-14T22:13:56.000Z,"Wan Nawnghsem, Shan, Myanmar (Burma)",Myanmar,MM,Asia,earthquake,1747261398,1747260836,0,,"19.88,98.04",2025-05-14 22:13:56,2025-05-15 04:43:56
19.2390000,96.2360000,10.0000,2.80,ml,,,,,,th_14355_202505142104,2025-05-14T21:04:45.000Z,"Baungdok, Bago Region, Myanmar (Burma)",Myanmar,MM,Asia,earthquake,1747257331,1747256685,0,,"19.24,96.24",2025-05-14 21:04:45,2025-05-15 03:34:45
19.2310000,96.3790000,10.0000,2.30,ml,,,,,,th_14354_202505142034,2025-05-14T20:34:17.000Z,"Sibaing, Bago Region, Myanmar (Burma)",Myanmar,MM,Asia,earthquake,1747255555,1747254857,1,,"19.23,96.38",2025-05-14 20:34:17,2025-05-15 03:04:17
25.9800000,97.1900000,10.0000,3.40,ml,,,,,,in_NVJWQzRMR0hJcXplSEV4R0FlTEN4Zz09,2025-05-14T19:11:59.000Z,"'Njungbum, Kachin, Myanmar (Burma)",Myanmar,MM,Asia,earthquake,1747250906,1747249919,0,,"25.98,97.19",2025-05-14 19:11:59,2025-05-15 01:41:59
22.1480000,96.4620000,10.0000,3.20,ml,,,,,,th_14351_202505141328,2025-05-14T13:28:49.000Z,"Nyaung Gone, Mandalay Region, Myanmar (Burma)",Myanmar,MM,Asia,earthquake,1747230216,1747229329,0,,"22.15,96.46",2025-05-14 13:28:49,2025-05-14 19:58:49
21.1180000,99.8770000,10.0000,2.30,ml,,,,,,th_14350_202505141245,2025-05-14T12:45:37.000Z,"Yangka, Shan, Myanmar (Burma)",Myanmar,MM,Asia,earthquake,1747228540,1747226737,1,,"21.12,99.88",2025-05-14 12:45:37,2025-05-14 19:15:37
18.2840000,96.1460000,10.0000,2.20,ml,,,,,,th_14348_202505141226,2025-05-14T12:26:30.000Z,"Thitkyi, Bago Region, Myanmar (Burma)",Myanmar,MM,Asia,earthquake,1747226846,1747225590,0,,"18.28,96.15",2025-05-14 12:26:30,2025-05-14 18:56:30
21.0140000,99.8970000,10.0000,3.00,ml,,,,,,th_14347_202505141050,2025-05-14T10:50:09.000Z,"Wan Mu-hsö Hsensawmawng, Shan, Myanmar (Burma)",Myanmar,MM,Asia,earthquake,1747220195,1747219809,1,,"21.01,99.90",2025-05-14 10:50:09,2025-05-14 17:20:09
25.0400000,94.8000000,130.0000,3.90,ml,,,,,,in_WFN5dmVuZWc4bk1ieE1VaUdpMzFTQT09,2025-05-14T10:56:37.000Z,"Mo Paing Lut, Sagaing Region, Myanmar (Burma)",Myanmar,MM,Asia,earthquake,1747219875,1747218651,0,,"25.04,94.80",2025-05-14 10:30:51,2025-05-14 17:00:51
21.6030000,96.4980000,10.0000,2.80,ml,,,,,,th_14346_202505141028,2025-05-14T10:28:58.000Z,"Gwebin, Mandalay Region, Myanmar (Burma)",Myanmar,MM,Asia,earthquake,1747219693,1747218538,0,,"21.60,96.50",2025-05-14 10:28:58,2025-05-14 16:58:58
22.1010000,96.4370000,10.0000,4.00,ml,,,,,,ems_202505_1808139,2025-05-14T09:21:56.000Z,"Pyin Oo Lwin, Mandalay Region, Myanmar (Burma)",Myanmar,MM,Asia,earthquake,1747214530,1747213658,0,,"22.10,96.44",2025-05-14 09:07:38,2025-05-14 15:37:38
19.9640000,98.1410000,10.0000,2.10,ml,,,,,,th_14344_202505140832,2025-05-14T08:32:51.000Z,"Wan Nawnghsem, Shan, Myanmar (Burma)",Myanmar,MM,Asia,earthquake,1747212168,1747211571,0,,"19.96,98.14",2025-05-14 08:32:51,2025-05-14 15:02:51
18.0880000,96.7310000,10.0000,3.10,ml,,,,,,th_14343_202505140639,2025-05-14T06:39:32.000Z,"Hinthawè, Bago Region, Myanmar (Burma)",Myanmar,MM,Asia,earthquake,1747205274,1747204772,1,,"18.09,96.73",2025-05-14 06:39:32,2025-05-14 13:09:32
21.6530000,96.5790000,10.0000,3.10,ml,,,,,,th_14342_202505140419,2025-05-14T04:19:08.000Z,"Zayitke, Mandalay Region, Myanmar (Burma)",Myanmar,MM,Asia,earthquake,1747197439,1747196348,0,,"21.65,96.58",2025-05-14 04:19:08,2025-05-14 10:49:08
20.7930000,96.1460000,10.0000,3.00,ml,,,,,,th_14341_202505132335,2025-05-13T23:35:26.000Z,"Hlaingdet, Mandalay Region, Myanmar (Burma)",Myanmar,MM,Asia,earthquake,1747179645,1747179326,0,,"20.79,96.15",2025-05-13 23:35:26,2025-05-14 06:05:26
19.6670000,96.2100000,10.0000,3.60,ml,,,,,,th_14340_202505132245,2025-05-13T22:56:37.000Z,"Wetkamu, နေပြည်တော် ပြည်တောင်စုနယ်မြေ, Myanmar (Burma)",Myanmar,MM,Asia,earthquake,1747176725,1747176346,0,,"19.67,96.21",2025-05-13 22:45:46,2025-05-14 05:15:46
21.7890000,96.3310000,10.0000,3.50,ml,,,,,,th_14338_202505132021,2025-05-13T20:35:54.000Z,"Thon-Daung-Ywa-Ma, Mandalay Region, Myanmar (Burma)",Myanmar,MM,Asia,earthquake,1747168507,1747167686,1,,"21.79,96.33",2025-05-13 20:21:26,2025-05-14 02:51:26
20.2120000,96.4950000,3.0000,2.70,ml,,,,,,th_14337_202505131808,2025-05-13T18:08:07.000Z,Yamethin Township,Myanmar - China Border Region,MM,Asia,earthquake,1747160010,1747159687,0,,"20.21,96.50",2025-05-13 18:08:07,2025-05-14 00:38:07
17.7940000,97.5720000,2.0000,2.60,ml,,,,,,th_14336_202505131718,2025-05-13T17:18:59.000Z,"Bawkawkhi, Kayin State, Myanmar (Burma)",Myanmar,MM,Asia,earthquake,1747157294,1747156739,0,,"17.79,97.57",2025-05-13 17:18:59,2025-05-13 23:48:59
18.9610000,96.3940000,10.0000,2.10,ml,,,,,,th_14335_202505131636,2025-05-13T16:36:40.000Z,"Taungoo, Bago Region, Myanmar (Burma)",Myanmar,MM,Asia,earthquake,1747154518,1747154200,0,,"18.96,96.39",2025-05-13 16:36:40,2025-05-13 23:06:40
18.4870000,96.2840000,10.0000,2.60,ml,,,,,,th_14334_202505131136,2025-05-13T11:36:23.000Z,"Kayuchaung, Bago Region, Myanmar (Burma)",Myanmar,MM,Asia,earthquake,1747136617,1747136183,0,,"18.49,96.28",2025-05-13 11:36:23,2025-05-13 18:06:23
22.1400000,96.3110000,2.0000,3.90,ml,,,,,,th_14333_202505130641,2025-05-13T06:56:40.000Z,"Daw-wa-kyaung, Mandalay Region, Myanmar (Burma)",Myanmar,MM,Asia,earthquake,1747119092,1747118515,0,,"22.14,96.31",2025-05-13 06:41:55,2025-05-13 13:11:55
21.8190000,96.4160000,10.0000,3.80,ml,,,,,,th_14330_202505122321,2025-05-12T23:42:39.000Z,"Shwegyaung, Mandalay Region, Myanmar (Burma)",Myanmar,MM,Asia,earthquake,1747093051,1747092117,0,,"21.82,96.42",2025-05-12 23:21:57,2025-05-13 05:51:57
18.8890000,97.3330000,1.0000,1.50,ml,,,,,,th_14329_202505122010,2025-05-12T20:10:19.000Z,"Hpasawng, Kayah State, Myanmar (Burma)",Myanmar,MM,Asia,earthquake,1747082292,1747080619,0,,"18.89,97.33",2025-05-12 20:10:19,2025-05-13 02:40:19
18.8390000,96.3600000,10.0000,2.90,ml,,,,,,th_14327_202505121953,2025-05-12T19:53:48.000Z,"Oktwin, Bago Region, Myanmar (Burma)",Myanmar,MM,Asia,earthquake,1747080352,1747079628,0,,"18.84,96.36",2025-05-12 19:53:48,2025-05-13 02:23:48
18.8880000,96.3750000,10.0000,2.80,ml,,,,,,th_14326_202505121949,2025-05-12T19:49:00.000Z,"Taungoo, Bago Region, Myanmar (Burma)",Myanmar,MM,Asia,earthquake,1747079792,1747079340,0,,"18.89,96.38",2025-05-12 19:49:00,2025-05-13 02:19:00
21.7300000,96.2890000,10.0000,3.90,ml,,,,,,th_14323_202505121824,2025-05-12T18:35:36.000Z,"Hngetkyithaik, Mandalay Region, Myanmar (Burma)",Myanmar,MM,Asia,earthquake,1747074712,1747074268,0,,"21.73,96.29",2025-05-12 18:24:28,2025-05-13 00:54:28
20.8620000,96.9880000,10.0000,2.50,ml,,,,,,th_14322_202505121720,2025-05-12T17:20:28.000Z,"taungni, Shan, Myanmar (Burma)",Myanmar,MM,Asia,earthquake,1747071078,1747070428,0,,"20.86,96.99",2025-05-12 17:20:28,2025-05-12 23:50:28
19.7070000,96.2480000,10.0000,2.60,ml,,,,,,th_14321_202505121346,2025-05-12T13:46:29.000Z,"Pwetseikkon, နေပြည်တော် ပြည်တောင်စုနယ်မြေ, Myanmar (Burma)",Myanmar,MM,Asia,earthquake,1747058303,1747057589,0,,"19.71,96.25",2025-05-12 13:46:29,2025-05-12 20:16:29
20.6200000,96.5350000,10.0000,2.40,ml,,,,,,th_14320_202505121342,2025-05-12T13:42:51.000Z,"Kalaw, Shan, Myanmar (Burma)",Myanmar,MM,Asia,earthquake,1747058253,1747057371,0,,"20.62,96.54",2025-05-12 13:42:51,2025-05-12 20:12:51
19.7060000,96.1970000,10.0000,2.90,ml,,,,,,th_14319_202505121332,2025-05-12T13:32:05.000Z,"Naypyidaw Union Territory, Myanmar (Burma)",Myanmar,MM,Asia,earthquake,1747057047,1747056725,1,,"19.71,96.20",2025-05-12 13:32:05,2025-05-12 20:02:05
20.9560000,96.3610000,10.0000,3.80,ml,,,,,,th_14318_202505120320,2025-05-12T03:35:37.000Z,"Patchaung, Shan, Myanmar (Burma)",Myanmar,MM,Asia,earthquake,1747020715,1747020027,0,,"20.96,96.36",2025-05-12 03:20:27,2025-05-12 09:50:27
20.9300000,96.5690000,10.0000,3.00,ml,,,,,,th_14317_202505120251,2025-05-12T02:51:53.000Z,"Nyaungbingwa, Shan, Myanmar (Burma)",Myanmar,MM,Asia,earthquake,1747018835,1747018313,0,,"20.93,96.57",2025-05-12 02:51:53,2025-05-12 09:21:53
20.0250000,96.3060000,10.0000,4.00,ml,,,,,,ems_202505_1807159,2025-05-11T23:56:36.000Z,"Setkon, Naypyidaw Union Territory, Myanmar (Burma)",Myanmar,MM,Asia,earthquake,1747007805,1747006960,0,,"20.03,96.31",2025-05-11 23:42:40,2025-05-12 06:12:40
19.1120000,96.4580000,9.0000,3.20,ml,,,,,,th_14315_202505112131,2025-05-11T21:31:01.000Z,"Karenchaung, Bago Region, Myanmar (Burma)",Myanmar,MM,Asia,earthquake,1746999452,1746999061,1,,"19.11,96.46",2025-05-11 21:31:01,2025-05-12 04:01:01
20.1260000,98.0400000,10.0000,2.40,ml,,,,,,th_14314_202505111731,2025-05-11T17:31:54.000Z,"Üng-yao, Shan, Myanmar (Burma)",Myanmar,MM,Asia,earthquake,1746985210,1746984714,0,,"20.13,98.04",2025-05-11 17:31:54,2025-05-12 00:01:54
20.0970000,97.7600000,10.0000,2.60,ml,,,,,,th_14313_202505111015,2025-05-11T10:15:46.000Z,"Wān Kongmakpin, Shan, Myanmar (Burma)",Myanmar,MM,Asia,earthquake,1746959010,1746958546,0,,"20.10,97.76",2025-05-11 10:15:46,2025-05-11 16:45:46
18.8740000,96.4530000,10.0000,3.00,ml,,,,,,th_14311_202505110840,2025-05-11T08:40:08.000Z,"Taungoo, Bago Region, Myanmar (Burma)",Myanmar,MM,Asia,earthquake,1746953798,1746952808,0,,"18.87,96.45",2025-05-11 08:40:08,2025-05-11 15:10:08
21.2640000,99.8890000,10.0000,2.80,ml,,,,,,th_14310_202505110227,2025-05-11T02:27:19.000Z,"Wan Hpaya-hkè, Shan, Myanmar (Burma)",Myanmar,MM,Asia,earthquake,1746930982,1746930439,1,,"21.26,99.89",2025-05-11 02:27:19,2025-05-11 08:57:19
20.3620000,98.0470000,10.0000,2.20,ml,,,,,,th_14309_202505110203,2025-05-11T02:03:58.000Z,"Langkho, Shan, Myanmar (Burma)",Myanmar,MM,Asia,earthquake,1746929426,1746929038,0,,"20.36,98.05",2025-05-11 02:03:58,2025-05-11 08:33:58
20.2780000,96.2300000,10.0000,2.60,ml,,,,,,th_14308_202505102127,2025-05-10T21:27:06.000Z,"Nyaung Lunt, Naypyidaw Union Territory, Myanmar (Burma)",Myanmar,MM,Asia,earthquake,1746913100,1746912426,0,,"20.28,96.23",2025-05-10 21:27:06,2025-05-11 03:57:06
21.7660000,96.3990000,10.0000,2.80,ml,,,,,,th_14307_202505102050,2025-05-10T20:50:32.000Z,"Thon-Daung-Ywa-Ma, Mandalay Region, Myanmar (Burma)",Myanmar,MM,Asia,earthquake,1746910921,1746910232,0,,"21.77,96.40",2025-05-10 20:50:32,2025-05-11 03:20:32
21.0120000,96.5440000,10.0000,2.80,ml,,,,,,th_14305_202505101911,2025-05-10T19:11:32.000Z,"Nyaungbingwa, Shan, Myanmar (Burma)",Myanmar,MM,Asia,earthquake,1746904549,1746904292,0,,"21.01,96.54",2025-05-10 19:11:32,2025-05-11 01:41:32
21.1310000,99.7450000,2.0000,2.90,ml,,,,,,th_14304_202505101840,2025-05-10T18:40:08.000Z,"Loi Pang Koi, Shan, Myanmar (Burma)",Myanmar,MM,Asia,earthquake,1746902724,1746902408,0,,"21.13,99.75",2025-05-10 18:40:08,2025-05-11 01:10:08
19.1840000,96.3710000,10.0000,2.90,ml,,,,,,th_14303_202505101636,2025-05-10T16:36:47.000Z,"Yedashe, Bago Region, Myanmar (Burma)",Myanmar,MM,Asia,earthquake,1746895276,1746895007,1,,"19.18,96.37",2025-05-10 16:36:47,2025-05-10 23:06:47
19.9910000,96.2810000,10.0000,2.40,ml,,,,,,th_14302_202505101628,2025-05-10T16:28:02.000Z,"Chaungbya, Naypyidaw Union Territory, Myanmar (Burma)",Myanmar,MM,Asia,earthquake,1746894862,1746894482,0,,"19.99,96.28",2025-05-10 16:28:02,2025-05-10 22:58:02
20.3500000,98.2350000,7.0000,4.00,ml,,,,,,ems_202505_1806624,2025-05-10T12:35:36.000Z,"Na-law, Shan, Myanmar (Burma)",Myanmar,MM,Asia,earthquake,1746880549,1746880169,0,,"20.35,98.24",2025-05-10 12:29:29,2025-05-10 18:59:29
21.6200000,96.3930000,10.0000,3.70,ml,,,,,,th_14300_202505101137,2025-05-10T11:49:35.000Z,"Gwebin, Mandalay Region, Myanmar (Burma)",Myanmar,MM,Asia,earthquake,1746877646,1746877027,0,,"21.62,96.39",2025-05-10 11:37:07,2025-05-10 18:07:07
19.2660000,96.2590000,10.0000,2.70,ml,,,,,,th_14299_202505101039,2025-05-10T10:39:18.000Z,"Swar, Bago Region, Myanmar (Burma)",Myanmar,MM,Asia,earthquake,1746873902,1746873558,0,,"19.27,96.26",2025-05-10 10:39:18,2025-05-10 17:09:18
18.8700000,96.4290000,10.0000,2.40,ml,,,,,,th_14297_202505100701,2025-05-10T07:01:58.000Z,"Taungoo, Bago Region, Myanmar (Burma)",Myanmar,MM,Asia,earthquake,1746860896,1746860518,0,,"18.87,96.43",2025-05-10 07:01:58,2025-05-10 13:31:58
18.0900000,96.1090000,10.0000,3.80,ml,,,,,,th_14296_202505100613,2025-05-10T06:22:04.000Z,"Foucar's, Bago Region, Myanmar (Burma)",Myanmar,MM,Asia,earthquake,1746857949,1746857621,0,,"18.09,96.11",2025-05-10 06:13:41,2025-05-10 12:43:41
20.0460000,97.8380000,10.0000,3.00,ml,,,,,,th_14295_202505100414,2025-05-10T04:14:54.000Z,"Wan Kongpao, Shan, Myanmar (Burma)",Myanmar,MM,Asia,earthquake,1746850835,1746850494,0,,"20.05,97.84",2025-05-10 04:14:54,2025-05-10 10:44:54
19.9960000,98.0390000,5.0000,2.30,ml,,,,,,th_14294_202505100246,2025-05-10T02:46:41.000Z,"Wan Konlang, Shan, Myanmar (Burma)",Myanmar,MM,Asia,earthquake,1746845705,1746845201,0,,"20.00,98.04",2025-05-10 02:46:41,2025-05-10 09:16:41
18.2790000,96.5880000,10.0000,2.50,ml,,,,,,th_14293_202505100157,2025-05-10T01:57:59.000Z,"Ingone, Bago Region, Myanmar (Burma)",Myanmar,MM,Asia,earthquake,1746842811,1746842279,0,,"18.28,96.59",2025-05-10 01:57:59,2025-05-10 08:27:59
20.0650000,98.0200000,10.0000,3.10,ml,,,,,,th_14292_202505100021,2025-05-10T00:21:38.000Z,"Wan Konlang, Shan, Myanmar (Burma)",Myanmar,MM,Asia,earthquake,1746836984,1746836498,0,,"20.07,98.02",2025-05-10 00:21:38,2025-05-10 06:51:38
19.1460000,96.3560000,10.0000,2.90,ml,,,,,,th_14291_202505091956,2025-05-09T19:56:05.000Z,"Yedashe, Bago Region, Myanmar (Burma)",Myanmar,MM,Asia,earthquake,1746821533,1746820565,0,,"19.15,96.36",2025-05-09 19:56:05,2025-05-10 02:26:05
19.7340000,96.5060000,10.0000,2.50,ml,,,,,,th_14290_202505091808,2025-05-09T18:08:25.000Z,"Saungdaung Anauk, Naypyidaw Union Territory, Myanmar (Burma)",Myanmar,MM,Asia,earthquake,1746821306,1746814105,0,,"19.73,96.51",2025-05-09 18:08:25,2025-05-10 00:38:25
20.6380000,99.8320000,10.0000,1.90,ml,,,,,,th_14289_202505091717,2025-05-09T17:17:42.000Z,"Wan Hsenhkampeng, Shan, Myanmar (Burma)",Myanmar,MM,Asia,earthquake,1746821179,1746811062,0,,"20.64,99.83",2025-05-09 17:17:42,2025-05-09 23:47:42
21.2790000,96.2570000,10.0000,3.10,ml,,,,,,th_14287_202505091346,2025-05-09T13:46:34.000Z,"Ywarkhainggyi, Mandalay Region, Myanmar (Burma)",Myanmar,MM,Asia,earthquake,1746800696,1746798394,1,,"21.28,96.26",2025-05-09 13:46:34,2025-05-09 20:16:34
24.7700000,95.2900000,110.0000,4.30,ml,,,,,,in_dGtvd01KL2lJWFNnQnVEM3ZpWFIxZz09,2025-05-09T13:49:34.000Z,"Nyaungbintha, Sagaing Region, Myanmar (Burma)",Myanmar,MM,Asia,earthquake,1746798568,1746797879,0,,"24.77,95.29",2025-05-09 13:37:59,2025-05-09 20:07:59
20.0220000,98.0340000,10.0000,1.90,ml,,,,,,th_14285_202505091146,2025-05-09T11:46:46.000Z,"Wan Konlang, Shan, Myanmar (Burma)",Myanmar,MM,Asia,earthquake,1746791694,1746791206,0,,"20.02,98.03",2025-05-09 11:46:46,2025-05-09 18:16:46
21.4700000,96.2580000,10.0000,3.10,ml,,,,,,th_14284_202505090858,2025-05-09T08:58:38.000Z,"Thanywa, Mandalay Region, Myanmar (Burma)",Myanmar,MM,Asia,earthquake,1746781953,1746781118,0,,"21.47,96.26",2025-05-09 08:58:38,2025-05-09 15:28:38
20.8734000,96.0433000,10.0000,4.40,mb,,,,,,in_aksrK0ZtS05EeG5EZzBPblBZRld5dz09,2025-05-09T14:58:53.000Z,"Thazi, Mandalay Region, Myanmar (Burma)",Myanmar,MM,Asia,earthquake,1746780668,1746779850,1,,"20.87,96.05",2025-05-09 08:37:30,2025-05-09 15:07:30
22.0220000,96.3870000,10.0000,3.60,ml,,,,,,th_14282_202505090832,2025-05-09T08:56:36.000Z,"Anesakhan, Mandalay Region, Myanmar (Burma)",Myanmar,MM,Asia,earthquake,1746780145,1746779555,0,,"22.02,96.39",2025-05-09 08:32:35,2025-05-09 15:02:35
18.1440000,96.7640000,10.0000,4.20,ml,,,,,,ems_202505_1806105,2025-05-09T00:56:35.000Z,"Bogata Auk, Bago Region, Myanmar (Burma)",Myanmar,MM,Asia,earthquake,1746752211,1746751689,0,,"18.14,96.76",2025-05-09 00:48:09,2025-05-09 07:18:09
21.7280000,96.2770000,10.0000,2.90,ml,,,,,,th_14279_202505082300,2025-05-08T23:00:34.000Z,"Hngetkyithaik, Mandalay Region, Myanmar (Burma)",Myanmar,MM,Asia,earthquake,1746745706,1746745234,0,,"21.73,96.28",2025-05-08 23:00:34,2025-05-09 05:30:34
19.6380000,96.1880000,10.0000,2.40,ml,,,,,,th_14278_202505082236,2025-05-08T22:36:33.000Z,"Magyigon, Naypyidaw Union Territory, Myanmar (Burma)",Myanmar,MM,Asia,earthquake,1746744264,1746743793,0,,"19.64,96.19",2025-05-08 22:36:33,2025-05-09 05:06:33
22.0470000,96.4050000,10.0000,3.10,ml,,,,,,th_14277_202505082026,2025-05-08T20:26:12.000Z,"Pyin Oo Lwin, Mandalay Region, Myanmar (Burma)",Myanmar,MM,Asia,earthquake,1746736902,1746735972,0,,"22.05,96.41",2025-05-08 20:26:12,2025-05-09 02:56:12
19.0520000,97.4290000,10.0000,1.70,ml,,,,,,th_14275_202505081900,2025-05-08T19:00:06.000Z,"Ho-hwè-ko-sa-pa, Kayah State, Myanmar (Burma)",Myanmar,MM,Asia,earthquake,1746731745,1746730806,0,,"19.05,97.43",2025-05-08 19:00:06,2025-05-09 01:30:06
19.8030000,96.4020000,10.0000,2.20,ml,,,,,,th_14274_202505081549,2025-05-08T15:49:31.000Z,"Kwedugyi, Naypyidaw Union Territory, Myanmar (Burma)",Myanmar,MM,Asia,earthquake,1746719756,1746719371,0,,"19.80,96.40",2025-05-08 15:49:31,2025-05-08 22:19:31
20.0460000,96.4250000,10.0000,2.30,ml,,,,,,th_14273_202505081532,2025-05-08T15:32:58.000Z,"Thalaing, Naypyidaw Union Territory, Myanmar (Burma)",Myanmar,MM,Asia,earthquake,1746719078,1746718378,0,,"20.05,96.43",2025-05-08 15:32:58,2025-05-08 22:02:58
23.1800000,94.0500000,10.0000,3.60,ml,,,,,,in_eE5uZG1qYmZjNmt0TnNwMkttdE12dz09,2025-05-08T14:21:42.000Z,"Kale, Sagaing Region, Myanmar (Burma)",Myanmar,MM,Asia,earthquake,1746713847,1746713167,0,,"23.18,94.05",2025-05-08 14:06:07,2025-05-08 20:36:07
21.5610000,96.2020000,10.0000,4.10,ml,,,,,,ems_202505_1805781,2025-05-08T08:00:37.000Z,"Kyaukse, Mandalay Region, Myanmar (Burma)",Myanmar,MM,Asia,earthquake,1746691249,1746689924,0,,"21.56,96.20",2025-05-08 07:38:44,2025-05-08 14:08:44
18.0890000,96.7330000,10.0000,2.40,ml,,,,,,th_14271_202505080232,2025-05-08T02:32:14.000Z,"Hinthawè, Bago Region, Myanmar (Burma)",Myanmar,MM,Asia,earthquake,1746672301,1746671534,0,,"18.09,96.73",2025-05-08 02:32:14,2025-05-08 09:02:14
20.9580000,96.3290000,10.0000,2.60,ml,,,,,,th_14268_202505072039,2025-05-07T20:39:31.000Z,"Patchaung, Shan, Myanmar (Burma)",Myanmar,MM,Asia,earthquake,1746650883,1746650371,1,,"20.96,96.33",2025-05-07 20:39:31,2025-05-08 03:09:31
19.3650000,96.5380000,10.0000,2.00,ml,,,,,,th_14267_202505071808,2025-05-07T18:08:08.000Z,"Amayadaung, Kayin State, Myanmar (Burma)",Myanmar,MM,Asia,earthquake,1746641944,1746641288,0,,"19.37,96.54",2025-05-07 18:08:08,2025-05-08 00:38:08
20.0390000,97.9400000,10.0000,1.50,ml,,,,,,th_14266_202505071733,2025-05-07T17:33:46.000Z,"Wan Kongpao, Shan, Myanmar (Burma)",Myanmar,MM,Asia,earthquake,1746639605,1746639226,0,,"20.04,97.94",2025-05-07 17:33:46,2025-05-08 00:03:46
17.4490000,96.2700000,10.0000,2.30,ml,,,,,,th_14265_202505071720,2025-05-07T17:20:07.000Z,"Wanetkon, Yangon Region, Myanmar (Burma)",Myanmar,MM,Asia,earthquake,1746638924,1746638407,0,,"17.45,96.27",2025-05-07 17:20:07,2025-05-07 23:50:07
21.7020000,96.3250000,10.0000,3.00,ml,,,,,,th_14264_202505071600,2025-05-07T16:00:22.000Z,"Hngetkyithaik, Mandalay Region, Myanmar (Burma)",Myanmar,MM,Asia,earthquake,1746637232,1746633622,0,,"21.70,96.33",2025-05-07 16:00:22,2025-05-07 22:30:22
20.9670000,98.0900000,10.0000,2.10,ml,,,,,,th_14263_202505071550,2025-05-07T15:50:01.000Z,"Tatpük, Shan, Myanmar (Burma)",Myanmar,MM,Asia,earthquake,1746633711,1746633001,0,,"20.97,98.09",2025-05-07 15:50:01,2025-05-07 22:20:01
19.7770000,96.4850000,10.0000,2.40,ml,,,,,,th_14262_202505071310,2025-05-07T13:10:09.000Z,"Saungdaung Anauk, Naypyidaw Union Territory, Myanmar (Burma)",Myanmar,MM,Asia,earthquake,1746623967,1746623409,0,,"19.78,96.49",2025-05-07 13:10:09,2025-05-07 19:40:09
18.6350000,96.5720000,10.0000,4.00,ml,,,,,,ems_202505_1805382,2025-05-07T07:42:39.000Z,"Zayatkyi, Bago Region, Myanmar (Burma)",Myanmar,MM,Asia,earthquake,1746603777,1746603325,0,,"18.64,96.57",2025-05-07 07:35:25,2025-05-07 14:05:25
18.6850000,96.3650000,10.0000,3.90,ml,,,,,,th_14260_202505070727,2025-05-07T07:35:36.000Z,"Kywebwe, Bago Region, Myanmar (Burma)",Myanmar,MM,Asia,earthquake,1746603217,1746602868,0,,"18.69,96.37",2025-05-07 07:27:48,2025-05-07 13:57:48
18.7990000,96.5240000,10.0000,3.30,ml,,,,,,th_14259_202505070123,2025-05-07T01:23:00.000Z,"Bomari, Bago Region, Myanmar (Burma)",Myanmar,MM,Asia,earthquake,1746581303,1746580980,0,,"18.80,96.52",2025-05-07 01:23:00,2025-05-07 07:53:00
19.9410000,97.9580000,10.0000,2.10,ml,,,,,,th_14258_202505070058,2025-05-07T00:58:46.000Z,"Ta Ho-pong, Shan, Myanmar (Burma)",Myanmar,MM,Asia,earthquake,1746579855,1746579526,0,,"19.94,97.96",2025-05-07 00:58:46,2025-05-07 07:28:46
20.1490000,97.9020000,10.0000,1.80,ml,,,,,,th_14257_202505062247,2025-05-06T22:47:57.000Z,"Wan Hat, Shan, Myanmar (Burma)",Myanmar,MM,Asia,earthquake,1746572063,1746571677,0,,"20.15,97.90",2025-05-06 22:47:57,2025-05-07 05:17:57
20.0810000,97.8000000,10.0000,3.50,ml,,,,,,th_14255_202505062221,2025-05-06T22:28:41.000Z,"Wan Kongpao, Shan, Myanmar (Burma)",Myanmar,MM,Asia,earthquake,1746570329,1746570079,0,,"20.08,97.80",2025-05-06 22:21:19,2025-05-07 04:51:19
20.0480000,97.8770000,10.0000,2.70,ml,,,,,,th_14254_202505062210,2025-05-06T22:10:19.000Z,"Wan Kongpao, Shan, Myanmar (Burma)",Myanmar,MM,Asia,earthquake,1746569671,1746569419,0,,"20.05,97.88",2025-05-06 22:10:19,2025-05-07 04:40:19
19.3040000,96.2590000,10.0000,2.30,ml,,,,,,th_14253_202505062122,2025-05-06T21:22:29.000Z,"Thagaya, Bago Region, Myanmar (Burma)",Myanmar,MM,Asia,earthquake,1746568440,1746566549,0,,"19.30,96.26",2025-05-06 21:22:29,2025-05-07 03:52:29
19.7850000,96.5020000,10.0000,2.10,ml,,,,,,th_14252_202505062025,2025-05-06T20:25:04.000Z,"Saungdaung Anauk, Naypyidaw Union Territory, Myanmar (Burma)",Myanmar,MM,Asia,earthquake,1746564174,1746563104,0,,"19.79,96.50",2025-05-06 20:25:04,2025-05-07 02:55:04
21.7110000,96.3510000,10.0000,4.40,ml,,,,,,in_VEo2UDlqeVJMUWhaSThyMVVoOHY3dz09,2025-05-06T19:14:48.000Z,"Mandalay, Mandalay Region, Myanmar (Burma)",Myanmar,MM,Asia,earthquake,1746558220,1746557794,1,,"21.92,96.12",2025-05-06 18:56:34,2025-05-07 01:26:34
20.1120000,96.4500000,10.0000,3.20,ml,,,,,,th_14250_202505061727,2025-05-06T17:27:44.000Z,"Kyaunggon, Naypyidaw Union Territory, Myanmar (Burma)",Myanmar,MM,Asia,earthquake,1746552957,1746552464,0,,"20.11,96.45",2025-05-06 17:27:44,2025-05-06 23:57:44
17.0650000,96.1680000,10.0000,2.60,ml,,,,,,th_14249_202505061708,2025-05-06T17:08:12.000Z,"Yangon, Yangon Region, Myanmar (Burma)",Myanmar,MM,Asia,earthquake,1746552686,1746551292,0,,"17.07,96.17",2025-05-06 17:08:12,2025-05-06 23:38:12
20.8960000,96.2870000,10.0000,2.50,ml,,,,,,th_14248_202505061656,2025-05-06T16:56:50.000Z,"Pothanaing, Mandalay Region, Myanmar (Burma)",Myanmar,MM,Asia,earthquake,1746551482,1746550610,0,,"20.90,96.29",2025-05-06 16:56:50,2025-05-06 23:26:50
17.1420000,96.3040000,10.0000,3.70,ml,,,,,,th_14247_202505061625,2025-05-06T16:49:47.000Z,"Za Yet Kwin, Yangon Region, Myanmar (Burma)",Myanmar,MM,Asia,earthquake,1746549949,1746548740,0,,"17.14,96.30",2025-05-06 16:25:40,2025-05-06 22:55:40
19.6810000,96.3920000,10.0000,2.20,ml,,,,,,th_14246_202505061604,2025-05-06T16:04:28.000Z,"Teinpyaung Atet, Naypyidaw Union Territory, Myanmar (Burma)",Myanmar,MM,Asia,earthquake,1746548039,1746547468,0,,"19.68,96.39",2025-05-06 16:04:28,2025-05-06 22:34:28
17.1060000,96.2820000,10.0000,2.90,ml,,,,,,th_14245_202505061510,2025-05-06T15:10:18.000Z,"Za Yet Kwin, Yangon Region, Myanmar (Burma)",Myanmar,MM,Asia,earthquake,1746545091,1746544218,0,,"17.11,96.28",2025-05-06 15:10:18,2025-05-06 21:40:18
19.9680000,98.1590000,10.0000,3.10,ml,,,,,,th_14244_202505061441,2025-05-06T14:41:50.000Z,"Wan Hsa-mu, Shan, Myanmar (Burma)",Myanmar,MM,Asia,earthquake,1746542987,1746542510,0,,"19.97,98.16",2025-05-06 14:41:50,2025-05-06 21:11:50
20.5800000,94.6100000,10.0000,3.80,ml,,,,,,in_MFhIazZVYjZhc3BrZzQ0RXhoUXF6Zz09,2025-05-06T14:26:53.000Z,"Salin, Magway Region, Myanmar (Burma)",Myanmar,MM,Asia,earthquake,1746542072,1746541613,0,,"20.58,94.61",2025-05-06 14:26:53,2025-05-06 20:56:53
19.1780000,96.4560000,10.0000,2.30,ml,,,,,,th_14243_202505061341,2025-05-06T13:41:10.000Z,"Karenchaung, Bago Region, Myanmar (Burma)",Myanmar,MM,Asia,earthquake,1746539461,1746538870,0,,"19.18,96.46",2025-05-06 13:41:10,2025-05-06 20:11:10
19.8630000,97.8610000,10.0000,2.80,ml,,,,,,th_14242_202505061327,2025-05-06T13:27:04.000Z,"Ta Öngmu, Shan, Myanmar (Burma)",Myanmar,MM,Asia,earthquake,1746538595,1746538024,0,,"19.86,97.86",2025-05-06 13:27:04,2025-05-06 19:57:04
20.4080000,97.0200000,10.0000,2.20,ml,,,,,,th_14241_202505060943,2025-05-06T09:43:53.000Z,"Nampan, Shan, Myanmar (Burma)",Myanmar,MM,Asia,earthquake,1746532698,1746524633,0,,"20.41,97.02",2025-05-06 09:43:53,2025-05-06 16:13:53
19.6530000,96.2240000,10.0000,2.60,ml,,,,,,th_14240_202505060649,2025-05-06T06:49:06.000Z,"Hpya-ling, Shan, Myanmar (Burma)",Myanmar,MM,Asia,earthquake,1746514671,1746514146,1,,"20.95,97.20",2025-05-06 06:49:06,2025-05-06 13:19:06
20.2700000,98.0890000,10.0000,2.00,ml,,,,,,th_14239_202505060617,2025-05-06T06:17:04.000Z,"Chueh Chu, Shan, Myanmar (Burma)",Myanmar,MM,Asia,earthquake,1746513097,1746512224,0,,"20.27,98.09",2025-05-06 06:17:04,2025-05-06 12:47:04
20.2400000,98.0720000,10.0000,2.30,ml,,,,,,th_14238_202505060615,2025-05-06T06:15:38.000Z,"Chueh Chu, Shan, Myanmar (Burma)",Myanmar,MM,Asia,earthquake,1746512743,1746512138,0,,"20.24,98.07",2025-05-06 06:15:38,2025-05-06 12:45:38
22.2160000,96.8870000,10.0000,3.30,ml,,,,,,th_14237_202505060341,2025-05-06T03:41:53.000Z,"Kan Gyi, Shan, Myanmar (Burma)",Myanmar,MM,Asia,earthquake,1746503532,1746502913,0,,"22.22,96.89",2025-05-06 03:41:53,2025-05-06 10:11:53
20.0710000,97.8800000,10.0000,2.40,ml,,,,,,th_14236_202505060108,2025-05-06T01:08:02.000Z,"Wan Kongpao, Shan, Myanmar (Burma)",Myanmar,MM,Asia,earthquake,1746494344,1746493682,0,,"20.07,97.88",2025-05-06 01:08:02,2025-05-06 07:38:02
20.2700000,97.6570000,10.0000,2.40,ml,,,,,,th_14235_202505060011,2025-05-06T00:11:21.000Z,"Mawkmai, Shan, Myanmar (Burma)",Myanmar,MM,Asia,earthquake,1746490689,1746490281,0,,"20.27,97.66",2025-05-06 00:11:21,2025-05-06 06:41:21
18.7700000,96.4540000,10.0000,2.60,ml,,,,,,th_14234_202505052102,2025-05-05T21:02:07.000Z,"Bomari, Bago Region, Myanmar (Burma)",Myanmar,MM,Asia,earthquake,1746480227,1746478927,0,,"18.77,96.45",2025-05-05 21:02:07,2025-05-06 03:32:07
19.9710000,96.2650000,10.0000,2.50,ml,,,,,,th_14233_202505052058,2025-05-05T20:58:49.000Z,"Tegon, Naypyidaw Union Territory, Myanmar (Burma)",Myanmar,MM,Asia,earthquake,1746480011,1746478729,0,,"19.97,96.27",2025-05-05 20:58:49,2025-05-06 03:28:49
19.4210000,97.7680000,10.0000,1.60,ml,,,,,,th_14232_202505051939,2025-05-05T19:39:24.000Z,"Hwè-yao, Kayah State, Myanmar (Burma)",Myanmar,MM,Asia,earthquake,1746474459,1746473964,0,,"19.42,97.77",2025-05-05 19:39:24,2025-05-06 02:09:24
19.4140000,96.3180000,10.0000,2.10,ml,,,,,,th_14229_202505051825,2025-05-05T18:25:41.000Z,"Wayonle, Bago Region, Myanmar (Burma)",Myanmar,MM,Asia,earthquake,1746470321,1746469541,0,,"19.41,96.32",2025-05-05 18:25:41,2025-05-06 00:55:41
18.9470000,96.2560000,10.0000,2.20,ml,,,,,,th_14228_202505051822,2025-05-05T18:22:58.000Z,"Gyihauk, Bago Region, Myanmar (Burma)",Myanmar,MM,Asia,earthquake,1746470274,1746469378,0,,"18.95,96.26",2025-05-05 18:22:58,2025-05-06 00:52:58
26.9900000,96.4700000,13.0000,3.50,ml,,,,,,in_UVA3cVE1RVV3Mm9xTnRmVEhzN2IwQT09,2025-05-05T15:14:48.000Z,"Gedu Ga, Kachin, Myanmar (Burma)",Myanmar,MM,Asia,earthquake,1746457723,1746457258,0,,"26.99,96.47",2025-05-05 15:00:58,2025-05-05 21:30:58
18.7720000,96.4430000,10.0000,2.50,ml,,,,,,th_14226_202505051455,2025-05-05T14:55:30.000Z,"Bomari, Bago Region, Myanmar (Burma)",Myanmar,MM,Asia,earthquake,1746457252,1746456930,0,,"18.77,96.44",2025-05-05 14:55:30,2025-05-05 21:25:30
20.0370000,97.8880000,10.0000,2.10,ml,,,,,,th_14225_202505051451,2025-05-05T14:51:57.000Z,"Wan Kongpao, Shan, Myanmar (Burma)",Myanmar,MM,Asia,earthquake,1746457032,1746456717,0,,"20.04,97.89",2025-05-05 14:51:57,2025-05-05 21:21:57
18.8180000,96.9870000,10.0000,1.90,ml,,,,,,th_14224_202505051228,2025-05-05T12:28:28.000Z,"Hoki, Kayin State, Myanmar (Burma)",Myanmar,MM,Asia,earthquake,1746449929,1746448108,0,,"18.82,96.99",2025-05-05 12:28:28,2025-05-05 18:58:28
19.2580000,96.3490000,10.0000,2.90,ml,,,,,,th_14223_202505050151,2025-05-05T01:51:48.000Z,"Sibaing, Bago Region, Myanmar (Burma)",Myanmar,MM,Asia,earthquake,1746410765,1746409908,0,,"19.26,96.35",2025-05-05 01:51:48,2025-05-05 08:21:48
24.5800000,94.8600000,70.0000,3.70,ml,,,,,,in_bGtPZnBRckxuNm15ZCtxUVg4c2ZvUT09,2025-05-05T01:28:34.000Z,"Myene, Sagaing Region, Myanmar (Burma)",Myanmar,MM,Asia,earthquake,1746408225,1746407515,0,,"24.58,94.86",2025-05-05 01:11:55,2025-05-05 07:41:55
19.9400000,97.7470000,5.0000,2.90,ml,,,,,,th_14222_202505042339,2025-05-04T23:39:34.000Z,"Wan Hwè-ya-yung, Shan, Myanmar (Burma)",Myanmar,MM,Asia,earthquake,1746403248,1746401974,0,,"19.94,97.75",2025-05-04 23:39:34,2025-05-05 06:09:34
22.9878000,95.6631000,10.0000,4.80,ml,,,,,,in_L0hZR2k4RVkrU0VUUXNjeENmOSsydz09,2025-05-05T06:42:10.000Z,"Bugon, Sagaing Region, Myanmar (Burma)",Myanmar,MM,Asia,earthquake,1746402052,1746401597,0,,"23.07,95.52",2025-05-04 23:33:17,2025-05-05 06:03:17
19.9400000,97.6190000,5.0000,2.80,ml,,,,,,th_14220_202505042324,2025-05-04T23:24:57.000Z,"Mai-hsa-se, Shan, Myanmar (Burma)",Myanmar,MM,Asia,earthquake,1746401296,1746401097,0,,"19.94,97.62",2025-05-04 23:24:57,2025-05-05 05:54:57
19.6520000,97.8790000,5.0000,2.40,ml,,,,,,th_14219_202505042258,2025-05-04T22:58:12.000Z,"Kiu-neng, Shan, Myanmar (Burma)",Myanmar,MM,Asia,earthquake,1746399743,1746399492,0,,"19.65,97.88",2025-05-04 22:58:12,2025-05-05 05:28:12
20.0760000,98.0670000,10.0000,2.20,ml,,,,,,th_14217_202505042143,2025-05-04T21:43:28.000Z,"Üng-yao, Shan, Myanmar (Burma)",Myanmar,MM,Asia,earthquake,1746395829,1746395008,0,,"20.08,98.07",2025-05-04 21:43:28,2025-05-05 04:13:28
19.9450000,97.7340000,10.0000,2.20,ml,,,,,,th_14215_202505041933,2025-05-04T19:33:03.000Z,"Wan Hwè-ya-yung, Shan, Myanmar (Burma)",Myanmar,MM,Asia,earthquake,1746388062,1746387183,0,,"19.95,97.73",2025-05-04 19:33:03,2025-05-05 02:03:03
19.7910000,96.9820000,10.0000,2.40,ml,,,,,,th_14214_202505041904,2025-05-04T19:04:02.000Z,"Engla, Shan, Myanmar (Burma)",Myanmar,MM,Asia,earthquake,1746386979,1746385442,0,,"19.79,96.98",2025-05-04 19:04:02,2025-05-05 01:34:02
20.1070000,97.8380000,2.0000,3.00,ml,,,,,,th_14213_202505041753,2025-05-04T17:53:13.000Z,"Wan Kongpao, Shan, Myanmar (Burma)",Myanmar,MM,Asia,earthquake,1746381705,1746381193,0,,"20.11,97.84",2025-05-04 17:53:13,2025-05-05 00:23:13
19.8420000,97.8510000,5.0000,2.20,ml,,,,,,th_14218_202505041740,2025-05-04T17:40:09.000Z,"Wan Hwè-ya-yung, Shan, Myanmar (Burma)",Myanmar,MM,Asia,earthquake,1746395913,1746380409,0,,"19.84,97.85",2025-05-04 17:40:09,2025-05-05 00:10:09
19.2170000,96.4560000,16.0000,2.20,ml,,,,,,th_14212_202505041550,2025-05-04T15:50:45.000Z,"Hnawpin, Bago Region, Myanmar (Burma)",Myanmar,MM,Asia,earthquake,1746374408,1746373845,0,,"19.22,96.46",2025-05-04 15:50:45,2025-05-04 22:20:45
18.0950000,95.3070000,76.0000,2.90,ml,,,,,,th_14211_202505041459,2025-05-04T14:59:49.000Z,"Kongyi, Ayeyarwady, Myanmar (Burma)",Myanmar,MM,Asia,earthquake,1746371299,1746370789,0,,"18.10,95.31",2025-05-04 14:59:49,2025-05-04 21:29:49
18.1100000,95.1900000,80.0000,3.10,ml,,,,,,th_14210_202505041404,2025-05-04T14:04:48.000Z,"Hngetkyiwin, Ayeyarwady, Myanmar (Burma)",Myanmar,MM,Asia,earthquake,1746368012,1746367488,0,,"18.11,95.19",2025-05-04 14:04:48,2025-05-04 20:34:48
21.6100000,94.4700000,90.0000,3.90,ml,,,,,,in_ODUzMGcyVThHZmxiSjhNK3ZINDBGUT09,2025-05-04T13:48:50.000Z,"Zee Pyar, Magway Region, Myanmar (Burma)",Myanmar,MM,Asia,earthquake,1746367849,1746366530,0,,"21.61,94.47",2025-05-04 13:48:50,2025-05-04 20:18:50
19.8390000,97.9340000,1.0000,1.70,ml,,,,,,th_14209_202505041230,2025-05-04T12:30:01.000Z,"Pang Tae Waet, Shan, Myanmar (Burma)",Myanmar,MM,Asia,earthquake,1746362032,1746361801,0,,"19.84,97.93",2025-05-04 12:30:01,2025-05-04 19:00:01
19.9360000,97.9460000,10.0000,2.20,ml,,,,,,th_14208_202505041158,2025-05-04T11:58:58.000Z,"Ta Ho-pong, Shan, Myanmar (Burma)",Myanmar,MM,Asia,earthquake,1746360487,1746359938,1,,"19.94,97.95",2025-05-04 11:58:58,2025-05-04 18:28:58
19.4400000,96.3320000,10.0000,2.50,ml,,,,,,th_14207_202505041154,2025-05-04T11:54:35.000Z,"Wayonle, Bago Region, Myanmar (Burma)",Myanmar,MM,Asia,earthquake,1746360389,1746359675,0,,"19.44,96.33",2025-05-04 11:54:35,2025-05-04 18:24:35
19.7830000,96.4770000,10.0000,2.50,ml,,,,,,th_14206_202505041149,2025-05-04T11:49:22.000Z,"Saungdaung Anauk, Naypyidaw Union Territory, Myanmar (Burma)",Myanmar,MM,Asia,earthquake,1746360240,1746359362,0,,"19.78,96.48",2025-05-04 11:49:22,2025-05-04 18:19:22
20.6710000,97.8170000,1.0000,2.60,ml,,,,,,th_14205_202505041005,2025-05-04T10:05:35.000Z,"Hai Hpak, Shan, Myanmar (Burma)",Myanmar,MM,Asia,earthquake,1746354780,1746353135,0,,"20.67,97.82",2025-05-04 10:05:35,2025-05-04 16:35:35
19.9320000,97.7770000,2.0000,2.70,ml,,,,,,th_14204_202505040813,2025-05-04T08:13:34.000Z,"Wan Hwè-ya-yung, Shan, Myanmar (Burma)",Myanmar,MM,Asia,earthquake,1746346621,1746346414,0,,"19.93,97.78",2025-05-04 08:13:34,2025-05-04 14:43:34
20.0970000,97.8830000,1.0000,2.90,ml,,,,,,th_14203_202505040158,2025-05-04T01:58:50.000Z,"Shan, Myanmar (Burma)",Myanmar,MM,Asia,earthquake,1746324314,1746323930,1,,"20.10,97.88",2025-05-04 01:58:50,2025-05-04 08:28:50
18.9170000,97.5050000,2.0000,2.10,ml,,,,,,th_14202_202505040015,2025-05-04T00:15:02.000Z,"Loi Mun, Kayah State, Myanmar (Burma)",Myanmar,MM,Asia,earthquake,1746318244,1746317702,0,,"18.92,97.51",2025-05-04 00:15:02,2025-05-04 06:45:02
21.7770000,96.2420000,10.0000,3.40,ml,,,,,,th_14198_202505032015,2025-05-03T20:15:11.000Z,"Thon-Daung-Ywa-Ma, Mandalay Region, Myanmar (Burma)",Myanmar,MM,Asia,earthquake,1746303634,1746303311,0,,"21.78,96.24",2025-05-03 20:15:11,2025-05-04 02:45:11
22.0350000,96.4960000,10.0000,2.90,ml,,,,,,th_14197_202505031839,2025-05-03T18:39:24.000Z,"Pyin Oo Lwin, Mandalay Region, Myanmar (Burma)",Myanmar,MM,Asia,earthquake,1746297865,1746297564,0,,"22.04,96.50",2025-05-03 18:39:24,2025-05-04 01:09:24
19.9650000,97.6670000,7.0000,2.50,ml,,,,,,th_14196_202505031447,2025-05-03T14:47:53.000Z,"Wan Panglu, Shan, Myanmar (Burma)",Myanmar,MM,Asia,earthquake,1746283947,1746283673,0,,"19.97,97.67",2025-05-03 14:47:53,2025-05-03 21:17:53
20.0340000,97.8980000,10.0000,2.00,ml,,,,,,th_14195_202505031443,2025-05-03T14:43:13.000Z,"Wan Kongpao, Shan, Myanmar (Burma)",Myanmar,MM,Asia,earthquake,1746283754,1746283393,1,,"20.03,97.90",2025-05-03 14:43:13,2025-05-03 21:13:13
19.9870000,97.9700000,10.0000,2.00,ml,,,,,,th_14194_202505031210,2025-05-03T12:10:00.000Z,"Ta Ho-pong, Shan, Myanmar (Burma)",Myanmar,MM,Asia,earthquake,1746274516,1746274200,1,,"19.99,97.97",2025-05-03 12:10:00,2025-05-03 18:40:00
19.2390000,96.2050000,10.0000,3.10,ml,,,,,,th_14193_202505031159,2025-05-03T11:59:01.000Z,"Baungdok, Bago Region, Myanmar (Burma)",Myanmar,MM,Asia,earthquake,1746273937,1746273541,0,,"19.24,96.21",2025-05-03 11:59:01,2025-05-03 18:29:01
19.2530000,96.2340000,10.0000,2.40,ml,,,,,,th_14192_202505031143,2025-05-03T11:43:05.000Z,"Swar, Bago Region, Myanmar (Burma)",Myanmar,MM,Asia,earthquake,1746272918,1746272585,0,,"19.25,96.23",2025-05-03 11:43:05,2025-05-03 18:13:05
18.7190000,96.4020000,10.0000,2.40,ml,,,,,,th_14190_202505030959,2025-05-03T09:59:38.000Z,"Kywebwe, Bago Region, Myanmar (Burma)",Myanmar,MM,Asia,earthquake,1746266839,1746266378,0,,"18.72,96.40",2025-05-03 09:59:38,2025-05-03 16:29:38
19.1650000,97.1100000,10.0000,2.30,ml,,,,,,th_14189_202505030915,2025-05-03T09:15:58.000Z,"He-sa-hku, Kayah State, Myanmar (Burma)",Myanmar,MM,Asia,earthquake,1746266794,1746263758,0,,"19.17,97.11",2025-05-03 09:15:58,2025-05-03 15:45:58
19.2350000,96.3830000,10.0000,2.60,ml,,,,,,th_14188_202505030600,2025-05-03T06:00:30.000Z,"Sibaing, Bago Region, Myanmar (Burma)",Myanmar,MM,Asia,earthquake,1746252385,1746252030,0,,"19.24,96.38",2025-05-03 06:00:30,2025-05-03 12:30:30
19.7350000,96.2190000,10.0000,2.80,ml,,,,,,th_14186_202505030117,2025-05-03T01:17:00.000Z,"Pyinmana, Naypyidaw Union Territory, Myanmar (Burma)",Myanmar,MM,Asia,earthquake,1746235396,1746235020,0,,"19.74,96.22",2025-05-03 01:17:00,2025-05-03 07:47:00
20.8820000,98.6700000,10.0000,2.60,ml,,,,,,th_14184_202505022009,2025-05-02T20:09:41.000Z,"Möng Pu, Shan, Myanmar (Burma)",Myanmar,MM,Asia,earthquake,1746217101,1746216581,0,,"20.88,98.67",2025-05-02 20:09:41,2025-05-03 02:39:41
19.0640000,96.4460000,10.0000,3.00,ml,,,,,,th_14183_202505022003,2025-05-02T20:03:59.000Z,"Kaytumati, Bago Region, Myanmar (Burma)",Myanmar,MM,Asia,earthquake,1746217048,1746216239,0,,"19.06,96.45",2025-05-02 20:03:59,2025-05-03 02:33:59
20.0470000,97.9370000,10.0000,1.60,ml,,,,,,th_14180_202505021749,2025-05-02T17:49:20.000Z,"Wan Kongpao, Shan, Myanmar (Burma)",Myanmar,MM,Asia,earthquake,1746208443,1746208160,0,,"20.05,97.94",2025-05-02 17:49:20,2025-05-03 00:19:20
21.6670000,96.5270000,10.0000,2.80,ml,,,,,,th_14179_202505021733,2025-05-02T17:33:18.000Z,"Gwebin, Mandalay Region, Myanmar (Burma)",Myanmar,MM,Asia,earthquake,1746208272,1746207198,0,,"21.67,96.53",2025-05-02 17:33:18,2025-05-03 00:03:18
19.8270000,97.9860000,10.0000,1.40,ml,,,,,,th_14178_202505021733,2025-05-02T17:33:01.000Z,"Pang Tae Waet, Shan, Myanmar (Burma)",Myanmar,MM,Asia,earthquake,1746208083,1746207181,0,,"19.83,97.99",2025-05-02 17:33:01,2025-05-03 00:03:01
17.2200000,96.1510000,10.0000,3.10,ml,,,,,,th_14177_202505021515,2025-05-02T15:15:51.000Z,"Si Sone Kone, Yangon Region, Myanmar (Burma)",Myanmar,MM,Asia,earthquake,1746199609,1746198951,0,,"17.22,96.15",2025-05-02 15:15:51,2025-05-02 21:45:51
22.0170000,96.8960000,10.0000,2.70,ml,,,,,,th_14176_202505021441,2025-05-02T14:41:09.000Z,"Nam-maw-lon, Shan, Myanmar (Burma)",Myanmar,MM,Asia,earthquake,1746198251,1746196869,0,,"22.02,96.90",2025-05-02 14:41:09,2025-05-02 21:11:09
21.9600000,96.2800000,10.0000,4.00,ml,,,,,,ems_202505_1803105,2025-05-02T11:21:40.000Z,"Thon-Daung-Ywa-Ma, Mandalay Region, Myanmar (Burma)",Myanmar,MM,Asia,earthquake,1746184914,1746183844,0,,"21.96,96.28",2025-05-02 11:04:04,2025-05-02 17:34:04
18.7570000,96.6040000,10.0000,2.10,ml,,,,,,th_14174_202505020717,2025-05-02T07:17:27.000Z,"Alesengyaung, Kayin State, Myanmar (Burma)",Myanmar,MM,Asia,earthquake,1746170565,1746170247,0,,"18.76,96.60",2025-05-02 07:17:27,2025-05-02 13:47:27
18.8080000,96.6540000,10.0000,2.60,ml,,,,,,th_14173_202505020355,2025-05-02T03:55:56.000Z,"Alesengyaung, Kayin State, Myanmar (Burma)",Myanmar,MM,Asia,earthquake,1746160089,1746158156,0,,"18.81,96.65",2025-05-02 03:55:56,2025-05-02 10:25:56
21.8620000,96.3880000,10.0000,3.90,ml,,,,,,th_14171_202505020153,2025-05-02T02:07:42.000Z,"Pyin Sar, Mandalay Region, Myanmar (Burma)",Myanmar,MM,Asia,earthquake,1746151388,1746150780,0,,"21.86,96.39",2025-05-02 01:53:00,2025-05-02 08:23:00
18.6270000,96.4240000,10.0000,2.00,ml,,,,,,th_14170_202505012016,2025-05-01T20:16:56.000Z,"Nyaung Chay Htauk, Bago Region, Myanmar (Burma)",Myanmar,MM,Asia,earthquake,1746130967,1746130616,0,,"18.63,96.42",2025-05-01 20:16:56,2025-05-02 02:46:56
20.9630000,96.3300000,10.0000,3.10,ml,,,,,,th_14169_202505011950,2025-05-01T19:50:44.000Z,"Patchaung, Shan, Myanmar (Burma)",Myanmar,MM,Asia,earthquake,1746129589,1746129044,0,,"20.96,96.33",2025-05-01 19:50:44,2025-05-02 02:20:44
18.8810000,95.5970000,10.0000,2.90,ml,,,,,,th_14167_202505011603,2025-05-01T16:03:16.000Z,"Kywetabaung, Bago Region, Myanmar (Burma)",Myanmar,MM,Asia,earthquake,1746115817,1746115396,0,,"18.88,95.60",2025-05-01 16:03:16,2025-05-01 22:33:16
21.8820000,96.3460000,5.0000,3.20,ml,,,,,,th_14166_202505011544,2025-05-01T15:44:24.000Z,"Yatanarpon Cyber City, Mandalay Region, Myanmar (Burma)",Myanmar,MM,Asia,earthquake,1746115090,1746114264,0,,"21.88,96.35",2025-05-01 15:44:24,2025-05-01 22:14:24
19.1930000,96.1420000,10.0000,2.20,ml,,,,,,th_14165_202505011510,2025-05-01T15:10:54.000Z,"Mayogon, Bago Region, Myanmar (Burma)",Myanmar,MM,Asia,earthquake,1746112639,1746112254,0,,"19.19,96.14",2025-05-01 15:10:54,2025-05-01 21:40:54
19.9190000,96.1370000,10.0000,2.30,ml,,,,,,th_14164_202505011436,2025-05-01T14:36:46.000Z,"Pobba Thiri, Naypyidaw Union Territory, Myanmar (Burma)",Myanmar,MM,Asia,earthquake,1746110861,1746110206,0,,"19.92,96.14",2025-05-01 14:36:46,2025-05-01 21:06:46
19.2310000,96.5120000,10.0000,2.10,ml,,,,,,th_14162_202505011401,2025-05-01T14:01:27.000Z,"Pebo, Kayin State, Myanmar (Burma)",Myanmar,MM,Asia,earthquake,1746108383,1746108087,0,,"19.23,96.51",2025-05-01 14:01:27,2025-05-01 20:31:27
19.2100000,96.4020000,10.0000,2.30,ml,,,,,,th_14161_202505011310,2025-05-01T13:10:12.000Z,"Hnawpin, Bago Region, Myanmar (Burma)",Myanmar,MM,Asia,earthquake,1746105392,1746105012,1,,"19.21,96.40",2025-05-01 13:10:12,2025-05-01 19:40:12
23.2300000,94.0800000,30.0000,3.40,ml,,,,,,in_NmxEcTRvWUZVenhranlyTHZrLzI1UT09,2025-05-01T08:21:31.000Z,"Kale, Chin State, Myanmar (Burma)",Myanmar,MM,Asia,earthquake,1746087305,1746086852,0,,"23.23,94.08",2025-05-01 08:07:32,2025-05-01 14:37:32
20.2950000,96.1150000,10.0000,3.30,ml,,,,,,th_14159_202505010641,2025-05-01T06:41:48.000Z,"Inbingyi, Mandalay Region, Myanmar (Burma)",Myanmar,MM,Asia,earthquake,1746083128,1746081708,0,,"20.30,96.12",2025-05-01 06:41:48,2025-05-01 13:11:48
20.9930000,99.0430000,10.0000,2.50,ml,,,,,,th_14158_202505010538,2025-05-01T05:38:17.000Z,"Mongkyet, Shan, Myanmar (Burma)",Myanmar,MM,Asia,earthquake,1746078262,1746077897,0,,"20.99,99.04",2025-05-01 05:38:17,2025-05-01 12:08:17
20.7360000,96.9510000,10.0000,3.10,ml,,,,,,th_14157_202505010515,2025-05-01T05:15:18.000Z,"Ayetharyar, Shan, Myanmar (Burma)",Myanmar,MM,Asia,earthquake,1746076874,1746076518,0,,"20.74,96.95",2025-05-01 05:15:18,2025-05-01 11:45:18
19.1420000,95.9050000,10.0000,2.40,ml,,,,,,th_14417_202505192011,2025-05-19T20:11:42.000Z,"Aungtha Tè, Bago Region, Myanmar (Burma)",Myanmar,MM,Asia,earthquake,1747685937,1747685502,0,,"19.14,95.91",2025-05-19 20:11:42,2025-05-20 02:41:42
19.0130000,96.5310000,10.0000,2.60,ml,,,,,,th_14416_202505191621,2025-05-19T16:21:34.000Z,"Kanbin, Bago Region, Myanmar (Burma)",Myanmar,MM,Asia,earthquake,1747672165,1747671694,0,,"19.01,96.53",2025-05-19 16:21:34,2025-05-19 22:51:34
22.2430000,96.5460000,10.0000,3.20,ml,,,,,,th_14415_202505191543,2025-05-19T15:43:46.000Z,"Zarli, Shan, Myanmar (Burma)",Myanmar,MM,Asia,earthquake,1747670082,1747669426,0,,"22.24,96.55",2025-05-19 15:43:46,2025-05-19 22:13:46
21.0200000,99.4020000,10.0000,2.40,ml,,,,,,th_14414_202505191110,2025-05-19T11:10:04.000Z,"Wan Na-hsai, Shan, Myanmar (Burma)",Myanmar,MM,Asia,earthquake,1747653382,1747653004,0,,"21.02,99.40",2025-05-19 11:10:04,2025-05-19 17:40:04
23.1410000,98.9050000,10.0000,3.40,ml,,,,,,th_14413_202505190927,2025-05-19T09:27:31.000Z,"Man Hleik, Shan, Myanmar (Burma)",Myanmar,MM,Asia,earthquake,1747647511,1747646851,0,,"23.14,98.91",2025-05-19 09:27:31,2025-05-19 15:57:31
22.2350000,96.4990000,10.0000,3.10,ml,,,,,,th_14412_202505190441,2025-05-19T04:41:46.000Z,"Nga Bin, Shan, Myanmar (Burma)",Myanmar,MM,Asia,earthquake,1747630184,1747629706,0,,"22.24,96.50",2025-05-19 04:41:46,2025-05-19 11:11:46
21.1770000,96.3360000,10.0000,3.10,ml,,,,,,th_14411_202505190417,2025-05-19T04:17:46.000Z,"Kanze, Mandalay Region, Myanmar (Burma)",Myanmar,MM,Asia,earthquake,1747628811,1747628266,0,,"21.18,96.34",2025-05-19 04:17:46,2025-05-19 10:47:46
21.1550000,99.3130000,10.0000,2.40,ml,,,,,,th_14408_202505182156,2025-05-18T21:56:11.000Z,"Mawnkak, Shan, Myanmar (Burma)",Myanmar,MM,Asia,earthquake,1747606084,1747605371,0,,"21.16,99.31",2025-05-18 21:56:11,2025-05-19 04:26:11
21.7510000,96.3870000,10.0000,2.90,ml,,,,,,th_14407_202505181929,2025-05-18T19:29:58.000Z,"Hngetkyithaik, Mandalay Region, Myanmar (Burma)",Myanmar,MM,Asia,earthquake,1747597593,1747596598,0,,"21.75,96.39",2025-05-18 19:29:58,2025-05-19 01:59:58
19.0850000,93.3987000,8.9000,5.00,ml,,,,,,gfz2025jrua,2025-05-19T06:29:55.000Z,Myanmar (Burma),Myanmar,MM,Asia,earthquake,1747596305,1747595721,0,,"19.09,93.42",2025-05-18 19:15:21,2025-05-19 01:45:21
18.7840000,96.7210000,10.0000,1.90,ml,,,,,,th_14405_202505181836,2025-05-18T18:36:51.000Z,"Kolu, Kayin State, Myanmar (Burma)",Myanmar,MM,Asia,earthquake,1747593966,1747593411,0,,"18.78,96.72",2025-05-18 18:36:51,2025-05-19 01:06:51
19.4260000,96.4880000,10.0000,2.10,ml,,,,,,th_14404_202505181826,2025-05-18T18:26:20.000Z,"Amayadaung, Kayin State, Myanmar (Burma)",Myanmar,MM,Asia,earthquake,1747593420,1747592780,0,,"19.43,96.49",2025-05-18 18:26:20,2025-05-19 00:56:20
19.0820000,96.4070000,10.0000,3.00,ml,,,,,,th_14403_202505181756,2025-05-18T17:56:11.000Z,"Kyun Kone, Bago Region, Myanmar (Burma)",Myanmar,MM,Asia,earthquake,1747591456,1747590971,0,,"19.08,96.41",2025-05-18 17:56:11,2025-05-19 00:26:11
21.6700000,93.9100000,40.0000,3.90,ml,,,,,,in_ZGpwWnZ0VlZrM2lCZEM5TGpySUt2Zz09,2025-05-18T17:37:58.000Z,"Ridwi, Chin State, Myanmar (Burma)",Myanmar,MM,Asia,earthquake,1747590625,1747589878,0,,"21.67,93.91",2025-05-18 17:37:58,2025-05-19 00:07:58
20.1410000,96.3010000,10.0000,2.60,ml,,,,,,th_14399_202505181144,2025-05-18T11:44:51.000Z,"Kyatpye, Naypyidaw Union Territory, Myanmar (Burma)",Myanmar,MM,Asia,earthquake,1747569325,1747568691,0,,"20.14,96.30",2025-05-18 11:44:51,2025-05-18 18:14:51
18.8100000,96.5760000,10.0000,2.40,ml,,,,,,th_14398_202505181125,2025-05-18T11:25:16.000Z,"Bomari, Bago Region, Myanmar (Burma)",Myanmar,MM,Asia,earthquake,1747568169,1747567516,0,,"18.81,96.58",2025-05-18 11:25:16,2025-05-18 17:55:16
22.0250000,96.7160000,10.0000,3.80,ml,,,,,,th_14397_202505181118,2025-05-18T11:35:37.000Z,"Pazunseik, Mandalay Region, Myanmar (Burma)",Myanmar,MM,Asia,earthquake,1747567874,1747567114,0,,"22.03,96.72",2025-05-18 11:18:34,2025-05-18 17:48:34
18.1620000,97.4500000,10.0000,1.70,ml,,,,,,th_14396_202505181049,2025-05-18T10:49:11.000Z,"Moseido, Kayin State, Myanmar (Burma)",Myanmar,MM,Asia,earthquake,1747567784,1747565351,0,,"18.16,97.45",2025-05-18 10:49:11,2025-05-18 17:19:11
18.5560000,96.6060000,10.0000,2.50,ml,,,,,,th_14395_202505180841,2025-05-18T08:41:32.000Z,"Mon, Bago Region, Myanmar (Burma)",Myanmar,MM,Asia,earthquake,1747558122,1747557692,0,,"18.56,96.61",2025-05-18 08:41:32,2025-05-18 15:11:32
20.7170000,96.2950000,10.0000,3.30,ml,,,,,,th_14394_202505180458,2025-05-18T04:58:05.000Z,"Yin Mar Bin, Mandalay Region, Myanmar (Burma)",Myanmar,MM,Asia,earthquake,1747544840,1747544285,0,,"20.72,96.30",2025-05-18 04:58:05,2025-05-18 11:28:05
21.8600000,96.5220000,10.0000,3.30,ml,,,,,,th_14393_202505180404,2025-05-18T04:04:39.000Z,"Lema, Mandalay Region, Myanmar (Burma)",Myanmar,MM,Asia,earthquake,1747541694,1747541079,0,,"21.86,96.52",2025-05-18 04:04:39,2025-05-18 10:34:39
19.1200000,96.6750000,10.0000,2.30,ml,,,,,,th_14391_202505180303,2025-05-18T03:03:41.000Z,"Than Daung Gyi, Kayin State, Myanmar (Burma)",Myanmar,MM,Asia,earthquake,1747537894,1747537421,0,,"19.12,96.68",2025-05-18 03:03:41,2025-05-18 09:33:41
19.5590000,97.7370000,10.0000,1.90,ml,,,,,,th_14390_202505172253,2025-05-17T22:53:53.000Z,"Daw Pawtu, Kayah State, Myanmar (Burma)",Myanmar,MM,Asia,earthquake,1747522877,1747522433,0,,"19.56,97.74",2025-05-17 22:53:53,2025-05-18 05:23:53
20.3090000,98.2930000,10.0000,1.90,ml,,,,,,th_14388_202505171942,2025-05-17T19:42:21.000Z,"Mongpan, Shan, Myanmar (Burma)",Myanmar,MM,Asia,earthquake,1747511960,1747510941,1,,"20.31,98.29",2025-05-17 19:42:21,2025-05-18 02:12:21
21.0180000,99.8160000,10.0000,2.40,ml,,,,,,th_14387_202505171721,2025-05-17T17:21:51.000Z,"Wan Mu-hsö Hsensawmawng, Shan, Myanmar (Burma)",Myanmar,MM,Asia,earthquake,1747502981,1747502511,0,,"21.02,99.82",2025-05-17 17:21:51,2025-05-17 23:51:51
19.6810000,96.1750000,10.0000,2.80,ml,,,,,,th_14386_202505171656,2025-05-17T16:56:35.000Z,"Thayetkon, Naypyidaw Union Territory, Myanmar (Burma)",Myanmar,MM,Asia,earthquake,1747501433,1747500995,0,,"19.68,96.18",2025-05-17 16:56:35,2025-05-17 23:26:35
21.3995000,96.0381000,10.0000,5.10,mww,235,25,1.063,0.53,us,gfz2025jprx,2025-05-20T14:57:35.507Z,"Kyaukse, Burma (Myanmar)","24km SSW of Kyaukse, Burma (Myanmar)",MM,Asia,earthquake,1747497749,1747497287,0,,"21.35,96.01",2025-05-17 15:54:47,2025-05-17 22:24:47
21.0600000,96.5160000,10.0000,2.70,ml,,,,,,th_14384_202505171221,2025-05-17T12:21:08.000Z,"Myaing, Shan, Myanmar (Burma)",Myanmar,MM,Asia,earthquake,1747484930,1747484468,0,,"21.06,96.52",2025-05-17 12:21:08,2025-05-17 18:51:08
22.6230000,96.1250000,10.0000,3.30,ml,,,,,,th_14383_202505170854,2025-05-17T08:54:49.000Z,"Kokko, Mandalay Region, Myanmar (Burma)",Myanmar,MM,Asia,earthquake,1747472909,1747472089,0,,"22.62,96.13",2025-05-17 08:54:49,2025-05-17 15:24:49
22.6310000,96.3630000,10.0000,3.80,ml,,,,,,th_14381_202505170355,2025-05-17T04:14:35.000Z,"Pang Kit, Shan, Myanmar (Burma)",Myanmar,MM,Asia,earthquake,1747454905,1747454118,0,,"22.63,96.36",2025-05-17 03:55:18,2025-05-17 10:25:18
19.0750000,96.5820000,10.0000,2.70,ml,,,,,,th_14379_202505162148,2025-05-16T21:48:27.000Z,"Thandaung, Kayin State, Myanmar (Burma)",Myanmar,MM,Asia,earthquake,1747432790,1747432107,0,,"19.08,96.58",2025-05-16 21:48:27,2025-05-17 04:18:27
21.1000000,99.8580000,10.0000,2.10,ml,,,,,,th_14378_202505162049,2025-05-16T20:49:31.000Z,"Yangka, Shan, Myanmar (Burma)",Myanmar,MM,Asia,earthquake,1747429119,1747428571,1,,"21.10,99.86",2025-05-16 20:49:31,2025-05-17 03:19:31
22.0350000,96.2650000,10.0000,3.00,ml,,,,,,th_14377_202505161936,2025-05-16T19:36:49.000Z,"Yetaw, Mandalay Region, Myanmar (Burma)",Myanmar,MM,Asia,earthquake,1747424713,1747424209,0,,"22.04,96.27",2025-05-16 19:36:49,2025-05-17 02:06:49
19.8930000,97.8740000,10.0000,1.70,ml,,,,,,th_14375_202505161334,2025-05-16T13:34:53.000Z,"Ta Öngmu, Shan, Myanmar (Burma)",Myanmar,MM,Asia,earthquake,1747403079,1747402493,0,,"19.89,97.87",2025-05-16 13:34:53,2025-05-16 20:04:53
21.7250000,96.6410000,10.0000,2.70,ml,,,,,,th_14374_202505161108,2025-05-16T11:08:12.000Z,"Zayitke, Mandalay Region, Myanmar (Burma)",Myanmar,MM,Asia,earthquake,1747394384,1747393692,0,,"21.73,96.64",2025-05-16 11:08:12,2025-05-16 17:38:12
18.7510000,96.6530000,10.0000,2.30,ml,,,,,,th_14373_202505160846,2025-05-16T08:46:02.000Z,"Alesengyaung, Kayin State, Myanmar (Burma)",Myanmar,MM,Asia,earthquake,1747385506,1747385162,0,,"18.75,96.65",2025-05-16 08:46:02,2025-05-16 15:16:02
26.0400000,95.4800000,60.0000,3.50,ml,,,,,,in_VThTTFdlYkNSbnJETzd1YisrZ2NlZz09,2025-05-16T05:42:31.000Z,"Hintiu, Sagaing Region, Myanmar (Burma)",Myanmar,MM,Asia,earthquake,1747373873,1747373039,0,,"26.04,95.48",2025-05-16 05:23:59,2025-05-16 11:53:59
18.9010000,97.4290000,3.0000,2.90,ml,,,,,,th_14369_202505152108,2025-05-15T21:08:44.000Z,"Loi Mun, Kayah State, Myanmar (Burma)",Myanmar,MM,Asia,earthquake,1747343928,1747343324,0,,"18.90,97.43",2025-05-15 21:08:44,2025-05-16 03:38:44
18.9310000,97.6450000,1.0000,1.90,ml,,,,,,th_14368_202505152103,2025-05-15T21:03:46.000Z,"Watak, Kayah State, Myanmar (Burma)",Myanmar,MM,Asia,earthquake,1747343695,1747343026,0,,"18.93,97.65",2025-05-15 21:03:46,2025-05-16 03:33:46
19.8990000,97.9090000,2.0000,1.70,ml,,,,,,th_14367_202505152051,2025-05-15T20:51:44.000Z,Langhko Township,Myanmar,MM,Asia,earthquake,1747342930,1747342304,0,,"19.90,97.91",2025-05-15 20:51:44,2025-05-16 03:21:44
18.4440000,96.4530000,10.0000,2.80,ml,,,,,,th_14365_202505151834,2025-05-15T18:34:24.000Z,"Phyu, Bago Region, Myanmar (Burma)",Myanmar,MM,Asia,earthquake,1747334330,1747334064,0,,"18.44,96.45",2025-05-15 18:34:24,2025-05-16 01:04:24
19.8170000,98.0320000,10.0000,2.10,ml,,,,,,th_14364_202505151715,2025-05-15T17:15:29.000Z,"Loikwang, Shan, Myanmar (Burma)",Myanmar,MM,Asia,earthquake,1747329638,1747329329,0,,"19.82,98.03",2025-05-15 17:15:29,2025-05-15 23:45:29
23.3220000,95.8720000,10.0000,3.40,ml,,,,,,th_14363_202505151520,2025-05-15T15:20:10.000Z,"Ngayinbyo, Sagaing Region, Myanmar (Burma)",Myanmar,MM,Asia,earthquake,1747324300,1747322410,0,,"23.32,95.87",2025-05-15 15:20:10,2025-05-15 21:50:10
19.2660000,96.4840000,10.0000,2.30,ml,,,,,,th_14362_202505151447,2025-05-15T14:47:14.000Z,"Pebo, Kayin State, Myanmar (Burma)",Myanmar,MM,Asia,earthquake,1747320786,1747320434,0,,"19.27,96.48",2025-05-15 14:47:14,2025-05-15 21:17:14
20.1890000,98.0330000,10.0000,2.00,ml,,,,,,th_14361_202505150847,2025-05-15T08:47:46.000Z,"Wan Mawngkawk, Shan, Myanmar (Burma)",Myanmar,MM,Asia,earthquake,1747299699,1747298866,0,,"20.19,98.03",2025-05-15 08:47:46,2025-05-15 15:17:46
26.6700000,96.1700000,10.0000,3.30,ml,,,,,,in_T2pqZ29xMzlmS21QQkF1UWRYVFdYQT09,2025-05-15T08:21:35.000Z,"Shin Bway Yang, Kachin, Myanmar (Burma)",Myanmar,MM,Asia,earthquake,1747297094,1747296061,0,,"26.67,96.17",2025-05-15 08:01:01,2025-05-15 14:31:01
21.8850000,96.7730000,10.0000,3.90,ml,,,,,,th_14360_202505150718,2025-05-15T07:35:54.000Z,"Kontha, Mandalay Region, Myanmar (Burma)",Myanmar,MM,Asia,earthquake,1747294377,1747293525,0,,"21.89,96.77",2025-05-15 07:18:45,2025-05-15 13:48:45
19.2540000,96.3050000,10.0000,3.00,ml,,,,,,th_14359_202505150208,2025-05-15T02:08:06.000Z,"Swar, Bago Region, Myanmar (Burma)",Myanmar,MM,Asia,earthquake,1747275500,1747274886,0,,"19.25,96.31",2025-05-15 02:08:06,2025-05-15 08:38:06
26.9700000,95.8000000,10.0000,3.40,ml,,,,,,in_NitUR2RZTnd0YWdVOWlCNmZRQzdDUT09,2025-05-15T00:28:36.000Z,"Don Hee, Sagaing Region, Myanmar (Burma)",Myanmar,MM,Asia,earthquake,1747268745,1747268183,0,,"26.97,95.80",2025-05-15 00:16:23,2025-05-15 06:46:23
19.9730000,97.9100000,10.0000,2.20,ml,,,,,,th_14358_202505150005,2025-05-15T00:05:00.000Z,"Ta Ho-pong, Shan, Myanmar (Burma)",Myanmar,MM,Asia,earthquake,1747275389,1747267500,0,,"19.97,97.91",2025-05-15 00:05:00,2025-05-15 06:35:00
22.2480000,96.0580000,10.0000,3.20,ml,,,,,,th_14357_202505142258,2025-05-14T22:58:26.000Z,"Mwe Tha Laing, Mandalay Region, Myanmar (Burma)",Myanmar,MM,Asia,earthquake,1747264333,1747263506,0,,"22.25,96.06",2025-05-14 22:58:26,2025-05-15 05:28:26
19.8820000,98.0440000,4.0000,1.70,ml,,,,,,th_14356_202505142213,2025-05-14T22:13:56.000Z,"Wan Nawnghsem, Shan, Myanmar (Burma)",Myanmar,MM,Asia,earthquake,1747261398,1747260836,0,,"19.88,98.04",2025-05-14 22:13:56,2025-05-15 04:43:56
19.2390000,96.2360000,10.0000,2.80,ml,,,,,,th_14355_202505142104,2025-05-14T21:04:45.000Z,"Baungdok, Bago Region, Myanmar (Burma)",Myanmar,MM,Asia,earthquake,1747257331,1747256685,0,,"19.24,96.24",2025-05-14 21:04:45,2025-05-15 03:34:45
19.2310000,96.3790000,10.0000,2.30,ml,,,,,,th_14354_202505142034,2025-05-14T20:34:17.000Z,"Sibaing, Bago Region, Myanmar (Burma)",Myanmar,MM,Asia,earthquake,1747255555,1747254857,1,,"19.23,96.38",2025-05-14 20:34:17,2025-05-15 03:04:17
25.9800000,97.1900000,10.0000,3.40,ml,,,,,,in_NVJWQzRMR0hJcXplSEV4R0FlTEN4Zz09,2025-05-14T19:11:59.000Z,"'Njungbum, Kachin, Myanmar (Burma)",Myanmar,MM,Asia,earthquake,1747250906,1747249919,0,,"25.98,97.19",2025-05-14 19:11:59,2025-05-15 01:41:59
22.1480000,96.4620000,10.0000,3.20,ml,,,,,,th_14351_202505141328,2025-05-14T13:28:49.000Z,"Nyaung Gone, Mandalay Region, Myanmar (Burma)",Myanmar,MM,Asia,earthquake,1747230216,1747229329,0,,"22.15,96.46",2025-05-14 13:28:49,2025-05-14 19:58:49
21.1180000,99.8770000,10.0000,2.30,ml,,,,,,th_14350_202505141245,2025-05-14T12:45:37.000Z,"Yangka, Shan, Myanmar (Burma)",Myanmar,MM,Asia,earthquake,1747228540,1747226737,1,,"21.12,99.88",2025-05-14 12:45:37,2025-05-14 19:15:37
18.2840000,96.1460000,10.0000,2.20,ml,,,,,,th_14348_202505141226,2025-05-14T12:26:30.000Z,"Thitkyi, Bago Region, Myanmar (Burma)",Myanmar,MM,Asia,earthquake,1747226846,1747225590,0,,"18.28,96.15",2025-05-14 12:26:30,2025-05-14 18:56:30
21.0140000,99.8970000,10.0000,3.00,ml,,,,,,th_14347_202505141050,2025-05-14T10:50:09.000Z,"Wan Mu-hsö Hsensawmawng, Shan, Myanmar (Burma)",Myanmar,MM,Asia,earthquake,1747220195,1747219809,1,,"21.01,99.90",2025-05-14 10:50:09,2025-05-14 17:20:09
25.0400000,94.8000000,130.0000,3.90,ml,,,,,,in_WFN5dmVuZWc4bk1ieE1VaUdpMzFTQT09,2025-05-14T10:56:37.000Z,"Mo Paing Lut, Sagaing Region, Myanmar (Burma)",Myanmar,MM,Asia,earthquake,1747219875,1747218651,0,,"25.04,94.80",2025-05-14 10:30:51,2025-05-14 17:00:51
21.6030000,96.4980000,10.0000,2.80,ml,,,,,,th_14346_202505141028,2025-05-14T10:28:58.000Z,"Gwebin, Mandalay Region, Myanmar (Burma)",Myanmar,MM,Asia,earthquake,1747219693,1747218538,0,,"21.60,96.50",2025-05-14 10:28:58,2025-05-14 16:58:58
22.1010000,96.4370000,10.0000,4.00,ml,,,,,,ems_202505_1808139,2025-05-14T09:21:56.000Z,"Pyin Oo Lwin, Mandalay Region, Myanmar (Burma)",Myanmar,MM,Asia,earthquake,1747214530,1747213658,0,,"22.10,96.44",2025-05-14 09:07:38,2025-05-14 15:37:38
19.9640000,98.1410000,10.0000,2.10,ml,,,,,,th_14344_202505140832,2025-05-14T08:32:51.000Z,"Wan Nawnghsem, Shan, Myanmar (Burma)",Myanmar,MM,Asia,earthquake,1747212168,1747211571,0,,"19.96,98.14",2025-05-14 08:32:51,2025-05-14 15:02:51
18.0880000,96.7310000,10.0000,3.10,ml,,,,,,th_14343_202505140639,2025-05-14T06:39:32.000Z,"Hinthawè, Bago Region, Myanmar (Burma)",Myanmar,MM,Asia,earthquake,1747205274,1747204772,1,,"18.09,96.73",2025-05-14 06:39:32,2025-05-14 13:09:32
21.6530000,96.5790000,10.0000,3.10,ml,,,,,,th_14342_202505140419,2025-05-14T04:19:08.000Z,"Zayitke, Mandalay Region, Myanmar (Burma)",Myanmar,MM,Asia,earthquake,1747197439,1747196348,0,,"21.65,96.58",2025-05-14 04:19:08,2025-05-14 10:49:08
20.7930000,96.1460000,10.0000,3.00,ml,,,,,,th_14341_202505132335,2025-05-13T23:35:26.000Z,"Hlaingdet, Mandalay Region, Myanmar (Burma)",Myanmar,MM,Asia,earthquake,1747179645,1747179326,0,,"20.79,96.15",2025-05-13 23:35:26,2025-05-14 06:05:26
19.6670000,96.2100000,10.0000,3.60,ml,,,,,,th_14340_202505132245,2025-05-13T22:56:37.000Z,"Wetkamu, နေပြည်တော် ပြည်တောင်စုနယ်မြေ, Myanmar (Burma)",Myanmar,MM,Asia,earthquake,1747176725,1747176346,0,,"19.67,96.21",2025-05-13 22:45:46,2025-05-14 05:15:46
21.7890000,96.3310000,10.0000,3.50,ml,,,,,,th_14338_202505132021,2025-05-13T20:35:54.000Z,"Thon-Daung-Ywa-Ma, Mandalay Region, Myanmar (Burma)",Myanmar,MM,Asia,earthquake,1747168507,1747167686,1,,"21.79,96.33",2025-05-13 20:21:26,2025-05-14 02:51:26
20.2120000,96.4950000,3.0000,2.70,ml,,,,,,th_14337_202505131808,2025-05-13T18:08:07.000Z,Yamethin Township,Myanmar - China Border Region,MM,Asia,earthquake,1747160010,1747159687,0,,"20.21,96.50",2025-05-13 18:08:07,2025-05-14 00:38:07
17.7940000,97.5720000,2.0000,2.60,ml,,,,,,th_14336_202505131718,2025-05-13T17:18:59.000Z,"Bawkawkhi, Kayin State, Myanmar (Burma)",Myanmar,MM,Asia,earthquake,1747157294,1747156739,0,,"17.79,97.57",2025-05-13 17:18:59,2025-05-13 23:48:59
18.9610000,96.3940000,10.0000,2.10,ml,,,,,,th_14335_202505131636,2025-05-13T16:36:40.000Z,"Taungoo, Bago Region, Myanmar (Burma)",Myanmar,MM,Asia,earthquake,1747154518,1747154200,0,,"18.96,96.39",2025-05-13 16:36:40,2025-05-13 23:06:40
18.4870000,96.2840000,10.0000,2.60,ml,,,,,,th_14334_202505131136,2025-05-13T11:36:23.000Z,"Kayuchaung, Bago Region, Myanmar (Burma)",Myanmar,MM,Asia,earthquake,1747136617,1747136183,0,,"18.49,96.28",2025-05-13 11:36:23,2025-05-13 18:06:23
22.1400000,96.3110000,2.0000,3.90,ml,,,,,,th_14333_202505130641,2025-05-13T06:56:40.000Z,"Daw-wa-kyaung, Mandalay Region, Myanmar (Burma)",Myanmar,MM,Asia,earthquake,1747119092,1747118515,0,,"22.14,96.31",2025-05-13 06:41:55,2025-05-13 13:11:55
21.8190000,96.4160000,10.0000,3.80,ml,,,,,,th_14330_202505122321,2025-05-12T23:42:39.000Z,"Shwegyaung, Mandalay Region, Myanmar (Burma)",Myanmar,MM,Asia,earthquake,1747093051,1747092117,0,,"21.82,96.42",2025-05-12 23:21:57,2025-05-13 05:51:57
18.8890000,97.3330000,1.0000,1.50,ml,,,,,,th_14329_202505122010,2025-05-12T20:10:19.000Z,"Hpasawng, Kayah State, Myanmar (Burma)",Myanmar,MM,Asia,earthquake,1747082292,1747080619,0,,"18.89,97.33",2025-05-12 20:10:19,2025-05-13 02:40:19
18.8390000,96.3600000,10.0000,2.90,ml,,,,,,th_14327_202505121953,2025-05-12T19:53:48.000Z,"Oktwin, Bago Region, Myanmar (Burma)",Myanmar,MM,Asia,earthquake,1747080352,1747079628,0,,"18.84,96.36",2025-05-12 19:53:48,2025-05-13 02:23:48
18.8880000,96.3750000,10.0000,2.80,ml,,,,,,th_14326_202505121949,2025-05-12T19:49:00.000Z,"Taungoo, Bago Region, Myanmar (Burma)",Myanmar,MM,Asia,earthquake,1747079792,1747079340,0,,"18.89,96.38",2025-05-12 19:49:00,2025-05-13 02:19:00
21.7300000,96.2890000,10.0000,3.90,ml,,,,,,th_14323_202505121824,2025-05-12T18:35:36.000Z,"Hngetkyithaik, Mandalay Region, Myanmar (Burma)",Myanmar,MM,Asia,earthquake,1747074712,1747074268,0,,"21.73,96.29",2025-05-12 18:24:28,2025-05-13 00:54:28
20.8620000,96.9880000,10.0000,2.50,ml,,,,,,th_14322_202505121720,2025-05-12T17:20:28.000Z,"taungni, Shan, Myanmar (Burma)",Myanmar,MM,Asia,earthquake,1747071078,1747070428,0,,"20.86,96.99",2025-05-12 17:20:28,2025-05-12 23:50:28
19.7070000,96.2480000,10.0000,2.60,ml,,,,,,th_14321_202505121346,2025-05-12T13:46:29.000Z,"Pwetseikkon, နေပြည်တော် ပြည်တောင်စုနယ်မြေ, Myanmar (Burma)",Myanmar,MM,Asia,earthquake,1747058303,1747057589,0,,"19.71,96.25",2025-05-12 13:46:29,2025-05-12 20:16:29
20.6200000,96.5350000,10.0000,2.40,ml,,,,,,th_14320_202505121342,2025-05-12T13:42:51.000Z,"Kalaw, Shan, Myanmar (Burma)",Myanmar,MM,Asia,earthquake,1747058253,1747057371,0,,"20.62,96.54",2025-05-12 13:42:51,2025-05-12 20:12:51
19.7060000,96.1970000,10.0000,2.90,ml,,,,,,th_14319_202505121332,2025-05-12T13:32:05.000Z,"Naypyidaw Union Territory, Myanmar (Burma)",Myanmar,MM,Asia,earthquake,1747057047,1747056725,1,,"19.71,96.20",2025-05-12 13:32:05,2025-05-12 20:02:05
20.9560000,96.3610000,10.0000,3.80,ml,,,,,,th_14318_202505120320,2025-05-12T03:35:37.000Z,"Patchaung, Shan, Myanmar (Burma)",Myanmar,MM,Asia,earthquake,1747020715,1747020027,0,,"20.96,96.36",2025-05-12 03:20:27,2025-05-12 09:50:27
20.9300000,96.5690000,10.0000,3.00,ml,,,,,,th_14317_202505120251,2025-05-12T02:51:53.000Z,"Nyaungbingwa, Shan, Myanmar (Burma)",Myanmar,MM,Asia,earthquake,1747018835,1747018313,0,,"20.93,96.57",2025-05-12 02:51:53,2025-05-12 09:21:53
20.0250000,96.3060000,10.0000,4.00,ml,,,,,,ems_202505_1807159,2025-05-11T23:56:36.000Z,"Setkon, Naypyidaw Union Territory, Myanmar (Burma)",Myanmar,MM,Asia,earthquake,1747007805,1747006960,0,,"20.03,96.31",2025-05-11 23:42:40,2025-05-12 06:12:40
19.1120000,96.4580000,9.0000,3.20,ml,,,,,,th_14315_202505112131,2025-05-11T21:31:01.000Z,"Karenchaung, Bago Region, Myanmar (Burma)",Myanmar,MM,Asia,earthquake,1746999452,1746999061,1,,"19.11,96.46",2025-05-11 21:31:01,2025-05-12 04:01:01
20.1260000,98.0400000,10.0000,2.40,ml,,,,,,th_14314_202505111731,2025-05-11T17:31:54.000Z,"Üng-yao, Shan, Myanmar (Burma)",Myanmar,MM,Asia,earthquake,1746985210,1746984714,0,,"20.13,98.04",2025-05-11 17:31:54,2025-05-12 00:01:54
20.0970000,97.7600000,10.0000,2.60,ml,,,,,,th_14313_202505111015,2025-05-11T10:15:46.000Z,"Wān Kongmakpin, Shan, Myanmar (Burma)",Myanmar,MM,Asia,earthquake,1746959010,1746958546,0,,"20.10,97.76",2025-05-11 10:15:46,2025-05-11 16:45:46
18.8740000,96.4530000,10.0000,3.00,ml,,,,,,th_14311_202505110840,2025-05-11T08:40:08.000Z,"Taungoo, Bago Region, Myanmar (Burma)",Myanmar,MM,Asia,earthquake,1746953798,1746952808,0,,"18.87,96.45",2025-05-11 08:40:08,2025-05-11 15:10:08
21.2640000,99.8890000,10.0000,2.80,ml,,,,,,th_14310_202505110227,2025-05-11T02:27:19.000Z,"Wan Hpaya-hkè, Shan, Myanmar (Burma)",Myanmar,MM,Asia,earthquake,1746930982,1746930439,1,,"21.26,99.89",2025-05-11 02:27:19,2025-05-11 08:57:19
20.3620000,98.0470000,10.0000,2.20,ml,,,,,,th_14309_202505110203,2025-05-11T02:03:58.000Z,"Langkho, Shan, Myanmar (Burma)",Myanmar,MM,Asia,earthquake,1746929426,1746929038,0,,"20.36,98.05",2025-05-11 02:03:58,2025-05-11 08:33:58
20.2780000,96.2300000,10.0000,2.60,ml,,,,,,th_14308_202505102127,2025-05-10T21:27:06.000Z,"Nyaung Lunt, Naypyidaw Union Territory, Myanmar (Burma)",Myanmar,MM,Asia,earthquake,1746913100,1746912426,0,,"20.28,96.23",2025-05-10 21:27:06,2025-05-11 03:57:06
21.7660000,96.3990000,10.0000,2.80,ml,,,,,,th_14307_202505102050,2025-05-10T20:50:32.000Z,"Thon-Daung-Ywa-Ma, Mandalay Region, Myanmar (Burma)",Myanmar,MM,Asia,earthquake,1746910921,1746910232,0,,"21.77,96.40",2025-05-10 20:50:32,2025-05-11 03:20:32
21.0120000,96.5440000,10.0000,2.80,ml,,,,,,th_14305_202505101911,2025-05-10T19:11:32.000Z,"Nyaungbingwa, Shan, Myanmar (Burma)",Myanmar,MM,Asia,earthquake,1746904549,1746904292,0,,"21.01,96.54",2025-05-10 19:11:32,2025-05-11 01:41:32
21.1310000,99.7450000,2.0000,2.90,ml,,,,,,th_14304_202505101840,2025-05-10T18:40:08.000Z,"Loi Pang Koi, Shan, Myanmar (Burma)",Myanmar,MM,Asia,earthquake,1746902724,1746902408,0,,"21.13,99.75",2025-05-10 18:40:08,2025-05-11 01:10:08
19.1840000,96.3710000,10.0000,2.90,ml,,,,,,th_14303_202505101636,2025-05-10T16:36:47.000Z,"Yedashe, Bago Region, Myanmar (Burma)",Myanmar,MM,Asia,earthquake,1746895276,1746895007,1,,"19.18,96.37",2025-05-10 16:36:47,2025-05-10 23:06:47
19.9910000,96.2810000,10.0000,2.40,ml,,,,,,th_14302_202505101628,2025-05-10T16:28:02.000Z,"Chaungbya, Naypyidaw Union Territory, Myanmar (Burma)",Myanmar,MM,Asia,earthquake,1746894862,1746894482,0,,"19.99,96.28",2025-05-10 16:28:02,2025-05-10 22:58:02
20.3500000,98.2350000,7.0000,4.00,ml,,,,,,ems_202505_1806624,2025-05-10T12:35:36.000Z,"Na-law, Shan, Myanmar (Burma)",Myanmar,MM,Asia,earthquake,1746880549,1746880169,0,,"20.35,98.24",2025-05-10 12:29:29,2025-05-10 18:59:29
21.6200000,96.3930000,10.0000,3.70,ml,,,,,,th_14300_202505101137,2025-05-10T11:49:35.000Z,"Gwebin, Mandalay Region, Myanmar (Burma)",Myanmar,MM,Asia,earthquake,1746877646,1746877027,0,,"21.62,96.39",2025-05-10 11:37:07,2025-05-10 18:07:07
19.2660000,96.2590000,10.0000,2.70,ml,,,,,,th_14299_202505101039,2025-05-10T10:39:18.000Z,"Swar, Bago Region, Myanmar (Burma)",Myanmar,MM,Asia,earthquake,1746873902,1746873558,0,,"19.27,96.26",2025-05-10 10:39:18,2025-05-10 17:09:18
18.8700000,96.4290000,10.0000,2.40,ml,,,,,,th_14297_202505100701,2025-05-10T07:01:58.000Z,"Taungoo, Bago Region, Myanmar (Burma)",Myanmar,MM,Asia,earthquake,1746860896,1746860518,0,,"18.87,96.43",2025-05-10 07:01:58,2025-05-10 13:31:58
18.0900000,96.1090000,10.0000,3.80,ml,,,,,,th_14296_202505100613,2025-05-10T06:22:04.000Z,"Foucar's, Bago Region, Myanmar (Burma)",Myanmar,MM,Asia,earthquake,1746857949,1746857621,0,,"18.09,96.11",2025-05-10 06:13:41,2025-05-10 12:43:41
20.0460000,97.8380000,10.0000,3.00,ml,,,,,,th_14295_202505100414,2025-05-10T04:14:54.000Z,"Wan Kongpao, Shan, Myanmar (Burma)",Myanmar,MM,Asia,earthquake,1746850835,1746850494,0,,"20.05,97.84",2025-05-10 04:14:54,2025-05-10 10:44:54
19.9960000,98.0390000,5.0000,2.30,ml,,,,,,th_14294_202505100246,2025-05-10T02:46:41.000Z,"Wan Konlang, Shan, Myanmar (Burma)",Myanmar,MM,Asia,earthquake,1746845705,1746845201,0,,"20.00,98.04",2025-05-10 02:46:41,2025-05-10 09:16:41
18.2790000,96.5880000,10.0000,2.50,ml,,,,,,th_14293_202505100157,2025-05-10T01:57:59.000Z,"Ingone, Bago Region, Myanmar (Burma)",Myanmar,MM,Asia,earthquake,1746842811,1746842279,0,,"18.28,96.59",2025-05-10 01:57:59,2025-05-10 08:27:59
20.0650000,98.0200000,10.0000,3.10,ml,,,,,,th_14292_202505100021,2025-05-10T00:21:38.000Z,"Wan Konlang, Shan, Myanmar (Burma)",Myanmar,MM,Asia,earthquake,1746836984,1746836498,0,,"20.07,98.02",2025-05-10 00:21:38,2025-05-10 06:51:38
19.1460000,96.3560000,10.0000,2.90,ml,,,,,,th_14291_202505091956,2025-05-09T19:56:05.000Z,"Yedashe, Bago Region, Myanmar (Burma)",Myanmar,MM,Asia,earthquake,1746821533,1746820565,0,,"19.15,96.36",2025-05-09 19:56:05,2025-05-10 02:26:05
19.7340000,96.5060000,10.0000,2.50,ml,,,,,,th_14290_202505091808,2025-05-09T18:08:25.000Z,"Saungdaung Anauk, Naypyidaw Union Territory, Myanmar (Burma)",Myanmar,MM,Asia,earthquake,1746821306,1746814105,0,,"19.73,96.51",2025-05-09 18:08:25,2025-05-10 00:38:25
20.6380000,99.8320000,10.0000,1.90,ml,,,,,,th_14289_202505091717,2025-05-09T17:17:42.000Z,"Wan Hsenhkampeng, Shan, Myanmar (Burma)",Myanmar,MM,Asia,earthquake,1746821179,1746811062,0,,"20.64,99.83",2025-05-09 17:17:42,2025-05-09 23:47:42
21.2790000,96.2570000,10.0000,3.10,ml,,,,,,th_14287_202505091346,2025-05-09T13:46:34.000Z,"Ywarkhainggyi, Mandalay Region, Myanmar (Burma)",Myanmar,MM,Asia,earthquake,1746800696,1746798394,1,,"21.28,96.26",2025-05-09 13:46:34,2025-05-09 20:16:34
24.7700000,95.2900000,110.0000,4.30,ml,,,,,,in_dGtvd01KL2lJWFNnQnVEM3ZpWFIxZz09,2025-05-09T13:49:34.000Z,"Nyaungbintha, Sagaing Region, Myanmar (Burma)",Myanmar,MM,Asia,earthquake,1746798568,1746797879,0,,"24.77,95.29",2025-05-09 13:37:59,2025-05-09 20:07:59
20.0220000,98.0340000,10.0000,1.90,ml,,,,,,th_14285_202505091146,2025-05-09T11:46:46.000Z,"Wan Konlang, Shan, Myanmar (Burma)",Myanmar,MM,Asia,earthquake,1746791694,1746791206,0,,"20.02,98.03",2025-05-09 11:46:46,2025-05-09 18:16:46
21.4700000,96.2580000,10.0000,3.10,ml,,,,,,th_14284_202505090858,2025-05-09T08:58:38.000Z,"Thanywa, Mandalay Region, Myanmar (Burma)",Myanmar,MM,Asia,earthquake,1746781953,1746781118,0,,"21.47,96.26",2025-05-09 08:58:38,2025-05-09 15:28:38
20.8734000,96.0433000,10.0000,4.40,mb,,,,,,in_aksrK0ZtS05EeG5EZzBPblBZRld5dz09,2025-05-09T14:58:53.000Z,"Thazi, Mandalay Region, Myanmar (Burma)",Myanmar,MM,Asia,earthquake,1746780668,1746779850,1,,"20.87,96.05",2025-05-09 08:37:30,2025-05-09 15:07:30
22.0220000,96.3870000,10.0000,3.60,ml,,,,,,th_14282_202505090832,2025-05-09T08:56:36.000Z,"Anesakhan, Mandalay Region, Myanmar (Burma)",Myanmar,MM,Asia,earthquake,1746780145,1746779555,0,,"22.02,96.39",2025-05-09 08:32:35,2025-05-09 15:02:35
18.1440000,96.7640000,10.0000,4.20,ml,,,,,,ems_202505_1806105,2025-05-09T00:56:35.000Z,"Bogata Auk, Bago Region, Myanmar (Burma)",Myanmar,MM,Asia,earthquake,1746752211,1746751689,0,,"18.14,96.76",2025-05-09 00:48:09,2025-05-09 07:18:09
21.7280000,96.2770000,10.0000,2.90,ml,,,,,,th_14279_202505082300,2025-05-08T23:00:34.000Z,"Hngetkyithaik, Mandalay Region, Myanmar (Burma)",Myanmar,MM,Asia,earthquake,1746745706,1746745234,0,,"21.73,96.28",2025-05-08 23:00:34,2025-05-09 05:30:34
19.6380000,96.1880000,10.0000,2.40,ml,,,,,,th_14278_202505082236,2025-05-08T22:36:33.000Z,"Magyigon, Naypyidaw Union Territory, Myanmar (Burma)",Myanmar,MM,Asia,earthquake,1746744264,1746743793,0,,"19.64,96.19",2025-05-08 22:36:33,2025-05-09 05:06:33
22.0470000,96.4050000,10.0000,3.10,ml,,,,,,th_14277_202505082026,2025-05-08T20:26:12.000Z,"Pyin Oo Lwin, Mandalay Region, Myanmar (Burma)",Myanmar,MM,Asia,earthquake,1746736902,1746735972,0,,"22.05,96.41",2025-05-08 20:26:12,2025-05-09 02:56:12
19.0520000,97.4290000,10.0000,1.70,ml,,,,,,th_14275_202505081900,2025-05-08T19:00:06.000Z,"Ho-hwè-ko-sa-pa, Kayah State, Myanmar (Burma)",Myanmar,MM,Asia,earthquake,1746731745,1746730806,0,,"19.05,97.43",2025-05-08 19:00:06,2025-05-09 01:30:06
19.8030000,96.4020000,10.0000,2.20,ml,,,,,,th_14274_202505081549,2025-05-08T15:49:31.000Z,"Kwedugyi, Naypyidaw Union Territory, Myanmar (Burma)",Myanmar,MM,Asia,earthquake,1746719756,1746719371,0,,"19.80,96.40",2025-05-08 15:49:31,2025-05-08 22:19:31
20.0460000,96.4250000,10.0000,2.30,ml,,,,,,th_14273_202505081532,2025-05-08T15:32:58.000Z,"Thalaing, Naypyidaw Union Territory, Myanmar (Burma)",Myanmar,MM,Asia,earthquake,1746719078,1746718378,0,,"20.05,96.43",2025-05-08 15:32:58,2025-05-08 22:02:58
23.1800000,94.0500000,10.0000,3.60,ml,,,,,,in_eE5uZG1qYmZjNmt0TnNwMkttdE12dz09,2025-05-08T14:21:42.000Z,"Kale, Sagaing Region, Myanmar (Burma)",Myanmar,MM,Asia,earthquake,1746713847,1746713167,0,,"23.18,94.05",2025-05-08 14:06:07,2025-05-08 20:36:07
21.5610000,96.2020000,10.0000,4.10,ml,,,,,,ems_202505_1805781,2025-05-08T08:00:37.000Z,"Kyaukse, Mandalay Region, Myanmar (Burma)",Myanmar,MM,Asia,earthquake,1746691249,1746689924,0,,"21.56,96.20",2025-05-08 07:38:44,2025-05-08 14:08:44
18.0890000,96.7330000,10.0000,2.40,ml,,,,,,th_14271_202505080232,2025-05-08T02:32:14.000Z,"Hinthawè, Bago Region, Myanmar (Burma)",Myanmar,MM,Asia,earthquake,1746672301,1746671534,0,,"18.09,96.73",2025-05-08 02:32:14,2025-05-08 09:02:14
20.9580000,96.3290000,10.0000,2.60,ml,,,,,,th_14268_202505072039,2025-05-07T20:39:31.000Z,"Patchaung, Shan, Myanmar (Burma)",Myanmar,MM,Asia,earthquake,1746650883,1746650371,1,,"20.96,96.33",2025-05-07 20:39:31,2025-05-08 03:09:31
19.3650000,96.5380000,10.0000,2.00,ml,,,,,,th_14267_202505071808,2025-05-07T18:08:08.000Z,"Amayadaung, Kayin State, Myanmar (Burma)",Myanmar,MM,Asia,earthquake,1746641944,1746641288,0,,"19.37,96.54",2025-05-07 18:08:08,2025-05-08 00:38:08
20.0390000,97.9400000,10.0000,1.50,ml,,,,,,th_14266_202505071733,2025-05-07T17:33:46.000Z,"Wan Kongpao, Shan, Myanmar (Burma)",Myanmar,MM,Asia,earthquake,1746639605,1746639226,0,,"20.04,97.94",2025-05-07 17:33:46,2025-05-08 00:03:46
17.4490000,96.2700000,10.0000,2.30,ml,,,,,,th_14265_202505071720,2025-05-07T17:20:07.000Z,"Wanetkon, Yangon Region, Myanmar (Burma)",Myanmar,MM,Asia,earthquake,1746638924,1746638407,0,,"17.45,96.27",2025-05-07 17:20:07,2025-05-07 23:50:07
21.7020000,96.3250000,10.0000,3.00,ml,,,,,,th_14264_202505071600,2025-05-07T16:00:22.000Z,"Hngetkyithaik, Mandalay Region, Myanmar (Burma)",Myanmar,MM,Asia,earthquake,1746637232,1746633622,0,,"21.70,96.33",2025-05-07 16:00:22,2025-05-07 22:30:22
20.9670000,98.0900000,10.0000,2.10,ml,,,,,,th_14263_202505071550,2025-05-07T15:50:01.000Z,"Tatpük, Shan, Myanmar (Burma)",Myanmar,MM,Asia,earthquake,1746633711,1746633001,0,,"20.97,98.09",2025-05-07 15:50:01,2025-05-07 22:20:01
19.7770000,96.4850000,10.0000,2.40,ml,,,,,,th_14262_202505071310,2025-05-07T13:10:09.000Z,"Saungdaung Anauk, Naypyidaw Union Territory, Myanmar (Burma)",Myanmar,MM,Asia,earthquake,1746623967,1746623409,0,,"19.78,96.49",2025-05-07 13:10:09,2025-05-07 19:40:09
18.6350000,96.5720000,10.0000,4.00,ml,,,,,,ems_202505_1805382,2025-05-07T07:42:39.000Z,"Zayatkyi, Bago Region, Myanmar (Burma)",Myanmar,MM,Asia,earthquake,1746603777,1746603325,0,,"18.64,96.57",2025-05-07 07:35:25,2025-05-07 14:05:25
18.6850000,96.3650000,10.0000,3.90,ml,,,,,,th_14260_202505070727,2025-05-07T07:35:36.000Z,"Kywebwe, Bago Region, Myanmar (Burma)",Myanmar,MM,Asia,earthquake,1746603217,1746602868,0,,"18.69,96.37",2025-05-07 07:27:48,2025-05-07 13:57:48
18.7990000,96.5240000,10.0000,3.30,ml,,,,,,th_14259_202505070123,2025-05-07T01:23:00.000Z,"Bomari, Bago Region, Myanmar (Burma)",Myanmar,MM,Asia,earthquake,1746581303,1746580980,0,,"18.80,96.52",2025-05-07 01:23:00,2025-05-07 07:53:00
19.9410000,97.9580000,10.0000,2.10,ml,,,,,,th_14258_202505070058,2025-05-07T00:58:46.000Z,"Ta Ho-pong, Shan, Myanmar (Burma)",Myanmar,MM,Asia,earthquake,1746579855,1746579526,0,,"19.94,97.96",2025-05-07 00:58:46,2025-05-07 07:28:46
20.1490000,97.9020000,10.0000,1.80,ml,,,,,,th_14257_202505062247,2025-05-06T22:47:57.000Z,"Wan Hat, Shan, Myanmar (Burma)",Myanmar,MM,Asia,earthquake,1746572063,1746571677,0,,"20.15,97.90",2025-05-06 22:47:57,2025-05-07 05:17:57
20.0810000,97.8000000,10.0000,3.50,ml,,,,,,th_14255_202505062221,2025-05-06T22:28:41.000Z,"Wan Kongpao, Shan, Myanmar (Burma)",Myanmar,MM,Asia,earthquake,1746570329,1746570079,0,,"20.08,97.80",2025-05-06 22:21:19,2025-05-07 04:51:19
20.0480000,97.8770000,10.0000,2.70,ml,,,,,,th_14254_202505062210,2025-05-06T22:10:19.000Z,"Wan Kongpao, Shan, Myanmar (Burma)",Myanmar,MM,Asia,earthquake,1746569671,1746569419,0,,"20.05,97.88",2025-05-06 22:10:19,2025-05-07 04:40:19
19.3040000,96.2590000,10.0000,2.30,ml,,,,,,th_14253_202505062122,2025-05-06T21:22:29.000Z,"Thagaya, Bago Region, Myanmar (Burma)",Myanmar,MM,Asia,earthquake,1746568440,1746566549,0,,"19.30,96.26",2025-05-06 21:22:29,2025-05-07 03:52:29
19.7850000,96.5020000,10.0000,2.10,ml,,,,,,th_14252_202505062025,2025-05-06T20:25:04.000Z,"Saungdaung Anauk, Naypyidaw Union Territory, Myanmar (Burma)",Myanmar,MM,Asia,earthquake,1746564174,1746563104,0,,"19.79,96.50",2025-05-06 20:25:04,2025-05-07 02:55:04
21.7110000,96.3510000,10.0000,4.40,ml,,,,,,in_VEo2UDlqeVJMUWhaSThyMVVoOHY3dz09,2025-05-06T19:14:48.000Z,"Mandalay, Mandalay Region, Myanmar (Burma)",Myanmar,MM,Asia,earthquake,1746558220,1746557794,1,,"21.92,96.12",2025-05-06 18:56:34,2025-05-07 01:26:34
20.1120000,96.4500000,10.0000,3.20,ml,,,,,,th_14250_202505061727,2025-05-06T17:27:44.000Z,"Kyaunggon, Naypyidaw Union Territory, Myanmar (Burma)",Myanmar,MM,Asia,earthquake,1746552957,1746552464,0,,"20.11,96.45",2025-05-06 17:27:44,2025-05-06 23:57:44
17.0650000,96.1680000,10.0000,2.60,ml,,,,,,th_14249_202505061708,2025-05-06T17:08:12.000Z,"Yangon, Yangon Region, Myanmar (Burma)",Myanmar,MM,Asia,earthquake,1746552686,1746551292,0,,"17.07,96.17",2025-05-06 17:08:12,2025-05-06 23:38:12
20.8960000,96.2870000,10.0000,2.50,ml,,,,,,th_14248_202505061656,2025-05-06T16:56:50.000Z,"Pothanaing, Mandalay Region, Myanmar (Burma)",Myanmar,MM,Asia,earthquake,1746551482,1746550610,0,,"20.90,96.29",2025-05-06 16:56:50,2025-05-06 23:26:50
17.1420000,96.3040000,10.0000,3.70,ml,,,,,,th_14247_202505061625,2025-05-06T16:49:47.000Z,"Za Yet Kwin, Yangon Region, Myanmar (Burma)",Myanmar,MM,Asia,earthquake,1746549949,1746548740,0,,"17.14,96.30",2025-05-06 16:25:40,2025-05-06 22:55:40
19.6810000,96.3920000,10.0000,2.20,ml,,,,,,th_14246_202505061604,2025-05-06T16:04:28.000Z,"Teinpyaung Atet, Naypyidaw Union Territory, Myanmar (Burma)",Myanmar,MM,Asia,earthquake,1746548039,1746547468,0,,"19.68,96.39",2025-05-06 16:04:28,2025-05-06 22:34:28
17.1060000,96.2820000,10.0000,2.90,ml,,,,,,th_14245_202505061510,2025-05-06T15:10:18.000Z,"Za Yet Kwin, Yangon Region, Myanmar (Burma)",Myanmar,MM,Asia,earthquake,1746545091,1746544218,0,,"17.11,96.28",2025-05-06 15:10:18,2025-05-06 21:40:18
19.9680000,98.1590000,10.0000,3.10,ml,,,,,,th_14244_202505061441,2025-05-06T14:41:50.000Z,"Wan Hsa-mu, Shan, Myanmar (Burma)",Myanmar,MM,Asia,earthquake,1746542987,1746542510,0,,"19.97,98.16",2025-05-06 14:41:50,2025-05-06 21:11:50
20.5800000,94.6100000,10.0000,3.80,ml,,,,,,in_MFhIazZVYjZhc3BrZzQ0RXhoUXF6Zz09,2025-05-06T14:26:53.000Z,"Salin, Magway Region, Myanmar (Burma)",Myanmar,MM,Asia,earthquake,1746542072,1746541613,0,,"20.58,94.61",2025-05-06 14:26:53,2025-05-06 20:56:53
19.1780000,96.4560000,10.0000,2.30,ml,,,,,,th_14243_202505061341,2025-05-06T13:41:10.000Z,"Karenchaung, Bago Region, Myanmar (Burma)",Myanmar,MM,Asia,earthquake,1746539461,1746538870,0,,"19.18,96.46",2025-05-06 13:41:10,2025-05-06 20:11:10
19.8630000,97.8610000,10.0000,2.80,ml,,,,,,th_14242_202505061327,2025-05-06T13:27:04.000Z,"Ta Öngmu, Shan, Myanmar (Burma)",Myanmar,MM,Asia,earthquake,1746538595,1746538024,0,,"19.86,97.86",2025-05-06 13:27:04,2025-05-06 19:57:04
20.4080000,97.0200000,10.0000,2.20,ml,,,,,,th_14241_202505060943,2025-05-06T09:43:53.000Z,"Nampan, Shan, Myanmar (Burma)",Myanmar,MM,Asia,earthquake,1746532698,1746524633,0,,"20.41,97.02",2025-05-06 09:43:53,2025-05-06 16:13:53
19.6530000,96.2240000,10.0000,2.60,ml,,,,,,th_14240_202505060649,2025-05-06T06:49:06.000Z,"Hpya-ling, Shan, Myanmar (Burma)",Myanmar,MM,Asia,earthquake,1746514671,1746514146,1,,"20.95,97.20",2025-05-06 06:49:06,2025-05-06 13:19:06
20.2700000,98.0890000,10.0000,2.00,ml,,,,,,th_14239_202505060617,2025-05-06T06:17:04.000Z,"Chueh Chu, Shan, Myanmar (Burma)",Myanmar,MM,Asia,earthquake,1746513097,1746512224,0,,"20.27,98.09",2025-05-06 06:17:04,2025-05-06 12:47:04
20.2400000,98.0720000,10.0000,2.30,ml,,,,,,th_14238_202505060615,2025-05-06T06:15:38.000Z,"Chueh Chu, Shan, Myanmar (Burma)",Myanmar,MM,Asia,earthquake,1746512743,1746512138,0,,"20.24,98.07",2025-05-06 06:15:38,2025-05-06 12:45:38
22.2160000,96.8870000,10.0000,3.30,ml,,,,,,th_14237_202505060341,2025-05-06T03:41:53.000Z,"Kan Gyi, Shan, Myanmar (Burma)",Myanmar,MM,Asia,earthquake,1746503532,1746502913,0,,"22.22,96.89",2025-05-06 03:41:53,2025-05-06 10:11:53
20.0710000,97.8800000,10.0000,2.40,ml,,,,,,th_14236_202505060108,2025-05-06T01:08:02.000Z,"Wan Kongpao, Shan, Myanmar (Burma)",Myanmar,MM,Asia,earthquake,1746494344,1746493682,0,,"20.07,97.88",2025-05-06 01:08:02,2025-05-06 07:38:02
20.2700000,97.6570000,10.0000,2.40,ml,,,,,,th_14235_202505060011,2025-05-06T00:11:21.000Z,"Mawkmai, Shan, Myanmar (Burma)",Myanmar,MM,Asia,earthquake,1746490689,1746490281,0,,"20.27,97.66",2025-05-06 00:11:21,2025-05-06 06:41:21
18.7700000,96.4540000,10.0000,2.60,ml,,,,,,th_14234_202505052102,2025-05-05T21:02:07.000Z,"Bomari, Bago Region, Myanmar (Burma)",Myanmar,MM,Asia,earthquake,1746480227,1746478927,0,,"18.77,96.45",2025-05-05 21:02:07,2025-05-06 03:32:07
19.9710000,96.2650000,10.0000,2.50,ml,,,,,,th_14233_202505052058,2025-05-05T20:58:49.000Z,"Tegon, Naypyidaw Union Territory, Myanmar (Burma)",Myanmar,MM,Asia,earthquake,1746480011,1746478729,0,,"19.97,96.27",2025-05-05 20:58:49,2025-05-06 03:28:49
19.4210000,97.7680000,10.0000,1.60,ml,,,,,,th_14232_202505051939,2025-05-05T19:39:24.000Z,"Hwè-yao, Kayah State, Myanmar (Burma)",Myanmar,MM,Asia,earthquake,1746474459,1746473964,0,,"19.42,97.77",2025-05-05 19:39:24,2025-05-06 02:09:24
19.4140000,96.3180000,10.0000,2.10,ml,,,,,,th_14229_202505051825,2025-05-05T18:25:41.000Z,"Wayonle, Bago Region, Myanmar (Burma)",Myanmar,MM,Asia,earthquake,1746470321,1746469541,0,,"19.41,96.32",2025-05-05 18:25:41,2025-05-06 00:55:41
18.9470000,96.2560000,10.0000,2.20,ml,,,,,,th_14228_202505051822,2025-05-05T18:22:58.000Z,"Gyihauk, Bago Region, Myanmar (Burma)",Myanmar,MM,Asia,earthquake,1746470274,1746469378,0,,"18.95,96.26",2025-05-05 18:22:58,2025-05-06 00:52:58
26.9900000,96.4700000,13.0000,3.50,ml,,,,,,in_UVA3cVE1RVV3Mm9xTnRmVEhzN2IwQT09,2025-05-05T15:14:48.000Z,"Gedu Ga, Kachin, Myanmar (Burma)",Myanmar,MM,Asia,earthquake,1746457723,1746457258,0,,"26.99,96.47",2025-05-05 15:00:58,2025-05-05 21:30:58
18.7720000,96.4430000,10.0000,2.50,ml,,,,,,th_14226_202505051455,2025-05-05T14:55:30.000Z,"Bomari, Bago Region, Myanmar (Burma)",Myanmar,MM,Asia,earthquake,1746457252,1746456930,0,,"18.77,96.44",2025-05-05 14:55:30,2025-05-05 21:25:30
20.0370000,97.8880000,10.0000,2.10,ml,,,,,,th_14225_202505051451,2025-05-05T14:51:57.000Z,"Wan Kongpao, Shan, Myanmar (Burma)",Myanmar,MM,Asia,earthquake,1746457032,1746456717,0,,"20.04,97.89",2025-05-05 14:51:57,2025-05-05 21:21:57
18.8180000,96.9870000,10.0000,1.90,ml,,,,,,th_14224_202505051228,2025-05-05T12:28:28.000Z,"Hoki, Kayin State, Myanmar (Burma)",Myanmar,MM,Asia,earthquake,1746449929,1746448108,0,,"18.82,96.99",2025-05-05 12:28:28,2025-05-05 18:58:28
19.2580000,96.3490000,10.0000,2.90,ml,,,,,,th_14223_202505050151,2025-05-05T01:51:48.000Z,"Sibaing, Bago Region, Myanmar (Burma)",Myanmar,MM,Asia,earthquake,1746410765,1746409908,0,,"19.26,96.35",2025-05-05 01:51:48,2025-05-05 08:21:48
24.5800000,94.8600000,70.0000,3.70,ml,,,,,,in_bGtPZnBRckxuNm15ZCtxUVg4c2ZvUT09,2025-05-05T01:28:34.000Z,"Myene, Sagaing Region, Myanmar (Burma)",Myanmar,MM,Asia,earthquake,1746408225,1746407515,0,,"24.58,94.86",2025-05-05 01:11:55,2025-05-05 07:41:55
19.9400000,97.7470000,5.0000,2.90,ml,,,,,,th_14222_202505042339,2025-05-04T23:39:34.000Z,"Wan Hwè-ya-yung, Shan, Myanmar (Burma)",Myanmar,MM,Asia,earthquake,1746403248,1746401974,0,,"19.94,97.75",2025-05-04 23:39:34,2025-05-05 06:09:34
22.9878000,95.6631000,10.0000,4.80,ml,,,,,,in_L0hZR2k4RVkrU0VUUXNjeENmOSsydz09,2025-05-05T06:42:10.000Z,"Bugon, Sagaing Region, Myanmar (Burma)",Myanmar,MM,Asia,earthquake,1746402052,1746401597,0,,"23.07,95.52",2025-05-04 23:33:17,2025-05-05 06:03:17
19.9400000,97.6190000,5.0000,2.80,ml,,,,,,th_14220_202505042324,2025-05-04T23:24:57.000Z,"Mai-hsa-se, Shan, Myanmar (Burma)",Myanmar,MM,Asia,earthquake,1746401296,1746401097,0,,"19.94,97.62",2025-05-04 23:24:57,2025-05-05 05:54:57
19.6520000,97.8790000,5.0000,2.40,ml,,,,,,th_14219_202505042258,2025-05-04T22:58:12.000Z,"Kiu-neng, Shan, Myanmar (Burma)",Myanmar,MM,Asia,earthquake,1746399743,1746399492,0,,"19.65,97.88",2025-05-04 22:58:12,2025-05-05 05:28:12
20.0760000,98.0670000,10.0000,2.20,ml,,,,,,th_14217_202505042143,2025-05-04T21:43:28.000Z,"Üng-yao, Shan, Myanmar (Burma)",Myanmar,MM,Asia,earthquake,1746395829,1746395008,0,,"20.08,98.07",2025-05-04 21:43:28,2025-05-05 04:13:28
19.9450000,97.7340000,10.0000,2.20,ml,,,,,,th_14215_202505041933,2025-05-04T19:33:03.000Z,"Wan Hwè-ya-yung, Shan, Myanmar (Burma)",Myanmar,MM,Asia,earthquake,1746388062,1746387183,0,,"19.95,97.73",2025-05-04 19:33:03,2025-05-05 02:03:03
19.7910000,96.9820000,10.0000,2.40,ml,,,,,,th_14214_202505041904,2025-05-04T19:04:02.000Z,"Engla, Shan, Myanmar (Burma)",Myanmar,MM,Asia,earthquake,1746386979,1746385442,0,,"19.79,96.98",2025-05-04 19:04:02,2025-05-05 01:34:02
20.1070000,97.8380000,2.0000,3.00,ml,,,,,,th_14213_202505041753,2025-05-04T17:53:13.000Z,"Wan Kongpao, Shan, Myanmar (Burma)",Myanmar,MM,Asia,earthquake,1746381705,1746381193,0,,"20.11,97.84",2025-05-04 17:53:13,2025-05-05 00:23:13
19.8420000,97.8510000,5.0000,2.20,ml,,,,,,th_14218_202505041740,2025-05-04T17:40:09.000Z,"Wan Hwè-ya-yung, Shan, Myanmar (Burma)",Myanmar,MM,Asia,earthquake,1746395913,1746380409,0,,"19.84,97.85",2025-05-04 17:40:09,2025-05-05 00:10:09
19.2170000,96.4560000,16.0000,2.20,ml,,,,,,th_14212_202505041550,2025-05-04T15:50:45.000Z,"Hnawpin, Bago Region, Myanmar (Burma)",Myanmar,MM,Asia,earthquake,1746374408,1746373845,0,,"19.22,96.46",2025-05-04 15:50:45,2025-05-04 22:20:45
18.0950000,95.3070000,76.0000,2.90,ml,,,,,,th_14211_202505041459,2025-05-04T14:59:49.000Z,"Kongyi, Ayeyarwady, Myanmar (Burma)",Myanmar,MM,Asia,earthquake,1746371299,1746370789,0,,"18.10,95.31",2025-05-04 14:59:49,2025-05-04 21:29:49
18.1100000,95.1900000,80.0000,3.10,ml,,,,,,th_14210_202505041404,2025-05-04T14:04:48.000Z,"Hngetkyiwin, Ayeyarwady, Myanmar (Burma)",Myanmar,MM,Asia,earthquake,1746368012,1746367488,0,,"18.11,95.19",2025-05-04 14:04:48,2025-05-04 20:34:48
21.6100000,94.4700000,90.0000,3.90,ml,,,,,,in_ODUzMGcyVThHZmxiSjhNK3ZINDBGUT09,2025-05-04T13:48:50.000Z,"Zee Pyar, Magway Region, Myanmar (Burma)",Myanmar,MM,Asia,earthquake,1746367849,1746366530,0,,"21.61,94.47",2025-05-04 13:48:50,2025-05-04 20:18:50
19.8390000,97.9340000,1.0000,1.70,ml,,,,,,th_14209_202505041230,2025-05-04T12:30:01.000Z,"Pang Tae Waet, Shan, Myanmar (Burma)",Myanmar,MM,Asia,earthquake,1746362032,1746361801,0,,"19.84,97.93",2025-05-04 12:30:01,2025-05-04 19:00:01
19.9360000,97.9460000,10.0000,2.20,ml,,,,,,th_14208_202505041158,2025-05-04T11:58:58.000Z,"Ta Ho-pong, Shan, Myanmar (Burma)",Myanmar,MM,Asia,earthquake,1746360487,1746359938,1,,"19.94,97.95",2025-05-04 11:58:58,2025-05-04 18:28:58
19.4400000,96.3320000,10.0000,2.50,ml,,,,,,th_14207_202505041154,2025-05-04T11:54:35.000Z,"Wayonle, Bago Region, Myanmar (Burma)",Myanmar,MM,Asia,earthquake,1746360389,1746359675,0,,"19.44,96.33",2025-05-04 11:54:35,2025-05-04 18:24:35
19.7830000,96.4770000,10.0000,2.50,ml,,,,,,th_14206_202505041149,2025-05-04T11:49:22.000Z,"Saungdaung Anauk, Naypyidaw Union Territory, Myanmar (Burma)",Myanmar,MM,Asia,earthquake,1746360240,1746359362,0,,"19.78,96.48",2025-05-04 11:49:22,2025-05-04 18:19:22
20.6710000,97.8170000,1.0000,2.60,ml,,,,,,th_14205_202505041005,2025-05-04T10:05:35.000Z,"Hai Hpak, Shan, Myanmar (Burma)",Myanmar,MM,Asia,earthquake,1746354780,1746353135,0,,"20.67,97.82",2025-05-04 10:05:35,2025-05-04 16:35:35
19.9320000,97.7770000,2.0000,2.70,ml,,,,,,th_14204_202505040813,2025-05-04T08:13:34.000Z,"Wan Hwè-ya-yung, Shan, Myanmar (Burma)",Myanmar,MM,Asia,earthquake,1746346621,1746346414,0,,"19.93,97.78",2025-05-04 08:13:34,2025-05-04 14:43:34
20.0970000,97.8830000,1.0000,2.90,ml,,,,,,th_14203_202505040158,2025-05-04T01:58:50.000Z,"Shan, Myanmar (Burma)",Myanmar,MM,Asia,earthquake,1746324314,1746323930,1,,"20.10,97.88",2025-05-04 01:58:50,2025-05-04 08:28:50
18.9170000,97.5050000,2.0000,2.10,ml,,,,,,th_14202_202505040015,2025-05-04T00:15:02.000Z,"Loi Mun, Kayah State, Myanmar (Burma)",Myanmar,MM,Asia,earthquake,1746318244,1746317702,0,,"18.92,97.51",2025-05-04 00:15:02,2025-05-04 06:45:02
21.7770000,96.2420000,10.0000,3.40,ml,,,,,,th_14198_202505032015,2025-05-03T20:15:11.000Z,"Thon-Daung-Ywa-Ma, Mandalay Region, Myanmar (Burma)",Myanmar,MM,Asia,earthquake,1746303634,1746303311,0,,"21.78,96.24",2025-05-03 20:15:11,2025-05-04 02:45:11
22.0350000,96.4960000,10.0000,2.90,ml,,,,,,th_14197_202505031839,2025-05-03T18:39:24.000Z,"Pyin Oo Lwin, Mandalay Region, Myanmar (Burma)",Myanmar,MM,Asia,earthquake,1746297865,1746297564,0,,"22.04,96.50",2025-05-03 18:39:24,2025-05-04 01:09:24
19.9650000,97.6670000,7.0000,2.50,ml,,,,,,th_14196_202505031447,2025-05-03T14:47:53.000Z,"Wan Panglu, Shan, Myanmar (Burma)",Myanmar,MM,Asia,earthquake,1746283947,1746283673,0,,"19.97,97.67",2025-05-03 14:47:53,2025-05-03 21:17:53
20.0340000,97.8980000,10.0000,2.00,ml,,,,,,th_14195_202505031443,2025-05-03T14:43:13.000Z,"Wan Kongpao, Shan, Myanmar (Burma)",Myanmar,MM,Asia,earthquake,1746283754,1746283393,1,,"20.03,97.90",2025-05-03 14:43:13,2025-05-03 21:13:13
19.9870000,97.9700000,10.0000,2.00,ml,,,,,,th_14194_202505031210,2025-05-03T12:10:00.000Z,"Ta Ho-pong, Shan, Myanmar (Burma)",Myanmar,MM,Asia,earthquake,1746274516,1746274200,1,,"19.99,97.97",2025-05-03 12:10:00,2025-05-03 18:40:00
19.2390000,96.2050000,10.0000,3.10,ml,,,,,,th_14193_202505031159,2025-05-03T11:59:01.000Z,"Baungdok, Bago Region, Myanmar (Burma)",Myanmar,MM,Asia,earthquake,1746273937,1746273541,0,,"19.24,96.21",2025-05-03 11:59:01,2025-05-03 18:29:01
19.2530000,96.2340000,10.0000,2.40,ml,,,,,,th_14192_202505031143,2025-05-03T11:43:05.000Z,"Swar, Bago Region, Myanmar (Burma)",Myanmar,MM,Asia,earthquake,1746272918,1746272585,0,,"19.25,96.23",2025-05-03 11:43:05,2025-05-03 18:13:05
18.7190000,96.4020000,10.0000,2.40,ml,,,,,,th_14190_202505030959,2025-05-03T09:59:38.000Z,"Kywebwe, Bago Region, Myanmar (Burma)",Myanmar,MM,Asia,earthquake,1746266839,1746266378,0,,"18.72,96.40",2025-05-03 09:59:38,2025-05-03 16:29:38
19.1650000,97.1100000,10.0000,2.30,ml,,,,,,th_14189_202505030915,2025-05-03T09:15:58.000Z,"He-sa-hku, Kayah State, Myanmar (Burma)",Myanmar,MM,Asia,earthquake,1746266794,1746263758,0,,"19.17,97.11",2025-05-03 09:15:58,2025-05-03 15:45:58
19.2350000,96.3830000,10.0000,2.60,ml,,,,,,th_14188_202505030600,2025-05-03T06:00:30.000Z,"Sibaing, Bago Region, Myanmar (Burma)",Myanmar,MM,Asia,earthquake,1746252385,1746252030,0,,"19.24,96.38",2025-05-03 06:00:30,2025-05-03 12:30:30
19.7350000,96.2190000,10.0000,2.80,ml,,,,,,th_14186_202505030117,2025-05-03T01:17:00.000Z,"Pyinmana, Naypyidaw Union Territory, Myanmar (Burma)",Myanmar,MM,Asia,earthquake,1746235396,1746235020,0,,"19.74,96.22",2025-05-03 01:17:00,2025-05-03 07:47:00
20.8820000,98.6700000,10.0000,2.60,ml,,,,,,th_14184_202505022009,2025-05-02T20:09:41.000Z,"Möng Pu, Shan, Myanmar (Burma)",Myanmar,MM,Asia,earthquake,1746217101,1746216581,0,,"20.88,98.67",2025-05-02 20:09:41,2025-05-03 02:39:41
19.0640000,96.4460000,10.0000,3.00,ml,,,,,,th_14183_202505022003,2025-05-02T20:03:59.000Z,"Kaytumati, Bago Region, Myanmar (Burma)",Myanmar,MM,Asia,earthquake,1746217048,1746216239,0,,"19.06,96.45",2025-05-02 20:03:59,2025-05-03 02:33:59
20.0470000,97.9370000,10.0000,1.60,ml,,,,,,th_14180_202505021749,2025-05-02T17:49:20.000Z,"Wan Kongpao, Shan, Myanmar (Burma)",Myanmar,MM,Asia,earthquake,1746208443,1746208160,0,,"20.05,97.94",2025-05-02 17:49:20,2025-05-03 00:19:20
21.6670000,96.5270000,10.0000,2.80,ml,,,,,,th_14179_202505021733,2025-05-02T17:33:18.000Z,"Gwebin, Mandalay Region, Myanmar (Burma)",Myanmar,MM,Asia,earthquake,1746208272,1746207198,0,,"21.67,96.53",2025-05-02 17:33:18,2025-05-03 00:03:18
19.8270000,97.9860000,10.0000,1.40,ml,,,,,,th_14178_202505021733,2025-05-02T17:33:01.000Z,"Pang Tae Waet, Shan, Myanmar (Burma)",Myanmar,MM,Asia,earthquake,1746208083,1746207181,0,,"19.83,97.99",2025-05-02 17:33:01,2025-05-03 00:03:01
17.2200000,96.1510000,10.0000,3.10,ml,,,,,,th_14177_202505021515,2025-05-02T15:15:51.000Z,"Si Sone Kone, Yangon Region, Myanmar (Burma)",Myanmar,MM,Asia,earthquake,1746199609,1746198951,0,,"17.22,96.15",2025-05-02 15:15:51,2025-05-02 21:45:51
22.0170000,96.8960000,10.0000,2.70,ml,,,,,,th_14176_202505021441,2025-05-02T14:41:09.000Z,"Nam-maw-lon, Shan, Myanmar (Burma)",Myanmar,MM,Asia,earthquake,1746198251,1746196869,0,,"22.02,96.90",2025-05-02 14:41:09,2025-05-02 21:11:09
21.9600000,96.2800000,10.0000,4.00,ml,,,,,,ems_202505_1803105,2025-05-02T11:21:40.000Z,"Thon-Daung-Ywa-Ma, Mandalay Region, Myanmar (Burma)",Myanmar,MM,Asia,earthquake,1746184914,1746183844,0,,"21.96,96.28",2025-05-02 11:04:04,2025-05-02 17:34:04
18.7570000,96.6040000,10.0000,2.10,ml,,,,,,th_14174_202505020717,2025-05-02T07:17:27.000Z,"Alesengyaung, Kayin State, Myanmar (Burma)",Myanmar,MM,Asia,earthquake,1746170565,1746170247,0,,"18.76,96.60",2025-05-02 07:17:27,2025-05-02 13:47:27
18.8080000,96.6540000,10.0000,2.60,ml,,,,,,th_14173_202505020355,2025-05-02T03:55:56.000Z,"Alesengyaung, Kayin State, Myanmar (Burma)",Myanmar,MM,Asia,earthquake,1746160089,1746158156,0,,"18.81,96.65",2025-05-02 03:55:56,2025-05-02 10:25:56
21.8620000,96.3880000,10.0000,3.90,ml,,,,,,th_14171_202505020153,2025-05-02T02:07:42.000Z,"Pyin Sar, Mandalay Region, Myanmar (Burma)",Myanmar,MM,Asia,earthquake,1746151388,1746150780,0,,"21.86,96.39",2025-05-02 01:53:00,2025-05-02 08:23:00
18.6270000,96.4240000,10.0000,2.00,ml,,,,,,th_14170_202505012016,2025-05-01T20:16:56.000Z,"Nyaung Chay Htauk, Bago Region, Myanmar (Burma)",Myanmar,MM,Asia,earthquake,1746130967,1746130616,0,,"18.63,96.42",2025-05-01 20:16:56,2025-05-02 02:46:56
20.9630000,96.3300000,10.0000,3.10,ml,,,,,,th_14169_202505011950,2025-05-01T19:50:44.000Z,"Patchaung, Shan, Myanmar (Burma)",Myanmar,MM,Asia,earthquake,1746129589,1746129044,0,,"20.96,96.33",2025-05-01 19:50:44,2025-05-02 02:20:44
18.8810000,95.5970000,10.0000,2.90,ml,,,,,,th_14167_202505011603,2025-05-01T16:03:16.000Z,"Kywetabaung, Bago Region, Myanmar (Burma)",Myanmar,MM,Asia,earthquake,1746115817,1746115396,0,,"18.88,95.60",2025-05-01 16:03:16,2025-05-01 22:33:16
21.8820000,96.3460000,5.0000,3.20,ml,,,,,,th_14166_202505011544,2025-05-01T15:44:24.000Z,"Yatanarpon Cyber City, Mandalay Region, Myanmar (Burma)",Myanmar,MM,Asia,earthquake,1746115090,1746114264,0,,"21.88,96.35",2025-05-01 15:44:24,2025-05-01 22:14:24
19.1930000,96.1420000,10.0000,2.20,ml,,,,,,th_14165_202505011510,2025-05-01T15:10:54.000Z,"Mayogon, Bago Region, Myanmar (Burma)",Myanmar,MM,Asia,earthquake,1746112639,1746112254,0,,"19.19,96.14",2025-05-01 15:10:54,2025-05-01 21:40:54
19.9190000,96.1370000,10.0000,2.30,ml,,,,,,th_14164_202505011436,2025-05-01T14:36:46.000Z,"Pobba Thiri, Naypyidaw Union Territory, Myanmar (Burma)",Myanmar,MM,Asia,earthquake,1746110861,1746110206,0,,"19.92,96.14",2025-05-01 14:36:46,2025-05-01 21:06:46
19.2310000,96.5120000,10.0000,2.10,ml,,,,,,th_14162_202505011401,2025-05-01T14:01:27.000Z,"Pebo, Kayin State, Myanmar (Burma)",Myanmar,MM,Asia,earthquake,1746108383,1746108087,0,,"19.23,96.51",2025-05-01 14:01:27,2025-05-01 20:31:27
19.2100000,96.4020000,10.0000,2.30,ml,,,,,,th_14161_202505011310,2025-05-01T13:10:12.000Z,"Hnawpin, Bago Region, Myanmar (Burma)",Myanmar,MM,Asia,earthquake,1746105392,1746105012,1,,"19.21,96.40",2025-05-01 13:10:12,2025-05-01 19:40:12
23.2300000,94.0800000,30.0000,3.40,ml,,,,,,in_NmxEcTRvWUZVenhranlyTHZrLzI1UT09,2025-05-01T08:21:31.000Z,"Kale, Chin State, Myanmar (Burma)",Myanmar,MM,Asia,earthquake,1746087305,1746086852,0,,"23.23,94.08",2025-05-01 08:07:32,2025-05-01 14:37:32
20.2950000,96.1150000,10.0000,3.30,ml,,,,,,th_14159_202505010641,2025-05-01T06:41:48.000Z,"Inbingyi, Mandalay Region, Myanmar (Burma)",Myanmar,MM,Asia,earthquake,1746083128,1746081708,0,,"20.30,96.12",2025-05-01 06:41:48,2025-05-01 13:11:48
20.9930000,99.0430000,10.0000,2.50,ml,,,,,,th_14158_202505010538,2025-05-01T05:38:17.000Z,"Mongkyet, Shan, Myanmar (Burma)",Myanmar,MM,Asia,earthquake,1746078262,1746077897,0,,"20.99,99.04",2025-05-01 05:38:17,2025-05-01 12:08:17
20.7360000,96.9510000,10.0000,3.10,ml,,,,,,th_14157_202505010515,2025-05-01T05:15:18.000Z,"Ayetharyar, Shan, Myanmar (Burma)",Myanmar,MM,Asia,earthquake,1746076874,1746076518,0,,"20.74,96.95",2025-05-01 05:15:18,2025-05-01 11:45:18
20.1100000,96.3690000,10.0000,2.90,ml,,,,,,th_14423_202505201752,2025-05-20T17:52:21.000Z,"Kyatpye, Naypyidaw Union Territory, Myanmar (Burma)",Myanmar,MM,Asia,earthquake,1747763893,1747763541,0,,"20.11,96.37",2025-05-20 17:52:21,2025-05-21 00:22:21
19.1460000,96.4620000,10.0000,2.40,ml,,,,,,th_14422_202505201605,2025-05-20T16:05:42.000Z,"Karenchaung, Bago Region, Myanmar (Burma)",Myanmar,MM,Asia,earthquake,1747757542,1747757142,1,,"19.15,96.46",2025-05-20 16:05:42,2025-05-20 22:35:42
21.7320000,96.1990000,10.0000,3.20,ml,,,,,,th_14421_202505201426,2025-05-20T14:26:42.000Z,"Bellin, Mandalay Region, Myanmar (Burma)",Myanmar,MM,Asia,earthquake,1747751732,1747751202,0,,"21.73,96.20",2025-05-20 14:26:42,2025-05-20 20:56:42
21.2730000,96.2840000,10.0000,3.10,ml,,,,,,th_14419_202505200424,2025-05-20T04:24:00.000Z,"Ingon, Mandalay Region, Myanmar (Burma)",Myanmar,MM,Asia,earthquake,1747715527,1747715040,0,,"21.27,96.28",2025-05-20 04:24:00,2025-05-20 10:54:00
20.1420000,96.1680000,10.0000,3.90,ml,,,,,,th_14418_202505200356,2025-05-20T04:07:39.000Z,"Tatkon, Naypyidaw Union Territory, Myanmar (Burma)",Myanmar,MM,Asia,earthquake,1747714012,1747713371,0,,"20.14,96.17",2025-05-20 03:56:11,2025-05-20 10:26:11
19.1420000,95.9050000,10.0000,2.40,ml,,,,,,th_14417_202505192011,2025-05-19T20:11:42.000Z,"Aungtha Tè, Bago Region, Myanmar (Burma)",Myanmar,MM,Asia,earthquake,1747685937,1747685502,0,,"19.14,95.91",2025-05-19 20:11:42,2025-05-20 02:41:42
19.0130000,96.5310000,10.0000,2.60,ml,,,,,,th_14416_202505191621,2025-05-19T16:21:34.000Z,"Kanbin, Bago Region, Myanmar (Burma)",Myanmar,MM,Asia,earthquake,1747672165,1747671694,0,,"19.01,96.53",2025-05-19 16:21:34,2025-05-19 22:51:34
22.2430000,96.5460000,10.0000,3.20,ml,,,,,,th_14415_202505191543,2025-05-19T15:43:46.000Z,"Zarli, Shan, Myanmar (Burma)",Myanmar,MM,Asia,earthquake,1747670082,1747669426,0,,"22.24,96.55",2025-05-19 15:43:46,2025-05-19 22:13:46
21.0200000,99.4020000,10.0000,2.40,ml,,,,,,th_14414_202505191110,2025-05-19T11:10:04.000Z,"Wan Na-hsai, Shan, Myanmar (Burma)",Myanmar,MM,Asia,earthquake,1747653382,1747653004,0,,"21.02,99.40",2025-05-19 11:10:04,2025-05-19 17:40:04
23.1410000,98.9050000,10.0000,3.40,ml,,,,,,th_14413_202505190927,2025-05-19T09:27:31.000Z,"Man Hleik, Shan, Myanmar (Burma)",Myanmar,MM,Asia,earthquake,1747647511,1747646851,0,,"23.14,98.91",2025-05-19 09:27:31,2025-05-19 15:57:31
22.2350000,96.4990000,10.0000,3.10,ml,,,,,,th_14412_202505190441,2025-05-19T04:41:46.000Z,"Nga Bin, Shan, Myanmar (Burma)",Myanmar,MM,Asia,earthquake,1747630184,1747629706,0,,"22.24,96.50",2025-05-19 04:41:46,2025-05-19 11:11:46
21.1770000,96.3360000,10.0000,3.10,ml,,,,,,th_14411_202505190417,2025-05-19T04:17:46.000Z,"Kanze, Mandalay Region, Myanmar (Burma)",Myanmar,MM,Asia,earthquake,1747628811,1747628266,0,,"21.18,96.34",2025-05-19 04:17:46,2025-05-19 10:47:46
21.1550000,99.3130000,10.0000,2.40,ml,,,,,,th_14408_202505182156,2025-05-18T21:56:11.000Z,"Mawnkak, Shan, Myanmar (Burma)",Myanmar,MM,Asia,earthquake,1747606084,1747605371,0,,"21.16,99.31",2025-05-18 21:56:11,2025-05-19 04:26:11
21.7510000,96.3870000,10.0000,2.90,ml,,,,,,th_14407_202505181929,2025-05-18T19:29:58.000Z,"Hngetkyithaik, Mandalay Region, Myanmar (Burma)",Myanmar,MM,Asia,earthquake,1747597593,1747596598,0,,"21.75,96.39",2025-05-18 19:29:58,2025-05-19 01:59:58
19.0850000,93.3987000,8.9000,5.00,ml,,,,,,gfz2025jrua,2025-05-19T06:29:55.000Z,Myanmar (Burma),Myanmar,MM,Asia,earthquake,1747596305,1747595721,0,,"19.09,93.42",2025-05-18 19:15:21,2025-05-19 01:45:21
18.7840000,96.7210000,10.0000,1.90,ml,,,,,,th_14405_202505181836,2025-05-18T18:36:51.000Z,"Kolu, Kayin State, Myanmar (Burma)",Myanmar,MM,Asia,earthquake,1747593966,1747593411,0,,"18.78,96.72",2025-05-18 18:36:51,2025-05-19 01:06:51
19.4260000,96.4880000,10.0000,2.10,ml,,,,,,th_14404_202505181826,2025-05-18T18:26:20.000Z,"Amayadaung, Kayin State, Myanmar (Burma)",Myanmar,MM,Asia,earthquake,1747593420,1747592780,0,,"19.43,96.49",2025-05-18 18:26:20,2025-05-19 00:56:20
19.0820000,96.4070000,10.0000,3.00,ml,,,,,,th_14403_202505181756,2025-05-18T17:56:11.000Z,"Kyun Kone, Bago Region, Myanmar (Burma)",Myanmar,MM,Asia,earthquake,1747591456,1747590971,0,,"19.08,96.41",2025-05-18 17:56:11,2025-05-19 00:26:11
21.6700000,93.9100000,40.0000,3.90,ml,,,,,,in_ZGpwWnZ0VlZrM2lCZEM5TGpySUt2Zz09,2025-05-18T17:37:58.000Z,"Ridwi, Chin State, Myanmar (Burma)",Myanmar,MM,Asia,earthquake,1747590625,1747589878,0,,"21.67,93.91",2025-05-18 17:37:58,2025-05-19 00:07:58
20.1410000,96.3010000,10.0000,2.60,ml,,,,,,th_14399_202505181144,2025-05-18T11:44:51.000Z,"Kyatpye, Naypyidaw Union Territory, Myanmar (Burma)",Myanmar,MM,Asia,earthquake,1747569325,1747568691,0,,"20.14,96.30",2025-05-18 11:44:51,2025-05-18 18:14:51
18.8100000,96.5760000,10.0000,2.40,ml,,,,,,th_14398_202505181125,2025-05-18T11:25:16.000Z,"Bomari, Bago Region, Myanmar (Burma)",Myanmar,MM,Asia,earthquake,1747568169,1747567516,0,,"18.81,96.58",2025-05-18 11:25:16,2025-05-18 17:55:16
22.0250000,96.7160000,10.0000,3.80,ml,,,,,,th_14397_202505181118,2025-05-18T11:35:37.000Z,"Pazunseik, Mandalay Region, Myanmar (Burma)",Myanmar,MM,Asia,earthquake,1747567874,1747567114,0,,"22.03,96.72",2025-05-18 11:18:34,2025-05-18 17:48:34
18.1620000,97.4500000,10.0000,1.70,ml,,,,,,th_14396_202505181049,2025-05-18T10:49:11.000Z,"Moseido, Kayin State, Myanmar (Burma)",Myanmar,MM,Asia,earthquake,1747567784,1747565351,0,,"18.16,97.45",2025-05-18 10:49:11,2025-05-18 17:19:11
18.5560000,96.6060000,10.0000,2.50,ml,,,,,,th_14395_202505180841,2025-05-18T08:41:32.000Z,"Mon, Bago Region, Myanmar (Burma)",Myanmar,MM,Asia,earthquake,1747558122,1747557692,0,,"18.56,96.61",2025-05-18 08:41:32,2025-05-18 15:11:32
20.7170000,96.2950000,10.0000,3.30,ml,,,,,,th_14394_202505180458,2025-05-18T04:58:05.000Z,"Yin Mar Bin, Mandalay Region, Myanmar (Burma)",Myanmar,MM,Asia,earthquake,1747544840,1747544285,0,,"20.72,96.30",2025-05-18 04:58:05,2025-05-18 11:28:05
21.8600000,96.5220000,10.0000,3.30,ml,,,,,,th_14393_202505180404,2025-05-18T04:04:39.000Z,"Lema, Mandalay Region, Myanmar (Burma)",Myanmar,MM,Asia,earthquake,1747541694,1747541079,0,,"21.86,96.52",2025-05-18 04:04:39,2025-05-18 10:34:39
19.1200000,96.6750000,10.0000,2.30,ml,,,,,,th_14391_202505180303,2025-05-18T03:03:41.000Z,"Than Daung Gyi, Kayin State, Myanmar (Burma)",Myanmar,MM,Asia,earthquake,1747537894,1747537421,0,,"19.12,96.68",2025-05-18 03:03:41,2025-05-18 09:33:41
19.5590000,97.7370000,10.0000,1.90,ml,,,,,,th_14390_202505172253,2025-05-17T22:53:53.000Z,"Daw Pawtu, Kayah State, Myanmar (Burma)",Myanmar,MM,Asia,earthquake,1747522877,1747522433,0,,"19.56,97.74",2025-05-17 22:53:53,2025-05-18 05:23:53
20.3090000,98.2930000,10.0000,1.90,ml,,,,,,th_14388_202505171942,2025-05-17T19:42:21.000Z,"Mongpan, Shan, Myanmar (Burma)",Myanmar,MM,Asia,earthquake,1747511960,1747510941,1,,"20.31,98.29",2025-05-17 19:42:21,2025-05-18 02:12:21
21.0180000,99.8160000,10.0000,2.40,ml,,,,,,th_14387_202505171721,2025-05-17T17:21:51.000Z,"Wan Mu-hsö Hsensawmawng, Shan, Myanmar (Burma)",Myanmar,MM,Asia,earthquake,1747502981,1747502511,0,,"21.02,99.82",2025-05-17 17:21:51,2025-05-17 23:51:51
19.6810000,96.1750000,10.0000,2.80,ml,,,,,,th_14386_202505171656,2025-05-17T16:56:35.000Z,"Thayetkon, Naypyidaw Union Territory, Myanmar (Burma)",Myanmar,MM,Asia,earthquake,1747501433,1747500995,0,,"19.68,96.18",2025-05-17 16:56:35,2025-05-17 23:26:35
21.3995000,96.0381000,10.0000,5.10,mww,235,25,1.063,0.53,us,gfz2025jprx,2025-05-20T14:57:35.507Z,"Kyaukse, Burma (Myanmar)","24km SSW of Kyaukse, Burma (Myanmar)",MM,Asia,earthquake,1747497749,1747497287,0,,"21.35,96.01",2025-05-17 15:54:47,2025-05-17 22:24:47
21.0600000,96.5160000,10.0000,2.70,ml,,,,,,th_14384_202505171221,2025-05-17T12:21:08.000Z,"Myaing, Shan, Myanmar (Burma)",Myanmar,MM,Asia,earthquake,1747484930,1747484468,0,,"21.06,96.52",2025-05-17 12:21:08,2025-05-17 18:51:08
22.6230000,96.1250000,10.0000,3.30,ml,,,,,,th_14383_202505170854,2025-05-17T08:54:49.000Z,"Kokko, Mandalay Region, Myanmar (Burma)",Myanmar,MM,Asia,earthquake,1747472909,1747472089,0,,"22.62,96.13",2025-05-17 08:54:49,2025-05-17 15:24:49
22.6310000,96.3630000,10.0000,3.80,ml,,,,,,th_14381_202505170355,2025-05-17T04:14:35.000Z,"Pang Kit, Shan, Myanmar (Burma)",Myanmar,MM,Asia,earthquake,1747454905,1747454118,0,,"22.63,96.36",2025-05-17 03:55:18,2025-05-17 10:25:18
19.0750000,96.5820000,10.0000,2.70,ml,,,,,,th_14379_202505162148,2025-05-16T21:48:27.000Z,"Thandaung, Kayin State, Myanmar (Burma)",Myanmar,MM,Asia,earthquake,1747432790,1747432107,0,,"19.08,96.58",2025-05-16 21:48:27,2025-05-17 04:18:27
21.1000000,99.8580000,10.0000,2.10,ml,,,,,,th_14378_202505162049,2025-05-16T20:49:31.000Z,"Yangka, Shan, Myanmar (Burma)",Myanmar,MM,Asia,earthquake,1747429119,1747428571,1,,"21.10,99.86",2025-05-16 20:49:31,2025-05-17 03:19:31
22.0350000,96.2650000,10.0000,3.00,ml,,,,,,th_14377_202505161936,2025-05-16T19:36:49.000Z,"Yetaw, Mandalay Region, Myanmar (Burma)",Myanmar,MM,Asia,earthquake,1747424713,1747424209,0,,"22.04,96.27",2025-05-16 19:36:49,2025-05-17 02:06:49
19.8930000,97.8740000,10.0000,1.70,ml,,,,,,th_14375_202505161334,2025-05-16T13:34:53.000Z,"Ta Öngmu, Shan, Myanmar (Burma)",Myanmar,MM,Asia,earthquake,1747403079,1747402493,0,,"19.89,97.87",2025-05-16 13:34:53,2025-05-16 20:04:53
21.7250000,96.6410000,10.0000,2.70,ml,,,,,,th_14374_202505161108,2025-05-16T11:08:12.000Z,"Zayitke, Mandalay Region, Myanmar (Burma)",Myanmar,MM,Asia,earthquake,1747394384,1747393692,0,,"21.73,96.64",2025-05-16 11:08:12,2025-05-16 17:38:12
18.7510000,96.6530000,10.0000,2.30,ml,,,,,,th_14373_202505160846,2025-05-16T08:46:02.000Z,"Alesengyaung, Kayin State, Myanmar (Burma)",Myanmar,MM,Asia,earthquake,1747385506,1747385162,0,,"18.75,96.65",2025-05-16 08:46:02,2025-05-16 15:16:02
26.0400000,95.4800000,60.0000,3.50,ml,,,,,,in_VThTTFdlYkNSbnJETzd1YisrZ2NlZz09,2025-05-16T05:42:31.000Z,"Hintiu, Sagaing Region, Myanmar (Burma)",Myanmar,MM,Asia,earthquake,1747373873,1747373039,0,,"26.04,95.48",2025-05-16 05:23:59,2025-05-16 11:53:59
18.9010000,97.4290000,3.0000,2.90,ml,,,,,,th_14369_202505152108,2025-05-15T21:08:44.000Z,"Loi Mun, Kayah State, Myanmar (Burma)",Myanmar,MM,Asia,earthquake,1747343928,1747343324,0,,"18.90,97.43",2025-05-15 21:08:44,2025-05-16 03:38:44
18.9310000,97.6450000,1.0000,1.90,ml,,,,,,th_14368_202505152103,2025-05-15T21:03:46.000Z,"Watak, Kayah State, Myanmar (Burma)",Myanmar,MM,Asia,earthquake,1747343695,1747343026,0,,"18.93,97.65",2025-05-15 21:03:46,2025-05-16 03:33:46
19.8990000,97.9090000,2.0000,1.70,ml,,,,,,th_14367_202505152051,2025-05-15T20:51:44.000Z,Langhko Township,Myanmar,MM,Asia,earthquake,1747342930,1747342304,0,,"19.90,97.91",2025-05-15 20:51:44,2025-05-16 03:21:44
18.4440000,96.4530000,10.0000,2.80,ml,,,,,,th_14365_202505151834,2025-05-15T18:34:24.000Z,"Phyu, Bago Region, Myanmar (Burma)",Myanmar,MM,Asia,earthquake,1747334330,1747334064,0,,"18.44,96.45",2025-05-15 18:34:24,2025-05-16 01:04:24
19.8170000,98.0320000,10.0000,2.10,ml,,,,,,th_14364_202505151715,2025-05-15T17:15:29.000Z,"Loikwang, Shan, Myanmar (Burma)",Myanmar,MM,Asia,earthquake,1747329638,1747329329,0,,"19.82,98.03",2025-05-15 17:15:29,2025-05-15 23:45:29
23.3220000,95.8720000,10.0000,3.40,ml,,,,,,th_14363_202505151520,2025-05-15T15:20:10.000Z,"Ngayinbyo, Sagaing Region, Myanmar (Burma)",Myanmar,MM,Asia,earthquake,1747324300,1747322410,0,,"23.32,95.87",2025-05-15 15:20:10,2025-05-15 21:50:10
19.2660000,96.4840000,10.0000,2.30,ml,,,,,,th_14362_202505151447,2025-05-15T14:47:14.000Z,"Pebo, Kayin State, Myanmar (Burma)",Myanmar,MM,Asia,earthquake,1747320786,1747320434,0,,"19.27,96.48",2025-05-15 14:47:14,2025-05-15 21:17:14
20.1890000,98.0330000,10.0000,2.00,ml,,,,,,th_14361_202505150847,2025-05-15T08:47:46.000Z,"Wan Mawngkawk, Shan, Myanmar (Burma)",Myanmar,MM,Asia,earthquake,1747299699,1747298866,0,,"20.19,98.03",2025-05-15 08:47:46,2025-05-15 15:17:46
26.6700000,96.1700000,10.0000,3.30,ml,,,,,,in_T2pqZ29xMzlmS21QQkF1UWRYVFdYQT09,2025-05-15T08:21:35.000Z,"Shin Bway Yang, Kachin, Myanmar (Burma)",Myanmar,MM,Asia,earthquake,1747297094,1747296061,0,,"26.67,96.17",2025-05-15 08:01:01,2025-05-15 14:31:01
21.8850000,96.7730000,10.0000,3.90,ml,,,,,,th_14360_202505150718,2025-05-15T07:35:54.000Z,"Kontha, Mandalay Region, Myanmar (Burma)",Myanmar,MM,Asia,earthquake,1747294377,1747293525,0,,"21.89,96.77",2025-05-15 07:18:45,2025-05-15 13:48:45
19.2540000,96.3050000,10.0000,3.00,ml,,,,,,th_14359_202505150208,2025-05-15T02:08:06.000Z,"Swar, Bago Region, Myanmar (Burma)",Myanmar,MM,Asia,earthquake,1747275500,1747274886,0,,"19.25,96.31",2025-05-15 02:08:06,2025-05-15 08:38:06
26.9700000,95.8000000,10.0000,3.40,ml,,,,,,in_NitUR2RZTnd0YWdVOWlCNmZRQzdDUT09,2025-05-15T00:28:36.000Z,"Don Hee, Sagaing Region, Myanmar (Burma)",Myanmar,MM,Asia,earthquake,1747268745,1747268183,0,,"26.97,95.80",2025-05-15 00:16:23,2025-05-15 06:46:23
19.9730000,97.9100000,10.0000,2.20,ml,,,,,,th_14358_202505150005,2025-05-15T00:05:00.000Z,"Ta Ho-pong, Shan, Myanmar (Burma)",Myanmar,MM,Asia,earthquake,1747275389,1747267500,0,,"19.97,97.91",2025-05-15 00:05:00,2025-05-15 06:35:00
22.2480000,96.0580000,10.0000,3.20,ml,,,,,,th_14357_202505142258,2025-05-14T22:58:26.000Z,"Mwe Tha Laing, Mandalay Region, Myanmar (Burma)",Myanmar,MM,Asia,earthquake,1747264333,1747263506,0,,"22.25,96.06",2025-05-14 22:58:26,2025-05-15 05:28:26
19.8820000,98.0440000,4.0000,1.70,ml,,,,,,th_14356_202505142213,2025-05-14T22:13:56.000Z,"Wan Nawnghsem, Shan, Myanmar (Burma)",Myanmar,MM,Asia,earthquake,1747261398,1747260836,0,,"19.88,98.04",2025-05-14 22:13:56,2025-05-15 04:43:56
19.2390000,96.2360000,10.0000,2.80,ml,,,,,,th_14355_202505142104,2025-05-14T21:04:45.000Z,"Baungdok, Bago Region, Myanmar (Burma)",Myanmar,MM,Asia,earthquake,1747257331,1747256685,0,,"19.24,96.24",2025-05-14 21:04:45,2025-05-15 03:34:45
19.2310000,96.3790000,10.0000,2.30,ml,,,,,,th_14354_202505142034,2025-05-14T20:34:17.000Z,"Sibaing, Bago Region, Myanmar (Burma)",Myanmar,MM,Asia,earthquake,1747255555,1747254857,1,,"19.23,96.38",2025-05-14 20:34:17,2025-05-15 03:04:17
25.9800000,97.1900000,10.0000,3.40,ml,,,,,,in_NVJWQzRMR0hJcXplSEV4R0FlTEN4Zz09,2025-05-14T19:11:59.000Z,"'Njungbum, Kachin, Myanmar (Burma)",Myanmar,MM,Asia,earthquake,1747250906,1747249919,0,,"25.98,97.19",2025-05-14 19:11:59,2025-05-15 01:41:59
22.1480000,96.4620000,10.0000,3.20,ml,,,,,,th_14351_202505141328,2025-05-14T13:28:49.000Z,"Nyaung Gone, Mandalay Region, Myanmar (Burma)",Myanmar,MM,Asia,earthquake,1747230216,1747229329,0,,"22.15,96.46",2025-05-14 13:28:49,2025-05-14 19:58:49
21.1180000,99.8770000,10.0000,2.30,ml,,,,,,th_14350_202505141245,2025-05-14T12:45:37.000Z,"Yangka, Shan, Myanmar (Burma)",Myanmar,MM,Asia,earthquake,1747228540,1747226737,1,,"21.12,99.88",2025-05-14 12:45:37,2025-05-14 19:15:37
18.2840000,96.1460000,10.0000,2.20,ml,,,,,,th_14348_202505141226,2025-05-14T12:26:30.000Z,"Thitkyi, Bago Region, Myanmar (Burma)",Myanmar,MM,Asia,earthquake,1747226846,1747225590,0,,"18.28,96.15",2025-05-14 12:26:30,2025-05-14 18:56:30
21.0140000,99.8970000,10.0000,3.00,ml,,,,,,th_14347_202505141050,2025-05-14T10:50:09.000Z,"Wan Mu-hsö Hsensawmawng, Shan, Myanmar (Burma)",Myanmar,MM,Asia,earthquake,1747220195,1747219809,1,,"21.01,99.90",2025-05-14 10:50:09,2025-05-14 17:20:09
25.0400000,94.8000000,130.0000,3.90,ml,,,,,,in_WFN5dmVuZWc4bk1ieE1VaUdpMzFTQT09,2025-05-14T10:56:37.000Z,"Mo Paing Lut, Sagaing Region, Myanmar (Burma)",Myanmar,MM,Asia,earthquake,1747219875,1747218651,0,,"25.04,94.80",2025-05-14 10:30:51,2025-05-14 17:00:51
21.6030000,96.4980000,10.0000,2.80,ml,,,,,,th_14346_202505141028,2025-05-14T10:28:58.000Z,"Gwebin, Mandalay Region, Myanmar (Burma)",Myanmar,MM,Asia,earthquake,1747219693,1747218538,0,,"21.60,96.50",2025-05-14 10:28:58,2025-05-14 16:58:58
22.1010000,96.4370000,10.0000,4.00,ml,,,,,,ems_202505_1808139,2025-05-14T09:21:56.000Z,"Pyin Oo Lwin, Mandalay Region, Myanmar (Burma)",Myanmar,MM,Asia,earthquake,1747214530,1747213658,0,,"22.10,96.44",2025-05-14 09:07:38,2025-05-14 15:37:38
19.9640000,98.1410000,10.0000,2.10,ml,,,,,,th_14344_202505140832,2025-05-14T08:32:51.000Z,"Wan Nawnghsem, Shan, Myanmar (Burma)",Myanmar,MM,Asia,earthquake,1747212168,1747211571,0,,"19.96,98.14",2025-05-14 08:32:51,2025-05-14 15:02:51
18.0880000,96.7310000,10.0000,3.10,ml,,,,,,th_14343_202505140639,2025-05-14T06:39:32.000Z,"Hinthawè, Bago Region, Myanmar (Burma)",Myanmar,MM,Asia,earthquake,1747205274,1747204772,1,,"18.09,96.73",2025-05-14 06:39:32,2025-05-14 13:09:32
21.6530000,96.5790000,10.0000,3.10,ml,,,,,,th_14342_202505140419,2025-05-14T04:19:08.000Z,"Zayitke, Mandalay Region, Myanmar (Burma)",Myanmar,MM,Asia,earthquake,1747197439,1747196348,0,,"21.65,96.58",2025-05-14 04:19:08,2025-05-14 10:49:08
20.7930000,96.1460000,10.0000,3.00,ml,,,,,,th_14341_202505132335,2025-05-13T23:35:26.000Z,"Hlaingdet, Mandalay Region, Myanmar (Burma)",Myanmar,MM,Asia,earthquake,1747179645,1747179326,0,,"20.79,96.15",2025-05-13 23:35:26,2025-05-14 06:05:26
19.6670000,96.2100000,10.0000,3.60,ml,,,,,,th_14340_202505132245,2025-05-13T22:56:37.000Z,"Wetkamu, နေပြည်တော် ပြည်တောင်စုနယ်မြေ, Myanmar (Burma)",Myanmar,MM,Asia,earthquake,1747176725,1747176346,0,,"19.67,96.21",2025-05-13 22:45:46,2025-05-14 05:15:46
21.7890000,96.3310000,10.0000,3.50,ml,,,,,,th_14338_202505132021,2025-05-13T20:35:54.000Z,"Thon-Daung-Ywa-Ma, Mandalay Region, Myanmar (Burma)",Myanmar,MM,Asia,earthquake,1747168507,1747167686,1,,"21.79,96.33",2025-05-13 20:21:26,2025-05-14 02:51:26
20.2120000,96.4950000,3.0000,2.70,ml,,,,,,th_14337_202505131808,2025-05-13T18:08:07.000Z,Yamethin Township,Myanmar - China Border Region,MM,Asia,earthquake,1747160010,1747159687,0,,"20.21,96.50",2025-05-13 18:08:07,2025-05-14 00:38:07
17.7940000,97.5720000,2.0000,2.60,ml,,,,,,th_14336_202505131718,2025-05-13T17:18:59.000Z,"Bawkawkhi, Kayin State, Myanmar (Burma)",Myanmar,MM,Asia,earthquake,1747157294,1747156739,0,,"17.79,97.57",2025-05-13 17:18:59,2025-05-13 23:48:59
18.9610000,96.3940000,10.0000,2.10,ml,,,,,,th_14335_202505131636,2025-05-13T16:36:40.000Z,"Taungoo, Bago Region, Myanmar (Burma)",Myanmar,MM,Asia,earthquake,1747154518,1747154200,0,,"18.96,96.39",2025-05-13 16:36:40,2025-05-13 23:06:40
18.4870000,96.2840000,10.0000,2.60,ml,,,,,,th_14334_202505131136,2025-05-13T11:36:23.000Z,"Kayuchaung, Bago Region, Myanmar (Burma)",Myanmar,MM,Asia,earthquake,1747136617,1747136183,0,,"18.49,96.28",2025-05-13 11:36:23,2025-05-13 18:06:23
22.1400000,96.3110000,2.0000,3.90,ml,,,,,,th_14333_202505130641,2025-05-13T06:56:40.000Z,"Daw-wa-kyaung, Mandalay Region, Myanmar (Burma)",Myanmar,MM,Asia,earthquake,1747119092,1747118515,0,,"22.14,96.31",2025-05-13 06:41:55,2025-05-13 13:11:55
21.8190000,96.4160000,10.0000,3.80,ml,,,,,,th_14330_202505122321,2025-05-12T23:42:39.000Z,"Shwegyaung, Mandalay Region, Myanmar (Burma)",Myanmar,MM,Asia,earthquake,1747093051,1747092117,0,,"21.82,96.42",2025-05-12 23:21:57,2025-05-13 05:51:57
18.8890000,97.3330000,1.0000,1.50,ml,,,,,,th_14329_202505122010,2025-05-12T20:10:19.000Z,"Hpasawng, Kayah State, Myanmar (Burma)",Myanmar,MM,Asia,earthquake,1747082292,1747080619,0,,"18.89,97.33",2025-05-12 20:10:19,2025-05-13 02:40:19
18.8390000,96.3600000,10.0000,2.90,ml,,,,,,th_14327_202505121953,2025-05-12T19:53:48.000Z,"Oktwin, Bago Region, Myanmar (Burma)",Myanmar,MM,Asia,earthquake,1747080352,1747079628,0,,"18.84,96.36",2025-05-12 19:53:48,2025-05-13 02:23:48
18.8880000,96.3750000,10.0000,2.80,ml,,,,,,th_14326_202505121949,2025-05-12T19:49:00.000Z,"Taungoo, Bago Region, Myanmar (Burma)",Myanmar,MM,Asia,earthquake,1747079792,1747079340,0,,"18.89,96.38",2025-05-12 19:49:00,2025-05-13 02:19:00
21.7300000,96.2890000,10.0000,3.90,ml,,,,,,th_14323_202505121824,2025-05-12T18:35:36.000Z,"Hngetkyithaik, Mandalay Region, Myanmar (Burma)",Myanmar,MM,Asia,earthquake,1747074712,1747074268,0,,"21.73,96.29",2025-05-12 18:24:28,2025-05-13 00:54:28
20.8620000,96.9880000,10.0000,2.50,ml,,,,,,th_14322_202505121720,2025-05-12T17:20:28.000Z,"taungni, Shan, Myanmar (Burma)",Myanmar,MM,Asia,earthquake,1747071078,1747070428,0,,"20.86,96.99",2025-05-12 17:20:28,2025-05-12 23:50:28
19.7070000,96.2480000,10.0000,2.60,ml,,,,,,th_14321_202505121346,2025-05-12T13:46:29.000Z,"Pwetseikkon, နေပြည်တော် ပြည်တောင်စုနယ်မြေ, Myanmar (Burma)",Myanmar,MM,Asia,earthquake,1747058303,1747057589,0,,"19.71,96.25",2025-05-12 13:46:29,2025-05-12 20:16:29
20.6200000,96.5350000,10.0000,2.40,ml,,,,,,th_14320_202505121342,2025-05-12T13:42:51.000Z,"Kalaw, Shan, Myanmar (Burma)",Myanmar,MM,Asia,earthquake,1747058253,1747057371,0,,"20.62,96.54",2025-05-12 13:42:51,2025-05-12 20:12:51
19.7060000,96.1970000,10.0000,2.90,ml,,,,,,th_14319_202505121332,2025-05-12T13:32:05.000Z,"Naypyidaw Union Territory, Myanmar (Burma)",Myanmar,MM,Asia,earthquake,1747057047,1747056725,1,,"19.71,96.20",2025-05-12 13:32:05,2025-05-12 20:02:05
20.9560000,96.3610000,10.0000,3.80,ml,,,,,,th_14318_202505120320,2025-05-12T03:35:37.000Z,"Patchaung, Shan, Myanmar (Burma)",Myanmar,MM,Asia,earthquake,1747020715,1747020027,0,,"20.96,96.36",2025-05-12 03:20:27,2025-05-12 09:50:27
20.9300000,96.5690000,10.0000,3.00,ml,,,,,,th_14317_202505120251,2025-05-12T02:51:53.000Z,"Nyaungbingwa, Shan, Myanmar (Burma)",Myanmar,MM,Asia,earthquake,1747018835,1747018313,0,,"20.93,96.57",2025-05-12 02:51:53,2025-05-12 09:21:53
20.0250000,96.3060000,10.0000,4.00,ml,,,,,,ems_202505_1807159,2025-05-11T23:56:36.000Z,"Setkon, Naypyidaw Union Territory, Myanmar (Burma)",Myanmar,MM,Asia,earthquake,1747007805,1747006960,0,,"20.03,96.31",2025-05-11 23:42:40,2025-05-12 06:12:40
19.1120000,96.4580000,9.0000,3.20,ml,,,,,,th_14315_202505112131,2025-05-11T21:31:01.000Z,"Karenchaung, Bago Region, Myanmar (Burma)",Myanmar,MM,Asia,earthquake,1746999452,1746999061,1,,"19.11,96.46",2025-05-11 21:31:01,2025-05-12 04:01:01
20.1260000,98.0400000,10.0000,2.40,ml,,,,,,th_14314_202505111731,2025-05-11T17:31:54.000Z,"Üng-yao, Shan, Myanmar (Burma)",Myanmar,MM,Asia,earthquake,1746985210,1746984714,0,,"20.13,98.04",2025-05-11 17:31:54,2025-05-12 00:01:54
20.0970000,97.7600000,10.0000,2.60,ml,,,,,,th_14313_202505111015,2025-05-11T10:15:46.000Z,"Wān Kongmakpin, Shan, Myanmar (Burma)",Myanmar,MM,Asia,earthquake,1746959010,1746958546,0,,"20.10,97.76",2025-05-11 10:15:46,2025-05-11 16:45:46
18.8740000,96.4530000,10.0000,3.00,ml,,,,,,th_14311_202505110840,2025-05-11T08:40:08.000Z,"Taungoo, Bago Region, Myanmar (Burma)",Myanmar,MM,Asia,earthquake,1746953798,1746952808,0,,"18.87,96.45",2025-05-11 08:40:08,2025-05-11 15:10:08
21.2640000,99.8890000,10.0000,2.80,ml,,,,,,th_14310_202505110227,2025-05-11T02:27:19.000Z,"Wan Hpaya-hkè, Shan, Myanmar (Burma)",Myanmar,MM,Asia,earthquake,1746930982,1746930439,1,,"21.26,99.89",2025-05-11 02:27:19,2025-05-11 08:57:19
20.3620000,98.0470000,10.0000,2.20,ml,,,,,,th_14309_202505110203,2025-05-11T02:03:58.000Z,"Langkho, Shan, Myanmar (Burma)",Myanmar,MM,Asia,earthquake,1746929426,1746929038,0,,"20.36,98.05",2025-05-11 02:03:58,2025-05-11 08:33:58
20.2780000,96.2300000,10.0000,2.60,ml,,,,,,th_14308_202505102127,2025-05-10T21:27:06.000Z,"Nyaung Lunt, Naypyidaw Union Territory, Myanmar (Burma)",Myanmar,MM,Asia,earthquake,1746913100,1746912426,0,,"20.28,96.23",2025-05-10 21:27:06,2025-05-11 03:57:06
21.7660000,96.3990000,10.0000,2.80,ml,,,,,,th_14307_202505102050,2025-05-10T20:50:32.000Z,"Thon-Daung-Ywa-Ma, Mandalay Region, Myanmar (Burma)",Myanmar,MM,Asia,earthquake,1746910921,1746910232,0,,"21.77,96.40",2025-05-10 20:50:32,2025-05-11 03:20:32
21.0120000,96.5440000,10.0000,2.80,ml,,,,,,th_14305_202505101911,2025-05-10T19:11:32.000Z,"Nyaungbingwa, Shan, Myanmar (Burma)",Myanmar,MM,Asia,earthquake,1746904549,1746904292,0,,"21.01,96.54",2025-05-10 19:11:32,2025-05-11 01:41:32
21.1310000,99.7450000,2.0000,2.90,ml,,,,,,th_14304_202505101840,2025-05-10T18:40:08.000Z,"Loi Pang Koi, Shan, Myanmar (Burma)",Myanmar,MM,Asia,earthquake,1746902724,1746902408,0,,"21.13,99.75",2025-05-10 18:40:08,2025-05-11 01:10:08
19.1840000,96.3710000,10.0000,2.90,ml,,,,,,th_14303_202505101636,2025-05-10T16:36:47.000Z,"Yedashe, Bago Region, Myanmar (Burma)",Myanmar,MM,Asia,earthquake,1746895276,1746895007,1,,"19.18,96.37",2025-05-10 16:36:47,2025-05-10 23:06:47
19.9910000,96.2810000,10.0000,2.40,ml,,,,,,th_14302_202505101628,2025-05-10T16:28:02.000Z,"Chaungbya, Naypyidaw Union Territory, Myanmar (Burma)",Myanmar,MM,Asia,earthquake,1746894862,1746894482,0,,"19.99,96.28",2025-05-10 16:28:02,2025-05-10 22:58:02
20.3500000,98.2350000,7.0000,4.00,ml,,,,,,ems_202505_1806624,2025-05-10T12:35:36.000Z,"Na-law, Shan, Myanmar (Burma)",Myanmar,MM,Asia,earthquake,1746880549,1746880169,0,,"20.35,98.24",2025-05-10 12:29:29,2025-05-10 18:59:29
21.6200000,96.3930000,10.0000,3.70,ml,,,,,,th_14300_202505101137,2025-05-10T11:49:35.000Z,"Gwebin, Mandalay Region, Myanmar (Burma)",Myanmar,MM,Asia,earthquake,1746877646,1746877027,0,,"21.62,96.39",2025-05-10 11:37:07,2025-05-10 18:07:07
19.2660000,96.2590000,10.0000,2.70,ml,,,,,,th_14299_202505101039,2025-05-10T10:39:18.000Z,"Swar, Bago Region, Myanmar (Burma)",Myanmar,MM,Asia,earthquake,1746873902,1746873558,0,,"19.27,96.26",2025-05-10 10:39:18,2025-05-10 17:09:18
18.8700000,96.4290000,10.0000,2.40,ml,,,,,,th_14297_202505100701,2025-05-10T07:01:58.000Z,"Taungoo, Bago Region, Myanmar (Burma)",Myanmar,MM,Asia,earthquake,1746860896,1746860518,0,,"18.87,96.43",2025-05-10 07:01:58,2025-05-10 13:31:58
18.0900000,96.1090000,10.0000,3.80,ml,,,,,,th_14296_202505100613,2025-05-10T06:22:04.000Z,"Foucar's, Bago Region, Myanmar (Burma)",Myanmar,MM,Asia,earthquake,1746857949,1746857621,0,,"18.09,96.11",2025-05-10 06:13:41,2025-05-10 12:43:41
20.0460000,97.8380000,10.0000,3.00,ml,,,,,,th_14295_202505100414,2025-05-10T04:14:54.000Z,"Wan Kongpao, Shan, Myanmar (Burma)",Myanmar,MM,Asia,earthquake,1746850835,1746850494,0,,"20.05,97.84",2025-05-10 04:14:54,2025-05-10 10:44:54
19.9960000,98.0390000,5.0000,2.30,ml,,,,,,th_14294_202505100246,2025-05-10T02:46:41.000Z,"Wan Konlang, Shan, Myanmar (Burma)",Myanmar,MM,Asia,earthquake,1746845705,1746845201,0,,"20.00,98.04",2025-05-10 02:46:41,2025-05-10 09:16:41
18.2790000,96.5880000,10.0000,2.50,ml,,,,,,th_14293_202505100157,2025-05-10T01:57:59.000Z,"Ingone, Bago Region, Myanmar (Burma)",Myanmar,MM,Asia,earthquake,1746842811,1746842279,0,,"18.28,96.59",2025-05-10 01:57:59,2025-05-10 08:27:59
20.0650000,98.0200000,10.0000,3.10,ml,,,,,,th_14292_202505100021,2025-05-10T00:21:38.000Z,"Wan Konlang, Shan, Myanmar (Burma)",Myanmar,MM,Asia,earthquake,1746836984,1746836498,0,,"20.07,98.02",2025-05-10 00:21:38,2025-05-10 06:51:38
19.1460000,96.3560000,10.0000,2.90,ml,,,,,,th_14291_202505091956,2025-05-09T19:56:05.000Z,"Yedashe, Bago Region, Myanmar (Burma)",Myanmar,MM,Asia,earthquake,1746821533,1746820565,0,,"19.15,96.36",2025-05-09 19:56:05,2025-05-10 02:26:05
19.7340000,96.5060000,10.0000,2.50,ml,,,,,,th_14290_202505091808,2025-05-09T18:08:25.000Z,"Saungdaung Anauk, Naypyidaw Union Territory, Myanmar (Burma)",Myanmar,MM,Asia,earthquake,1746821306,1746814105,0,,"19.73,96.51",2025-05-09 18:08:25,2025-05-10 00:38:25
20.6380000,99.8320000,10.0000,1.90,ml,,,,,,th_14289_202505091717,2025-05-09T17:17:42.000Z,"Wan Hsenhkampeng, Shan, Myanmar (Burma)",Myanmar,MM,Asia,earthquake,1746821179,1746811062,0,,"20.64,99.83",2025-05-09 17:17:42,2025-05-09 23:47:42
21.2790000,96.2570000,10.0000,3.10,ml,,,,,,th_14287_202505091346,2025-05-09T13:46:34.000Z,"Ywarkhainggyi, Mandalay Region, Myanmar (Burma)",Myanmar,MM,Asia,earthquake,1746800696,1746798394,1,,"21.28,96.26",2025-05-09 13:46:34,2025-05-09 20:16:34
24.7700000,95.2900000,110.0000,4.30,ml,,,,,,in_dGtvd01KL2lJWFNnQnVEM3ZpWFIxZz09,2025-05-09T13:49:34.000Z,"Nyaungbintha, Sagaing Region, Myanmar (Burma)",Myanmar,MM,Asia,earthquake,1746798568,1746797879,0,,"24.77,95.29",2025-05-09 13:37:59,2025-05-09 20:07:59
20.0220000,98.0340000,10.0000,1.90,ml,,,,,,th_14285_202505091146,2025-05-09T11:46:46.000Z,"Wan Konlang, Shan, Myanmar (Burma)",Myanmar,MM,Asia,earthquake,1746791694,1746791206,0,,"20.02,98.03",2025-05-09 11:46:46,2025-05-09 18:16:46
21.4700000,96.2580000,10.0000,3.10,ml,,,,,,th_14284_202505090858,2025-05-09T08:58:38.000Z,"Thanywa, Mandalay Region, Myanmar (Burma)",Myanmar,MM,Asia,earthquake,1746781953,1746781118,0,,"21.47,96.26",2025-05-09 08:58:38,2025-05-09 15:28:38
20.8734000,96.0433000,10.0000,4.40,mb,,,,,,in_aksrK0ZtS05EeG5EZzBPblBZRld5dz09,2025-05-09T14:58:53.000Z,"Thazi, Mandalay Region, Myanmar (Burma)",Myanmar,MM,Asia,earthquake,1746780668,1746779850,1,,"20.87,96.05",2025-05-09 08:37:30,2025-05-09 15:07:30
22.0220000,96.3870000,10.0000,3.60,ml,,,,,,th_14282_202505090832,2025-05-09T08:56:36.000Z,"Anesakhan, Mandalay Region, Myanmar (Burma)",Myanmar,MM,Asia,earthquake,1746780145,1746779555,0,,"22.02,96.39",2025-05-09 08:32:35,2025-05-09 15:02:35
18.1440000,96.7640000,10.0000,4.20,ml,,,,,,ems_202505_1806105,2025-05-09T00:56:35.000Z,"Bogata Auk, Bago Region, Myanmar (Burma)",Myanmar,MM,Asia,earthquake,1746752211,1746751689,0,,"18.14,96.76",2025-05-09 00:48:09,2025-05-09 07:18:09
21.7280000,96.2770000,10.0000,2.90,ml,,,,,,th_14279_202505082300,2025-05-08T23:00:34.000Z,"Hngetkyithaik, Mandalay Region, Myanmar (Burma)",Myanmar,MM,Asia,earthquake,1746745706,1746745234,0,,"21.73,96.28",2025-05-08 23:00:34,2025-05-09 05:30:34
19.6380000,96.1880000,10.0000,2.40,ml,,,,,,th_14278_202505082236,2025-05-08T22:36:33.000Z,"Magyigon, Naypyidaw Union Territory, Myanmar (Burma)",Myanmar,MM,Asia,earthquake,1746744264,1746743793,0,,"19.64,96.19",2025-05-08 22:36:33,2025-05-09 05:06:33
22.0470000,96.4050000,10.0000,3.10,ml,,,,,,th_14277_202505082026,2025-05-08T20:26:12.000Z,"Pyin Oo Lwin, Mandalay Region, Myanmar (Burma)",Myanmar,MM,Asia,earthquake,1746736902,1746735972,0,,"22.05,96.41",2025-05-08 20:26:12,2025-05-09 02:56:12
19.0520000,97.4290000,10.0000,1.70,ml,,,,,,th_14275_202505081900,2025-05-08T19:00:06.000Z,"Ho-hwè-ko-sa-pa, Kayah State, Myanmar (Burma)",Myanmar,MM,Asia,earthquake,1746731745,1746730806,0,,"19.05,97.43",2025-05-08 19:00:06,2025-05-09 01:30:06
19.8030000,96.4020000,10.0000,2.20,ml,,,,,,th_14274_202505081549,2025-05-08T15:49:31.000Z,"Kwedugyi, Naypyidaw Union Territory, Myanmar (Burma)",Myanmar,MM,Asia,earthquake,1746719756,1746719371,0,,"19.80,96.40",2025-05-08 15:49:31,2025-05-08 22:19:31
20.0460000,96.4250000,10.0000,2.30,ml,,,,,,th_14273_202505081532,2025-05-08T15:32:58.000Z,"Thalaing, Naypyidaw Union Territory, Myanmar (Burma)",Myanmar,MM,Asia,earthquake,1746719078,1746718378,0,,"20.05,96.43",2025-05-08 15:32:58,2025-05-08 22:02:58
23.1800000,94.0500000,10.0000,3.60,ml,,,,,,in_eE5uZG1qYmZjNmt0TnNwMkttdE12dz09,2025-05-08T14:21:42.000Z,"Kale, Sagaing Region, Myanmar (Burma)",Myanmar,MM,Asia,earthquake,1746713847,1746713167,0,,"23.18,94.05",2025-05-08 14:06:07,2025-05-08 20:36:07
21.5610000,96.2020000,10.0000,4.10,ml,,,,,,ems_202505_1805781,2025-05-08T08:00:37.000Z,"Kyaukse, Mandalay Region, Myanmar (Burma)",Myanmar,MM,Asia,earthquake,1746691249,1746689924,0,,"21.56,96.20",2025-05-08 07:38:44,2025-05-08 14:08:44
18.0890000,96.7330000,10.0000,2.40,ml,,,,,,th_14271_202505080232,2025-05-08T02:32:14.000Z,"Hinthawè, Bago Region, Myanmar (Burma)",Myanmar,MM,Asia,earthquake,1746672301,1746671534,0,,"18.09,96.73",2025-05-08 02:32:14,2025-05-08 09:02:14
20.9580000,96.3290000,10.0000,2.60,ml,,,,,,th_14268_202505072039,2025-05-07T20:39:31.000Z,"Patchaung, Shan, Myanmar (Burma)",Myanmar,MM,Asia,earthquake,1746650883,1746650371,1,,"20.96,96.33",2025-05-07 20:39:31,2025-05-08 03:09:31
19.3650000,96.5380000,10.0000,2.00,ml,,,,,,th_14267_202505071808,2025-05-07T18:08:08.000Z,"Amayadaung, Kayin State, Myanmar (Burma)",Myanmar,MM,Asia,earthquake,1746641944,1746641288,0,,"19.37,96.54",2025-05-07 18:08:08,2025-05-08 00:38:08
20.0390000,97.9400000,10.0000,1.50,ml,,,,,,th_14266_202505071733,2025-05-07T17:33:46.000Z,"Wan Kongpao, Shan, Myanmar (Burma)",Myanmar,MM,Asia,earthquake,1746639605,1746639226,0,,"20.04,97.94",2025-05-07 17:33:46,2025-05-08 00:03:46
17.4490000,96.2700000,10.0000,2.30,ml,,,,,,th_14265_202505071720,2025-05-07T17:20:07.000Z,"Wanetkon, Yangon Region, Myanmar (Burma)",Myanmar,MM,Asia,earthquake,1746638924,1746638407,0,,"17.45,96.27",2025-05-07 17:20:07,2025-05-07 23:50:07
21.7020000,96.3250000,10.0000,3.00,ml,,,,,,th_14264_202505071600,2025-05-07T16:00:22.000Z,"Hngetkyithaik, Mandalay Region, Myanmar (Burma)",Myanmar,MM,Asia,earthquake,1746637232,1746633622,0,,"21.70,96.33",2025-05-07 16:00:22,2025-05-07 22:30:22
20.9670000,98.0900000,10.0000,2.10,ml,,,,,,th_14263_202505071550,2025-05-07T15:50:01.000Z,"Tatpük, Shan, Myanmar (Burma)",Myanmar,MM,Asia,earthquake,1746633711,1746633001,0,,"20.97,98.09",2025-05-07 15:50:01,2025-05-07 22:20:01
19.7770000,96.4850000,10.0000,2.40,ml,,,,,,th_14262_202505071310,2025-05-07T13:10:09.000Z,"Saungdaung Anauk, Naypyidaw Union Territory, Myanmar (Burma)",Myanmar,MM,Asia,earthquake,1746623967,1746623409,0,,"19.78,96.49",2025-05-07 13:10:09,2025-05-07 19:40:09
18.6350000,96.5720000,10.0000,4.00,ml,,,,,,ems_202505_1805382,2025-05-07T07:42:39.000Z,"Zayatkyi, Bago Region, Myanmar (Burma)",Myanmar,MM,Asia,earthquake,1746603777,1746603325,0,,"18.64,96.57",2025-05-07 07:35:25,2025-05-07 14:05:25
18.6850000,96.3650000,10.0000,3.90,ml,,,,,,th_14260_202505070727,2025-05-07T07:35:36.000Z,"Kywebwe, Bago Region, Myanmar (Burma)",Myanmar,MM,Asia,earthquake,1746603217,1746602868,0,,"18.69,96.37",2025-05-07 07:27:48,2025-05-07 13:57:48
18.7990000,96.5240000,10.0000,3.30,ml,,,,,,th_14259_202505070123,2025-05-07T01:23:00.000Z,"Bomari, Bago Region, Myanmar (Burma)",Myanmar,MM,Asia,earthquake,1746581303,1746580980,0,,"18.80,96.52",2025-05-07 01:23:00,2025-05-07 07:53:00
19.9410000,97.9580000,10.0000,2.10,ml,,,,,,th_14258_202505070058,2025-05-07T00:58:46.000Z,"Ta Ho-pong, Shan, Myanmar (Burma)",Myanmar,MM,Asia,earthquake,1746579855,1746579526,0,,"19.94,97.96",2025-05-07 00:58:46,2025-05-07 07:28:46
20.1490000,97.9020000,10.0000,1.80,ml,,,,,,th_14257_202505062247,2025-05-06T22:47:57.000Z,"Wan Hat, Shan, Myanmar (Burma)",Myanmar,MM,Asia,earthquake,1746572063,1746571677,0,,"20.15,97.90",2025-05-06 22:47:57,2025-05-07 05:17:57
20.0810000,97.8000000,10.0000,3.50,ml,,,,,,th_14255_202505062221,2025-05-06T22:28:41.000Z,"Wan Kongpao, Shan, Myanmar (Burma)",Myanmar,MM,Asia,earthquake,1746570329,1746570079,0,,"20.08,97.80",2025-05-06 22:21:19,2025-05-07 04:51:19
20.0480000,97.8770000,10.0000,2.70,ml,,,,,,th_14254_202505062210,2025-05-06T22:10:19.000Z,"Wan Kongpao, Shan, Myanmar (Burma)",Myanmar,MM,Asia,earthquake,1746569671,1746569419,0,,"20.05,97.88",2025-05-06 22:10:19,2025-05-07 04:40:19
19.3040000,96.2590000,10.0000,2.30,ml,,,,,,th_14253_202505062122,2025-05-06T21:22:29.000Z,"Thagaya, Bago Region, Myanmar (Burma)",Myanmar,MM,Asia,earthquake,1746568440,1746566549,0,,"19.30,96.26",2025-05-06 21:22:29,2025-05-07 03:52:29
19.7850000,96.5020000,10.0000,2.10,ml,,,,,,th_14252_202505062025,2025-05-06T20:25:04.000Z,"Saungdaung Anauk, Naypyidaw Union Territory, Myanmar (Burma)",Myanmar,MM,Asia,earthquake,1746564174,1746563104,0,,"19.79,96.50",2025-05-06 20:25:04,2025-05-07 02:55:04
21.7110000,96.3510000,10.0000,4.40,ml,,,,,,in_VEo2UDlqeVJMUWhaSThyMVVoOHY3dz09,2025-05-06T19:14:48.000Z,"Mandalay, Mandalay Region, Myanmar (Burma)",Myanmar,MM,Asia,earthquake,1746558220,1746557794,1,,"21.92,96.12",2025-05-06 18:56:34,2025-05-07 01:26:34
20.1120000,96.4500000,10.0000,3.20,ml,,,,,,th_14250_202505061727,2025-05-06T17:27:44.000Z,"Kyaunggon, Naypyidaw Union Territory, Myanmar (Burma)",Myanmar,MM,Asia,earthquake,1746552957,1746552464,0,,"20.11,96.45",2025-05-06 17:27:44,2025-05-06 23:57:44
17.0650000,96.1680000,10.0000,2.60,ml,,,,,,th_14249_202505061708,2025-05-06T17:08:12.000Z,"Yangon, Yangon Region, Myanmar (Burma)",Myanmar,MM,Asia,earthquake,1746552686,1746551292,0,,"17.07,96.17",2025-05-06 17:08:12,2025-05-06 23:38:12
20.8960000,96.2870000,10.0000,2.50,ml,,,,,,th_14248_202505061656,2025-05-06T16:56:50.000Z,"Pothanaing, Mandalay Region, Myanmar (Burma)",Myanmar,MM,Asia,earthquake,1746551482,1746550610,0,,"20.90,96.29",2025-05-06 16:56:50,2025-05-06 23:26:50
17.1420000,96.3040000,10.0000,3.70,ml,,,,,,th_14247_202505061625,2025-05-06T16:49:47.000Z,"Za Yet Kwin, Yangon Region, Myanmar (Burma)",Myanmar,MM,Asia,earthquake,1746549949,1746548740,0,,"17.14,96.30",2025-05-06 16:25:40,2025-05-06 22:55:40
19.6810000,96.3920000,10.0000,2.20,ml,,,,,,th_14246_202505061604,2025-05-06T16:04:28.000Z,"Teinpyaung Atet, Naypyidaw Union Territory, Myanmar (Burma)",Myanmar,MM,Asia,earthquake,1746548039,1746547468,0,,"19.68,96.39",2025-05-06 16:04:28,2025-05-06 22:34:28
17.1060000,96.2820000,10.0000,2.90,ml,,,,,,th_14245_202505061510,2025-05-06T15:10:18.000Z,"Za Yet Kwin, Yangon Region, Myanmar (Burma)",Myanmar,MM,Asia,earthquake,1746545091,1746544218,0,,"17.11,96.28",2025-05-06 15:10:18,2025-05-06 21:40:18
19.9680000,98.1590000,10.0000,3.10,ml,,,,,,th_14244_202505061441,2025-05-06T14:41:50.000Z,"Wan Hsa-mu, Shan, Myanmar (Burma)",Myanmar,MM,Asia,earthquake,1746542987,1746542510,0,,"19.97,98.16",2025-05-06 14:41:50,2025-05-06 21:11:50
20.5800000,94.6100000,10.0000,3.80,ml,,,,,,in_MFhIazZVYjZhc3BrZzQ0RXhoUXF6Zz09,2025-05-06T14:26:53.000Z,"Salin, Magway Region, Myanmar (Burma)",Myanmar,MM,Asia,earthquake,1746542072,1746541613,0,,"20.58,94.61",2025-05-06 14:26:53,2025-05-06 20:56:53
19.1780000,96.4560000,10.0000,2.30,ml,,,,,,th_14243_202505061341,2025-05-06T13:41:10.000Z,"Karenchaung, Bago Region, Myanmar (Burma)",Myanmar,MM,Asia,earthquake,1746539461,1746538870,0,,"19.18,96.46",2025-05-06 13:41:10,2025-05-06 20:11:10
19.8630000,97.8610000,10.0000,2.80,ml,,,,,,th_14242_202505061327,2025-05-06T13:27:04.000Z,"Ta Öngmu, Shan, Myanmar (Burma)",Myanmar,MM,Asia,earthquake,1746538595,1746538024,0,,"19.86,97.86",2025-05-06 13:27:04,2025-05-06 19:57:04
20.4080000,97.0200000,10.0000,2.20,ml,,,,,,th_14241_202505060943,2025-05-06T09:43:53.000Z,"Nampan, Shan, Myanmar (Burma)",Myanmar,MM,Asia,earthquake,1746532698,1746524633,0,,"20.41,97.02",2025-05-06 09:43:53,2025-05-06 16:13:53
19.6530000,96.2240000,10.0000,2.60,ml,,,,,,th_14240_202505060649,2025-05-06T06:49:06.000Z,"Hpya-ling, Shan, Myanmar (Burma)",Myanmar,MM,Asia,earthquake,1746514671,1746514146,1,,"20.95,97.20",2025-05-06 06:49:06,2025-05-06 13:19:06
20.2700000,98.0890000,10.0000,2.00,ml,,,,,,th_14239_202505060617,2025-05-06T06:17:04.000Z,"Chueh Chu, Shan, Myanmar (Burma)",Myanmar,MM,Asia,earthquake,1746513097,1746512224,0,,"20.27,98.09",2025-05-06 06:17:04,2025-05-06 12:47:04
20.2400000,98.0720000,10.0000,2.30,ml,,,,,,th_14238_202505060615,2025-05-06T06:15:38.000Z,"Chueh Chu, Shan, Myanmar (Burma)",Myanmar,MM,Asia,earthquake,1746512743,1746512138,0,,"20.24,98.07",2025-05-06 06:15:38,2025-05-06 12:45:38
22.2160000,96.8870000,10.0000,3.30,ml,,,,,,th_14237_202505060341,2025-05-06T03:41:53.000Z,"Kan Gyi, Shan, Myanmar (Burma)",Myanmar,MM,Asia,earthquake,1746503532,1746502913,0,,"22.22,96.89",2025-05-06 03:41:53,2025-05-06 10:11:53
20.0710000,97.8800000,10.0000,2.40,ml,,,,,,th_14236_202505060108,2025-05-06T01:08:02.000Z,"Wan Kongpao, Shan, Myanmar (Burma)",Myanmar,MM,Asia,earthquake,1746494344,1746493682,0,,"20.07,97.88",2025-05-06 01:08:02,2025-05-06 07:38:02
20.2700000,97.6570000,10.0000,2.40,ml,,,,,,th_14235_202505060011,2025-05-06T00:11:21.000Z,"Mawkmai, Shan, Myanmar (Burma)",Myanmar,MM,Asia,earthquake,1746490689,1746490281,0,,"20.27,97.66",2025-05-06 00:11:21,2025-05-06 06:41:21
18.7700000,96.4540000,10.0000,2.60,ml,,,,,,th_14234_202505052102,2025-05-05T21:02:07.000Z,"Bomari, Bago Region, Myanmar (Burma)",Myanmar,MM,Asia,earthquake,1746480227,1746478927,0,,"18.77,96.45",2025-05-05 21:02:07,2025-05-06 03:32:07
19.9710000,96.2650000,10.0000,2.50,ml,,,,,,th_14233_202505052058,2025-05-05T20:58:49.000Z,"Tegon, Naypyidaw Union Territory, Myanmar (Burma)",Myanmar,MM,Asia,earthquake,1746480011,1746478729,0,,"19.97,96.27",2025-05-05 20:58:49,2025-05-06 03:28:49
19.4210000,97.7680000,10.0000,1.60,ml,,,,,,th_14232_202505051939,2025-05-05T19:39:24.000Z,"Hwè-yao, Kayah State, Myanmar (Burma)",Myanmar,MM,Asia,earthquake,1746474459,1746473964,0,,"19.42,97.77",2025-05-05 19:39:24,2025-05-06 02:09:24
19.4140000,96.3180000,10.0000,2.10,ml,,,,,,th_14229_202505051825,2025-05-05T18:25:41.000Z,"Wayonle, Bago Region, Myanmar (Burma)",Myanmar,MM,Asia,earthquake,1746470321,1746469541,0,,"19.41,96.32",2025-05-05 18:25:41,2025-05-06 00:55:41
18.9470000,96.2560000,10.0000,2.20,ml,,,,,,th_14228_202505051822,2025-05-05T18:22:58.000Z,"Gyihauk, Bago Region, Myanmar (Burma)",Myanmar,MM,Asia,earthquake,1746470274,1746469378,0,,"18.95,96.26",2025-05-05 18:22:58,2025-05-06 00:52:58
26.9900000,96.4700000,13.0000,3.50,ml,,,,,,in_UVA3cVE1RVV3Mm9xTnRmVEhzN2IwQT09,2025-05-05T15:14:48.000Z,"Gedu Ga, Kachin, Myanmar (Burma)",Myanmar,MM,Asia,earthquake,1746457723,1746457258,0,,"26.99,96.47",2025-05-05 15:00:58,2025-05-05 21:30:58
18.7720000,96.4430000,10.0000,2.50,ml,,,,,,th_14226_202505051455,2025-05-05T14:55:30.000Z,"Bomari, Bago Region, Myanmar (Burma)",Myanmar,MM,Asia,earthquake,1746457252,1746456930,0,,"18.77,96.44",2025-05-05 14:55:30,2025-05-05 21:25:30
20.0370000,97.8880000,10.0000,2.10,ml,,,,,,th_14225_202505051451,2025-05-05T14:51:57.000Z,"Wan Kongpao, Shan, Myanmar (Burma)",Myanmar,MM,Asia,earthquake,1746457032,1746456717,0,,"20.04,97.89",2025-05-05 14:51:57,2025-05-05 21:21:57
18.8180000,96.9870000,10.0000,1.90,ml,,,,,,th_14224_202505051228,2025-05-05T12:28:28.000Z,"Hoki, Kayin State, Myanmar (Burma)",Myanmar,MM,Asia,earthquake,1746449929,1746448108,0,,"18.82,96.99",2025-05-05 12:28:28,2025-05-05 18:58:28
19.2580000,96.3490000,10.0000,2.90,ml,,,,,,th_14223_202505050151,2025-05-05T01:51:48.000Z,"Sibaing, Bago Region, Myanmar (Burma)",Myanmar,MM,Asia,earthquake,1746410765,1746409908,0,,"19.26,96.35",2025-05-05 01:51:48,2025-05-05 08:21:48
24.5800000,94.8600000,70.0000,3.70,ml,,,,,,in_bGtPZnBRckxuNm15ZCtxUVg4c2ZvUT09,2025-05-05T01:28:34.000Z,"Myene, Sagaing Region, Myanmar (Burma)",Myanmar,MM,Asia,earthquake,1746408225,1746407515,0,,"24.58,94.86",2025-05-05 01:11:55,2025-05-05 07:41:55
19.9400000,97.7470000,5.0000,2.90,ml,,,,,,th_14222_202505042339,2025-05-04T23:39:34.000Z,"Wan Hwè-ya-yung, Shan, Myanmar (Burma)",Myanmar,MM,Asia,earthquake,1746403248,1746401974,0,,"19.94,97.75",2025-05-04 23:39:34,2025-05-05 06:09:34
22.9878000,95.6631000,10.0000,4.80,ml,,,,,,in_L0hZR2k4RVkrU0VUUXNjeENmOSsydz09,2025-05-05T06:42:10.000Z,"Bugon, Sagaing Region, Myanmar (Burma)",Myanmar,MM,Asia,earthquake,1746402052,1746401597,0,,"23.07,95.52",2025-05-04 23:33:17,2025-05-05 06:03:17
19.9400000,97.6190000,5.0000,2.80,ml,,,,,,th_14220_202505042324,2025-05-04T23:24:57.000Z,"Mai-hsa-se, Shan, Myanmar (Burma)",Myanmar,MM,Asia,earthquake,1746401296,1746401097,0,,"19.94,97.62",2025-05-04 23:24:57,2025-05-05 05:54:57
19.6520000,97.8790000,5.0000,2.40,ml,,,,,,th_14219_202505042258,2025-05-04T22:58:12.000Z,"Kiu-neng, Shan, Myanmar (Burma)",Myanmar,MM,Asia,earthquake,1746399743,1746399492,0,,"19.65,97.88",2025-05-04 22:58:12,2025-05-05 05:28:12
20.0760000,98.0670000,10.0000,2.20,ml,,,,,,th_14217_202505042143,2025-05-04T21:43:28.000Z,"Üng-yao, Shan, Myanmar (Burma)",Myanmar,MM,Asia,earthquake,1746395829,1746395008,0,,"20.08,98.07",2025-05-04 21:43:28,2025-05-05 04:13:28
19.9450000,97.7340000,10.0000,2.20,ml,,,,,,th_14215_202505041933,2025-05-04T19:33:03.000Z,"Wan Hwè-ya-yung, Shan, Myanmar (Burma)",Myanmar,MM,Asia,earthquake,1746388062,1746387183,0,,"19.95,97.73",2025-05-04 19:33:03,2025-05-05 02:03:03
19.7910000,96.9820000,10.0000,2.40,ml,,,,,,th_14214_202505041904,2025-05-04T19:04:02.000Z,"Engla, Shan, Myanmar (Burma)",Myanmar,MM,Asia,earthquake,1746386979,1746385442,0,,"19.79,96.98",2025-05-04 19:04:02,2025-05-05 01:34:02
20.1070000,97.8380000,2.0000,3.00,ml,,,,,,th_14213_202505041753,2025-05-04T17:53:13.000Z,"Wan Kongpao, Shan, Myanmar (Burma)",Myanmar,MM,Asia,earthquake,1746381705,1746381193,0,,"20.11,97.84",2025-05-04 17:53:13,2025-05-05 00:23:13
19.8420000,97.8510000,5.0000,2.20,ml,,,,,,th_14218_202505041740,2025-05-04T17:40:09.000Z,"Wan Hwè-ya-yung, Shan, Myanmar (Burma)",Myanmar,MM,Asia,earthquake,1746395913,1746380409,0,,"19.84,97.85",2025-05-04 17:40:09,2025-05-05 00:10:09
19.2170000,96.4560000,16.0000,2.20,ml,,,,,,th_14212_202505041550,2025-05-04T15:50:45.000Z,"Hnawpin, Bago Region, Myanmar (Burma)",Myanmar,MM,Asia,earthquake,1746374408,1746373845,0,,"19.22,96.46",2025-05-04 15:50:45,2025-05-04 22:20:45
18.0950000,95.3070000,76.0000,2.90,ml,,,,,,th_14211_202505041459,2025-05-04T14:59:49.000Z,"Kongyi, Ayeyarwady, Myanmar (Burma)",Myanmar,MM,Asia,earthquake,1746371299,1746370789,0,,"18.10,95.31",2025-05-04 14:59:49,2025-05-04 21:29:49
18.1100000,95.1900000,80.0000,3.10,ml,,,,,,th_14210_202505041404,2025-05-04T14:04:48.000Z,"Hngetkyiwin, Ayeyarwady, Myanmar (Burma)",Myanmar,MM,Asia,earthquake,1746368012,1746367488,0,,"18.11,95.19",2025-05-04 14:04:48,2025-05-04 20:34:48
21.6100000,94.4700000,90.0000,3.90,ml,,,,,,in_ODUzMGcyVThHZmxiSjhNK3ZINDBGUT09,2025-05-04T13:48:50.000Z,"Zee Pyar, Magway Region, Myanmar (Burma)",Myanmar,MM,Asia,earthquake,1746367849,1746366530,0,,"21.61,94.47",2025-05-04 13:48:50,2025-05-04 20:18:50
19.8390000,97.9340000,1.0000,1.70,ml,,,,,,th_14209_202505041230,2025-05-04T12:30:01.000Z,"Pang Tae Waet, Shan, Myanmar (Burma)",Myanmar,MM,Asia,earthquake,1746362032,1746361801,0,,"19.84,97.93",2025-05-04 12:30:01,2025-05-04 19:00:01
19.9360000,97.9460000,10.0000,2.20,ml,,,,,,th_14208_202505041158,2025-05-04T11:58:58.000Z,"Ta Ho-pong, Shan, Myanmar (Burma)",Myanmar,MM,Asia,earthquake,1746360487,1746359938,1,,"19.94,97.95",2025-05-04 11:58:58,2025-05-04 18:28:58
19.4400000,96.3320000,10.0000,2.50,ml,,,,,,th_14207_202505041154,2025-05-04T11:54:35.000Z,"Wayonle, Bago Region, Myanmar (Burma)",Myanmar,MM,Asia,earthquake,1746360389,1746359675,0,,"19.44,96.33",2025-05-04 11:54:35,2025-05-04 18:24:35
19.7830000,96.4770000,10.0000,2.50,ml,,,,,,th_14206_202505041149,2025-05-04T11:49:22.000Z,"Saungdaung Anauk, Naypyidaw Union Territory, Myanmar (Burma)",Myanmar,MM,Asia,earthquake,1746360240,1746359362,0,,"19.78,96.48",2025-05-04 11:49:22,2025-05-04 18:19:22
20.6710000,97.8170000,1.0000,2.60,ml,,,,,,th_14205_202505041005,2025-05-04T10:05:35.000Z,"Hai Hpak, Shan, Myanmar (Burma)",Myanmar,MM,Asia,earthquake,1746354780,1746353135,0,,"20.67,97.82",2025-05-04 10:05:35,2025-05-04 16:35:35
19.9320000,97.7770000,2.0000,2.70,ml,,,,,,th_14204_202505040813,2025-05-04T08:13:34.000Z,"Wan Hwè-ya-yung, Shan, Myanmar (Burma)",Myanmar,MM,Asia,earthquake,1746346621,1746346414,0,,"19.93,97.78",2025-05-04 08:13:34,2025-05-04 14:43:34
20.0970000,97.8830000,1.0000,2.90,ml,,,,,,th_14203_202505040158,2025-05-04T01:58:50.000Z,"Shan, Myanmar (Burma)",Myanmar,MM,Asia,earthquake,1746324314,1746323930,1,,"20.10,97.88",2025-05-04 01:58:50,2025-05-04 08:28:50
18.9170000,97.5050000,2.0000,2.10,ml,,,,,,th_14202_202505040015,2025-05-04T00:15:02.000Z,"Loi Mun, Kayah State, Myanmar (Burma)",Myanmar,MM,Asia,earthquake,1746318244,1746317702,0,,"18.92,97.51",2025-05-04 00:15:02,2025-05-04 06:45:02
21.7770000,96.2420000,10.0000,3.40,ml,,,,,,th_14198_202505032015,2025-05-03T20:15:11.000Z,"Thon-Daung-Ywa-Ma, Mandalay Region, Myanmar (Burma)",Myanmar,MM,Asia,earthquake,1746303634,1746303311,0,,"21.78,96.24",2025-05-03 20:15:11,2025-05-04 02:45:11
22.0350000,96.4960000,10.0000,2.90,ml,,,,,,th_14197_202505031839,2025-05-03T18:39:24.000Z,"Pyin Oo Lwin, Mandalay Region, Myanmar (Burma)",Myanmar,MM,Asia,earthquake,1746297865,1746297564,0,,"22.04,96.50",2025-05-03 18:39:24,2025-05-04 01:09:24
19.9650000,97.6670000,7.0000,2.50,ml,,,,,,th_14196_202505031447,2025-05-03T14:47:53.000Z,"Wan Panglu, Shan, Myanmar (Burma)",Myanmar,MM,Asia,earthquake,1746283947,1746283673,0,,"19.97,97.67",2025-05-03 14:47:53,2025-05-03 21:17:53
20.0340000,97.8980000,10.0000,2.00,ml,,,,,,th_14195_202505031443,2025-05-03T14:43:13.000Z,"Wan Kongpao, Shan, Myanmar (Burma)",Myanmar,MM,Asia,earthquake,1746283754,1746283393,1,,"20.03,97.90",2025-05-03 14:43:13,2025-05-03 21:13:13
19.9870000,97.9700000,10.0000,2.00,ml,,,,,,th_14194_202505031210,2025-05-03T12:10:00.000Z,"Ta Ho-pong, Shan, Myanmar (Burma)",Myanmar,MM,Asia,earthquake,1746274516,1746274200,1,,"19.99,97.97",2025-05-03 12:10:00,2025-05-03 18:40:00
19.2390000,96.2050000,10.0000,3.10,ml,,,,,,th_14193_202505031159,2025-05-03T11:59:01.000Z,"Baungdok, Bago Region, Myanmar (Burma)",Myanmar,MM,Asia,earthquake,1746273937,1746273541,0,,"19.24,96.21",2025-05-03 11:59:01,2025-05-03 18:29:01
19.2530000,96.2340000,10.0000,2.40,ml,,,,,,th_14192_202505031143,2025-05-03T11:43:05.000Z,"Swar, Bago Region, Myanmar (Burma)",Myanmar,MM,Asia,earthquake,1746272918,1746272585,0,,"19.25,96.23",2025-05-03 11:43:05,2025-05-03 18:13:05
18.7190000,96.4020000,10.0000,2.40,ml,,,,,,th_14190_202505030959,2025-05-03T09:59:38.000Z,"Kywebwe, Bago Region, Myanmar (Burma)",Myanmar,MM,Asia,earthquake,1746266839,1746266378,0,,"18.72,96.40",2025-05-03 09:59:38,2025-05-03 16:29:38
19.1650000,97.1100000,10.0000,2.30,ml,,,,,,th_14189_202505030915,2025-05-03T09:15:58.000Z,"He-sa-hku, Kayah State, Myanmar (Burma)",Myanmar,MM,Asia,earthquake,1746266794,1746263758,0,,"19.17,97.11",2025-05-03 09:15:58,2025-05-03 15:45:58
19.2350000,96.3830000,10.0000,2.60,ml,,,,,,th_14188_202505030600,2025-05-03T06:00:30.000Z,"Sibaing, Bago Region, Myanmar (Burma)",Myanmar,MM,Asia,earthquake,1746252385,1746252030,0,,"19.24,96.38",2025-05-03 06:00:30,2025-05-03 12:30:30
19.7350000,96.2190000,10.0000,2.80,ml,,,,,,th_14186_202505030117,2025-05-03T01:17:00.000Z,"Pyinmana, Naypyidaw Union Territory, Myanmar (Burma)",Myanmar,MM,Asia,earthquake,1746235396,1746235020,0,,"19.74,96.22",2025-05-03 01:17:00,2025-05-03 07:47:00
20.8820000,98.6700000,10.0000,2.60,ml,,,,,,th_14184_202505022009,2025-05-02T20:09:41.000Z,"Möng Pu, Shan, Myanmar (Burma)",Myanmar,MM,Asia,earthquake,1746217101,1746216581,0,,"20.88,98.67",2025-05-02 20:09:41,2025-05-03 02:39:41
19.0640000,96.4460000,10.0000,3.00,ml,,,,,,th_14183_202505022003,2025-05-02T20:03:59.000Z,"Kaytumati, Bago Region, Myanmar (Burma)",Myanmar,MM,Asia,earthquake,1746217048,1746216239,0,,"19.06,96.45",2025-05-02 20:03:59,2025-05-03 02:33:59
20.0470000,97.9370000,10.0000,1.60,ml,,,,,,th_14180_202505021749,2025-05-02T17:49:20.000Z,"Wan Kongpao, Shan, Myanmar (Burma)",Myanmar,MM,Asia,earthquake,1746208443,1746208160,0,,"20.05,97.94",2025-05-02 17:49:20,2025-05-03 00:19:20
21.6670000,96.5270000,10.0000,2.80,ml,,,,,,th_14179_202505021733,2025-05-02T17:33:18.000Z,"Gwebin, Mandalay Region, Myanmar (Burma)",Myanmar,MM,Asia,earthquake,1746208272,1746207198,0,,"21.67,96.53",2025-05-02 17:33:18,2025-05-03 00:03:18
19.8270000,97.9860000,10.0000,1.40,ml,,,,,,th_14178_202505021733,2025-05-02T17:33:01.000Z,"Pang Tae Waet, Shan, Myanmar (Burma)",Myanmar,MM,Asia,earthquake,1746208083,1746207181,0,,"19.83,97.99",2025-05-02 17:33:01,2025-05-03 00:03:01
17.2200000,96.1510000,10.0000,3.10,ml,,,,,,th_14177_202505021515,2025-05-02T15:15:51.000Z,"Si Sone Kone, Yangon Region, Myanmar (Burma)",Myanmar,MM,Asia,earthquake,1746199609,1746198951,0,,"17.22,96.15",2025-05-02 15:15:51,2025-05-02 21:45:51
22.0170000,96.8960000,10.0000,2.70,ml,,,,,,th_14176_202505021441,2025-05-02T14:41:09.000Z,"Nam-maw-lon, Shan, Myanmar (Burma)",Myanmar,MM,Asia,earthquake,1746198251,1746196869,0,,"22.02,96.90",2025-05-02 14:41:09,2025-05-02 21:11:09
21.9600000,96.2800000,10.0000,4.00,ml,,,,,,ems_202505_1803105,2025-05-02T11:21:40.000Z,"Thon-Daung-Ywa-Ma, Mandalay Region, Myanmar (Burma)",Myanmar,MM,Asia,earthquake,1746184914,1746183844,0,,"21.96,96.28",2025-05-02 11:04:04,2025-05-02 17:34:04
18.7570000,96.6040000,10.0000,2.10,ml,,,,,,th_14174_202505020717,2025-05-02T07:17:27.000Z,"Alesengyaung, Kayin State, Myanmar (Burma)",Myanmar,MM,Asia,earthquake,1746170565,1746170247,0,,"18.76,96.60",2025-05-02 07:17:27,2025-05-02 13:47:27
18.8080000,96.6540000,10.0000,2.60,ml,,,,,,th_14173_202505020355,2025-05-02T03:55:56.000Z,"Alesengyaung, Kayin State, Myanmar (Burma)",Myanmar,MM,Asia,earthquake,1746160089,1746158156,0,,"18.81,96.65",2025-05-02 03:55:56,2025-05-02 10:25:56
21.8620000,96.3880000,10.0000,3.90,ml,,,,,,th_14171_202505020153,2025-05-02T02:07:42.000Z,"Pyin Sar, Mandalay Region, Myanmar (Burma)",Myanmar,MM,Asia,earthquake,1746151388,1746150780,0,,"21.86,96.39",2025-05-02 01:53:00,2025-05-02 08:23:00
18.6270000,96.4240000,10.0000,2.00,ml,,,,,,th_14170_202505012016,2025-05-01T20:16:56.000Z,"Nyaung Chay Htauk, Bago Region, Myanmar (Burma)",Myanmar,MM,Asia,earthquake,1746130967,1746130616,0,,"18.63,96.42",2025-05-01 20:16:56,2025-05-02 02:46:56
20.9630000,96.3300000,10.0000,3.10,ml,,,,,,th_14169_202505011950,2025-05-01T19:50:44.000Z,"Patchaung, Shan, Myanmar (Burma)",Myanmar,MM,Asia,earthquake,1746129589,1746129044,0,,"20.96,96.33",2025-05-01 19:50:44,2025-05-02 02:20:44
18.8810000,95.5970000,10.0000,2.90,ml,,,,,,th_14167_202505011603,2025-05-01T16:03:16.000Z,"Kywetabaung, Bago Region, Myanmar (Burma)",Myanmar,MM,Asia,earthquake,1746115817,1746115396,0,,"18.88,95.60",2025-05-01 16:03:16,2025-05-01 22:33:16
21.8820000,96.3460000,5.0000,3.20,ml,,,,,,th_14166_202505011544,2025-05-01T15:44:24.000Z,"Yatanarpon Cyber City, Mandalay Region, Myanmar (Burma)",Myanmar,MM,Asia,earthquake,1746115090,1746114264,0,,"21.88,96.35",2025-05-01 15:44:24,2025-05-01 22:14:24
19.1930000,96.1420000,10.0000,2.20,ml,,,,,,th_14165_202505011510,2025-05-01T15:10:54.000Z,"Mayogon, Bago Region, Myanmar (Burma)",Myanmar,MM,Asia,earthquake,1746112639,1746112254,0,,"19.19,96.14",2025-05-01 15:10:54,2025-05-01 21:40:54
19.9190000,96.1370000,10.0000,2.30,ml,,,,,,th_14164_202505011436,2025-05-01T14:36:46.000Z,"Pobba Thiri, Naypyidaw Union Territory, Myanmar (Burma)",Myanmar,MM,Asia,earthquake,1746110861,1746110206,0,,"19.92,96.14",2025-05-01 14:36:46,2025-05-01 21:06:46
19.2310000,96.5120000,10.0000,2.10,ml,,,,,,th_14162_202505011401,2025-05-01T14:01:27.000Z,"Pebo, Kayin State, Myanmar (Burma)",Myanmar,MM,Asia,earthquake,1746108383,1746108087,0,,"19.23,96.51",2025-05-01 14:01:27,2025-05-01 20:31:27
19.2100000,96.4020000,10.0000,2.30,ml,,,,,,th_14161_202505011310,2025-05-01T13:10:12.000Z,"Hnawpin, Bago Region, Myanmar (Burma)",Myanmar,MM,Asia,earthquake,1746105392,1746105012,1,,"19.21,96.40",2025-05-01 13:10:12,2025-05-01 19:40:12
23.2300000,94.0800000,30.0000,3.40,ml,,,,,,in_NmxEcTRvWUZVenhranlyTHZrLzI1UT09,2025-05-01T08:21:31.000Z,"Kale, Chin State, Myanmar (Burma)",Myanmar,MM,Asia,earthquake,1746087305,1746086852,0,,"23.23,94.08",2025-05-01 08:07:32,2025-05-01 14:37:32
20.2950000,96.1150000,10.0000,3.30,ml,,,,,,th_14159_202505010641,2025-05-01T06:41:48.000Z,"Inbingyi, Mandalay Region, Myanmar (Burma)",Myanmar,MM,Asia,earthquake,1746083128,1746081708,0,,"20.30,96.12",2025-05-01 06:41:48,2025-05-01 13:11:48
20.9930000,99.0430000,10.0000,2.50,ml,,,,,,th_14158_202505010538,2025-05-01T05:38:17.000Z,"Mongkyet, Shan, Myanmar (Burma)",Myanmar,MM,Asia,earthquake,1746078262,1746077897,0,,"20.99,99.04",2025-05-01 05:38:17,2025-05-01 12:08:17
20.7360000,96.9510000,10.0000,3.10,ml,,,,,,th_14157_202505010515,2025-05-01T05:15:18.000Z,"Ayetharyar, Shan, Myanmar (Burma)",Myanmar,MM,Asia,earthquake,1746076874,1746076518,0,,"20.74,96.95",2025-05-01 05:15:18,2025-05-01 11:45:18
21.2790000,98.4770000,10.0000,2.80,ml,,,,,,th_14444_202505220044,2025-05-22T00:44:18.000Z,"Kunhing, Shan, Myanmar (Burma)",Myanmar,MM,Asia,earthquake,1747875474,1747874658,0,,"21.28,98.48",2025-05-22 00:44:18,2025-05-22 07:14:18
19.3280000,96.2590000,10.0000,3.30,ml,,,,,,th_14442_202505212237,2025-05-21T22:37:54.000Z,"Thagaya, Bago Region, Myanmar (Burma)",Myanmar,MM,Asia,earthquake,1747867383,1747867074,1,,"19.33,96.26",2025-05-21 22:37:54,2025-05-22 05:07:54
19.7920000,96.4160000,10.0000,2.30,ml,,,,,,th_14441_202505212152,2025-05-21T21:52:24.000Z,"Kwedugyi, Naypyidaw Union Territory, Myanmar (Burma)",Myanmar,MM,Asia,earthquake,1747864725,1747864344,0,,"19.79,96.42",2025-05-21 21:52:24,2025-05-22 04:22:24
21.5970000,96.2790000,10.0000,3.50,ml,,,,,,th_14439_202505212129,2025-05-21T21:42:52.000Z,"Chaungzon, Mandalay Region, Myanmar (Burma)",Myanmar,MM,Asia,earthquake,1747863392,1747862982,0,,"21.60,96.28",2025-05-21 21:29:42,2025-05-22 03:59:42
20.4470000,99.2860000,10.0000,1.90,ml,,,,,,th_14440_202505212125,2025-05-21T21:25:17.000Z,"Wanhuong, Shan, Myanmar (Burma)",Myanmar,MM,Asia,earthquake,1747863603,1747862717,0,,"20.45,99.29",2025-05-21 21:25:17,2025-05-22 03:55:17
21.5470000,96.2790000,10.0000,3.70,ml,,,,,,th_14438_202505211648,2025-05-21T17:00:37.000Z,"Chaungzon, Mandalay Region, Myanmar (Burma)",Myanmar,MM,Asia,earthquake,1747846638,1747846110,0,,"21.55,96.28",2025-05-21 16:48:30,2025-05-21 23:18:30
22.8900000,93.9700000,49.0000,3.60,ml,,,,,,in_aGg3azNtSTZWVFNqdTg1KzZML29tQT09,2025-05-21T16:14:35.000Z,"Darbo, Chin State, Myanmar (Burma)",Myanmar,MM,Asia,earthquake,1747843901,1747843079,0,,"22.89,93.97",2025-05-21 15:57:59,2025-05-21 22:27:59
20.9000000,96.4540000,10.0000,2.70,ml,,,,,,th_14436_202505211410,2025-05-21T14:10:02.000Z,"Kubyin, Mandalay Region, Myanmar (Burma)",Myanmar,MM,Asia,earthquake,1747837428,1747836602,0,,"20.90,96.45",2025-05-21 14:10:02,2025-05-21 20:40:02
21.0300000,99.8090000,10.0000,2.60,ml,,,,,,th_14435_202505211211,2025-05-21T12:11:44.000Z,"Yangka, Shan, Myanmar (Burma)",Myanmar,MM,Asia,earthquake,1747830537,1747829504,0,,"21.03,99.81",2025-05-21 12:11:44,2025-05-21 18:41:44
20.9880000,99.7350000,10.0000,2.60,ml,,,,,,th_14434_202505211209,2025-05-21T12:09:53.000Z,"Wan Hkang Ho-paw, Shan, Myanmar (Burma)",Myanmar,MM,Asia,earthquake,1747830293,1747829393,0,,"20.99,99.74",2025-05-21 12:09:53,2025-05-21 18:39:53
21.0322000,95.9542000,10.0000,3.40,ml,6,164,0.984,0.6,us,th_14433_202505211156,2025-05-21T14:46:18.640Z,"Pegingyaw, Mandalay Region, Myanmar (Burma)","19km NNE of Meiktila, Burma (Myanmar)",MM,Asia,earthquake,1747829508,1747828590,0,,"21.77,96.73",2025-05-21 11:56:30,2025-05-21 18:26:30
19.7630000,96.0700000,10.0000,2.50,ml,,,,,,th_14431_202505210942,2025-05-21T09:42:51.000Z,"Naypyidaw, Naypyidaw Union Territory, Myanmar (Burma)",Myanmar,MM,Asia,earthquake,1747821684,1747820571,0,,"19.76,96.07",2025-05-21 09:42:51,2025-05-21 16:12:51
21.2820000,96.5510000,10.0000,3.40,ml,,,,,,th_14430_202505210925,2025-05-21T09:25:26.000Z,"Linwe, Shan, Myanmar (Burma)",Myanmar,MM,Asia,earthquake,1747819967,1747819526,0,,"21.28,96.55",2025-05-21 09:25:26,2025-05-21 15:55:26
18.8310000,96.4340000,10.0000,2.40,ml,,,,,,th_14429_202505210704,2025-05-21T07:04:44.000Z,"Oktwin, Bago Region, Myanmar (Burma)",Myanmar,MM,Asia,earthquake,1747811433,1747811084,0,,"18.83,96.43",2025-05-21 07:04:44,2025-05-21 13:34:44
19.2070000,96.3270000,10.0000,2.70,ml,,,,,,th_14428_202505210549,2025-05-21T05:49:47.000Z,"Aunggyantha, Bago Region, Myanmar (Burma)",Myanmar,MM,Asia,earthquake,1747806923,1747806587,0,,"19.21,96.33",2025-05-21 05:49:47,2025-05-21 12:19:47
18.7790000,97.5660000,10.0000,2.80,ml,,,,,,th_14427_202505210411,2025-05-21T04:11:23.000Z,"Panti Sakan, Kayah State, Myanmar (Burma)",Myanmar,MM,Asia,earthquake,1747801155,1747800683,0,,"18.78,97.57",2025-05-21 04:11:23,2025-05-21 10:41:23
20.2350000,96.1830000,10.0000,3.10,ml,,,,,,th_14426_202505210351,2025-05-21T03:51:21.000Z,"Nyaung Lunt, Naypyidaw Union Territory, Myanmar (Burma)",Myanmar,MM,Asia,earthquake,1747799827,1747799481,0,,"20.24,96.18",2025-05-21 03:51:21,2025-05-21 10:21:21
20.5080000,99.3560000,2.0000,2.80,ml,,,,,,th_14425_202505210310,2025-05-21T03:10:29.000Z,"Mong Hsat, Shan, Myanmar (Burma)",Myanmar,MM,Asia,earthquake,1747797388,1747797029,0,,"20.51,99.36",2025-05-21 03:10:29,2025-05-21 09:40:29
18.2540000,96.5920000,10.0000,2.70,ml,,,,,,th_14424_202505210224,2025-05-21T02:24:23.000Z,"Thae Kaw, Bago Region, Myanmar (Burma)",Myanmar,MM,Asia,earthquake,1747794750,1747794263,0,,"18.25,96.59",2025-05-21 02:24:23,2025-05-21 08:54:23
20.1100000,96.3690000,10.0000,2.90,ml,,,,,,th_14423_202505201752,2025-05-20T17:52:21.000Z,"Kyatpye, Naypyidaw Union Territory, Myanmar (Burma)",Myanmar,MM,Asia,earthquake,1747763893,1747763541,0,,"20.11,96.37",2025-05-20 17:52:21,2025-05-21 00:22:21
19.1460000,96.4620000,10.0000,2.40,ml,,,,,,th_14422_202505201605,2025-05-20T16:05:42.000Z,"Karenchaung, Bago Region, Myanmar (Burma)",Myanmar,MM,Asia,earthquake,1747757542,1747757142,1,,"19.15,96.46",2025-05-20 16:05:42,2025-05-20 22:35:42
21.7320000,96.1990000,10.0000,3.20,ml,,,,,,th_14421_202505201426,2025-05-20T14:26:42.000Z,"Bellin, Mandalay Region, Myanmar (Burma)",Myanmar,MM,Asia,earthquake,1747751732,1747751202,0,,"21.73,96.20",2025-05-20 14:26:42,2025-05-20 20:56:42
21.2730000,96.2840000,10.0000,3.10,ml,,,,,,th_14419_202505200424,2025-05-20T04:24:00.000Z,"Ingon, Mandalay Region, Myanmar (Burma)",Myanmar,MM,Asia,earthquake,1747715527,1747715040,0,,"21.27,96.28",2025-05-20 04:24:00,2025-05-20 10:54:00
20.1420000,96.1680000,10.0000,3.90,ml,,,,,,th_14418_202505200356,2025-05-20T04:07:39.000Z,"Tatkon, Naypyidaw Union Territory, Myanmar (Burma)",Myanmar,MM,Asia,earthquake,1747714012,1747713371,0,,"20.14,96.17",2025-05-20 03:56:11,2025-05-20 10:26:11
19.1420000,95.9050000,10.0000,2.40,ml,,,,,,th_14417_202505192011,2025-05-19T20:11:42.000Z,"Aungtha Tè, Bago Region, Myanmar (Burma)",Myanmar,MM,Asia,earthquake,1747685937,1747685502,0,,"19.14,95.91",2025-05-19 20:11:42,2025-05-20 02:41:42
19.0130000,96.5310000,10.0000,2.60,ml,,,,,,th_14416_202505191621,2025-05-19T16:21:34.000Z,"Kanbin, Bago Region, Myanmar (Burma)",Myanmar,MM,Asia,earthquake,1747672165,1747671694,0,,"19.01,96.53",2025-05-19 16:21:34,2025-05-19 22:51:34
22.2430000,96.5460000,10.0000,3.20,ml,,,,,,th_14415_202505191543,2025-05-19T15:43:46.000Z,"Zarli, Shan, Myanmar (Burma)",Myanmar,MM,Asia,earthquake,1747670082,1747669426,0,,"22.24,96.55",2025-05-19 15:43:46,2025-05-19 22:13:46
21.0200000,99.4020000,10.0000,2.40,ml,,,,,,th_14414_202505191110,2025-05-19T11:10:04.000Z,"Wan Na-hsai, Shan, Myanmar (Burma)",Myanmar,MM,Asia,earthquake,1747653382,1747653004,0,,"21.02,99.40",2025-05-19 11:10:04,2025-05-19 17:40:04
23.1410000,98.9050000,10.0000,3.40,ml,,,,,,th_14413_202505190927,2025-05-19T09:27:31.000Z,"Man Hleik, Shan, Myanmar (Burma)",Myanmar,MM,Asia,earthquake,1747647511,1747646851,0,,"23.14,98.91",2025-05-19 09:27:31,2025-05-19 15:57:31
22.2350000,96.4990000,10.0000,3.10,ml,,,,,,th_14412_202505190441,2025-05-19T04:41:46.000Z,"Nga Bin, Shan, Myanmar (Burma)",Myanmar,MM,Asia,earthquake,1747630184,1747629706,0,,"22.24,96.50",2025-05-19 04:41:46,2025-05-19 11:11:46
21.1770000,96.3360000,10.0000,3.10,ml,,,,,,th_14411_202505190417,2025-05-19T04:17:46.000Z,"Kanze, Mandalay Region, Myanmar (Burma)",Myanmar,MM,Asia,earthquake,1747628811,1747628266,0,,"21.18,96.34",2025-05-19 04:17:46,2025-05-19 10:47:46
21.1550000,99.3130000,10.0000,2.40,ml,,,,,,th_14408_202505182156,2025-05-18T21:56:11.000Z,"Mawnkak, Shan, Myanmar (Burma)",Myanmar,MM,Asia,earthquake,1747606084,1747605371,0,,"21.16,99.31",2025-05-18 21:56:11,2025-05-19 04:26:11
21.7510000,96.3870000,10.0000,2.90,ml,,,,,,th_14407_202505181929,2025-05-18T19:29:58.000Z,"Hngetkyithaik, Mandalay Region, Myanmar (Burma)",Myanmar,MM,Asia,earthquake,1747597593,1747596598,0,,"21.75,96.39",2025-05-18 19:29:58,2025-05-19 01:59:58
19.0850000,93.3987000,8.9000,5.00,ml,,,,,,gfz2025jrua,2025-05-19T06:29:55.000Z,Myanmar (Burma),Myanmar,MM,Asia,earthquake,1747596305,1747595721,0,,"19.09,93.42",2025-05-18 19:15:21,2025-05-19 01:45:21
18.7840000,96.7210000,10.0000,1.90,ml,,,,,,th_14405_202505181836,2025-05-18T18:36:51.000Z,"Kolu, Kayin State, Myanmar (Burma)",Myanmar,MM,Asia,earthquake,1747593966,1747593411,0,,"18.78,96.72",2025-05-18 18:36:51,2025-05-19 01:06:51
19.4260000,96.4880000,10.0000,2.10,ml,,,,,,th_14404_202505181826,2025-05-18T18:26:20.000Z,"Amayadaung, Kayin State, Myanmar (Burma)",Myanmar,MM,Asia,earthquake,1747593420,1747592780,0,,"19.43,96.49",2025-05-18 18:26:20,2025-05-19 00:56:20
19.0820000,96.4070000,10.0000,3.00,ml,,,,,,th_14403_202505181756,2025-05-18T17:56:11.000Z,"Kyun Kone, Bago Region, Myanmar (Burma)",Myanmar,MM,Asia,earthquake,1747591456,1747590971,0,,"19.08,96.41",2025-05-18 17:56:11,2025-05-19 00:26:11
21.6700000,93.9100000,40.0000,3.90,ml,,,,,,in_ZGpwWnZ0VlZrM2lCZEM5TGpySUt2Zz09,2025-05-18T17:37:58.000Z,"Ridwi, Chin State, Myanmar (Burma)",Myanmar,MM,Asia,earthquake,1747590625,1747589878,0,,"21.67,93.91",2025-05-18 17:37:58,2025-05-19 00:07:58
20.1410000,96.3010000,10.0000,2.60,ml,,,,,,th_14399_202505181144,2025-05-18T11:44:51.000Z,"Kyatpye, Naypyidaw Union Territory, Myanmar (Burma)",Myanmar,MM,Asia,earthquake,1747569325,1747568691,0,,"20.14,96.30",2025-05-18 11:44:51,2025-05-18 18:14:51
18.8100000,96.5760000,10.0000,2.40,ml,,,,,,th_14398_202505181125,2025-05-18T11:25:16.000Z,"Bomari, Bago Region, Myanmar (Burma)",Myanmar,MM,Asia,earthquake,1747568169,1747567516,0,,"18.81,96.58",2025-05-18 11:25:16,2025-05-18 17:55:16
22.0250000,96.7160000,10.0000,3.80,ml,,,,,,th_14397_202505181118,2025-05-18T11:35:37.000Z,"Pazunseik, Mandalay Region, Myanmar (Burma)",Myanmar,MM,Asia,earthquake,1747567874,1747567114,0,,"22.03,96.72",2025-05-18 11:18:34,2025-05-18 17:48:34
18.1620000,97.4500000,10.0000,1.70,ml,,,,,,th_14396_202505181049,2025-05-18T10:49:11.000Z,"Moseido, Kayin State, Myanmar (Burma)",Myanmar,MM,Asia,earthquake,1747567784,1747565351,0,,"18.16,97.45",2025-05-18 10:49:11,2025-05-18 17:19:11
18.5560000,96.6060000,10.0000,2.50,ml,,,,,,th_14395_202505180841,2025-05-18T08:41:32.000Z,"Mon, Bago Region, Myanmar (Burma)",Myanmar,MM,Asia,earthquake,1747558122,1747557692,0,,"18.56,96.61",2025-05-18 08:41:32,2025-05-18 15:11:32
20.7170000,96.2950000,10.0000,3.30,ml,,,,,,th_14394_202505180458,2025-05-18T04:58:05.000Z,"Yin Mar Bin, Mandalay Region, Myanmar (Burma)",Myanmar,MM,Asia,earthquake,1747544840,1747544285,0,,"20.72,96.30",2025-05-18 04:58:05,2025-05-18 11:28:05
21.8600000,96.5220000,10.0000,3.30,ml,,,,,,th_14393_202505180404,2025-05-18T04:04:39.000Z,"Lema, Mandalay Region, Myanmar (Burma)",Myanmar,MM,Asia,earthquake,1747541694,1747541079,0,,"21.86,96.52",2025-05-18 04:04:39,2025-05-18 10:34:39
19.1200000,96.6750000,10.0000,2.30,ml,,,,,,th_14391_202505180303,2025-05-18T03:03:41.000Z,"Than Daung Gyi, Kayin State, Myanmar (Burma)",Myanmar,MM,Asia,earthquake,1747537894,1747537421,0,,"19.12,96.68",2025-05-18 03:03:41,2025-05-18 09:33:41
19.5590000,97.7370000,10.0000,1.90,ml,,,,,,th_14390_202505172253,2025-05-17T22:53:53.000Z,"Daw Pawtu, Kayah State, Myanmar (Burma)",Myanmar,MM,Asia,earthquake,1747522877,1747522433,0,,"19.56,97.74",2025-05-17 22:53:53,2025-05-18 05:23:53
20.3090000,98.2930000,10.0000,1.90,ml,,,,,,th_14388_202505171942,2025-05-17T19:42:21.000Z,"Mongpan, Shan, Myanmar (Burma)",Myanmar,MM,Asia,earthquake,1747511960,1747510941,1,,"20.31,98.29",2025-05-17 19:42:21,2025-05-18 02:12:21
21.0180000,99.8160000,10.0000,2.40,ml,,,,,,th_14387_202505171721,2025-05-17T17:21:51.000Z,"Wan Mu-hsö Hsensawmawng, Shan, Myanmar (Burma)",Myanmar,MM,Asia,earthquake,1747502981,1747502511,0,,"21.02,99.82",2025-05-17 17:21:51,2025-05-17 23:51:51
19.6810000,96.1750000,10.0000,2.80,ml,,,,,,th_14386_202505171656,2025-05-17T16:56:35.000Z,"Thayetkon, Naypyidaw Union Territory, Myanmar (Burma)",Myanmar,MM,Asia,earthquake,1747501433,1747500995,0,,"19.68,96.18",2025-05-17 16:56:35,2025-05-17 23:26:35
21.3995000,96.0381000,10.0000,5.10,mww,235,25,1.063,0.53,us,gfz2025jprx,2025-05-20T14:57:35.507Z,"Kyaukse, Burma (Myanmar)","24km SSW of Kyaukse, Burma (Myanmar)",MM,Asia,earthquake,1747497749,1747497287,0,,"21.35,96.01",2025-05-17 15:54:47,2025-05-17 22:24:47
21.0600000,96.5160000,10.0000,2.70,ml,,,,,,th_14384_202505171221,2025-05-17T12:21:08.000Z,"Myaing, Shan, Myanmar (Burma)",Myanmar,MM,Asia,earthquake,1747484930,1747484468,0,,"21.06,96.52",2025-05-17 12:21:08,2025-05-17 18:51:08
22.6230000,96.1250000,10.0000,3.30,ml,,,,,,th_14383_202505170854,2025-05-17T08:54:49.000Z,"Kokko, Mandalay Region, Myanmar (Burma)",Myanmar,MM,Asia,earthquake,1747472909,1747472089,0,,"22.62,96.13",2025-05-17 08:54:49,2025-05-17 15:24:49
22.6310000,96.3630000,10.0000,3.80,ml,,,,,,th_14381_202505170355,2025-05-17T04:14:35.000Z,"Pang Kit, Shan, Myanmar (Burma)",Myanmar,MM,Asia,earthquake,1747454905,1747454118,0,,"22.63,96.36",2025-05-17 03:55:18,2025-05-17 10:25:18
19.0750000,96.5820000,10.0000,2.70,ml,,,,,,th_14379_202505162148,2025-05-16T21:48:27.000Z,"Thandaung, Kayin State, Myanmar (Burma)",Myanmar,MM,Asia,earthquake,1747432790,1747432107,0,,"19.08,96.58",2025-05-16 21:48:27,2025-05-17 04:18:27
21.1000000,99.8580000,10.0000,2.10,ml,,,,,,th_14378_202505162049,2025-05-16T20:49:31.000Z,"Yangka, Shan, Myanmar (Burma)",Myanmar,MM,Asia,earthquake,1747429119,1747428571,1,,"21.10,99.86",2025-05-16 20:49:31,2025-05-17 03:19:31
22.0350000,96.2650000,10.0000,3.00,ml,,,,,,th_14377_202505161936,2025-05-16T19:36:49.000Z,"Yetaw, Mandalay Region, Myanmar (Burma)",Myanmar,MM,Asia,earthquake,1747424713,1747424209,0,,"22.04,96.27",2025-05-16 19:36:49,2025-05-17 02:06:49
19.8930000,97.8740000,10.0000,1.70,ml,,,,,,th_14375_202505161334,2025-05-16T13:34:53.000Z,"Ta Öngmu, Shan, Myanmar (Burma)",Myanmar,MM,Asia,earthquake,1747403079,1747402493,0,,"19.89,97.87",2025-05-16 13:34:53,2025-05-16 20:04:53
21.7250000,96.6410000,10.0000,2.70,ml,,,,,,th_14374_202505161108,2025-05-16T11:08:12.000Z,"Zayitke, Mandalay Region, Myanmar (Burma)",Myanmar,MM,Asia,earthquake,1747394384,1747393692,0,,"21.73,96.64",2025-05-16 11:08:12,2025-05-16 17:38:12
18.7510000,96.6530000,10.0000,2.30,ml,,,,,,th_14373_202505160846,2025-05-16T08:46:02.000Z,"Alesengyaung, Kayin State, Myanmar (Burma)",Myanmar,MM,Asia,earthquake,1747385506,1747385162,0,,"18.75,96.65",2025-05-16 08:46:02,2025-05-16 15:16:02
26.0400000,95.4800000,60.0000,3.50,ml,,,,,,in_VThTTFdlYkNSbnJETzd1YisrZ2NlZz09,2025-05-16T05:42:31.000Z,"Hintiu, Sagaing Region, Myanmar (Burma)",Myanmar,MM,Asia,earthquake,1747373873,1747373039,0,,"26.04,95.48",2025-05-16 05:23:59,2025-05-16 11:53:59
18.9010000,97.4290000,3.0000,2.90,ml,,,,,,th_14369_202505152108,2025-05-15T21:08:44.000Z,"Loi Mun, Kayah State, Myanmar (Burma)",Myanmar,MM,Asia,earthquake,1747343928,1747343324,0,,"18.90,97.43",2025-05-15 21:08:44,2025-05-16 03:38:44
18.9310000,97.6450000,1.0000,1.90,ml,,,,,,th_14368_202505152103,2025-05-15T21:03:46.000Z,"Watak, Kayah State, Myanmar (Burma)",Myanmar,MM,Asia,earthquake,1747343695,1747343026,0,,"18.93,97.65",2025-05-15 21:03:46,2025-05-16 03:33:46
19.8990000,97.9090000,2.0000,1.70,ml,,,,,,th_14367_202505152051,2025-05-15T20:51:44.000Z,Langhko Township,Myanmar,MM,Asia,earthquake,1747342930,1747342304,0,,"19.90,97.91",2025-05-15 20:51:44,2025-05-16 03:21:44
18.4440000,96.4530000,10.0000,2.80,ml,,,,,,th_14365_202505151834,2025-05-15T18:34:24.000Z,"Phyu, Bago Region, Myanmar (Burma)",Myanmar,MM,Asia,earthquake,1747334330,1747334064,0,,"18.44,96.45",2025-05-15 18:34:24,2025-05-16 01:04:24
19.8170000,98.0320000,10.0000,2.10,ml,,,,,,th_14364_202505151715,2025-05-15T17:15:29.000Z,"Loikwang, Shan, Myanmar (Burma)",Myanmar,MM,Asia,earthquake,1747329638,1747329329,0,,"19.82,98.03",2025-05-15 17:15:29,2025-05-15 23:45:29
23.3220000,95.8720000,10.0000,3.40,ml,,,,,,th_14363_202505151520,2025-05-15T15:20:10.000Z,"Ngayinbyo, Sagaing Region, Myanmar (Burma)",Myanmar,MM,Asia,earthquake,1747324300,1747322410,0,,"23.32,95.87",2025-05-15 15:20:10,2025-05-15 21:50:10
19.2660000,96.4840000,10.0000,2.30,ml,,,,,,th_14362_202505151447,2025-05-15T14:47:14.000Z,"Pebo, Kayin State, Myanmar (Burma)",Myanmar,MM,Asia,earthquake,1747320786,1747320434,0,,"19.27,96.48",2025-05-15 14:47:14,2025-05-15 21:17:14
20.1890000,98.0330000,10.0000,2.00,ml,,,,,,th_14361_202505150847,2025-05-15T08:47:46.000Z,"Wan Mawngkawk, Shan, Myanmar (Burma)",Myanmar,MM,Asia,earthquake,1747299699,1747298866,0,,"20.19,98.03",2025-05-15 08:47:46,2025-05-15 15:17:46
26.6700000,96.1700000,10.0000,3.30,ml,,,,,,in_T2pqZ29xMzlmS21QQkF1UWRYVFdYQT09,2025-05-15T08:21:35.000Z,"Shin Bway Yang, Kachin, Myanmar (Burma)",Myanmar,MM,Asia,earthquake,1747297094,1747296061,0,,"26.67,96.17",2025-05-15 08:01:01,2025-05-15 14:31:01
21.8850000,96.7730000,10.0000,3.90,ml,,,,,,th_14360_202505150718,2025-05-15T07:35:54.000Z,"Kontha, Mandalay Region, Myanmar (Burma)",Myanmar,MM,Asia,earthquake,1747294377,1747293525,0,,"21.89,96.77",2025-05-15 07:18:45,2025-05-15 13:48:45
19.2540000,96.3050000,10.0000,3.00,ml,,,,,,th_14359_202505150208,2025-05-15T02:08:06.000Z,"Swar, Bago Region, Myanmar (Burma)",Myanmar,MM,Asia,earthquake,1747275500,1747274886,0,,"19.25,96.31",2025-05-15 02:08:06,2025-05-15 08:38:06
26.9700000,95.8000000,10.0000,3.40,ml,,,,,,in_NitUR2RZTnd0YWdVOWlCNmZRQzdDUT09,2025-05-15T00:28:36.000Z,"Don Hee, Sagaing Region, Myanmar (Burma)",Myanmar,MM,Asia,earthquake,1747268745,1747268183,0,,"26.97,95.80",2025-05-15 00:16:23,2025-05-15 06:46:23
19.9730000,97.9100000,10.0000,2.20,ml,,,,,,th_14358_202505150005,2025-05-15T00:05:00.000Z,"Ta Ho-pong, Shan, Myanmar (Burma)",Myanmar,MM,Asia,earthquake,1747275389,1747267500,0,,"19.97,97.91",2025-05-15 00:05:00,2025-05-15 06:35:00
22.2480000,96.0580000,10.0000,3.20,ml,,,,,,th_14357_202505142258,2025-05-14T22:58:26.000Z,"Mwe Tha Laing, Mandalay Region, Myanmar (Burma)",Myanmar,MM,Asia,earthquake,1747264333,1747263506,0,,"22.25,96.06",2025-05-14 22:58:26,2025-05-15 05:28:26
19.8820000,98.0440000,4.0000,1.70,ml,,,,,,th_14356_202505142213,2025-05-14T22:13:56.000Z,"Wan Nawnghsem, Shan, Myanmar (Burma)",Myanmar,MM,Asia,earthquake,1747261398,1747260836,0,,"19.88,98.04",2025-05-14 22:13:56,2025-05-15 04:43:56
19.2390000,96.2360000,10.0000,2.80,ml,,,,,,th_14355_202505142104,2025-05-14T21:04:45.000Z,"Baungdok, Bago Region, Myanmar (Burma)",Myanmar,MM,Asia,earthquake,1747257331,1747256685,0,,"19.24,96.24",2025-05-14 21:04:45,2025-05-15 03:34:45
19.2310000,96.3790000,10.0000,2.30,ml,,,,,,th_14354_202505142034,2025-05-14T20:34:17.000Z,"Sibaing, Bago Region, Myanmar (Burma)",Myanmar,MM,Asia,earthquake,1747255555,1747254857,1,,"19.23,96.38",2025-05-14 20:34:17,2025-05-15 03:04:17
25.9800000,97.1900000,10.0000,3.40,ml,,,,,,in_NVJWQzRMR0hJcXplSEV4R0FlTEN4Zz09,2025-05-14T19:11:59.000Z,"'Njungbum, Kachin, Myanmar (Burma)",Myanmar,MM,Asia,earthquake,1747250906,1747249919,0,,"25.98,97.19",2025-05-14 19:11:59,2025-05-15 01:41:59
22.1480000,96.4620000,10.0000,3.20,ml,,,,,,th_14351_202505141328,2025-05-14T13:28:49.000Z,"Nyaung Gone, Mandalay Region, Myanmar (Burma)",Myanmar,MM,Asia,earthquake,1747230216,1747229329,0,,"22.15,96.46",2025-05-14 13:28:49,2025-05-14 19:58:49
21.1180000,99.8770000,10.0000,2.30,ml,,,,,,th_14350_202505141245,2025-05-14T12:45:37.000Z,"Yangka, Shan, Myanmar (Burma)",Myanmar,MM,Asia,earthquake,1747228540,1747226737,1,,"21.12,99.88",2025-05-14 12:45:37,2025-05-14 19:15:37
18.2840000,96.1460000,10.0000,2.20,ml,,,,,,th_14348_202505141226,2025-05-14T12:26:30.000Z,"Thitkyi, Bago Region, Myanmar (Burma)",Myanmar,MM,Asia,earthquake,1747226846,1747225590,0,,"18.28,96.15",2025-05-14 12:26:30,2025-05-14 18:56:30
21.0140000,99.8970000,10.0000,3.00,ml,,,,,,th_14347_202505141050,2025-05-14T10:50:09.000Z,"Wan Mu-hsö Hsensawmawng, Shan, Myanmar (Burma)",Myanmar,MM,Asia,earthquake,1747220195,1747219809,1,,"21.01,99.90",2025-05-14 10:50:09,2025-05-14 17:20:09
25.0400000,94.8000000,130.0000,3.90,ml,,,,,,in_WFN5dmVuZWc4bk1ieE1VaUdpMzFTQT09,2025-05-14T10:56:37.000Z,"Mo Paing Lut, Sagaing Region, Myanmar (Burma)",Myanmar,MM,Asia,earthquake,1747219875,1747218651,0,,"25.04,94.80",2025-05-14 10:30:51,2025-05-14 17:00:51
21.6030000,96.4980000,10.0000,2.80,ml,,,,,,th_14346_202505141028,2025-05-14T10:28:58.000Z,"Gwebin, Mandalay Region, Myanmar (Burma)",Myanmar,MM,Asia,earthquake,1747219693,1747218538,0,,"21.60,96.50",2025-05-14 10:28:58,2025-05-14 16:58:58
22.1010000,96.4370000,10.0000,4.00,ml,,,,,,ems_202505_1808139,2025-05-14T09:21:56.000Z,"Pyin Oo Lwin, Mandalay Region, Myanmar (Burma)",Myanmar,MM,Asia,earthquake,1747214530,1747213658,0,,"22.10,96.44",2025-05-14 09:07:38,2025-05-14 15:37:38
19.9640000,98.1410000,10.0000,2.10,ml,,,,,,th_14344_202505140832,2025-05-14T08:32:51.000Z,"Wan Nawnghsem, Shan, Myanmar (Burma)",Myanmar,MM,Asia,earthquake,1747212168,1747211571,0,,"19.96,98.14",2025-05-14 08:32:51,2025-05-14 15:02:51
18.0880000,96.7310000,10.0000,3.10,ml,,,,,,th_14343_202505140639,2025-05-14T06:39:32.000Z,"Hinthawè, Bago Region, Myanmar (Burma)",Myanmar,MM,Asia,earthquake,1747205274,1747204772,1,,"18.09,96.73",2025-05-14 06:39:32,2025-05-14 13:09:32
21.6530000,96.5790000,10.0000,3.10,ml,,,,,,th_14342_202505140419,2025-05-14T04:19:08.000Z,"Zayitke, Mandalay Region, Myanmar (Burma)",Myanmar,MM,Asia,earthquake,1747197439,1747196348,0,,"21.65,96.58",2025-05-14 04:19:08,2025-05-14 10:49:08
20.7930000,96.1460000,10.0000,3.00,ml,,,,,,th_14341_202505132335,2025-05-13T23:35:26.000Z,"Hlaingdet, Mandalay Region, Myanmar (Burma)",Myanmar,MM,Asia,earthquake,1747179645,1747179326,0,,"20.79,96.15",2025-05-13 23:35:26,2025-05-14 06:05:26
19.6670000,96.2100000,10.0000,3.60,ml,,,,,,th_14340_202505132245,2025-05-13T22:56:37.000Z,"Wetkamu, နေပြည်တော် ပြည်တောင်စုနယ်မြေ, Myanmar (Burma)",Myanmar,MM,Asia,earthquake,1747176725,1747176346,0,,"19.67,96.21",2025-05-13 22:45:46,2025-05-14 05:15:46
21.7890000,96.3310000,10.0000,3.50,ml,,,,,,th_14338_202505132021,2025-05-13T20:35:54.000Z,"Thon-Daung-Ywa-Ma, Mandalay Region, Myanmar (Burma)",Myanmar,MM,Asia,earthquake,1747168507,1747167686,1,,"21.79,96.33",2025-05-13 20:21:26,2025-05-14 02:51:26
20.2120000,96.4950000,3.0000,2.70,ml,,,,,,th_14337_202505131808,2025-05-13T18:08:07.000Z,Yamethin Township,Myanmar - China Border Region,MM,Asia,earthquake,1747160010,1747159687,0,,"20.21,96.50",2025-05-13 18:08:07,2025-05-14 00:38:07
17.7940000,97.5720000,2.0000,2.60,ml,,,,,,th_14336_202505131718,2025-05-13T17:18:59.000Z,"Bawkawkhi, Kayin State, Myanmar (Burma)",Myanmar,MM,Asia,earthquake,1747157294,1747156739,0,,"17.79,97.57",2025-05-13 17:18:59,2025-05-13 23:48:59
18.9610000,96.3940000,10.0000,2.10,ml,,,,,,th_14335_202505131636,2025-05-13T16:36:40.000Z,"Taungoo, Bago Region, Myanmar (Burma)",Myanmar,MM,Asia,earthquake,1747154518,1747154200,0,,"18.96,96.39",2025-05-13 16:36:40,2025-05-13 23:06:40
18.4870000,96.2840000,10.0000,2.60,ml,,,,,,th_14334_202505131136,2025-05-13T11:36:23.000Z,"Kayuchaung, Bago Region, Myanmar (Burma)",Myanmar,MM,Asia,earthquake,1747136617,1747136183,0,,"18.49,96.28",2025-05-13 11:36:23,2025-05-13 18:06:23
22.1400000,96.3110000,2.0000,3.90,ml,,,,,,th_14333_202505130641,2025-05-13T06:56:40.000Z,"Daw-wa-kyaung, Mandalay Region, Myanmar (Burma)",Myanmar,MM,Asia,earthquake,1747119092,1747118515,0,,"22.14,96.31",2025-05-13 06:41:55,2025-05-13 13:11:55
21.8190000,96.4160000,10.0000,3.80,ml,,,,,,th_14330_202505122321,2025-05-12T23:42:39.000Z,"Shwegyaung, Mandalay Region, Myanmar (Burma)",Myanmar,MM,Asia,earthquake,1747093051,1747092117,0,,"21.82,96.42",2025-05-12 23:21:57,2025-05-13 05:51:57
18.8890000,97.3330000,1.0000,1.50,ml,,,,,,th_14329_202505122010,2025-05-12T20:10:19.000Z,"Hpasawng, Kayah State, Myanmar (Burma)",Myanmar,MM,Asia,earthquake,1747082292,1747080619,0,,"18.89,97.33",2025-05-12 20:10:19,2025-05-13 02:40:19
18.8390000,96.3600000,10.0000,2.90,ml,,,,,,th_14327_202505121953,2025-05-12T19:53:48.000Z,"Oktwin, Bago Region, Myanmar (Burma)",Myanmar,MM,Asia,earthquake,1747080352,1747079628,0,,"18.84,96.36",2025-05-12 19:53:48,2025-05-13 02:23:48
18.8880000,96.3750000,10.0000,2.80,ml,,,,,,th_14326_202505121949,2025-05-12T19:49:00.000Z,"Taungoo, Bago Region, Myanmar (Burma)",Myanmar,MM,Asia,earthquake,1747079792,1747079340,0,,"18.89,96.38",2025-05-12 19:49:00,2025-05-13 02:19:00
21.7300000,96.2890000,10.0000,3.90,ml,,,,,,th_14323_202505121824,2025-05-12T18:35:36.000Z,"Hngetkyithaik, Mandalay Region, Myanmar (Burma)",Myanmar,MM,Asia,earthquake,1747074712,1747074268,0,,"21.73,96.29",2025-05-12 18:24:28,2025-05-13 00:54:28
20.8620000,96.9880000,10.0000,2.50,ml,,,,,,th_14322_202505121720,2025-05-12T17:20:28.000Z,"taungni, Shan, Myanmar (Burma)",Myanmar,MM,Asia,earthquake,1747071078,1747070428,0,,"20.86,96.99",2025-05-12 17:20:28,2025-05-12 23:50:28
19.7070000,96.2480000,10.0000,2.60,ml,,,,,,th_14321_202505121346,2025-05-12T13:46:29.000Z,"Pwetseikkon, နေပြည်တော် ပြည်တောင်စုနယ်မြေ, Myanmar (Burma)",Myanmar,MM,Asia,earthquake,1747058303,1747057589,0,,"19.71,96.25",2025-05-12 13:46:29,2025-05-12 20:16:29
20.6200000,96.5350000,10.0000,2.40,ml,,,,,,th_14320_202505121342,2025-05-12T13:42:51.000Z,"Kalaw, Shan, Myanmar (Burma)",Myanmar,MM,Asia,earthquake,1747058253,1747057371,0,,"20.62,96.54",2025-05-12 13:42:51,2025-05-12 20:12:51
19.7060000,96.1970000,10.0000,2.90,ml,,,,,,th_14319_202505121332,2025-05-12T13:32:05.000Z,"Naypyidaw Union Territory, Myanmar (Burma)",Myanmar,MM,Asia,earthquake,1747057047,1747056725,1,,"19.71,96.20",2025-05-12 13:32:05,2025-05-12 20:02:05
20.9560000,96.3610000,10.0000,3.80,ml,,,,,,th_14318_202505120320,2025-05-12T03:35:37.000Z,"Patchaung, Shan, Myanmar (Burma)",Myanmar,MM,Asia,earthquake,1747020715,1747020027,0,,"20.96,96.36",2025-05-12 03:20:27,2025-05-12 09:50:27
20.9300000,96.5690000,10.0000,3.00,ml,,,,,,th_14317_202505120251,2025-05-12T02:51:53.000Z,"Nyaungbingwa, Shan, Myanmar (Burma)",Myanmar,MM,Asia,earthquake,1747018835,1747018313,0,,"20.93,96.57",2025-05-12 02:51:53,2025-05-12 09:21:53
20.0250000,96.3060000,10.0000,4.00,ml,,,,,,ems_202505_1807159,2025-05-11T23:56:36.000Z,"Setkon, Naypyidaw Union Territory, Myanmar (Burma)",Myanmar,MM,Asia,earthquake,1747007805,1747006960,0,,"20.03,96.31",2025-05-11 23:42:40,2025-05-12 06:12:40
19.1120000,96.4580000,9.0000,3.20,ml,,,,,,th_14315_202505112131,2025-05-11T21:31:01.000Z,"Karenchaung, Bago Region, Myanmar (Burma)",Myanmar,MM,Asia,earthquake,1746999452,1746999061,1,,"19.11,96.46",2025-05-11 21:31:01,2025-05-12 04:01:01
20.1260000,98.0400000,10.0000,2.40,ml,,,,,,th_14314_202505111731,2025-05-11T17:31:54.000Z,"Üng-yao, Shan, Myanmar (Burma)",Myanmar,MM,Asia,earthquake,1746985210,1746984714,0,,"20.13,98.04",2025-05-11 17:31:54,2025-05-12 00:01:54
20.0970000,97.7600000,10.0000,2.60,ml,,,,,,th_14313_202505111015,2025-05-11T10:15:46.000Z,"Wān Kongmakpin, Shan, Myanmar (Burma)",Myanmar,MM,Asia,earthquake,1746959010,1746958546,0,,"20.10,97.76",2025-05-11 10:15:46,2025-05-11 16:45:46
18.8740000,96.4530000,10.0000,3.00,ml,,,,,,th_14311_202505110840,2025-05-11T08:40:08.000Z,"Taungoo, Bago Region, Myanmar (Burma)",Myanmar,MM,Asia,earthquake,1746953798,1746952808,0,,"18.87,96.45",2025-05-11 08:40:08,2025-05-11 15:10:08
21.2640000,99.8890000,10.0000,2.80,ml,,,,,,th_14310_202505110227,2025-05-11T02:27:19.000Z,"Wan Hpaya-hkè, Shan, Myanmar (Burma)",Myanmar,MM,Asia,earthquake,1746930982,1746930439,1,,"21.26,99.89",2025-05-11 02:27:19,2025-05-11 08:57:19
20.3620000,98.0470000,10.0000,2.20,ml,,,,,,th_14309_202505110203,2025-05-11T02:03:58.000Z,"Langkho, Shan, Myanmar (Burma)",Myanmar,MM,Asia,earthquake,1746929426,1746929038,0,,"20.36,98.05",2025-05-11 02:03:58,2025-05-11 08:33:58
20.2780000,96.2300000,10.0000,2.60,ml,,,,,,th_14308_202505102127,2025-05-10T21:27:06.000Z,"Nyaung Lunt, Naypyidaw Union Territory, Myanmar (Burma)",Myanmar,MM,Asia,earthquake,1746913100,1746912426,0,,"20.28,96.23",2025-05-10 21:27:06,2025-05-11 03:57:06
21.7660000,96.3990000,10.0000,2.80,ml,,,,,,th_14307_202505102050,2025-05-10T20:50:32.000Z,"Thon-Daung-Ywa-Ma, Mandalay Region, Myanmar (Burma)",Myanmar,MM,Asia,earthquake,1746910921,1746910232,0,,"21.77,96.40",2025-05-10 20:50:32,2025-05-11 03:20:32
21.0120000,96.5440000,10.0000,2.80,ml,,,,,,th_14305_202505101911,2025-05-10T19:11:32.000Z,"Nyaungbingwa, Shan, Myanmar (Burma)",Myanmar,MM,Asia,earthquake,1746904549,1746904292,0,,"21.01,96.54",2025-05-10 19:11:32,2025-05-11 01:41:32
21.1310000,99.7450000,2.0000,2.90,ml,,,,,,th_14304_202505101840,2025-05-10T18:40:08.000Z,"Loi Pang Koi, Shan, Myanmar (Burma)",Myanmar,MM,Asia,earthquake,1746902724,1746902408,0,,"21.13,99.75",2025-05-10 18:40:08,2025-05-11 01:10:08
19.1840000,96.3710000,10.0000,2.90,ml,,,,,,th_14303_202505101636,2025-05-10T16:36:47.000Z,"Yedashe, Bago Region, Myanmar (Burma)",Myanmar,MM,Asia,earthquake,1746895276,1746895007,1,,"19.18,96.37",2025-05-10 16:36:47,2025-05-10 23:06:47
19.9910000,96.2810000,10.0000,2.40,ml,,,,,,th_14302_202505101628,2025-05-10T16:28:02.000Z,"Chaungbya, Naypyidaw Union Territory, Myanmar (Burma)",Myanmar,MM,Asia,earthquake,1746894862,1746894482,0,,"19.99,96.28",2025-05-10 16:28:02,2025-05-10 22:58:02
20.3500000,98.2350000,7.0000,4.00,ml,,,,,,ems_202505_1806624,2025-05-10T12:35:36.000Z,"Na-law, Shan, Myanmar (Burma)",Myanmar,MM,Asia,earthquake,1746880549,1746880169,0,,"20.35,98.24",2025-05-10 12:29:29,2025-05-10 18:59:29
21.6200000,96.3930000,10.0000,3.70,ml,,,,,,th_14300_202505101137,2025-05-10T11:49:35.000Z,"Gwebin, Mandalay Region, Myanmar (Burma)",Myanmar,MM,Asia,earthquake,1746877646,1746877027,0,,"21.62,96.39",2025-05-10 11:37:07,2025-05-10 18:07:07
19.2660000,96.2590000,10.0000,2.70,ml,,,,,,th_14299_202505101039,2025-05-10T10:39:18.000Z,"Swar, Bago Region, Myanmar (Burma)",Myanmar,MM,Asia,earthquake,1746873902,1746873558,0,,"19.27,96.26",2025-05-10 10:39:18,2025-05-10 17:09:18
18.8700000,96.4290000,10.0000,2.40,ml,,,,,,th_14297_202505100701,2025-05-10T07:01:58.000Z,"Taungoo, Bago Region, Myanmar (Burma)",Myanmar,MM,Asia,earthquake,1746860896,1746860518,0,,"18.87,96.43",2025-05-10 07:01:58,2025-05-10 13:31:58
18.0900000,96.1090000,10.0000,3.80,ml,,,,,,th_14296_202505100613,2025-05-10T06:22:04.000Z,"Foucar's, Bago Region, Myanmar (Burma)",Myanmar,MM,Asia,earthquake,1746857949,1746857621,0,,"18.09,96.11",2025-05-10 06:13:41,2025-05-10 12:43:41
20.0460000,97.8380000,10.0000,3.00,ml,,,,,,th_14295_202505100414,2025-05-10T04:14:54.000Z,"Wan Kongpao, Shan, Myanmar (Burma)",Myanmar,MM,Asia,earthquake,1746850835,1746850494,0,,"20.05,97.84",2025-05-10 04:14:54,2025-05-10 10:44:54
19.9960000,98.0390000,5.0000,2.30,ml,,,,,,th_14294_202505100246,2025-05-10T02:46:41.000Z,"Wan Konlang, Shan, Myanmar (Burma)",Myanmar,MM,Asia,earthquake,1746845705,1746845201,0,,"20.00,98.04",2025-05-10 02:46:41,2025-05-10 09:16:41
18.2790000,96.5880000,10.0000,2.50,ml,,,,,,th_14293_202505100157,2025-05-10T01:57:59.000Z,"Ingone, Bago Region, Myanmar (Burma)",Myanmar,MM,Asia,earthquake,1746842811,1746842279,0,,"18.28,96.59",2025-05-10 01:57:59,2025-05-10 08:27:59
20.0650000,98.0200000,10.0000,3.10,ml,,,,,,th_14292_202505100021,2025-05-10T00:21:38.000Z,"Wan Konlang, Shan, Myanmar (Burma)",Myanmar,MM,Asia,earthquake,1746836984,1746836498,0,,"20.07,98.02",2025-05-10 00:21:38,2025-05-10 06:51:38
19.1460000,96.3560000,10.0000,2.90,ml,,,,,,th_14291_202505091956,2025-05-09T19:56:05.000Z,"Yedashe, Bago Region, Myanmar (Burma)",Myanmar,MM,Asia,earthquake,1746821533,1746820565,0,,"19.15,96.36",2025-05-09 19:56:05,2025-05-10 02:26:05
19.7340000,96.5060000,10.0000,2.50,ml,,,,,,th_14290_202505091808,2025-05-09T18:08:25.000Z,"Saungdaung Anauk, Naypyidaw Union Territory, Myanmar (Burma)",Myanmar,MM,Asia,earthquake,1746821306,1746814105,0,,"19.73,96.51",2025-05-09 18:08:25,2025-05-10 00:38:25
20.6380000,99.8320000,10.0000,1.90,ml,,,,,,th_14289_202505091717,2025-05-09T17:17:42.000Z,"Wan Hsenhkampeng, Shan, Myanmar (Burma)",Myanmar,MM,Asia,earthquake,1746821179,1746811062,0,,"20.64,99.83",2025-05-09 17:17:42,2025-05-09 23:47:42
21.2790000,96.2570000,10.0000,3.10,ml,,,,,,th_14287_202505091346,2025-05-09T13:46:34.000Z,"Ywarkhainggyi, Mandalay Region, Myanmar (Burma)",Myanmar,MM,Asia,earthquake,1746800696,1746798394,1,,"21.28,96.26",2025-05-09 13:46:34,2025-05-09 20:16:34
24.7700000,95.2900000,110.0000,4.30,ml,,,,,,in_dGtvd01KL2lJWFNnQnVEM3ZpWFIxZz09,2025-05-09T13:49:34.000Z,"Nyaungbintha, Sagaing Region, Myanmar (Burma)",Myanmar,MM,Asia,earthquake,1746798568,1746797879,0,,"24.77,95.29",2025-05-09 13:37:59,2025-05-09 20:07:59
20.0220000,98.0340000,10.0000,1.90,ml,,,,,,th_14285_202505091146,2025-05-09T11:46:46.000Z,"Wan Konlang, Shan, Myanmar (Burma)",Myanmar,MM,Asia,earthquake,1746791694,1746791206,0,,"20.02,98.03",2025-05-09 11:46:46,2025-05-09 18:16:46
21.4700000,96.2580000,10.0000,3.10,ml,,,,,,th_14284_202505090858,2025-05-09T08:58:38.000Z,"Thanywa, Mandalay Region, Myanmar (Burma)",Myanmar,MM,Asia,earthquake,1746781953,1746781118,0,,"21.47,96.26",2025-05-09 08:58:38,2025-05-09 15:28:38
20.8734000,96.0433000,10.0000,4.40,mb,,,,,,in_aksrK0ZtS05EeG5EZzBPblBZRld5dz09,2025-05-09T14:58:53.000Z,"Thazi, Mandalay Region, Myanmar (Burma)",Myanmar,MM,Asia,earthquake,1746780668,1746779850,1,,"20.87,96.05",2025-05-09 08:37:30,2025-05-09 15:07:30
22.0220000,96.3870000,10.0000,3.60,ml,,,,,,th_14282_202505090832,2025-05-09T08:56:36.000Z,"Anesakhan, Mandalay Region, Myanmar (Burma)",Myanmar,MM,Asia,earthquake,1746780145,1746779555,0,,"22.02,96.39",2025-05-09 08:32:35,2025-05-09 15:02:35
18.1440000,96.7640000,10.0000,4.20,ml,,,,,,ems_202505_1806105,2025-05-09T00:56:35.000Z,"Bogata Auk, Bago Region, Myanmar (Burma)",Myanmar,MM,Asia,earthquake,1746752211,1746751689,0,,"18.14,96.76",2025-05-09 00:48:09,2025-05-09 07:18:09
21.7280000,96.2770000,10.0000,2.90,ml,,,,,,th_14279_202505082300,2025-05-08T23:00:34.000Z,"Hngetkyithaik, Mandalay Region, Myanmar (Burma)",Myanmar,MM,Asia,earthquake,1746745706,1746745234,0,,"21.73,96.28",2025-05-08 23:00:34,2025-05-09 05:30:34
19.6380000,96.1880000,10.0000,2.40,ml,,,,,,th_14278_202505082236,2025-05-08T22:36:33.000Z,"Magyigon, Naypyidaw Union Territory, Myanmar (Burma)",Myanmar,MM,Asia,earthquake,1746744264,1746743793,0,,"19.64,96.19",2025-05-08 22:36:33,2025-05-09 05:06:33
22.0470000,96.4050000,10.0000,3.10,ml,,,,,,th_14277_202505082026,2025-05-08T20:26:12.000Z,"Pyin Oo Lwin, Mandalay Region, Myanmar (Burma)",Myanmar,MM,Asia,earthquake,1746736902,1746735972,0,,"22.05,96.41",2025-05-08 20:26:12,2025-05-09 02:56:12
19.0520000,97.4290000,10.0000,1.70,ml,,,,,,th_14275_202505081900,2025-05-08T19:00:06.000Z,"Ho-hwè-ko-sa-pa, Kayah State, Myanmar (Burma)",Myanmar,MM,Asia,earthquake,1746731745,1746730806,0,,"19.05,97.43",2025-05-08 19:00:06,2025-05-09 01:30:06
19.8030000,96.4020000,10.0000,2.20,ml,,,,,,th_14274_202505081549,2025-05-08T15:49:31.000Z,"Kwedugyi, Naypyidaw Union Territory, Myanmar (Burma)",Myanmar,MM,Asia,earthquake,1746719756,1746719371,0,,"19.80,96.40",2025-05-08 15:49:31,2025-05-08 22:19:31
20.0460000,96.4250000,10.0000,2.30,ml,,,,,,th_14273_202505081532,2025-05-08T15:32:58.000Z,"Thalaing, Naypyidaw Union Territory, Myanmar (Burma)",Myanmar,MM,Asia,earthquake,1746719078,1746718378,0,,"20.05,96.43",2025-05-08 15:32:58,2025-05-08 22:02:58
23.1800000,94.0500000,10.0000,3.60,ml,,,,,,in_eE5uZG1qYmZjNmt0TnNwMkttdE12dz09,2025-05-08T14:21:42.000Z,"Kale, Sagaing Region, Myanmar (Burma)",Myanmar,MM,Asia,earthquake,1746713847,1746713167,0,,"23.18,94.05",2025-05-08 14:06:07,2025-05-08 20:36:07
21.5610000,96.2020000,10.0000,4.10,ml,,,,,,ems_202505_1805781,2025-05-08T08:00:37.000Z,"Kyaukse, Mandalay Region, Myanmar (Burma)",Myanmar,MM,Asia,earthquake,1746691249,1746689924,0,,"21.56,96.20",2025-05-08 07:38:44,2025-05-08 14:08:44
18.0890000,96.7330000,10.0000,2.40,ml,,,,,,th_14271_202505080232,2025-05-08T02:32:14.000Z,"Hinthawè, Bago Region, Myanmar (Burma)",Myanmar,MM,Asia,earthquake,1746672301,1746671534,0,,"18.09,96.73",2025-05-08 02:32:14,2025-05-08 09:02:14
20.9580000,96.3290000,10.0000,2.60,ml,,,,,,th_14268_202505072039,2025-05-07T20:39:31.000Z,"Patchaung, Shan, Myanmar (Burma)",Myanmar,MM,Asia,earthquake,1746650883,1746650371,1,,"20.96,96.33",2025-05-07 20:39:31,2025-05-08 03:09:31
19.3650000,96.5380000,10.0000,2.00,ml,,,,,,th_14267_202505071808,2025-05-07T18:08:08.000Z,"Amayadaung, Kayin State, Myanmar (Burma)",Myanmar,MM,Asia,earthquake,1746641944,1746641288,0,,"19.37,96.54",2025-05-07 18:08:08,2025-05-08 00:38:08
20.0390000,97.9400000,10.0000,1.50,ml,,,,,,th_14266_202505071733,2025-05-07T17:33:46.000Z,"Wan Kongpao, Shan, Myanmar (Burma)",Myanmar,MM,Asia,earthquake,1746639605,1746639226,0,,"20.04,97.94",2025-05-07 17:33:46,2025-05-08 00:03:46
17.4490000,96.2700000,10.0000,2.30,ml,,,,,,th_14265_202505071720,2025-05-07T17:20:07.000Z,"Wanetkon, Yangon Region, Myanmar (Burma)",Myanmar,MM,Asia,earthquake,1746638924,1746638407,0,,"17.45,96.27",2025-05-07 17:20:07,2025-05-07 23:50:07
21.7020000,96.3250000,10.0000,3.00,ml,,,,,,th_14264_202505071600,2025-05-07T16:00:22.000Z,"Hngetkyithaik, Mandalay Region, Myanmar (Burma)",Myanmar,MM,Asia,earthquake,1746637232,1746633622,0,,"21.70,96.33",2025-05-07 16:00:22,2025-05-07 22:30:22
20.9670000,98.0900000,10.0000,2.10,ml,,,,,,th_14263_202505071550,2025-05-07T15:50:01.000Z,"Tatpük, Shan, Myanmar (Burma)",Myanmar,MM,Asia,earthquake,1746633711,1746633001,0,,"20.97,98.09",2025-05-07 15:50:01,2025-05-07 22:20:01
19.7770000,96.4850000,10.0000,2.40,ml,,,,,,th_14262_202505071310,2025-05-07T13:10:09.000Z,"Saungdaung Anauk, Naypyidaw Union Territory, Myanmar (Burma)",Myanmar,MM,Asia,earthquake,1746623967,1746623409,0,,"19.78,96.49",2025-05-07 13:10:09,2025-05-07 19:40:09
18.6350000,96.5720000,10.0000,4.00,ml,,,,,,ems_202505_1805382,2025-05-07T07:42:39.000Z,"Zayatkyi, Bago Region, Myanmar (Burma)",Myanmar,MM,Asia,earthquake,1746603777,1746603325,0,,"18.64,96.57",2025-05-07 07:35:25,2025-05-07 14:05:25
18.6850000,96.3650000,10.0000,3.90,ml,,,,,,th_14260_202505070727,2025-05-07T07:35:36.000Z,"Kywebwe, Bago Region, Myanmar (Burma)",Myanmar,MM,Asia,earthquake,1746603217,1746602868,0,,"18.69,96.37",2025-05-07 07:27:48,2025-05-07 13:57:48
18.7990000,96.5240000,10.0000,3.30,ml,,,,,,th_14259_202505070123,2025-05-07T01:23:00.000Z,"Bomari, Bago Region, Myanmar (Burma)",Myanmar,MM,Asia,earthquake,1746581303,1746580980,0,,"18.80,96.52",2025-05-07 01:23:00,2025-05-07 07:53:00
19.9410000,97.9580000,10.0000,2.10,ml,,,,,,th_14258_202505070058,2025-05-07T00:58:46.000Z,"Ta Ho-pong, Shan, Myanmar (Burma)",Myanmar,MM,Asia,earthquake,1746579855,1746579526,0,,"19.94,97.96",2025-05-07 00:58:46,2025-05-07 07:28:46
20.1490000,97.9020000,10.0000,1.80,ml,,,,,,th_14257_202505062247,2025-05-06T22:47:57.000Z,"Wan Hat, Shan, Myanmar (Burma)",Myanmar,MM,Asia,earthquake,1746572063,1746571677,0,,"20.15,97.90",2025-05-06 22:47:57,2025-05-07 05:17:57
20.0810000,97.8000000,10.0000,3.50,ml,,,,,,th_14255_202505062221,2025-05-06T22:28:41.000Z,"Wan Kongpao, Shan, Myanmar (Burma)",Myanmar,MM,Asia,earthquake,1746570329,1746570079,0,,"20.08,97.80",2025-05-06 22:21:19,2025-05-07 04:51:19
20.0480000,97.8770000,10.0000,2.70,ml,,,,,,th_14254_202505062210,2025-05-06T22:10:19.000Z,"Wan Kongpao, Shan, Myanmar (Burma)",Myanmar,MM,Asia,earthquake,1746569671,1746569419,0,,"20.05,97.88",2025-05-06 22:10:19,2025-05-07 04:40:19
19.3040000,96.2590000,10.0000,2.30,ml,,,,,,th_14253_202505062122,2025-05-06T21:22:29.000Z,"Thagaya, Bago Region, Myanmar (Burma)",Myanmar,MM,Asia,earthquake,1746568440,1746566549,0,,"19.30,96.26",2025-05-06 21:22:29,2025-05-07 03:52:29
19.7850000,96.5020000,10.0000,2.10,ml,,,,,,th_14252_202505062025,2025-05-06T20:25:04.000Z,"Saungdaung Anauk, Naypyidaw Union Territory, Myanmar (Burma)",Myanmar,MM,Asia,earthquake,1746564174,1746563104,0,,"19.79,96.50",2025-05-06 20:25:04,2025-05-07 02:55:04
21.7110000,96.3510000,10.0000,4.40,ml,,,,,,in_VEo2UDlqeVJMUWhaSThyMVVoOHY3dz09,2025-05-06T19:14:48.000Z,"Mandalay, Mandalay Region, Myanmar (Burma)",Myanmar,MM,Asia,earthquake,1746558220,1746557794,1,,"21.92,96.12",2025-05-06 18:56:34,2025-05-07 01:26:34
20.1120000,96.4500000,10.0000,3.20,ml,,,,,,th_14250_202505061727,2025-05-06T17:27:44.000Z,"Kyaunggon, Naypyidaw Union Territory, Myanmar (Burma)",Myanmar,MM,Asia,earthquake,1746552957,1746552464,0,,"20.11,96.45",2025-05-06 17:27:44,2025-05-06 23:57:44
17.0650000,96.1680000,10.0000,2.60,ml,,,,,,th_14249_202505061708,2025-05-06T17:08:12.000Z,"Yangon, Yangon Region, Myanmar (Burma)",Myanmar,MM,Asia,earthquake,1746552686,1746551292,0,,"17.07,96.17",2025-05-06 17:08:12,2025-05-06 23:38:12
20.8960000,96.2870000,10.0000,2.50,ml,,,,,,th_14248_202505061656,2025-05-06T16:56:50.000Z,"Pothanaing, Mandalay Region, Myanmar (Burma)",Myanmar,MM,Asia,earthquake,1746551482,1746550610,0,,"20.90,96.29",2025-05-06 16:56:50,2025-05-06 23:26:50
17.1420000,96.3040000,10.0000,3.70,ml,,,,,,th_14247_202505061625,2025-05-06T16:49:47.000Z,"Za Yet Kwin, Yangon Region, Myanmar (Burma)",Myanmar,MM,Asia,earthquake,1746549949,1746548740,0,,"17.14,96.30",2025-05-06 16:25:40,2025-05-06 22:55:40
19.6810000,96.3920000,10.0000,2.20,ml,,,,,,th_14246_202505061604,2025-05-06T16:04:28.000Z,"Teinpyaung Atet, Naypyidaw Union Territory, Myanmar (Burma)",Myanmar,MM,Asia,earthquake,1746548039,1746547468,0,,"19.68,96.39",2025-05-06 16:04:28,2025-05-06 22:34:28
17.1060000,96.2820000,10.0000,2.90,ml,,,,,,th_14245_202505061510,2025-05-06T15:10:18.000Z,"Za Yet Kwin, Yangon Region, Myanmar (Burma)",Myanmar,MM,Asia,earthquake,1746545091,1746544218,0,,"17.11,96.28",2025-05-06 15:10:18,2025-05-06 21:40:18
19.9680000,98.1590000,10.0000,3.10,ml,,,,,,th_14244_202505061441,2025-05-06T14:41:50.000Z,"Wan Hsa-mu, Shan, Myanmar (Burma)",Myanmar,MM,Asia,earthquake,1746542987,1746542510,0,,"19.97,98.16",2025-05-06 14:41:50,2025-05-06 21:11:50
20.5800000,94.6100000,10.0000,3.80,ml,,,,,,in_MFhIazZVYjZhc3BrZzQ0RXhoUXF6Zz09,2025-05-06T14:26:53.000Z,"Salin, Magway Region, Myanmar (Burma)",Myanmar,MM,Asia,earthquake,1746542072,1746541613,0,,"20.58,94.61",2025-05-06 14:26:53,2025-05-06 20:56:53
19.1780000,96.4560000,10.0000,2.30,ml,,,,,,th_14243_202505061341,2025-05-06T13:41:10.000Z,"Karenchaung, Bago Region, Myanmar (Burma)",Myanmar,MM,Asia,earthquake,1746539461,1746538870,0,,"19.18,96.46",2025-05-06 13:41:10,2025-05-06 20:11:10
19.8630000,97.8610000,10.0000,2.80,ml,,,,,,th_14242_202505061327,2025-05-06T13:27:04.000Z,"Ta Öngmu, Shan, Myanmar (Burma)",Myanmar,MM,Asia,earthquake,1746538595,1746538024,0,,"19.86,97.86",2025-05-06 13:27:04,2025-05-06 19:57:04
20.4080000,97.0200000,10.0000,2.20,ml,,,,,,th_14241_202505060943,2025-05-06T09:43:53.000Z,"Nampan, Shan, Myanmar (Burma)",Myanmar,MM,Asia,earthquake,1746532698,1746524633,0,,"20.41,97.02",2025-05-06 09:43:53,2025-05-06 16:13:53
19.6530000,96.2240000,10.0000,2.60,ml,,,,,,th_14240_202505060649,2025-05-06T06:49:06.000Z,"Hpya-ling, Shan, Myanmar (Burma)",Myanmar,MM,Asia,earthquake,1746514671,1746514146,1,,"20.95,97.20",2025-05-06 06:49:06,2025-05-06 13:19:06
20.2700000,98.0890000,10.0000,2.00,ml,,,,,,th_14239_202505060617,2025-05-06T06:17:04.000Z,"Chueh Chu, Shan, Myanmar (Burma)",Myanmar,MM,Asia,earthquake,1746513097,1746512224,0,,"20.27,98.09",2025-05-06 06:17:04,2025-05-06 12:47:04
20.2400000,98.0720000,10.0000,2.30,ml,,,,,,th_14238_202505060615,2025-05-06T06:15:38.000Z,"Chueh Chu, Shan, Myanmar (Burma)",Myanmar,MM,Asia,earthquake,1746512743,1746512138,0,,"20.24,98.07",2025-05-06 06:15:38,2025-05-06 12:45:38
22.2160000,96.8870000,10.0000,3.30,ml,,,,,,th_14237_202505060341,2025-05-06T03:41:53.000Z,"Kan Gyi, Shan, Myanmar (Burma)",Myanmar,MM,Asia,earthquake,1746503532,1746502913,0,,"22.22,96.89",2025-05-06 03:41:53,2025-05-06 10:11:53
20.0710000,97.8800000,10.0000,2.40,ml,,,,,,th_14236_202505060108,2025-05-06T01:08:02.000Z,"Wan Kongpao, Shan, Myanmar (Burma)",Myanmar,MM,Asia,earthquake,1746494344,1746493682,0,,"20.07,97.88",2025-05-06 01:08:02,2025-05-06 07:38:02
20.2700000,97.6570000,10.0000,2.40,ml,,,,,,th_14235_202505060011,2025-05-06T00:11:21.000Z,"Mawkmai, Shan, Myanmar (Burma)",Myanmar,MM,Asia,earthquake,1746490689,1746490281,0,,"20.27,97.66",2025-05-06 00:11:21,2025-05-06 06:41:21
18.7700000,96.4540000,10.0000,2.60,ml,,,,,,th_14234_202505052102,2025-05-05T21:02:07.000Z,"Bomari, Bago Region, Myanmar (Burma)",Myanmar,MM,Asia,earthquake,1746480227,1746478927,0,,"18.77,96.45",2025-05-05 21:02:07,2025-05-06 03:32:07
19.9710000,96.2650000,10.0000,2.50,ml,,,,,,th_14233_202505052058,2025-05-05T20:58:49.000Z,"Tegon, Naypyidaw Union Territory, Myanmar (Burma)",Myanmar,MM,Asia,earthquake,1746480011,1746478729,0,,"19.97,96.27",2025-05-05 20:58:49,2025-05-06 03:28:49
19.4210000,97.7680000,10.0000,1.60,ml,,,,,,th_14232_202505051939,2025-05-05T19:39:24.000Z,"Hwè-yao, Kayah State, Myanmar (Burma)",Myanmar,MM,Asia,earthquake,1746474459,1746473964,0,,"19.42,97.77",2025-05-05 19:39:24,2025-05-06 02:09:24
19.4140000,96.3180000,10.0000,2.10,ml,,,,,,th_14229_202505051825,2025-05-05T18:25:41.000Z,"Wayonle, Bago Region, Myanmar (Burma)",Myanmar,MM,Asia,earthquake,1746470321,1746469541,0,,"19.41,96.32",2025-05-05 18:25:41,2025-05-06 00:55:41
18.9470000,96.2560000,10.0000,2.20,ml,,,,,,th_14228_202505051822,2025-05-05T18:22:58.000Z,"Gyihauk, Bago Region, Myanmar (Burma)",Myanmar,MM,Asia,earthquake,1746470274,1746469378,0,,"18.95,96.26",2025-05-05 18:22:58,2025-05-06 00:52:58
26.9900000,96.4700000,13.0000,3.50,ml,,,,,,in_UVA3cVE1RVV3Mm9xTnRmVEhzN2IwQT09,2025-05-05T15:14:48.000Z,"Gedu Ga, Kachin, Myanmar (Burma)",Myanmar,MM,Asia,earthquake,1746457723,1746457258,0,,"26.99,96.47",2025-05-05 15:00:58,2025-05-05 21:30:58
18.7720000,96.4430000,10.0000,2.50,ml,,,,,,th_14226_202505051455,2025-05-05T14:55:30.000Z,"Bomari, Bago Region, Myanmar (Burma)",Myanmar,MM,Asia,earthquake,1746457252,1746456930,0,,"18.77,96.44",2025-05-05 14:55:30,2025-05-05 21:25:30
20.0370000,97.8880000,10.0000,2.10,ml,,,,,,th_14225_202505051451,2025-05-05T14:51:57.000Z,"Wan Kongpao, Shan, Myanmar (Burma)",Myanmar,MM,Asia,earthquake,1746457032,1746456717,0,,"20.04,97.89",2025-05-05 14:51:57,2025-05-05 21:21:57
18.8180000,96.9870000,10.0000,1.90,ml,,,,,,th_14224_202505051228,2025-05-05T12:28:28.000Z,"Hoki, Kayin State, Myanmar (Burma)",Myanmar,MM,Asia,earthquake,1746449929,1746448108,0,,"18.82,96.99",2025-05-05 12:28:28,2025-05-05 18:58:28
19.2580000,96.3490000,10.0000,2.90,ml,,,,,,th_14223_202505050151,2025-05-05T01:51:48.000Z,"Sibaing, Bago Region, Myanmar (Burma)",Myanmar,MM,Asia,earthquake,1746410765,1746409908,0,,"19.26,96.35",2025-05-05 01:51:48,2025-05-05 08:21:48
24.5800000,94.8600000,70.0000,3.70,ml,,,,,,in_bGtPZnBRckxuNm15ZCtxUVg4c2ZvUT09,2025-05-05T01:28:34.000Z,"Myene, Sagaing Region, Myanmar (Burma)",Myanmar,MM,Asia,earthquake,1746408225,1746407515,0,,"24.58,94.86",2025-05-05 01:11:55,2025-05-05 07:41:55
19.9400000,97.7470000,5.0000,2.90,ml,,,,,,th_14222_202505042339,2025-05-04T23:39:34.000Z,"Wan Hwè-ya-yung, Shan, Myanmar (Burma)",Myanmar,MM,Asia,earthquake,1746403248,1746401974,0,,"19.94,97.75",2025-05-04 23:39:34,2025-05-05 06:09:34
22.9878000,95.6631000,10.0000,4.80,ml,,,,,,in_L0hZR2k4RVkrU0VUUXNjeENmOSsydz09,2025-05-05T06:42:10.000Z,"Bugon, Sagaing Region, Myanmar (Burma)",Myanmar,MM,Asia,earthquake,1746402052,1746401597,0,,"23.07,95.52",2025-05-04 23:33:17,2025-05-05 06:03:17
19.9400000,97.6190000,5.0000,2.80,ml,,,,,,th_14220_202505042324,2025-05-04T23:24:57.000Z,"Mai-hsa-se, Shan, Myanmar (Burma)",Myanmar,MM,Asia,earthquake,1746401296,1746401097,0,,"19.94,97.62",2025-05-04 23:24:57,2025-05-05 05:54:57
19.6520000,97.8790000,5.0000,2.40,ml,,,,,,th_14219_202505042258,2025-05-04T22:58:12.000Z,"Kiu-neng, Shan, Myanmar (Burma)",Myanmar,MM,Asia,earthquake,1746399743,1746399492,0,,"19.65,97.88",2025-05-04 22:58:12,2025-05-05 05:28:12
20.0760000,98.0670000,10.0000,2.20,ml,,,,,,th_14217_202505042143,2025-05-04T21:43:28.000Z,"Üng-yao, Shan, Myanmar (Burma)",Myanmar,MM,Asia,earthquake,1746395829,1746395008,0,,"20.08,98.07",2025-05-04 21:43:28,2025-05-05 04:13:28
19.9450000,97.7340000,10.0000,2.20,ml,,,,,,th_14215_202505041933,2025-05-04T19:33:03.000Z,"Wan Hwè-ya-yung, Shan, Myanmar (Burma)",Myanmar,MM,Asia,earthquake,1746388062,1746387183,0,,"19.95,97.73",2025-05-04 19:33:03,2025-05-05 02:03:03
19.7910000,96.9820000,10.0000,2.40,ml,,,,,,th_14214_202505041904,2025-05-04T19:04:02.000Z,"Engla, Shan, Myanmar (Burma)",Myanmar,MM,Asia,earthquake,1746386979,1746385442,0,,"19.79,96.98",2025-05-04 19:04:02,2025-05-05 01:34:02
20.1070000,97.8380000,2.0000,3.00,ml,,,,,,th_14213_202505041753,2025-05-04T17:53:13.000Z,"Wan Kongpao, Shan, Myanmar (Burma)",Myanmar,MM,Asia,earthquake,1746381705,1746381193,0,,"20.11,97.84",2025-05-04 17:53:13,2025-05-05 00:23:13
19.8420000,97.8510000,5.0000,2.20,ml,,,,,,th_14218_202505041740,2025-05-04T17:40:09.000Z,"Wan Hwè-ya-yung, Shan, Myanmar (Burma)",Myanmar,MM,Asia,earthquake,1746395913,1746380409,0,,"19.84,97.85",2025-05-04 17:40:09,2025-05-05 00:10:09
19.2170000,96.4560000,16.0000,2.20,ml,,,,,,th_14212_202505041550,2025-05-04T15:50:45.000Z,"Hnawpin, Bago Region, Myanmar (Burma)",Myanmar,MM,Asia,earthquake,1746374408,1746373845,0,,"19.22,96.46",2025-05-04 15:50:45,2025-05-04 22:20:45
18.0950000,95.3070000,76.0000,2.90,ml,,,,,,th_14211_202505041459,2025-05-04T14:59:49.000Z,"Kongyi, Ayeyarwady, Myanmar (Burma)",Myanmar,MM,Asia,earthquake,1746371299,1746370789,0,,"18.10,95.31",2025-05-04 14:59:49,2025-05-04 21:29:49
18.1100000,95.1900000,80.0000,3.10,ml,,,,,,th_14210_202505041404,2025-05-04T14:04:48.000Z,"Hngetkyiwin, Ayeyarwady, Myanmar (Burma)",Myanmar,MM,Asia,earthquake,1746368012,1746367488,0,,"18.11,95.19",2025-05-04 14:04:48,2025-05-04 20:34:48
21.6100000,94.4700000,90.0000,3.90,ml,,,,,,in_ODUzMGcyVThHZmxiSjhNK3ZINDBGUT09,2025-05-04T13:48:50.000Z,"Zee Pyar, Magway Region, Myanmar (Burma)",Myanmar,MM,Asia,earthquake,1746367849,1746366530,0,,"21.61,94.47",2025-05-04 13:48:50,2025-05-04 20:18:50
19.8390000,97.9340000,1.0000,1.70,ml,,,,,,th_14209_202505041230,2025-05-04T12:30:01.000Z,"Pang Tae Waet, Shan, Myanmar (Burma)",Myanmar,MM,Asia,earthquake,1746362032,1746361801,0,,"19.84,97.93",2025-05-04 12:30:01,2025-05-04 19:00:01
19.9360000,97.9460000,10.0000,2.20,ml,,,,,,th_14208_202505041158,2025-05-04T11:58:58.000Z,"Ta Ho-pong, Shan, Myanmar (Burma)",Myanmar,MM,Asia,earthquake,1746360487,1746359938,1,,"19.94,97.95",2025-05-04 11:58:58,2025-05-04 18:28:58
19.4400000,96.3320000,10.0000,2.50,ml,,,,,,th_14207_202505041154,2025-05-04T11:54:35.000Z,"Wayonle, Bago Region, Myanmar (Burma)",Myanmar,MM,Asia,earthquake,1746360389,1746359675,0,,"19.44,96.33",2025-05-04 11:54:35,2025-05-04 18:24:35
19.7830000,96.4770000,10.0000,2.50,ml,,,,,,th_14206_202505041149,2025-05-04T11:49:22.000Z,"Saungdaung Anauk, Naypyidaw Union Territory, Myanmar (Burma)",Myanmar,MM,Asia,earthquake,1746360240,1746359362,0,,"19.78,96.48",2025-05-04 11:49:22,2025-05-04 18:19:22
20.6710000,97.8170000,1.0000,2.60,ml,,,,,,th_14205_202505041005,2025-05-04T10:05:35.000Z,"Hai Hpak, Shan, Myanmar (Burma)",Myanmar,MM,Asia,earthquake,1746354780,1746353135,0,,"20.67,97.82",2025-05-04 10:05:35,2025-05-04 16:35:35
19.9320000,97.7770000,2.0000,2.70,ml,,,,,,th_14204_202505040813,2025-05-04T08:13:34.000Z,"Wan Hwè-ya-yung, Shan, Myanmar (Burma)",Myanmar,MM,Asia,earthquake,1746346621,1746346414,0,,"19.93,97.78",2025-05-04 08:13:34,2025-05-04 14:43:34
20.0970000,97.8830000,1.0000,2.90,ml,,,,,,th_14203_202505040158,2025-05-04T01:58:50.000Z,"Shan, Myanmar (Burma)",Myanmar,MM,Asia,earthquake,1746324314,1746323930,1,,"20.10,97.88",2025-05-04 01:58:50,2025-05-04 08:28:50
18.9170000,97.5050000,2.0000,2.10,ml,,,,,,th_14202_202505040015,2025-05-04T00:15:02.000Z,"Loi Mun, Kayah State, Myanmar (Burma)",Myanmar,MM,Asia,earthquake,1746318244,1746317702,0,,"18.92,97.51",2025-05-04 00:15:02,2025-05-04 06:45:02
21.7770000,96.2420000,10.0000,3.40,ml,,,,,,th_14198_202505032015,2025-05-03T20:15:11.000Z,"Thon-Daung-Ywa-Ma, Mandalay Region, Myanmar (Burma)",Myanmar,MM,Asia,earthquake,1746303634,1746303311,0,,"21.78,96.24",2025-05-03 20:15:11,2025-05-04 02:45:11
22.0350000,96.4960000,10.0000,2.90,ml,,,,,,th_14197_202505031839,2025-05-03T18:39:24.000Z,"Pyin Oo Lwin, Mandalay Region, Myanmar (Burma)",Myanmar,MM,Asia,earthquake,1746297865,1746297564,0,,"22.04,96.50",2025-05-03 18:39:24,2025-05-04 01:09:24
19.9650000,97.6670000,7.0000,2.50,ml,,,,,,th_14196_202505031447,2025-05-03T14:47:53.000Z,"Wan Panglu, Shan, Myanmar (Burma)",Myanmar,MM,Asia,earthquake,1746283947,1746283673,0,,"19.97,97.67",2025-05-03 14:47:53,2025-05-03 21:17:53
20.0340000,97.8980000,10.0000,2.00,ml,,,,,,th_14195_202505031443,2025-05-03T14:43:13.000Z,"Wan Kongpao, Shan, Myanmar (Burma)",Myanmar,MM,Asia,earthquake,1746283754,1746283393,1,,"20.03,97.90",2025-05-03 14:43:13,2025-05-03 21:13:13
19.9870000,97.9700000,10.0000,2.00,ml,,,,,,th_14194_202505031210,2025-05-03T12:10:00.000Z,"Ta Ho-pong, Shan, Myanmar (Burma)",Myanmar,MM,Asia,earthquake,1746274516,1746274200,1,,"19.99,97.97",2025-05-03 12:10:00,2025-05-03 18:40:00
19.2390000,96.2050000,10.0000,3.10,ml,,,,,,th_14193_202505031159,2025-05-03T11:59:01.000Z,"Baungdok, Bago Region, Myanmar (Burma)",Myanmar,MM,Asia,earthquake,1746273937,1746273541,0,,"19.24,96.21",2025-05-03 11:59:01,2025-05-03 18:29:01
19.2530000,96.2340000,10.0000,2.40,ml,,,,,,th_14192_202505031143,2025-05-03T11:43:05.000Z,"Swar, Bago Region, Myanmar (Burma)",Myanmar,MM,Asia,earthquake,1746272918,1746272585,0,,"19.25,96.23",2025-05-03 11:43:05,2025-05-03 18:13:05
18.7190000,96.4020000,10.0000,2.40,ml,,,,,,th_14190_202505030959,2025-05-03T09:59:38.000Z,"Kywebwe, Bago Region, Myanmar (Burma)",Myanmar,MM,Asia,earthquake,1746266839,1746266378,0,,"18.72,96.40",2025-05-03 09:59:38,2025-05-03 16:29:38
19.1650000,97.1100000,10.0000,2.30,ml,,,,,,th_14189_202505030915,2025-05-03T09:15:58.000Z,"He-sa-hku, Kayah State, Myanmar (Burma)",Myanmar,MM,Asia,earthquake,1746266794,1746263758,0,,"19.17,97.11",2025-05-03 09:15:58,2025-05-03 15:45:58
19.2350000,96.3830000,10.0000,2.60,ml,,,,,,th_14188_202505030600,2025-05-03T06:00:30.000Z,"Sibaing, Bago Region, Myanmar (Burma)",Myanmar,MM,Asia,earthquake,1746252385,1746252030,0,,"19.24,96.38",2025-05-03 06:00:30,2025-05-03 12:30:30
19.7350000,96.2190000,10.0000,2.80,ml,,,,,,th_14186_202505030117,2025-05-03T01:17:00.000Z,"Pyinmana, Naypyidaw Union Territory, Myanmar (Burma)",Myanmar,MM,Asia,earthquake,1746235396,1746235020,0,,"19.74,96.22",2025-05-03 01:17:00,2025-05-03 07:47:00
20.8820000,98.6700000,10.0000,2.60,ml,,,,,,th_14184_202505022009,2025-05-02T20:09:41.000Z,"Möng Pu, Shan, Myanmar (Burma)",Myanmar,MM,Asia,earthquake,1746217101,1746216581,0,,"20.88,98.67",2025-05-02 20:09:41,2025-05-03 02:39:41
19.0640000,96.4460000,10.0000,3.00,ml,,,,,,th_14183_202505022003,2025-05-02T20:03:59.000Z,"Kaytumati, Bago Region, Myanmar (Burma)",Myanmar,MM,Asia,earthquake,1746217048,1746216239,0,,"19.06,96.45",2025-05-02 20:03:59,2025-05-03 02:33:59
20.0470000,97.9370000,10.0000,1.60,ml,,,,,,th_14180_202505021749,2025-05-02T17:49:20.000Z,"Wan Kongpao, Shan, Myanmar (Burma)",Myanmar,MM,Asia,earthquake,1746208443,1746208160,0,,"20.05,97.94",2025-05-02 17:49:20,2025-05-03 00:19:20
21.6670000,96.5270000,10.0000,2.80,ml,,,,,,th_14179_202505021733,2025-05-02T17:33:18.000Z,"Gwebin, Mandalay Region, Myanmar (Burma)",Myanmar,MM,Asia,earthquake,1746208272,1746207198,0,,"21.67,96.53",2025-05-02 17:33:18,2025-05-03 00:03:18
19.8270000,97.9860000,10.0000,1.40,ml,,,,,,th_14178_202505021733,2025-05-02T17:33:01.000Z,"Pang Tae Waet, Shan, Myanmar (Burma)",Myanmar,MM,Asia,earthquake,1746208083,1746207181,0,,"19.83,97.99",2025-05-02 17:33:01,2025-05-03 00:03:01
17.2200000,96.1510000,10.0000,3.10,ml,,,,,,th_14177_202505021515,2025-05-02T15:15:51.000Z,"Si Sone Kone, Yangon Region, Myanmar (Burma)",Myanmar,MM,Asia,earthquake,1746199609,1746198951,0,,"17.22,96.15",2025-05-02 15:15:51,2025-05-02 21:45:51
22.0170000,96.8960000,10.0000,2.70,ml,,,,,,th_14176_202505021441,2025-05-02T14:41:09.000Z,"Nam-maw-lon, Shan, Myanmar (Burma)",Myanmar,MM,Asia,earthquake,1746198251,1746196869,0,,"22.02,96.90",2025-05-02 14:41:09,2025-05-02 21:11:09
21.9600000,96.2800000,10.0000,4.00,ml,,,,,,ems_202505_1803105,2025-05-02T11:21:40.000Z,"Thon-Daung-Ywa-Ma, Mandalay Region, Myanmar (Burma)",Myanmar,MM,Asia,earthquake,1746184914,1746183844,0,,"21.96,96.28",2025-05-02 11:04:04,2025-05-02 17:34:04
18.7570000,96.6040000,10.0000,2.10,ml,,,,,,th_14174_202505020717,2025-05-02T07:17:27.000Z,"Alesengyaung, Kayin State, Myanmar (Burma)",Myanmar,MM,Asia,earthquake,1746170565,1746170247,0,,"18.76,96.60",2025-05-02 07:17:27,2025-05-02 13:47:27
18.8080000,96.6540000,10.0000,2.60,ml,,,,,,th_14173_202505020355,2025-05-02T03:55:56.000Z,"Alesengyaung, Kayin State, Myanmar (Burma)",Myanmar,MM,Asia,earthquake,1746160089,1746158156,0,,"18.81,96.65",2025-05-02 03:55:56,2025-05-02 10:25:56
21.8620000,96.3880000,10.0000,3.90,ml,,,,,,th_14171_202505020153,2025-05-02T02:07:42.000Z,"Pyin Sar, Mandalay Region, Myanmar (Burma)",Myanmar,MM,Asia,earthquake,1746151388,1746150780,0,,"21.86,96.39",2025-05-02 01:53:00,2025-05-02 08:23:00
18.6270000,96.4240000,10.0000,2.00,ml,,,,,,th_14170_202505012016,2025-05-01T20:16:56.000Z,"Nyaung Chay Htauk, Bago Region, Myanmar (Burma)",Myanmar,MM,Asia,earthquake,1746130967,1746130616,0,,"18.63,96.42",2025-05-01 20:16:56,2025-05-02 02:46:56
20.9630000,96.3300000,10.0000,3.10,ml,,,,,,th_14169_202505011950,2025-05-01T19:50:44.000Z,"Patchaung, Shan, Myanmar (Burma)",Myanmar,MM,Asia,earthquake,1746129589,1746129044,0,,"20.96,96.33",2025-05-01 19:50:44,2025-05-02 02:20:44
18.8810000,95.5970000,10.0000,2.90,ml,,,,,,th_14167_202505011603,2025-05-01T16:03:16.000Z,"Kywetabaung, Bago Region, Myanmar (Burma)",Myanmar,MM,Asia,earthquake,1746115817,1746115396,0,,"18.88,95.60",2025-05-01 16:03:16,2025-05-01 22:33:16
21.8820000,96.3460000,5.0000,3.20,ml,,,,,,th_14166_202505011544,2025-05-01T15:44:24.000Z,"Yatanarpon Cyber City, Mandalay Region, Myanmar (Burma)",Myanmar,MM,Asia,earthquake,1746115090,1746114264,0,,"21.88,96.35",2025-05-01 15:44:24,2025-05-01 22:14:24
19.1930000,96.1420000,10.0000,2.20,ml,,,,,,th_14165_202505011510,2025-05-01T15:10:54.000Z,"Mayogon, Bago Region, Myanmar (Burma)",Myanmar,MM,Asia,earthquake,1746112639,1746112254,0,,"19.19,96.14",2025-05-01 15:10:54,2025-05-01 21:40:54
19.9190000,96.1370000,10.0000,2.30,ml,,,,,,th_14164_202505011436,2025-05-01T14:36:46.000Z,"Pobba Thiri, Naypyidaw Union Territory, Myanmar (Burma)",Myanmar,MM,Asia,earthquake,1746110861,1746110206,0,,"19.92,96.14",2025-05-01 14:36:46,2025-05-01 21:06:46
19.2310000,96.5120000,10.0000,2.10,ml,,,,,,th_14162_202505011401,2025-05-01T14:01:27.000Z,"Pebo, Kayin State, Myanmar (Burma)",Myanmar,MM,Asia,earthquake,1746108383,1746108087,0,,"19.23,96.51",2025-05-01 14:01:27,2025-05-01 20:31:27
19.2100000,96.4020000,10.0000,2.30,ml,,,,,,th_14161_202505011310,2025-05-01T13:10:12.000Z,"Hnawpin, Bago Region, Myanmar (Burma)",Myanmar,MM,Asia,earthquake,1746105392,1746105012,1,,"19.21,96.40",2025-05-01 13:10:12,2025-05-01 19:40:12
23.2300000,94.0800000,30.0000,3.40,ml,,,,,,in_NmxEcTRvWUZVenhranlyTHZrLzI1UT09,2025-05-01T08:21:31.000Z,"Kale, Chin State, Myanmar (Burma)",Myanmar,MM,Asia,earthquake,1746087305,1746086852,0,,"23.23,94.08",2025-05-01 08:07:32,2025-05-01 14:37:32
20.2950000,96.1150000,10.0000,3.30,ml,,,,,,th_14159_202505010641,2025-05-01T06:41:48.000Z,"Inbingyi, Mandalay Region, Myanmar (Burma)",Myanmar,MM,Asia,earthquake,1746083128,1746081708,0,,"20.30,96.12",2025-05-01 06:41:48,2025-05-01 13:11:48
20.9930000,99.0430000,10.0000,2.50,ml,,,,,,th_14158_202505010538,2025-05-01T05:38:17.000Z,"Mongkyet, Shan, Myanmar (Burma)",Myanmar,MM,Asia,earthquake,1746078262,1746077897,0,,"20.99,99.04",2025-05-01 05:38:17,2025-05-01 12:08:17
20.7360000,96.9510000,10.0000,3.10,ml,,,,,,th_14157_202505010515,2025-05-01T05:15:18.000Z,"Ayetharyar, Shan, Myanmar (Burma)",Myanmar,MM,Asia,earthquake,1746076874,1746076518,0,,"20.74,96.95",2025-05-01 05:15:18,2025-05-01 11:45:18
26.6900000,96.6200000,20.0000,3.50,ml,,,,,,in_aktxamZmdGprbDZZTWVkL1dheFhYQT09,2025-05-23T02:21:28.000Z,"Gum Ga, Kachin, Myanmar (Burma)",Myanmar,MM,Asia,earthquake,1747966695,1747958823,0,,"26.69,96.62",2025-05-23 00:07:03,2025-05-23 06:37:03
21.8260000,96.6430000,10.0000,3.50,ml,,,,,,th_14454_202505222359,2025-05-23T00:49:35.000Z,"Kontha, Mandalay Region, Myanmar (Burma)",Myanmar,MM,Asia,earthquake,1747961012,1747958346,1,,"21.83,96.64",2025-05-22 23:59:06,2025-05-23 06:29:06
20.0830000,97.8190000,10.0000,1.70,ml,,,,,,th_14453_202505222117,2025-05-22T21:17:15.000Z,"Wan Kongpao, Shan, Myanmar (Burma)",Myanmar,MM,Asia,earthquake,1747950282,1747948635,0,,"20.08,97.82",2025-05-22 21:17:15,2025-05-23 03:47:15
19.0390000,97.6940000,1.0000,1.70,ml,,,,,,th_14452_202505222057,2025-05-22T20:57:31.000Z,"Hwè-ün, Kayah State, Myanmar (Burma)",Myanmar,MM,Asia,earthquake,1747947954,1747947451,0,,"19.04,97.69",2025-05-22 20:57:31,2025-05-23 03:27:31
19.0260000,97.7010000,8.0000,2.40,ml,,,,,,th_14451_202505222005,2025-05-22T20:05:45.000Z,"Kayah State, Myanmar (Burma)",Myanmar,MM,Asia,earthquake,1747944882,1747944345,0,,"19.03,97.70",2025-05-22 20:05:45,2025-05-23 02:35:45
18.8990000,96.6260000,10.0000,1.90,ml,,,,,,th_14450_202505221845,2025-05-22T18:45:06.000Z,"Sibingyi, Kayin State, Myanmar (Burma)",Myanmar,MM,Asia,earthquake,1747940342,1747939506,0,,"18.90,96.63",2025-05-22 18:45:06,2025-05-23 01:15:06
18.3070000,96.6380000,10.0000,2.20,ml,,,,,,th_14449_202505221835,2025-05-22T18:35:31.000Z,"Myabago, Bago Region, Myanmar (Burma)",Myanmar,MM,Asia,earthquake,1747939346,1747938931,0,,"18.31,96.64",2025-05-22 18:35:31,2025-05-23 01:05:31
19.5520000,97.7820000,10.0000,1.60,ml,,,,,,th_14448_202505221723,2025-05-22T17:23:30.000Z,"Daw Pawtu, Kayah State, Myanmar (Burma)",Myanmar,MM,Asia,earthquake,1747935174,1747934610,0,,"19.55,97.78",2025-05-22 17:23:30,2025-05-22 23:53:30
20.0540000,98.1300000,10.0000,1.70,ml,,,,,,th_14447_202505221637,2025-05-22T16:37:07.000Z,"Üng-yao, Shan, Myanmar (Burma)",Myanmar,MM,Asia,earthquake,1747933280,1747931827,0,,"20.05,98.13",2025-05-22 16:37:07,2025-05-22 23:07:07
21.2920000,96.3160000,10.0000,2.80,ml,,,,,,th_14446_202505221411,2025-05-22T14:11:14.000Z,"Ingon, Mandalay Region, Myanmar (Burma)",Myanmar,MM,Asia,earthquake,1747923568,1747923074,0,,"21.29,96.32",2025-05-22 14:11:14,2025-05-22 20:41:14
21.3540000,100.9010000,10.0000,2.60,ml,,,,,,th_14445_202505221220,2025-05-22T12:20:34.000Z,"Wan Bok-aw, Shan, Myanmar (Burma)",Myanmar,MM,Asia,earthquake,1747920461,1747916434,0,,"21.35,100.90",2025-05-22 12:20:34,2025-05-22 18:50:34
21.2790000,98.4770000,10.0000,2.80,ml,,,,,,th_14444_202505220044,2025-05-22T00:44:18.000Z,"Kunhing, Shan, Myanmar (Burma)",Myanmar,MM,Asia,earthquake,1747875474,1747874658,0,,"21.28,98.48",2025-05-22 00:44:18,2025-05-22 07:14:18
19.3280000,96.2590000,10.0000,3.30,ml,,,,,,th_14442_202505212237,2025-05-21T22:37:54.000Z,"Thagaya, Bago Region, Myanmar (Burma)",Myanmar,MM,Asia,earthquake,1747867383,1747867074,1,,"19.33,96.26",2025-05-21 22:37:54,2025-05-22 05:07:54
19.7920000,96.4160000,10.0000,2.30,ml,,,,,,th_14441_202505212152,2025-05-21T21:52:24.000Z,"Kwedugyi, Naypyidaw Union Territory, Myanmar (Burma)",Myanmar,MM,Asia,earthquake,1747864725,1747864344,0,,"19.79,96.42",2025-05-21 21:52:24,2025-05-22 04:22:24
21.5970000,96.2790000,10.0000,3.50,ml,,,,,,th_14439_202505212129,2025-05-21T21:42:52.000Z,"Chaungzon, Mandalay Region, Myanmar (Burma)",Myanmar,MM,Asia,earthquake,1747863392,1747862982,0,,"21.60,96.28",2025-05-21 21:29:42,2025-05-22 03:59:42
20.4470000,99.2860000,10.0000,1.90,ml,,,,,,th_14440_202505212125,2025-05-21T21:25:17.000Z,"Wanhuong, Shan, Myanmar (Burma)",Myanmar,MM,Asia,earthquake,1747863603,1747862717,0,,"20.45,99.29",2025-05-21 21:25:17,2025-05-22 03:55:17
21.5470000,96.2790000,10.0000,3.70,ml,,,,,,th_14438_202505211648,2025-05-21T17:00:37.000Z,"Chaungzon, Mandalay Region, Myanmar (Burma)",Myanmar,MM,Asia,earthquake,1747846638,1747846110,0,,"21.55,96.28",2025-05-21 16:48:30,2025-05-21 23:18:30
22.8900000,93.9700000,49.0000,3.60,ml,,,,,,in_aGg3azNtSTZWVFNqdTg1KzZML29tQT09,2025-05-21T16:14:35.000Z,"Darbo, Chin State, Myanmar (Burma)",Myanmar,MM,Asia,earthquake,1747843901,1747843079,0,,"22.89,93.97",2025-05-21 15:57:59,2025-05-21 22:27:59
20.9000000,96.4540000,10.0000,2.70,ml,,,,,,th_14436_202505211410,2025-05-21T14:10:02.000Z,"Kubyin, Mandalay Region, Myanmar (Burma)",Myanmar,MM,Asia,earthquake,1747837428,1747836602,0,,"20.90,96.45",2025-05-21 14:10:02,2025-05-21 20:40:02
21.0300000,99.8090000,10.0000,2.60,ml,,,,,,th_14435_202505211211,2025-05-21T12:11:44.000Z,"Yangka, Shan, Myanmar (Burma)",Myanmar,MM,Asia,earthquake,1747830537,1747829504,0,,"21.03,99.81",2025-05-21 12:11:44,2025-05-21 18:41:44
20.9880000,99.7350000,10.0000,2.60,ml,,,,,,th_14434_202505211209,2025-05-21T12:09:53.000Z,"Wan Hkang Ho-paw, Shan, Myanmar (Burma)",Myanmar,MM,Asia,earthquake,1747830293,1747829393,0,,"20.99,99.74",2025-05-21 12:09:53,2025-05-21 18:39:53
21.0322000,95.9542000,10.0000,3.40,ml,6,164,0.984,0.6,us,th_14433_202505211156,2025-05-21T14:46:18.640Z,"Pegingyaw, Mandalay Region, Myanmar (Burma)","19km NNE of Meiktila, Burma (Myanmar)",MM,Asia,earthquake,1747829508,1747828590,0,,"21.77,96.73",2025-05-21 11:56:30,2025-05-21 18:26:30
19.7630000,96.0700000,10.0000,2.50,ml,,,,,,th_14431_202505210942,2025-05-21T09:42:51.000Z,"Naypyidaw, Naypyidaw Union Territory, Myanmar (Burma)",Myanmar,MM,Asia,earthquake,1747821684,1747820571,0,,"19.76,96.07",2025-05-21 09:42:51,2025-05-21 16:12:51
21.2820000,96.5510000,10.0000,3.40,ml,,,,,,th_14430_202505210925,2025-05-21T09:25:26.000Z,"Linwe, Shan, Myanmar (Burma)",Myanmar,MM,Asia,earthquake,1747819967,1747819526,0,,"21.28,96.55",2025-05-21 09:25:26,2025-05-21 15:55:26
18.8310000,96.4340000,10.0000,2.40,ml,,,,,,th_14429_202505210704,2025-05-21T07:04:44.000Z,"Oktwin, Bago Region, Myanmar (Burma)",Myanmar,MM,Asia,earthquake,1747811433,1747811084,0,,"18.83,96.43",2025-05-21 07:04:44,2025-05-21 13:34:44
19.2070000,96.3270000,10.0000,2.70,ml,,,,,,th_14428_202505210549,2025-05-21T05:49:47.000Z,"Aunggyantha, Bago Region, Myanmar (Burma)",Myanmar,MM,Asia,earthquake,1747806923,1747806587,0,,"19.21,96.33",2025-05-21 05:49:47,2025-05-21 12:19:47
18.7790000,97.5660000,10.0000,2.80,ml,,,,,,th_14427_202505210411,2025-05-21T04:11:23.000Z,"Panti Sakan, Kayah State, Myanmar (Burma)",Myanmar,MM,Asia,earthquake,1747801155,1747800683,0,,"18.78,97.57",2025-05-21 04:11:23,2025-05-21 10:41:23
20.2350000,96.1830000,10.0000,3.10,ml,,,,,,th_14426_202505210351,2025-05-21T03:51:21.000Z,"Nyaung Lunt, Naypyidaw Union Territory, Myanmar (Burma)",Myanmar,MM,Asia,earthquake,1747799827,1747799481,0,,"20.24,96.18",2025-05-21 03:51:21,2025-05-21 10:21:21
20.5080000,99.3560000,2.0000,2.80,ml,,,,,,th_14425_202505210310,2025-05-21T03:10:29.000Z,"Mong Hsat, Shan, Myanmar (Burma)",Myanmar,MM,Asia,earthquake,1747797388,1747797029,0,,"20.51,99.36",2025-05-21 03:10:29,2025-05-21 09:40:29
18.2540000,96.5920000,10.0000,2.70,ml,,,,,,th_14424_202505210224,2025-05-21T02:24:23.000Z,"Thae Kaw, Bago Region, Myanmar (Burma)",Myanmar,MM,Asia,earthquake,1747794750,1747794263,0,,"18.25,96.59",2025-05-21 02:24:23,2025-05-21 08:54:23
20.1100000,96.3690000,10.0000,2.90,ml,,,,,,th_14423_202505201752,2025-05-20T17:52:21.000Z,"Kyatpye, Naypyidaw Union Territory, Myanmar (Burma)",Myanmar,MM,Asia,earthquake,1747763893,1747763541,0,,"20.11,96.37",2025-05-20 17:52:21,2025-05-21 00:22:21
19.1460000,96.4620000,10.0000,2.40,ml,,,,,,th_14422_202505201605,2025-05-20T16:05:42.000Z,"Karenchaung, Bago Region, Myanmar (Burma)",Myanmar,MM,Asia,earthquake,1747757542,1747757142,1,,"19.15,96.46",2025-05-20 16:05:42,2025-05-20 22:35:42
21.7320000,96.1990000,10.0000,3.20,ml,,,,,,th_14421_202505201426,2025-05-20T14:26:42.000Z,"Bellin, Mandalay Region, Myanmar (Burma)",Myanmar,MM,Asia,earthquake,1747751732,1747751202,0,,"21.73,96.20",2025-05-20 14:26:42,2025-05-20 20:56:42
21.2730000,96.2840000,10.0000,3.10,ml,,,,,,th_14419_202505200424,2025-05-20T04:24:00.000Z,"Ingon, Mandalay Region, Myanmar (Burma)",Myanmar,MM,Asia,earthquake,1747715527,1747715040,0,,"21.27,96.28",2025-05-20 04:24:00,2025-05-20 10:54:00
20.1420000,96.1680000,10.0000,3.90,ml,,,,,,th_14418_202505200356,2025-05-20T04:07:39.000Z,"Tatkon, Naypyidaw Union Territory, Myanmar (Burma)",Myanmar,MM,Asia,earthquake,1747714012,1747713371,0,,"20.14,96.17",2025-05-20 03:56:11,2025-05-20 10:26:11
19.1420000,95.9050000,10.0000,2.40,ml,,,,,,th_14417_202505192011,2025-05-19T20:11:42.000Z,"Aungtha Tè, Bago Region, Myanmar (Burma)",Myanmar,MM,Asia,earthquake,1747685937,1747685502,0,,"19.14,95.91",2025-05-19 20:11:42,2025-05-20 02:41:42
19.0130000,96.5310000,10.0000,2.60,ml,,,,,,th_14416_202505191621,2025-05-19T16:21:34.000Z,"Kanbin, Bago Region, Myanmar (Burma)",Myanmar,MM,Asia,earthquake,1747672165,1747671694,0,,"19.01,96.53",2025-05-19 16:21:34,2025-05-19 22:51:34
22.2430000,96.5460000,10.0000,3.20,ml,,,,,,th_14415_202505191543,2025-05-19T15:43:46.000Z,"Zarli, Shan, Myanmar (Burma)",Myanmar,MM,Asia,earthquake,1747670082,1747669426,0,,"22.24,96.55",2025-05-19 15:43:46,2025-05-19 22:13:46
21.0200000,99.4020000,10.0000,2.40,ml,,,,,,th_14414_202505191110,2025-05-19T11:10:04.000Z,"Wan Na-hsai, Shan, Myanmar (Burma)",Myanmar,MM,Asia,earthquake,1747653382,1747653004,0,,"21.02,99.40",2025-05-19 11:10:04,2025-05-19 17:40:04
23.1410000,98.9050000,10.0000,3.40,ml,,,,,,th_14413_202505190927,2025-05-19T09:27:31.000Z,"Man Hleik, Shan, Myanmar (Burma)",Myanmar,MM,Asia,earthquake,1747647511,1747646851,0,,"23.14,98.91",2025-05-19 09:27:31,2025-05-19 15:57:31
22.2350000,96.4990000,10.0000,3.10,ml,,,,,,th_14412_202505190441,2025-05-19T04:41:46.000Z,"Nga Bin, Shan, Myanmar (Burma)",Myanmar,MM,Asia,earthquake,1747630184,1747629706,0,,"22.24,96.50",2025-05-19 04:41:46,2025-05-19 11:11:46
21.1770000,96.3360000,10.0000,3.10,ml,,,,,,th_14411_202505190417,2025-05-19T04:17:46.000Z,"Kanze, Mandalay Region, Myanmar (Burma)",Myanmar,MM,Asia,earthquake,1747628811,1747628266,0,,"21.18,96.34",2025-05-19 04:17:46,2025-05-19 10:47:46
21.1550000,99.3130000,10.0000,2.40,ml,,,,,,th_14408_202505182156,2025-05-18T21:56:11.000Z,"Mawnkak, Shan, Myanmar (Burma)",Myanmar,MM,Asia,earthquake,1747606084,1747605371,0,,"21.16,99.31",2025-05-18 21:56:11,2025-05-19 04:26:11
21.7510000,96.3870000,10.0000,2.90,ml,,,,,,th_14407_202505181929,2025-05-18T19:29:58.000Z,"Hngetkyithaik, Mandalay Region, Myanmar (Burma)",Myanmar,MM,Asia,earthquake,1747597593,1747596598,0,,"21.75,96.39",2025-05-18 19:29:58,2025-05-19 01:59:58
19.0850000,93.3987000,8.9000,5.00,ml,,,,,,gfz2025jrua,2025-05-19T06:29:55.000Z,Myanmar (Burma),Myanmar,MM,Asia,earthquake,1747596305,1747595721,0,,"19.09,93.42",2025-05-18 19:15:21,2025-05-19 01:45:21
18.7840000,96.7210000,10.0000,1.90,ml,,,,,,th_14405_202505181836,2025-05-18T18:36:51.000Z,"Kolu, Kayin State, Myanmar (Burma)",Myanmar,MM,Asia,earthquake,1747593966,1747593411,0,,"18.78,96.72",2025-05-18 18:36:51,2025-05-19 01:06:51
19.4260000,96.4880000,10.0000,2.10,ml,,,,,,th_14404_202505181826,2025-05-18T18:26:20.000Z,"Amayadaung, Kayin State, Myanmar (Burma)",Myanmar,MM,Asia,earthquake,1747593420,1747592780,0,,"19.43,96.49",2025-05-18 18:26:20,2025-05-19 00:56:20
19.0820000,96.4070000,10.0000,3.00,ml,,,,,,th_14403_202505181756,2025-05-18T17:56:11.000Z,"Kyun Kone, Bago Region, Myanmar (Burma)",Myanmar,MM,Asia,earthquake,1747591456,1747590971,0,,"19.08,96.41",2025-05-18 17:56:11,2025-05-19 00:26:11
21.6700000,93.9100000,40.0000,3.90,ml,,,,,,in_ZGpwWnZ0VlZrM2lCZEM5TGpySUt2Zz09,2025-05-18T17:37:58.000Z,"Ridwi, Chin State, Myanmar (Burma)",Myanmar,MM,Asia,earthquake,1747590625,1747589878,0,,"21.67,93.91",2025-05-18 17:37:58,2025-05-19 00:07:58
20.1410000,96.3010000,10.0000,2.60,ml,,,,,,th_14399_202505181144,2025-05-18T11:44:51.000Z,"Kyatpye, Naypyidaw Union Territory, Myanmar (Burma)",Myanmar,MM,Asia,earthquake,1747569325,1747568691,0,,"20.14,96.30",2025-05-18 11:44:51,2025-05-18 18:14:51
18.8100000,96.5760000,10.0000,2.40,ml,,,,,,th_14398_202505181125,2025-05-18T11:25:16.000Z,"Bomari, Bago Region, Myanmar (Burma)",Myanmar,MM,Asia,earthquake,1747568169,1747567516,0,,"18.81,96.58",2025-05-18 11:25:16,2025-05-18 17:55:16
22.0250000,96.7160000,10.0000,3.80,ml,,,,,,th_14397_202505181118,2025-05-18T11:35:37.000Z,"Pazunseik, Mandalay Region, Myanmar (Burma)",Myanmar,MM,Asia,earthquake,1747567874,1747567114,0,,"22.03,96.72",2025-05-18 11:18:34,2025-05-18 17:48:34
18.1620000,97.4500000,10.0000,1.70,ml,,,,,,th_14396_202505181049,2025-05-18T10:49:11.000Z,"Moseido, Kayin State, Myanmar (Burma)",Myanmar,MM,Asia,earthquake,1747567784,1747565351,0,,"18.16,97.45",2025-05-18 10:49:11,2025-05-18 17:19:11
18.5560000,96.6060000,10.0000,2.50,ml,,,,,,th_14395_202505180841,2025-05-18T08:41:32.000Z,"Mon, Bago Region, Myanmar (Burma)",Myanmar,MM,Asia,earthquake,1747558122,1747557692,0,,"18.56,96.61",2025-05-18 08:41:32,2025-05-18 15:11:32
20.7170000,96.2950000,10.0000,3.30,ml,,,,,,th_14394_202505180458,2025-05-18T04:58:05.000Z,"Yin Mar Bin, Mandalay Region, Myanmar (Burma)",Myanmar,MM,Asia,earthquake,1747544840,1747544285,0,,"20.72,96.30",2025-05-18 04:58:05,2025-05-18 11:28:05
21.8600000,96.5220000,10.0000,3.30,ml,,,,,,th_14393_202505180404,2025-05-18T04:04:39.000Z,"Lema, Mandalay Region, Myanmar (Burma)",Myanmar,MM,Asia,earthquake,1747541694,1747541079,0,,"21.86,96.52",2025-05-18 04:04:39,2025-05-18 10:34:39
19.1200000,96.6750000,10.0000,2.30,ml,,,,,,th_14391_202505180303,2025-05-18T03:03:41.000Z,"Than Daung Gyi, Kayin State, Myanmar (Burma)",Myanmar,MM,Asia,earthquake,1747537894,1747537421,0,,"19.12,96.68",2025-05-18 03:03:41,2025-05-18 09:33:41
19.5590000,97.7370000,10.0000,1.90,ml,,,,,,th_14390_202505172253,2025-05-17T22:53:53.000Z,"Daw Pawtu, Kayah State, Myanmar (Burma)",Myanmar,MM,Asia,earthquake,1747522877,1747522433,0,,"19.56,97.74",2025-05-17 22:53:53,2025-05-18 05:23:53
20.3090000,98.2930000,10.0000,1.90,ml,,,,,,th_14388_202505171942,2025-05-17T19:42:21.000Z,"Mongpan, Shan, Myanmar (Burma)",Myanmar,MM,Asia,earthquake,1747511960,1747510941,1,,"20.31,98.29",2025-05-17 19:42:21,2025-05-18 02:12:21
21.0180000,99.8160000,10.0000,2.40,ml,,,,,,th_14387_202505171721,2025-05-17T17:21:51.000Z,"Wan Mu-hsö Hsensawmawng, Shan, Myanmar (Burma)",Myanmar,MM,Asia,earthquake,1747502981,1747502511,0,,"21.02,99.82",2025-05-17 17:21:51,2025-05-17 23:51:51
19.6810000,96.1750000,10.0000,2.80,ml,,,,,,th_14386_202505171656,2025-05-17T16:56:35.000Z,"Thayetkon, Naypyidaw Union Territory, Myanmar (Burma)",Myanmar,MM,Asia,earthquake,1747501433,1747500995,0,,"19.68,96.18",2025-05-17 16:56:35,2025-05-17 23:26:35
21.3995000,96.0381000,10.0000,5.10,mww,235,25,1.063,0.53,us,gfz2025jprx,2025-05-20T14:57:35.507Z,"Kyaukse, Burma (Myanmar)","24km SSW of Kyaukse, Burma (Myanmar)",MM,Asia,earthquake,1747497749,1747497287,0,,"21.35,96.01",2025-05-17 15:54:47,2025-05-17 22:24:47
21.0600000,96.5160000,10.0000,2.70,ml,,,,,,th_14384_202505171221,2025-05-17T12:21:08.000Z,"Myaing, Shan, Myanmar (Burma)",Myanmar,MM,Asia,earthquake,1747484930,1747484468,0,,"21.06,96.52",2025-05-17 12:21:08,2025-05-17 18:51:08
22.6230000,96.1250000,10.0000,3.30,ml,,,,,,th_14383_202505170854,2025-05-17T08:54:49.000Z,"Kokko, Mandalay Region, Myanmar (Burma)",Myanmar,MM,Asia,earthquake,1747472909,1747472089,0,,"22.62,96.13",2025-05-17 08:54:49,2025-05-17 15:24:49
22.6310000,96.3630000,10.0000,3.80,ml,,,,,,th_14381_202505170355,2025-05-17T04:14:35.000Z,"Pang Kit, Shan, Myanmar (Burma)",Myanmar,MM,Asia,earthquake,1747454905,1747454118,0,,"22.63,96.36",2025-05-17 03:55:18,2025-05-17 10:25:18
19.0750000,96.5820000,10.0000,2.70,ml,,,,,,th_14379_202505162148,2025-05-16T21:48:27.000Z,"Thandaung, Kayin State, Myanmar (Burma)",Myanmar,MM,Asia,earthquake,1747432790,1747432107,0,,"19.08,96.58",2025-05-16 21:48:27,2025-05-17 04:18:27
21.1000000,99.8580000,10.0000,2.10,ml,,,,,,th_14378_202505162049,2025-05-16T20:49:31.000Z,"Yangka, Shan, Myanmar (Burma)",Myanmar,MM,Asia,earthquake,1747429119,1747428571,1,,"21.10,99.86",2025-05-16 20:49:31,2025-05-17 03:19:31
22.0350000,96.2650000,10.0000,3.00,ml,,,,,,th_14377_202505161936,2025-05-16T19:36:49.000Z,"Yetaw, Mandalay Region, Myanmar (Burma)",Myanmar,MM,Asia,earthquake,1747424713,1747424209,0,,"22.04,96.27",2025-05-16 19:36:49,2025-05-17 02:06:49
19.8930000,97.8740000,10.0000,1.70,ml,,,,,,th_14375_202505161334,2025-05-16T13:34:53.000Z,"Ta Öngmu, Shan, Myanmar (Burma)",Myanmar,MM,Asia,earthquake,1747403079,1747402493,0,,"19.89,97.87",2025-05-16 13:34:53,2025-05-16 20:04:53
21.7250000,96.6410000,10.0000,2.70,ml,,,,,,th_14374_202505161108,2025-05-16T11:08:12.000Z,"Zayitke, Mandalay Region, Myanmar (Burma)",Myanmar,MM,Asia,earthquake,1747394384,1747393692,0,,"21.73,96.64",2025-05-16 11:08:12,2025-05-16 17:38:12
18.7510000,96.6530000,10.0000,2.30,ml,,,,,,th_14373_202505160846,2025-05-16T08:46:02.000Z,"Alesengyaung, Kayin State, Myanmar (Burma)",Myanmar,MM,Asia,earthquake,1747385506,1747385162,0,,"18.75,96.65",2025-05-16 08:46:02,2025-05-16 15:16:02
26.0400000,95.4800000,60.0000,3.50,ml,,,,,,in_VThTTFdlYkNSbnJETzd1YisrZ2NlZz09,2025-05-16T05:42:31.000Z,"Hintiu, Sagaing Region, Myanmar (Burma)",Myanmar,MM,Asia,earthquake,1747373873,1747373039,0,,"26.04,95.48",2025-05-16 05:23:59,2025-05-16 11:53:59
18.9010000,97.4290000,3.0000,2.90,ml,,,,,,th_14369_202505152108,2025-05-15T21:08:44.000Z,"Loi Mun, Kayah State, Myanmar (Burma)",Myanmar,MM,Asia,earthquake,1747343928,1747343324,0,,"18.90,97.43",2025-05-15 21:08:44,2025-05-16 03:38:44
18.9310000,97.6450000,1.0000,1.90,ml,,,,,,th_14368_202505152103,2025-05-15T21:03:46.000Z,"Watak, Kayah State, Myanmar (Burma)",Myanmar,MM,Asia,earthquake,1747343695,1747343026,0,,"18.93,97.65",2025-05-15 21:03:46,2025-05-16 03:33:46
19.8990000,97.9090000,2.0000,1.70,ml,,,,,,th_14367_202505152051,2025-05-15T20:51:44.000Z,Langhko Township,Myanmar,MM,Asia,earthquake,1747342930,1747342304,0,,"19.90,97.91",2025-05-15 20:51:44,2025-05-16 03:21:44
18.4440000,96.4530000,10.0000,2.80,ml,,,,,,th_14365_202505151834,2025-05-15T18:34:24.000Z,"Phyu, Bago Region, Myanmar (Burma)",Myanmar,MM,Asia,earthquake,1747334330,1747334064,0,,"18.44,96.45",2025-05-15 18:34:24,2025-05-16 01:04:24
19.8170000,98.0320000,10.0000,2.10,ml,,,,,,th_14364_202505151715,2025-05-15T17:15:29.000Z,"Loikwang, Shan, Myanmar (Burma)",Myanmar,MM,Asia,earthquake,1747329638,1747329329,0,,"19.82,98.03",2025-05-15 17:15:29,2025-05-15 23:45:29
23.3220000,95.8720000,10.0000,3.40,ml,,,,,,th_14363_202505151520,2025-05-15T15:20:10.000Z,"Ngayinbyo, Sagaing Region, Myanmar (Burma)",Myanmar,MM,Asia,earthquake,1747324300,1747322410,0,,"23.32,95.87",2025-05-15 15:20:10,2025-05-15 21:50:10
19.2660000,96.4840000,10.0000,2.30,ml,,,,,,th_14362_202505151447,2025-05-15T14:47:14.000Z,"Pebo, Kayin State, Myanmar (Burma)",Myanmar,MM,Asia,earthquake,1747320786,1747320434,0,,"19.27,96.48",2025-05-15 14:47:14,2025-05-15 21:17:14
20.1890000,98.0330000,10.0000,2.00,ml,,,,,,th_14361_202505150847,2025-05-15T08:47:46.000Z,"Wan Mawngkawk, Shan, Myanmar (Burma)",Myanmar,MM,Asia,earthquake,1747299699,1747298866,0,,"20.19,98.03",2025-05-15 08:47:46,2025-05-15 15:17:46
26.6700000,96.1700000,10.0000,3.30,ml,,,,,,in_T2pqZ29xMzlmS21QQkF1UWRYVFdYQT09,2025-05-15T08:21:35.000Z,"Shin Bway Yang, Kachin, Myanmar (Burma)",Myanmar,MM,Asia,earthquake,1747297094,1747296061,0,,"26.67,96.17",2025-05-15 08:01:01,2025-05-15 14:31:01
21.8850000,96.7730000,10.0000,3.90,ml,,,,,,th_14360_202505150718,2025-05-15T07:35:54.000Z,"Kontha, Mandalay Region, Myanmar (Burma)",Myanmar,MM,Asia,earthquake,1747294377,1747293525,0,,"21.89,96.77",2025-05-15 07:18:45,2025-05-15 13:48:45
19.2540000,96.3050000,10.0000,3.00,ml,,,,,,th_14359_202505150208,2025-05-15T02:08:06.000Z,"Swar, Bago Region, Myanmar (Burma)",Myanmar,MM,Asia,earthquake,1747275500,1747274886,0,,"19.25,96.31",2025-05-15 02:08:06,2025-05-15 08:38:06
26.9700000,95.8000000,10.0000,3.40,ml,,,,,,in_NitUR2RZTnd0YWdVOWlCNmZRQzdDUT09,2025-05-15T00:28:36.000Z,"Don Hee, Sagaing Region, Myanmar (Burma)",Myanmar,MM,Asia,earthquake,1747268745,1747268183,0,,"26.97,95.80",2025-05-15 00:16:23,2025-05-15 06:46:23
19.9730000,97.9100000,10.0000,2.20,ml,,,,,,th_14358_202505150005,2025-05-15T00:05:00.000Z,"Ta Ho-pong, Shan, Myanmar (Burma)",Myanmar,MM,Asia,earthquake,1747275389,1747267500,0,,"19.97,97.91",2025-05-15 00:05:00,2025-05-15 06:35:00
22.2480000,96.0580000,10.0000,3.20,ml,,,,,,th_14357_202505142258,2025-05-14T22:58:26.000Z,"Mwe Tha Laing, Mandalay Region, Myanmar (Burma)",Myanmar,MM,Asia,earthquake,1747264333,1747263506,0,,"22.25,96.06",2025-05-14 22:58:26,2025-05-15 05:28:26
19.8820000,98.0440000,4.0000,1.70,ml,,,,,,th_14356_202505142213,2025-05-14T22:13:56.000Z,"Wan Nawnghsem, Shan, Myanmar (Burma)",Myanmar,MM,Asia,earthquake,1747261398,1747260836,0,,"19.88,98.04",2025-05-14 22:13:56,2025-05-15 04:43:56
19.2390000,96.2360000,10.0000,2.80,ml,,,,,,th_14355_202505142104,2025-05-14T21:04:45.000Z,"Baungdok, Bago Region, Myanmar (Burma)",Myanmar,MM,Asia,earthquake,1747257331,1747256685,0,,"19.24,96.24",2025-05-14 21:04:45,2025-05-15 03:34:45
19.2310000,96.3790000,10.0000,2.30,ml,,,,,,th_14354_202505142034,2025-05-14T20:34:17.000Z,"Sibaing, Bago Region, Myanmar (Burma)",Myanmar,MM,Asia,earthquake,1747255555,1747254857,1,,"19.23,96.38",2025-05-14 20:34:17,2025-05-15 03:04:17
25.9800000,97.1900000,10.0000,3.40,ml,,,,,,in_NVJWQzRMR0hJcXplSEV4R0FlTEN4Zz09,2025-05-14T19:11:59.000Z,"'Njungbum, Kachin, Myanmar (Burma)",Myanmar,MM,Asia,earthquake,1747250906,1747249919,0,,"25.98,97.19",2025-05-14 19:11:59,2025-05-15 01:41:59
22.1480000,96.4620000,10.0000,3.20,ml,,,,,,th_14351_202505141328,2025-05-14T13:28:49.000Z,"Nyaung Gone, Mandalay Region, Myanmar (Burma)",Myanmar,MM,Asia,earthquake,1747230216,1747229329,0,,"22.15,96.46",2025-05-14 13:28:49,2025-05-14 19:58:49
21.1180000,99.8770000,10.0000,2.30,ml,,,,,,th_14350_202505141245,2025-05-14T12:45:37.000Z,"Yangka, Shan, Myanmar (Burma)",Myanmar,MM,Asia,earthquake,1747228540,1747226737,1,,"21.12,99.88",2025-05-14 12:45:37,2025-05-14 19:15:37
18.2840000,96.1460000,10.0000,2.20,ml,,,,,,th_14348_202505141226,2025-05-14T12:26:30.000Z,"Thitkyi, Bago Region, Myanmar (Burma)",Myanmar,MM,Asia,earthquake,1747226846,1747225590,0,,"18.28,96.15",2025-05-14 12:26:30,2025-05-14 18:56:30
21.0140000,99.8970000,10.0000,3.00,ml,,,,,,th_14347_202505141050,2025-05-14T10:50:09.000Z,"Wan Mu-hsö Hsensawmawng, Shan, Myanmar (Burma)",Myanmar,MM,Asia,earthquake,1747220195,1747219809,1,,"21.01,99.90",2025-05-14 10:50:09,2025-05-14 17:20:09
25.0400000,94.8000000,130.0000,3.90,ml,,,,,,in_WFN5dmVuZWc4bk1ieE1VaUdpMzFTQT09,2025-05-14T10:56:37.000Z,"Mo Paing Lut, Sagaing Region, Myanmar (Burma)",Myanmar,MM,Asia,earthquake,1747219875,1747218651,0,,"25.04,94.80",2025-05-14 10:30:51,2025-05-14 17:00:51
21.6030000,96.4980000,10.0000,2.80,ml,,,,,,th_14346_202505141028,2025-05-14T10:28:58.000Z,"Gwebin, Mandalay Region, Myanmar (Burma)",Myanmar,MM,Asia,earthquake,1747219693,1747218538,0,,"21.60,96.50",2025-05-14 10:28:58,2025-05-14 16:58:58
22.1010000,96.4370000,10.0000,4.00,ml,,,,,,ems_202505_1808139,2025-05-14T09:21:56.000Z,"Pyin Oo Lwin, Mandalay Region, Myanmar (Burma)",Myanmar,MM,Asia,earthquake,1747214530,1747213658,0,,"22.10,96.44",2025-05-14 09:07:38,2025-05-14 15:37:38
19.9640000,98.1410000,10.0000,2.10,ml,,,,,,th_14344_202505140832,2025-05-14T08:32:51.000Z,"Wan Nawnghsem, Shan, Myanmar (Burma)",Myanmar,MM,Asia,earthquake,1747212168,1747211571,0,,"19.96,98.14",2025-05-14 08:32:51,2025-05-14 15:02:51
18.0880000,96.7310000,10.0000,3.10,ml,,,,,,th_14343_202505140639,2025-05-14T06:39:32.000Z,"Hinthawè, Bago Region, Myanmar (Burma)",Myanmar,MM,Asia,earthquake,1747205274,1747204772,1,,"18.09,96.73",2025-05-14 06:39:32,2025-05-14 13:09:32
21.6530000,96.5790000,10.0000,3.10,ml,,,,,,th_14342_202505140419,2025-05-14T04:19:08.000Z,"Zayitke, Mandalay Region, Myanmar (Burma)",Myanmar,MM,Asia,earthquake,1747197439,1747196348,0,,"21.65,96.58",2025-05-14 04:19:08,2025-05-14 10:49:08
20.7930000,96.1460000,10.0000,3.00,ml,,,,,,th_14341_202505132335,2025-05-13T23:35:26.000Z,"Hlaingdet, Mandalay Region, Myanmar (Burma)",Myanmar,MM,Asia,earthquake,1747179645,1747179326,0,,"20.79,96.15",2025-05-13 23:35:26,2025-05-14 06:05:26
19.6670000,96.2100000,10.0000,3.60,ml,,,,,,th_14340_202505132245,2025-05-13T22:56:37.000Z,"Wetkamu, နေပြည်တော် ပြည်တောင်စုနယ်မြေ, Myanmar (Burma)",Myanmar,MM,Asia,earthquake,1747176725,1747176346,0,,"19.67,96.21",2025-05-13 22:45:46,2025-05-14 05:15:46
21.7890000,96.3310000,10.0000,3.50,ml,,,,,,th_14338_202505132021,2025-05-13T20:35:54.000Z,"Thon-Daung-Ywa-Ma, Mandalay Region, Myanmar (Burma)",Myanmar,MM,Asia,earthquake,1747168507,1747167686,1,,"21.79,96.33",2025-05-13 20:21:26,2025-05-14 02:51:26
20.2120000,96.4950000,3.0000,2.70,ml,,,,,,th_14337_202505131808,2025-05-13T18:08:07.000Z,Yamethin Township,Myanmar - China Border Region,MM,Asia,earthquake,1747160010,1747159687,0,,"20.21,96.50",2025-05-13 18:08:07,2025-05-14 00:38:07
17.7940000,97.5720000,2.0000,2.60,ml,,,,,,th_14336_202505131718,2025-05-13T17:18:59.000Z,"Bawkawkhi, Kayin State, Myanmar (Burma)",Myanmar,MM,Asia,earthquake,1747157294,1747156739,0,,"17.79,97.57",2025-05-13 17:18:59,2025-05-13 23:48:59
18.9610000,96.3940000,10.0000,2.10,ml,,,,,,th_14335_202505131636,2025-05-13T16:36:40.000Z,"Taungoo, Bago Region, Myanmar (Burma)",Myanmar,MM,Asia,earthquake,1747154518,1747154200,0,,"18.96,96.39",2025-05-13 16:36:40,2025-05-13 23:06:40
18.4870000,96.2840000,10.0000,2.60,ml,,,,,,th_14334_202505131136,2025-05-13T11:36:23.000Z,"Kayuchaung, Bago Region, Myanmar (Burma)",Myanmar,MM,Asia,earthquake,1747136617,1747136183,0,,"18.49,96.28",2025-05-13 11:36:23,2025-05-13 18:06:23
22.1400000,96.3110000,2.0000,3.90,ml,,,,,,th_14333_202505130641,2025-05-13T06:56:40.000Z,"Daw-wa-kyaung, Mandalay Region, Myanmar (Burma)",Myanmar,MM,Asia,earthquake,1747119092,1747118515,0,,"22.14,96.31",2025-05-13 06:41:55,2025-05-13 13:11:55
21.8190000,96.4160000,10.0000,3.80,ml,,,,,,th_14330_202505122321,2025-05-12T23:42:39.000Z,"Shwegyaung, Mandalay Region, Myanmar (Burma)",Myanmar,MM,Asia,earthquake,1747093051,1747092117,0,,"21.82,96.42",2025-05-12 23:21:57,2025-05-13 05:51:57
18.8890000,97.3330000,1.0000,1.50,ml,,,,,,th_14329_202505122010,2025-05-12T20:10:19.000Z,"Hpasawng, Kayah State, Myanmar (Burma)",Myanmar,MM,Asia,earthquake,1747082292,1747080619,0,,"18.89,97.33",2025-05-12 20:10:19,2025-05-13 02:40:19
18.8390000,96.3600000,10.0000,2.90,ml,,,,,,th_14327_202505121953,2025-05-12T19:53:48.000Z,"Oktwin, Bago Region, Myanmar (Burma)",Myanmar,MM,Asia,earthquake,1747080352,1747079628,0,,"18.84,96.36",2025-05-12 19:53:48,2025-05-13 02:23:48
18.8880000,96.3750000,10.0000,2.80,ml,,,,,,th_14326_202505121949,2025-05-12T19:49:00.000Z,"Taungoo, Bago Region, Myanmar (Burma)",Myanmar,MM,Asia,earthquake,1747079792,1747079340,0,,"18.89,96.38",2025-05-12 19:49:00,2025-05-13 02:19:00
21.7300000,96.2890000,10.0000,3.90,ml,,,,,,th_14323_202505121824,2025-05-12T18:35:36.000Z,"Hngetkyithaik, Mandalay Region, Myanmar (Burma)",Myanmar,MM,Asia,earthquake,1747074712,1747074268,0,,"21.73,96.29",2025-05-12 18:24:28,2025-05-13 00:54:28
20.8620000,96.9880000,10.0000,2.50,ml,,,,,,th_14322_202505121720,2025-05-12T17:20:28.000Z,"taungni, Shan, Myanmar (Burma)",Myanmar,MM,Asia,earthquake,1747071078,1747070428,0,,"20.86,96.99",2025-05-12 17:20:28,2025-05-12 23:50:28
19.7070000,96.2480000,10.0000,2.60,ml,,,,,,th_14321_202505121346,2025-05-12T13:46:29.000Z,"Pwetseikkon, နေပြည်တော် ပြည်တောင်စုနယ်မြေ, Myanmar (Burma)",Myanmar,MM,Asia,earthquake,1747058303,1747057589,0,,"19.71,96.25",2025-05-12 13:46:29,2025-05-12 20:16:29
20.6200000,96.5350000,10.0000,2.40,ml,,,,,,th_14320_202505121342,2025-05-12T13:42:51.000Z,"Kalaw, Shan, Myanmar (Burma)",Myanmar,MM,Asia,earthquake,1747058253,1747057371,0,,"20.62,96.54",2025-05-12 13:42:51,2025-05-12 20:12:51
19.7060000,96.1970000,10.0000,2.90,ml,,,,,,th_14319_202505121332,2025-05-12T13:32:05.000Z,"Naypyidaw Union Territory, Myanmar (Burma)",Myanmar,MM,Asia,earthquake,1747057047,1747056725,1,,"19.71,96.20",2025-05-12 13:32:05,2025-05-12 20:02:05
20.9560000,96.3610000,10.0000,3.80,ml,,,,,,th_14318_202505120320,2025-05-12T03:35:37.000Z,"Patchaung, Shan, Myanmar (Burma)",Myanmar,MM,Asia,earthquake,1747020715,1747020027,0,,"20.96,96.36",2025-05-12 03:20:27,2025-05-12 09:50:27
20.9300000,96.5690000,10.0000,3.00,ml,,,,,,th_14317_202505120251,2025-05-12T02:51:53.000Z,"Nyaungbingwa, Shan, Myanmar (Burma)",Myanmar,MM,Asia,earthquake,1747018835,1747018313,0,,"20.93,96.57",2025-05-12 02:51:53,2025-05-12 09:21:53
20.0250000,96.3060000,10.0000,4.00,ml,,,,,,ems_202505_1807159,2025-05-11T23:56:36.000Z,"Setkon, Naypyidaw Union Territory, Myanmar (Burma)",Myanmar,MM,Asia,earthquake,1747007805,1747006960,0,,"20.03,96.31",2025-05-11 23:42:40,2025-05-12 06:12:40
19.1120000,96.4580000,9.0000,3.20,ml,,,,,,th_14315_202505112131,2025-05-11T21:31:01.000Z,"Karenchaung, Bago Region, Myanmar (Burma)",Myanmar,MM,Asia,earthquake,1746999452,1746999061,1,,"19.11,96.46",2025-05-11 21:31:01,2025-05-12 04:01:01
20.1260000,98.0400000,10.0000,2.40,ml,,,,,,th_14314_202505111731,2025-05-11T17:31:54.000Z,"Üng-yao, Shan, Myanmar (Burma)",Myanmar,MM,Asia,earthquake,1746985210,1746984714,0,,"20.13,98.04",2025-05-11 17:31:54,2025-05-12 00:01:54
20.0970000,97.7600000,10.0000,2.60,ml,,,,,,th_14313_202505111015,2025-05-11T10:15:46.000Z,"Wān Kongmakpin, Shan, Myanmar (Burma)",Myanmar,MM,Asia,earthquake,1746959010,1746958546,0,,"20.10,97.76",2025-05-11 10:15:46,2025-05-11 16:45:46
18.8740000,96.4530000,10.0000,3.00,ml,,,,,,th_14311_202505110840,2025-05-11T08:40:08.000Z,"Taungoo, Bago Region, Myanmar (Burma)",Myanmar,MM,Asia,earthquake,1746953798,1746952808,0,,"18.87,96.45",2025-05-11 08:40:08,2025-05-11 15:10:08
21.2640000,99.8890000,10.0000,2.80,ml,,,,,,th_14310_202505110227,2025-05-11T02:27:19.000Z,"Wan Hpaya-hkè, Shan, Myanmar (Burma)",Myanmar,MM,Asia,earthquake,1746930982,1746930439,1,,"21.26,99.89",2025-05-11 02:27:19,2025-05-11 08:57:19
20.3620000,98.0470000,10.0000,2.20,ml,,,,,,th_14309_202505110203,2025-05-11T02:03:58.000Z,"Langkho, Shan, Myanmar (Burma)",Myanmar,MM,Asia,earthquake,1746929426,1746929038,0,,"20.36,98.05",2025-05-11 02:03:58,2025-05-11 08:33:58
20.2780000,96.2300000,10.0000,2.60,ml,,,,,,th_14308_202505102127,2025-05-10T21:27:06.000Z,"Nyaung Lunt, Naypyidaw Union Territory, Myanmar (Burma)",Myanmar,MM,Asia,earthquake,1746913100,1746912426,0,,"20.28,96.23",2025-05-10 21:27:06,2025-05-11 03:57:06
21.7660000,96.3990000,10.0000,2.80,ml,,,,,,th_14307_202505102050,2025-05-10T20:50:32.000Z,"Thon-Daung-Ywa-Ma, Mandalay Region, Myanmar (Burma)",Myanmar,MM,Asia,earthquake,1746910921,1746910232,0,,"21.77,96.40",2025-05-10 20:50:32,2025-05-11 03:20:32
21.0120000,96.5440000,10.0000,2.80,ml,,,,,,th_14305_202505101911,2025-05-10T19:11:32.000Z,"Nyaungbingwa, Shan, Myanmar (Burma)",Myanmar,MM,Asia,earthquake,1746904549,1746904292,0,,"21.01,96.54",2025-05-10 19:11:32,2025-05-11 01:41:32
21.1310000,99.7450000,2.0000,2.90,ml,,,,,,th_14304_202505101840,2025-05-10T18:40:08.000Z,"Loi Pang Koi, Shan, Myanmar (Burma)",Myanmar,MM,Asia,earthquake,1746902724,1746902408,0,,"21.13,99.75",2025-05-10 18:40:08,2025-05-11 01:10:08
19.1840000,96.3710000,10.0000,2.90,ml,,,,,,th_14303_202505101636,2025-05-10T16:36:47.000Z,"Yedashe, Bago Region, Myanmar (Burma)",Myanmar,MM,Asia,earthquake,1746895276,1746895007,1,,"19.18,96.37",2025-05-10 16:36:47,2025-05-10 23:06:47
19.9910000,96.2810000,10.0000,2.40,ml,,,,,,th_14302_202505101628,2025-05-10T16:28:02.000Z,"Chaungbya, Naypyidaw Union Territory, Myanmar (Burma)",Myanmar,MM,Asia,earthquake,1746894862,1746894482,0,,"19.99,96.28",2025-05-10 16:28:02,2025-05-10 22:58:02
20.3500000,98.2350000,7.0000,4.00,ml,,,,,,ems_202505_1806624,2025-05-10T12:35:36.000Z,"Na-law, Shan, Myanmar (Burma)",Myanmar,MM,Asia,earthquake,1746880549,1746880169,0,,"20.35,98.24",2025-05-10 12:29:29,2025-05-10 18:59:29
21.6200000,96.3930000,10.0000,3.70,ml,,,,,,th_14300_202505101137,2025-05-10T11:49:35.000Z,"Gwebin, Mandalay Region, Myanmar (Burma)",Myanmar,MM,Asia,earthquake,1746877646,1746877027,0,,"21.62,96.39",2025-05-10 11:37:07,2025-05-10 18:07:07
19.2660000,96.2590000,10.0000,2.70,ml,,,,,,th_14299_202505101039,2025-05-10T10:39:18.000Z,"Swar, Bago Region, Myanmar (Burma)",Myanmar,MM,Asia,earthquake,1746873902,1746873558,0,,"19.27,96.26",2025-05-10 10:39:18,2025-05-10 17:09:18
18.8700000,96.4290000,10.0000,2.40,ml,,,,,,th_14297_202505100701,2025-05-10T07:01:58.000Z,"Taungoo, Bago Region, Myanmar (Burma)",Myanmar,MM,Asia,earthquake,1746860896,1746860518,0,,"18.87,96.43",2025-05-10 07:01:58,2025-05-10 13:31:58
18.0900000,96.1090000,10.0000,3.80,ml,,,,,,th_14296_202505100613,2025-05-10T06:22:04.000Z,"Foucar's, Bago Region, Myanmar (Burma)",Myanmar,MM,Asia,earthquake,1746857949,1746857621,0,,"18.09,96.11",2025-05-10 06:13:41,2025-05-10 12:43:41
20.0460000,97.8380000,10.0000,3.00,ml,,,,,,th_14295_202505100414,2025-05-10T04:14:54.000Z,"Wan Kongpao, Shan, Myanmar (Burma)",Myanmar,MM,Asia,earthquake,1746850835,1746850494,0,,"20.05,97.84",2025-05-10 04:14:54,2025-05-10 10:44:54
19.9960000,98.0390000,5.0000,2.30,ml,,,,,,th_14294_202505100246,2025-05-10T02:46:41.000Z,"Wan Konlang, Shan, Myanmar (Burma)",Myanmar,MM,Asia,earthquake,1746845705,1746845201,0,,"20.00,98.04",2025-05-10 02:46:41,2025-05-10 09:16:41
18.2790000,96.5880000,10.0000,2.50,ml,,,,,,th_14293_202505100157,2025-05-10T01:57:59.000Z,"Ingone, Bago Region, Myanmar (Burma)",Myanmar,MM,Asia,earthquake,1746842811,1746842279,0,,"18.28,96.59",2025-05-10 01:57:59,2025-05-10 08:27:59
20.0650000,98.0200000,10.0000,3.10,ml,,,,,,th_14292_202505100021,2025-05-10T00:21:38.000Z,"Wan Konlang, Shan, Myanmar (Burma)",Myanmar,MM,Asia,earthquake,1746836984,1746836498,0,,"20.07,98.02",2025-05-10 00:21:38,2025-05-10 06:51:38
19.1460000,96.3560000,10.0000,2.90,ml,,,,,,th_14291_202505091956,2025-05-09T19:56:05.000Z,"Yedashe, Bago Region, Myanmar (Burma)",Myanmar,MM,Asia,earthquake,1746821533,1746820565,0,,"19.15,96.36",2025-05-09 19:56:05,2025-05-10 02:26:05
19.7340000,96.5060000,10.0000,2.50,ml,,,,,,th_14290_202505091808,2025-05-09T18:08:25.000Z,"Saungdaung Anauk, Naypyidaw Union Territory, Myanmar (Burma)",Myanmar,MM,Asia,earthquake,1746821306,1746814105,0,,"19.73,96.51",2025-05-09 18:08:25,2025-05-10 00:38:25
20.6380000,99.8320000,10.0000,1.90,ml,,,,,,th_14289_202505091717,2025-05-09T17:17:42.000Z,"Wan Hsenhkampeng, Shan, Myanmar (Burma)",Myanmar,MM,Asia,earthquake,1746821179,1746811062,0,,"20.64,99.83",2025-05-09 17:17:42,2025-05-09 23:47:42
21.2790000,96.2570000,10.0000,3.10,ml,,,,,,th_14287_202505091346,2025-05-09T13:46:34.000Z,"Ywarkhainggyi, Mandalay Region, Myanmar (Burma)",Myanmar,MM,Asia,earthquake,1746800696,1746798394,1,,"21.28,96.26",2025-05-09 13:46:34,2025-05-09 20:16:34
24.7700000,95.2900000,110.0000,4.30,ml,,,,,,in_dGtvd01KL2lJWFNnQnVEM3ZpWFIxZz09,2025-05-09T13:49:34.000Z,"Nyaungbintha, Sagaing Region, Myanmar (Burma)",Myanmar,MM,Asia,earthquake,1746798568,1746797879,0,,"24.77,95.29",2025-05-09 13:37:59,2025-05-09 20:07:59
20.0220000,98.0340000,10.0000,1.90,ml,,,,,,th_14285_202505091146,2025-05-09T11:46:46.000Z,"Wan Konlang, Shan, Myanmar (Burma)",Myanmar,MM,Asia,earthquake,1746791694,1746791206,0,,"20.02,98.03",2025-05-09 11:46:46,2025-05-09 18:16:46
21.4700000,96.2580000,10.0000,3.10,ml,,,,,,th_14284_202505090858,2025-05-09T08:58:38.000Z,"Thanywa, Mandalay Region, Myanmar (Burma)",Myanmar,MM,Asia,earthquake,1746781953,1746781118,0,,"21.47,96.26",2025-05-09 08:58:38,2025-05-09 15:28:38
20.8734000,96.0433000,10.0000,4.40,mb,,,,,,in_aksrK0ZtS05EeG5EZzBPblBZRld5dz09,2025-05-09T14:58:53.000Z,"Thazi, Mandalay Region, Myanmar (Burma)",Myanmar,MM,Asia,earthquake,1746780668,1746779850,1,,"20.87,96.05",2025-05-09 08:37:30,2025-05-09 15:07:30
22.0220000,96.3870000,10.0000,3.60,ml,,,,,,th_14282_202505090832,2025-05-09T08:56:36.000Z,"Anesakhan, Mandalay Region, Myanmar (Burma)",Myanmar,MM,Asia,earthquake,1746780145,1746779555,0,,"22.02,96.39",2025-05-09 08:32:35,2025-05-09 15:02:35
18.1440000,96.7640000,10.0000,4.20,ml,,,,,,ems_202505_1806105,2025-05-09T00:56:35.000Z,"Bogata Auk, Bago Region, Myanmar (Burma)",Myanmar,MM,Asia,earthquake,1746752211,1746751689,0,,"18.14,96.76",2025-05-09 00:48:09,2025-05-09 07:18:09
21.7280000,96.2770000,10.0000,2.90,ml,,,,,,th_14279_202505082300,2025-05-08T23:00:34.000Z,"Hngetkyithaik, Mandalay Region, Myanmar (Burma)",Myanmar,MM,Asia,earthquake,1746745706,1746745234,0,,"21.73,96.28",2025-05-08 23:00:34,2025-05-09 05:30:34
19.6380000,96.1880000,10.0000,2.40,ml,,,,,,th_14278_202505082236,2025-05-08T22:36:33.000Z,"Magyigon, Naypyidaw Union Territory, Myanmar (Burma)",Myanmar,MM,Asia,earthquake,1746744264,1746743793,0,,"19.64,96.19",2025-05-08 22:36:33,2025-05-09 05:06:33
22.0470000,96.4050000,10.0000,3.10,ml,,,,,,th_14277_202505082026,2025-05-08T20:26:12.000Z,"Pyin Oo Lwin, Mandalay Region, Myanmar (Burma)",Myanmar,MM,Asia,earthquake,1746736902,1746735972,0,,"22.05,96.41",2025-05-08 20:26:12,2025-05-09 02:56:12
19.0520000,97.4290000,10.0000,1.70,ml,,,,,,th_14275_202505081900,2025-05-08T19:00:06.000Z,"Ho-hwè-ko-sa-pa, Kayah State, Myanmar (Burma)",Myanmar,MM,Asia,earthquake,1746731745,1746730806,0,,"19.05,97.43",2025-05-08 19:00:06,2025-05-09 01:30:06
19.8030000,96.4020000,10.0000,2.20,ml,,,,,,th_14274_202505081549,2025-05-08T15:49:31.000Z,"Kwedugyi, Naypyidaw Union Territory, Myanmar (Burma)",Myanmar,MM,Asia,earthquake,1746719756,1746719371,0,,"19.80,96.40",2025-05-08 15:49:31,2025-05-08 22:19:31
20.0460000,96.4250000,10.0000,2.30,ml,,,,,,th_14273_202505081532,2025-05-08T15:32:58.000Z,"Thalaing, Naypyidaw Union Territory, Myanmar (Burma)",Myanmar,MM,Asia,earthquake,1746719078,1746718378,0,,"20.05,96.43",2025-05-08 15:32:58,2025-05-08 22:02:58
23.1800000,94.0500000,10.0000,3.60,ml,,,,,,in_eE5uZG1qYmZjNmt0TnNwMkttdE12dz09,2025-05-08T14:21:42.000Z,"Kale, Sagaing Region, Myanmar (Burma)",Myanmar,MM,Asia,earthquake,1746713847,1746713167,0,,"23.18,94.05",2025-05-08 14:06:07,2025-05-08 20:36:07
21.5610000,96.2020000,10.0000,4.10,ml,,,,,,ems_202505_1805781,2025-05-08T08:00:37.000Z,"Kyaukse, Mandalay Region, Myanmar (Burma)",Myanmar,MM,Asia,earthquake,1746691249,1746689924,0,,"21.56,96.20",2025-05-08 07:38:44,2025-05-08 14:08:44
18.0890000,96.7330000,10.0000,2.40,ml,,,,,,th_14271_202505080232,2025-05-08T02:32:14.000Z,"Hinthawè, Bago Region, Myanmar (Burma)",Myanmar,MM,Asia,earthquake,1746672301,1746671534,0,,"18.09,96.73",2025-05-08 02:32:14,2025-05-08 09:02:14
20.9580000,96.3290000,10.0000,2.60,ml,,,,,,th_14268_202505072039,2025-05-07T20:39:31.000Z,"Patchaung, Shan, Myanmar (Burma)",Myanmar,MM,Asia,earthquake,1746650883,1746650371,1,,"20.96,96.33",2025-05-07 20:39:31,2025-05-08 03:09:31
19.3650000,96.5380000,10.0000,2.00,ml,,,,,,th_14267_202505071808,2025-05-07T18:08:08.000Z,"Amayadaung, Kayin State, Myanmar (Burma)",Myanmar,MM,Asia,earthquake,1746641944,1746641288,0,,"19.37,96.54",2025-05-07 18:08:08,2025-05-08 00:38:08
20.0390000,97.9400000,10.0000,1.50,ml,,,,,,th_14266_202505071733,2025-05-07T17:33:46.000Z,"Wan Kongpao, Shan, Myanmar (Burma)",Myanmar,MM,Asia,earthquake,1746639605,1746639226,0,,"20.04,97.94",2025-05-07 17:33:46,2025-05-08 00:03:46
17.4490000,96.2700000,10.0000,2.30,ml,,,,,,th_14265_202505071720,2025-05-07T17:20:07.000Z,"Wanetkon, Yangon Region, Myanmar (Burma)",Myanmar,MM,Asia,earthquake,1746638924,1746638407,0,,"17.45,96.27",2025-05-07 17:20:07,2025-05-07 23:50:07
21.7020000,96.3250000,10.0000,3.00,ml,,,,,,th_14264_202505071600,2025-05-07T16:00:22.000Z,"Hngetkyithaik, Mandalay Region, Myanmar (Burma)",Myanmar,MM,Asia,earthquake,1746637232,1746633622,0,,"21.70,96.33",2025-05-07 16:00:22,2025-05-07 22:30:22
20.9670000,98.0900000,10.0000,2.10,ml,,,,,,th_14263_202505071550,2025-05-07T15:50:01.000Z,"Tatpük, Shan, Myanmar (Burma)",Myanmar,MM,Asia,earthquake,1746633711,1746633001,0,,"20.97,98.09",2025-05-07 15:50:01,2025-05-07 22:20:01
19.7770000,96.4850000,10.0000,2.40,ml,,,,,,th_14262_202505071310,2025-05-07T13:10:09.000Z,"Saungdaung Anauk, Naypyidaw Union Territory, Myanmar (Burma)",Myanmar,MM,Asia,earthquake,1746623967,1746623409,0,,"19.78,96.49",2025-05-07 13:10:09,2025-05-07 19:40:09
18.6350000,96.5720000,10.0000,4.00,ml,,,,,,ems_202505_1805382,2025-05-07T07:42:39.000Z,"Zayatkyi, Bago Region, Myanmar (Burma)",Myanmar,MM,Asia,earthquake,1746603777,1746603325,0,,"18.64,96.57",2025-05-07 07:35:25,2025-05-07 14:05:25
18.6850000,96.3650000,10.0000,3.90,ml,,,,,,th_14260_202505070727,2025-05-07T07:35:36.000Z,"Kywebwe, Bago Region, Myanmar (Burma)",Myanmar,MM,Asia,earthquake,1746603217,1746602868,0,,"18.69,96.37",2025-05-07 07:27:48,2025-05-07 13:57:48
18.7990000,96.5240000,10.0000,3.30,ml,,,,,,th_14259_202505070123,2025-05-07T01:23:00.000Z,"Bomari, Bago Region, Myanmar (Burma)",Myanmar,MM,Asia,earthquake,1746581303,1746580980,0,,"18.80,96.52",2025-05-07 01:23:00,2025-05-07 07:53:00
19.9410000,97.9580000,10.0000,2.10,ml,,,,,,th_14258_202505070058,2025-05-07T00:58:46.000Z,"Ta Ho-pong, Shan, Myanmar (Burma)",Myanmar,MM,Asia,earthquake,1746579855,1746579526,0,,"19.94,97.96",2025-05-07 00:58:46,2025-05-07 07:28:46
20.1490000,97.9020000,10.0000,1.80,ml,,,,,,th_14257_202505062247,2025-05-06T22:47:57.000Z,"Wan Hat, Shan, Myanmar (Burma)",Myanmar,MM,Asia,earthquake,1746572063,1746571677,0,,"20.15,97.90",2025-05-06 22:47:57,2025-05-07 05:17:57
20.0810000,97.8000000,10.0000,3.50,ml,,,,,,th_14255_202505062221,2025-05-06T22:28:41.000Z,"Wan Kongpao, Shan, Myanmar (Burma)",Myanmar,MM,Asia,earthquake,1746570329,1746570079,0,,"20.08,97.80",2025-05-06 22:21:19,2025-05-07 04:51:19
20.0480000,97.8770000,10.0000,2.70,ml,,,,,,th_14254_202505062210,2025-05-06T22:10:19.000Z,"Wan Kongpao, Shan, Myanmar (Burma)",Myanmar,MM,Asia,earthquake,1746569671,1746569419,0,,"20.05,97.88",2025-05-06 22:10:19,2025-05-07 04:40:19
19.3040000,96.2590000,10.0000,2.30,ml,,,,,,th_14253_202505062122,2025-05-06T21:22:29.000Z,"Thagaya, Bago Region, Myanmar (Burma)",Myanmar,MM,Asia,earthquake,1746568440,1746566549,0,,"19.30,96.26",2025-05-06 21:22:29,2025-05-07 03:52:29
19.7850000,96.5020000,10.0000,2.10,ml,,,,,,th_14252_202505062025,2025-05-06T20:25:04.000Z,"Saungdaung Anauk, Naypyidaw Union Territory, Myanmar (Burma)",Myanmar,MM,Asia,earthquake,1746564174,1746563104,0,,"19.79,96.50",2025-05-06 20:25:04,2025-05-07 02:55:04
21.7110000,96.3510000,10.0000,4.40,ml,,,,,,in_VEo2UDlqeVJMUWhaSThyMVVoOHY3dz09,2025-05-06T19:14:48.000Z,"Mandalay, Mandalay Region, Myanmar (Burma)",Myanmar,MM,Asia,earthquake,1746558220,1746557794,1,,"21.92,96.12",2025-05-06 18:56:34,2025-05-07 01:26:34
20.1120000,96.4500000,10.0000,3.20,ml,,,,,,th_14250_202505061727,2025-05-06T17:27:44.000Z,"Kyaunggon, Naypyidaw Union Territory, Myanmar (Burma)",Myanmar,MM,Asia,earthquake,1746552957,1746552464,0,,"20.11,96.45",2025-05-06 17:27:44,2025-05-06 23:57:44
17.0650000,96.1680000,10.0000,2.60,ml,,,,,,th_14249_202505061708,2025-05-06T17:08:12.000Z,"Yangon, Yangon Region, Myanmar (Burma)",Myanmar,MM,Asia,earthquake,1746552686,1746551292,0,,"17.07,96.17",2025-05-06 17:08:12,2025-05-06 23:38:12
20.8960000,96.2870000,10.0000,2.50,ml,,,,,,th_14248_202505061656,2025-05-06T16:56:50.000Z,"Pothanaing, Mandalay Region, Myanmar (Burma)",Myanmar,MM,Asia,earthquake,1746551482,1746550610,0,,"20.90,96.29",2025-05-06 16:56:50,2025-05-06 23:26:50
17.1420000,96.3040000,10.0000,3.70,ml,,,,,,th_14247_202505061625,2025-05-06T16:49:47.000Z,"Za Yet Kwin, Yangon Region, Myanmar (Burma)",Myanmar,MM,Asia,earthquake,1746549949,1746548740,0,,"17.14,96.30",2025-05-06 16:25:40,2025-05-06 22:55:40
19.6810000,96.3920000,10.0000,2.20,ml,,,,,,th_14246_202505061604,2025-05-06T16:04:28.000Z,"Teinpyaung Atet, Naypyidaw Union Territory, Myanmar (Burma)",Myanmar,MM,Asia,earthquake,1746548039,1746547468,0,,"19.68,96.39",2025-05-06 16:04:28,2025-05-06 22:34:28
17.1060000,96.2820000,10.0000,2.90,ml,,,,,,th_14245_202505061510,2025-05-06T15:10:18.000Z,"Za Yet Kwin, Yangon Region, Myanmar (Burma)",Myanmar,MM,Asia,earthquake,1746545091,1746544218,0,,"17.11,96.28",2025-05-06 15:10:18,2025-05-06 21:40:18
19.9680000,98.1590000,10.0000,3.10,ml,,,,,,th_14244_202505061441,2025-05-06T14:41:50.000Z,"Wan Hsa-mu, Shan, Myanmar (Burma)",Myanmar,MM,Asia,earthquake,1746542987,1746542510,0,,"19.97,98.16",2025-05-06 14:41:50,2025-05-06 21:11:50
20.5800000,94.6100000,10.0000,3.80,ml,,,,,,in_MFhIazZVYjZhc3BrZzQ0RXhoUXF6Zz09,2025-05-06T14:26:53.000Z,"Salin, Magway Region, Myanmar (Burma)",Myanmar,MM,Asia,earthquake,1746542072,1746541613,0,,"20.58,94.61",2025-05-06 14:26:53,2025-05-06 20:56:53
19.1780000,96.4560000,10.0000,2.30,ml,,,,,,th_14243_202505061341,2025-05-06T13:41:10.000Z,"Karenchaung, Bago Region, Myanmar (Burma)",Myanmar,MM,Asia,earthquake,1746539461,1746538870,0,,"19.18,96.46",2025-05-06 13:41:10,2025-05-06 20:11:10
19.8630000,97.8610000,10.0000,2.80,ml,,,,,,th_14242_202505061327,2025-05-06T13:27:04.000Z,"Ta Öngmu, Shan, Myanmar (Burma)",Myanmar,MM,Asia,earthquake,1746538595,1746538024,0,,"19.86,97.86",2025-05-06 13:27:04,2025-05-06 19:57:04
20.4080000,97.0200000,10.0000,2.20,ml,,,,,,th_14241_202505060943,2025-05-06T09:43:53.000Z,"Nampan, Shan, Myanmar (Burma)",Myanmar,MM,Asia,earthquake,1746532698,1746524633,0,,"20.41,97.02",2025-05-06 09:43:53,2025-05-06 16:13:53
19.6530000,96.2240000,10.0000,2.60,ml,,,,,,th_14240_202505060649,2025-05-06T06:49:06.000Z,"Hpya-ling, Shan, Myanmar (Burma)",Myanmar,MM,Asia,earthquake,1746514671,1746514146,1,,"20.95,97.20",2025-05-06 06:49:06,2025-05-06 13:19:06
20.2700000,98.0890000,10.0000,2.00,ml,,,,,,th_14239_202505060617,2025-05-06T06:17:04.000Z,"Chueh Chu, Shan, Myanmar (Burma)",Myanmar,MM,Asia,earthquake,1746513097,1746512224,0,,"20.27,98.09",2025-05-06 06:17:04,2025-05-06 12:47:04
20.2400000,98.0720000,10.0000,2.30,ml,,,,,,th_14238_202505060615,2025-05-06T06:15:38.000Z,"Chueh Chu, Shan, Myanmar (Burma)",Myanmar,MM,Asia,earthquake,1746512743,1746512138,0,,"20.24,98.07",2025-05-06 06:15:38,2025-05-06 12:45:38
22.2160000,96.8870000,10.0000,3.30,ml,,,,,,th_14237_202505060341,2025-05-06T03:41:53.000Z,"Kan Gyi, Shan, Myanmar (Burma)",Myanmar,MM,Asia,earthquake,1746503532,1746502913,0,,"22.22,96.89",2025-05-06 03:41:53,2025-05-06 10:11:53
20.0710000,97.8800000,10.0000,2.40,ml,,,,,,th_14236_202505060108,2025-05-06T01:08:02.000Z,"Wan Kongpao, Shan, Myanmar (Burma)",Myanmar,MM,Asia,earthquake,1746494344,1746493682,0,,"20.07,97.88",2025-05-06 01:08:02,2025-05-06 07:38:02
20.2700000,97.6570000,10.0000,2.40,ml,,,,,,th_14235_202505060011,2025-05-06T00:11:21.000Z,"Mawkmai, Shan, Myanmar (Burma)",Myanmar,MM,Asia,earthquake,1746490689,1746490281,0,,"20.27,97.66",2025-05-06 00:11:21,2025-05-06 06:41:21
18.7700000,96.4540000,10.0000,2.60,ml,,,,,,th_14234_202505052102,2025-05-05T21:02:07.000Z,"Bomari, Bago Region, Myanmar (Burma)",Myanmar,MM,Asia,earthquake,1746480227,1746478927,0,,"18.77,96.45",2025-05-05 21:02:07,2025-05-06 03:32:07
19.9710000,96.2650000,10.0000,2.50,ml,,,,,,th_14233_202505052058,2025-05-05T20:58:49.000Z,"Tegon, Naypyidaw Union Territory, Myanmar (Burma)",Myanmar,MM,Asia,earthquake,1746480011,1746478729,0,,"19.97,96.27",2025-05-05 20:58:49,2025-05-06 03:28:49
19.4210000,97.7680000,10.0000,1.60,ml,,,,,,th_14232_202505051939,2025-05-05T19:39:24.000Z,"Hwè-yao, Kayah State, Myanmar (Burma)",Myanmar,MM,Asia,earthquake,1746474459,1746473964,0,,"19.42,97.77",2025-05-05 19:39:24,2025-05-06 02:09:24
19.4140000,96.3180000,10.0000,2.10,ml,,,,,,th_14229_202505051825,2025-05-05T18:25:41.000Z,"Wayonle, Bago Region, Myanmar (Burma)",Myanmar,MM,Asia,earthquake,1746470321,1746469541,0,,"19.41,96.32",2025-05-05 18:25:41,2025-05-06 00:55:41
18.9470000,96.2560000,10.0000,2.20,ml,,,,,,th_14228_202505051822,2025-05-05T18:22:58.000Z,"Gyihauk, Bago Region, Myanmar (Burma)",Myanmar,MM,Asia,earthquake,1746470274,1746469378,0,,"18.95,96.26",2025-05-05 18:22:58,2025-05-06 00:52:58
26.9900000,96.4700000,13.0000,3.50,ml,,,,,,in_UVA3cVE1RVV3Mm9xTnRmVEhzN2IwQT09,2025-05-05T15:14:48.000Z,"Gedu Ga, Kachin, Myanmar (Burma)",Myanmar,MM,Asia,earthquake,1746457723,1746457258,0,,"26.99,96.47",2025-05-05 15:00:58,2025-05-05 21:30:58
18.7720000,96.4430000,10.0000,2.50,ml,,,,,,th_14226_202505051455,2025-05-05T14:55:30.000Z,"Bomari, Bago Region, Myanmar (Burma)",Myanmar,MM,Asia,earthquake,1746457252,1746456930,0,,"18.77,96.44",2025-05-05 14:55:30,2025-05-05 21:25:30
20.0370000,97.8880000,10.0000,2.10,ml,,,,,,th_14225_202505051451,2025-05-05T14:51:57.000Z,"Wan Kongpao, Shan, Myanmar (Burma)",Myanmar,MM,Asia,earthquake,1746457032,1746456717,0,,"20.04,97.89",2025-05-05 14:51:57,2025-05-05 21:21:57
18.8180000,96.9870000,10.0000,1.90,ml,,,,,,th_14224_202505051228,2025-05-05T12:28:28.000Z,"Hoki, Kayin State, Myanmar (Burma)",Myanmar,MM,Asia,earthquake,1746449929,1746448108,0,,"18.82,96.99",2025-05-05 12:28:28,2025-05-05 18:58:28
19.2580000,96.3490000,10.0000,2.90,ml,,,,,,th_14223_202505050151,2025-05-05T01:51:48.000Z,"Sibaing, Bago Region, Myanmar (Burma)",Myanmar,MM,Asia,earthquake,1746410765,1746409908,0,,"19.26,96.35",2025-05-05 01:51:48,2025-05-05 08:21:48
24.5800000,94.8600000,70.0000,3.70,ml,,,,,,in_bGtPZnBRckxuNm15ZCtxUVg4c2ZvUT09,2025-05-05T01:28:34.000Z,"Myene, Sagaing Region, Myanmar (Burma)",Myanmar,MM,Asia,earthquake,1746408225,1746407515,0,,"24.58,94.86",2025-05-05 01:11:55,2025-05-05 07:41:55
19.9400000,97.7470000,5.0000,2.90,ml,,,,,,th_14222_202505042339,2025-05-04T23:39:34.000Z,"Wan Hwè-ya-yung, Shan, Myanmar (Burma)",Myanmar,MM,Asia,earthquake,1746403248,1746401974,0,,"19.94,97.75",2025-05-04 23:39:34,2025-05-05 06:09:34
22.9878000,95.6631000,10.0000,4.80,ml,,,,,,in_L0hZR2k4RVkrU0VUUXNjeENmOSsydz09,2025-05-05T06:42:10.000Z,"Bugon, Sagaing Region, Myanmar (Burma)",Myanmar,MM,Asia,earthquake,1746402052,1746401597,0,,"23.07,95.52",2025-05-04 23:33:17,2025-05-05 06:03:17
19.9400000,97.6190000,5.0000,2.80,ml,,,,,,th_14220_202505042324,2025-05-04T23:24:57.000Z,"Mai-hsa-se, Shan, Myanmar (Burma)",Myanmar,MM,Asia,earthquake,1746401296,1746401097,0,,"19.94,97.62",2025-05-04 23:24:57,2025-05-05 05:54:57
19.6520000,97.8790000,5.0000,2.40,ml,,,,,,th_14219_202505042258,2025-05-04T22:58:12.000Z,"Kiu-neng, Shan, Myanmar (Burma)",Myanmar,MM,Asia,earthquake,1746399743,1746399492,0,,"19.65,97.88",2025-05-04 22:58:12,2025-05-05 05:28:12
20.0760000,98.0670000,10.0000,2.20,ml,,,,,,th_14217_202505042143,2025-05-04T21:43:28.000Z,"Üng-yao, Shan, Myanmar (Burma)",Myanmar,MM,Asia,earthquake,1746395829,1746395008,0,,"20.08,98.07",2025-05-04 21:43:28,2025-05-05 04:13:28
19.9450000,97.7340000,10.0000,2.20,ml,,,,,,th_14215_202505041933,2025-05-04T19:33:03.000Z,"Wan Hwè-ya-yung, Shan, Myanmar (Burma)",Myanmar,MM,Asia,earthquake,1746388062,1746387183,0,,"19.95,97.73",2025-05-04 19:33:03,2025-05-05 02:03:03
19.7910000,96.9820000,10.0000,2.40,ml,,,,,,th_14214_202505041904,2025-05-04T19:04:02.000Z,"Engla, Shan, Myanmar (Burma)",Myanmar,MM,Asia,earthquake,1746386979,1746385442,0,,"19.79,96.98",2025-05-04 19:04:02,2025-05-05 01:34:02
20.1070000,97.8380000,2.0000,3.00,ml,,,,,,th_14213_202505041753,2025-05-04T17:53:13.000Z,"Wan Kongpao, Shan, Myanmar (Burma)",Myanmar,MM,Asia,earthquake,1746381705,1746381193,0,,"20.11,97.84",2025-05-04 17:53:13,2025-05-05 00:23:13
19.8420000,97.8510000,5.0000,2.20,ml,,,,,,th_14218_202505041740,2025-05-04T17:40:09.000Z,"Wan Hwè-ya-yung, Shan, Myanmar (Burma)",Myanmar,MM,Asia,earthquake,1746395913,1746380409,0,,"19.84,97.85",2025-05-04 17:40:09,2025-05-05 00:10:09
19.2170000,96.4560000,16.0000,2.20,ml,,,,,,th_14212_202505041550,2025-05-04T15:50:45.000Z,"Hnawpin, Bago Region, Myanmar (Burma)",Myanmar,MM,Asia,earthquake,1746374408,1746373845,0,,"19.22,96.46",2025-05-04 15:50:45,2025-05-04 22:20:45
18.0950000,95.3070000,76.0000,2.90,ml,,,,,,th_14211_202505041459,2025-05-04T14:59:49.000Z,"Kongyi, Ayeyarwady, Myanmar (Burma)",Myanmar,MM,Asia,earthquake,1746371299,1746370789,0,,"18.10,95.31",2025-05-04 14:59:49,2025-05-04 21:29:49
18.1100000,95.1900000,80.0000,3.10,ml,,,,,,th_14210_202505041404,2025-05-04T14:04:48.000Z,"Hngetkyiwin, Ayeyarwady, Myanmar (Burma)",Myanmar,MM,Asia,earthquake,1746368012,1746367488,0,,"18.11,95.19",2025-05-04 14:04:48,2025-05-04 20:34:48
21.6100000,94.4700000,90.0000,3.90,ml,,,,,,in_ODUzMGcyVThHZmxiSjhNK3ZINDBGUT09,2025-05-04T13:48:50.000Z,"Zee Pyar, Magway Region, Myanmar (Burma)",Myanmar,MM,Asia,earthquake,1746367849,1746366530,0,,"21.61,94.47",2025-05-04 13:48:50,2025-05-04 20:18:50
19.8390000,97.9340000,1.0000,1.70,ml,,,,,,th_14209_202505041230,2025-05-04T12:30:01.000Z,"Pang Tae Waet, Shan, Myanmar (Burma)",Myanmar,MM,Asia,earthquake,1746362032,1746361801,0,,"19.84,97.93",2025-05-04 12:30:01,2025-05-04 19:00:01
19.9360000,97.9460000,10.0000,2.20,ml,,,,,,th_14208_202505041158,2025-05-04T11:58:58.000Z,"Ta Ho-pong, Shan, Myanmar (Burma)",Myanmar,MM,Asia,earthquake,1746360487,1746359938,1,,"19.94,97.95",2025-05-04 11:58:58,2025-05-04 18:28:58
19.4400000,96.3320000,10.0000,2.50,ml,,,,,,th_14207_202505041154,2025-05-04T11:54:35.000Z,"Wayonle, Bago Region, Myanmar (Burma)",Myanmar,MM,Asia,earthquake,1746360389,1746359675,0,,"19.44,96.33",2025-05-04 11:54:35,2025-05-04 18:24:35
19.7830000,96.4770000,10.0000,2.50,ml,,,,,,th_14206_202505041149,2025-05-04T11:49:22.000Z,"Saungdaung Anauk, Naypyidaw Union Territory, Myanmar (Burma)",Myanmar,MM,Asia,earthquake,1746360240,1746359362,0,,"19.78,96.48",2025-05-04 11:49:22,2025-05-04 18:19:22
20.6710000,97.8170000,1.0000,2.60,ml,,,,,,th_14205_202505041005,2025-05-04T10:05:35.000Z,"Hai Hpak, Shan, Myanmar (Burma)",Myanmar,MM,Asia,earthquake,1746354780,1746353135,0,,"20.67,97.82",2025-05-04 10:05:35,2025-05-04 16:35:35
19.9320000,97.7770000,2.0000,2.70,ml,,,,,,th_14204_202505040813,2025-05-04T08:13:34.000Z,"Wan Hwè-ya-yung, Shan, Myanmar (Burma)",Myanmar,MM,Asia,earthquake,1746346621,1746346414,0,,"19.93,97.78",2025-05-04 08:13:34,2025-05-04 14:43:34
20.0970000,97.8830000,1.0000,2.90,ml,,,,,,th_14203_202505040158,2025-05-04T01:58:50.000Z,"Shan, Myanmar (Burma)",Myanmar,MM,Asia,earthquake,1746324314,1746323930,1,,"20.10,97.88",2025-05-04 01:58:50,2025-05-04 08:28:50
18.9170000,97.5050000,2.0000,2.10,ml,,,,,,th_14202_202505040015,2025-05-04T00:15:02.000Z,"Loi Mun, Kayah State, Myanmar (Burma)",Myanmar,MM,Asia,earthquake,1746318244,1746317702,0,,"18.92,97.51",2025-05-04 00:15:02,2025-05-04 06:45:02
21.7770000,96.2420000,10.0000,3.40,ml,,,,,,th_14198_202505032015,2025-05-03T20:15:11.000Z,"Thon-Daung-Ywa-Ma, Mandalay Region, Myanmar (Burma)",Myanmar,MM,Asia,earthquake,1746303634,1746303311,0,,"21.78,96.24",2025-05-03 20:15:11,2025-05-04 02:45:11
22.0350000,96.4960000,10.0000,2.90,ml,,,,,,th_14197_202505031839,2025-05-03T18:39:24.000Z,"Pyin Oo Lwin, Mandalay Region, Myanmar (Burma)",Myanmar,MM,Asia,earthquake,1746297865,1746297564,0,,"22.04,96.50",2025-05-03 18:39:24,2025-05-04 01:09:24
19.9650000,97.6670000,7.0000,2.50,ml,,,,,,th_14196_202505031447,2025-05-03T14:47:53.000Z,"Wan Panglu, Shan, Myanmar (Burma)",Myanmar,MM,Asia,earthquake,1746283947,1746283673,0,,"19.97,97.67",2025-05-03 14:47:53,2025-05-03 21:17:53
20.0340000,97.8980000,10.0000,2.00,ml,,,,,,th_14195_202505031443,2025-05-03T14:43:13.000Z,"Wan Kongpao, Shan, Myanmar (Burma)",Myanmar,MM,Asia,earthquake,1746283754,1746283393,1,,"20.03,97.90",2025-05-03 14:43:13,2025-05-03 21:13:13
19.9870000,97.9700000,10.0000,2.00,ml,,,,,,th_14194_202505031210,2025-05-03T12:10:00.000Z,"Ta Ho-pong, Shan, Myanmar (Burma)",Myanmar,MM,Asia,earthquake,1746274516,1746274200,1,,"19.99,97.97",2025-05-03 12:10:00,2025-05-03 18:40:00
19.2390000,96.2050000,10.0000,3.10,ml,,,,,,th_14193_202505031159,2025-05-03T11:59:01.000Z,"Baungdok, Bago Region, Myanmar (Burma)",Myanmar,MM,Asia,earthquake,1746273937,1746273541,0,,"19.24,96.21",2025-05-03 11:59:01,2025-05-03 18:29:01
19.2530000,96.2340000,10.0000,2.40,ml,,,,,,th_14192_202505031143,2025-05-03T11:43:05.000Z,"Swar, Bago Region, Myanmar (Burma)",Myanmar,MM,Asia,earthquake,1746272918,1746272585,0,,"19.25,96.23",2025-05-03 11:43:05,2025-05-03 18:13:05
18.7190000,96.4020000,10.0000,2.40,ml,,,,,,th_14190_202505030959,2025-05-03T09:59:38.000Z,"Kywebwe, Bago Region, Myanmar (Burma)",Myanmar,MM,Asia,earthquake,1746266839,1746266378,0,,"18.72,96.40",2025-05-03 09:59:38,2025-05-03 16:29:38
19.1650000,97.1100000,10.0000,2.30,ml,,,,,,th_14189_202505030915,2025-05-03T09:15:58.000Z,"He-sa-hku, Kayah State, Myanmar (Burma)",Myanmar,MM,Asia,earthquake,1746266794,1746263758,0,,"19.17,97.11",2025-05-03 09:15:58,2025-05-03 15:45:58
19.2350000,96.3830000,10.0000,2.60,ml,,,,,,th_14188_202505030600,2025-05-03T06:00:30.000Z,"Sibaing, Bago Region, Myanmar (Burma)",Myanmar,MM,Asia,earthquake,1746252385,1746252030,0,,"19.24,96.38",2025-05-03 06:00:30,2025-05-03 12:30:30
19.7350000,96.2190000,10.0000,2.80,ml,,,,,,th_14186_202505030117,2025-05-03T01:17:00.000Z,"Pyinmana, Naypyidaw Union Territory, Myanmar (Burma)",Myanmar,MM,Asia,earthquake,1746235396,1746235020,0,,"19.74,96.22",2025-05-03 01:17:00,2025-05-03 07:47:00
20.8820000,98.6700000,10.0000,2.60,ml,,,,,,th_14184_202505022009,2025-05-02T20:09:41.000Z,"Möng Pu, Shan, Myanmar (Burma)",Myanmar,MM,Asia,earthquake,1746217101,1746216581,0,,"20.88,98.67",2025-05-02 20:09:41,2025-05-03 02:39:41
19.0640000,96.4460000,10.0000,3.00,ml,,,,,,th_14183_202505022003,2025-05-02T20:03:59.000Z,"Kaytumati, Bago Region, Myanmar (Burma)",Myanmar,MM,Asia,earthquake,1746217048,1746216239,0,,"19.06,96.45",2025-05-02 20:03:59,2025-05-03 02:33:59
20.0470000,97.9370000,10.0000,1.60,ml,,,,,,th_14180_202505021749,2025-05-02T17:49:20.000Z,"Wan Kongpao, Shan, Myanmar (Burma)",Myanmar,MM,Asia,earthquake,1746208443,1746208160,0,,"20.05,97.94",2025-05-02 17:49:20,2025-05-03 00:19:20
21.6670000,96.5270000,10.0000,2.80,ml,,,,,,th_14179_202505021733,2025-05-02T17:33:18.000Z,"Gwebin, Mandalay Region, Myanmar (Burma)",Myanmar,MM,Asia,earthquake,1746208272,1746207198,0,,"21.67,96.53",2025-05-02 17:33:18,2025-05-03 00:03:18
19.8270000,97.9860000,10.0000,1.40,ml,,,,,,th_14178_202505021733,2025-05-02T17:33:01.000Z,"Pang Tae Waet, Shan, Myanmar (Burma)",Myanmar,MM,Asia,earthquake,1746208083,1746207181,0,,"19.83,97.99",2025-05-02 17:33:01,2025-05-03 00:03:01
17.2200000,96.1510000,10.0000,3.10,ml,,,,,,th_14177_202505021515,2025-05-02T15:15:51.000Z,"Si Sone Kone, Yangon Region, Myanmar (Burma)",Myanmar,MM,Asia,earthquake,1746199609,1746198951,0,,"17.22,96.15",2025-05-02 15:15:51,2025-05-02 21:45:51
22.0170000,96.8960000,10.0000,2.70,ml,,,,,,th_14176_202505021441,2025-05-02T14:41:09.000Z,"Nam-maw-lon, Shan, Myanmar (Burma)",Myanmar,MM,Asia,earthquake,1746198251,1746196869,0,,"22.02,96.90",2025-05-02 14:41:09,2025-05-02 21:11:09
21.9600000,96.2800000,10.0000,4.00,ml,,,,,,ems_202505_1803105,2025-05-02T11:21:40.000Z,"Thon-Daung-Ywa-Ma, Mandalay Region, Myanmar (Burma)",Myanmar,MM,Asia,earthquake,1746184914,1746183844,0,,"21.96,96.28",2025-05-02 11:04:04,2025-05-02 17:34:04
18.7570000,96.6040000,10.0000,2.10,ml,,,,,,th_14174_202505020717,2025-05-02T07:17:27.000Z,"Alesengyaung, Kayin State, Myanmar (Burma)",Myanmar,MM,Asia,earthquake,1746170565,1746170247,0,,"18.76,96.60",2025-05-02 07:17:27,2025-05-02 13:47:27
18.8080000,96.6540000,10.0000,2.60,ml,,,,,,th_14173_202505020355,2025-05-02T03:55:56.000Z,"Alesengyaung, Kayin State, Myanmar (Burma)",Myanmar,MM,Asia,earthquake,1746160089,1746158156,0,,"18.81,96.65",2025-05-02 03:55:56,2025-05-02 10:25:56
21.8620000,96.3880000,10.0000,3.90,ml,,,,,,th_14171_202505020153,2025-05-02T02:07:42.000Z,"Pyin Sar, Mandalay Region, Myanmar (Burma)",Myanmar,MM,Asia,earthquake,1746151388,1746150780,0,,"21.86,96.39",2025-05-02 01:53:00,2025-05-02 08:23:00
18.6270000,96.4240000,10.0000,2.00,ml,,,,,,th_14170_202505012016,2025-05-01T20:16:56.000Z,"Nyaung Chay Htauk, Bago Region, Myanmar (Burma)",Myanmar,MM,Asia,earthquake,1746130967,1746130616,0,,"18.63,96.42",2025-05-01 20:16:56,2025-05-02 02:46:56
20.9630000,96.3300000,10.0000,3.10,ml,,,,,,th_14169_202505011950,2025-05-01T19:50:44.000Z,"Patchaung, Shan, Myanmar (Burma)",Myanmar,MM,Asia,earthquake,1746129589,1746129044,0,,"20.96,96.33",2025-05-01 19:50:44,2025-05-02 02:20:44
18.8810000,95.5970000,10.0000,2.90,ml,,,,,,th_14167_202505011603,2025-05-01T16:03:16.000Z,"Kywetabaung, Bago Region, Myanmar (Burma)",Myanmar,MM,Asia,earthquake,1746115817,1746115396,0,,"18.88,95.60",2025-05-01 16:03:16,2025-05-01 22:33:16
21.8820000,96.3460000,5.0000,3.20,ml,,,,,,th_14166_202505011544,2025-05-01T15:44:24.000Z,"Yatanarpon Cyber City, Mandalay Region, Myanmar (Burma)",Myanmar,MM,Asia,earthquake,1746115090,1746114264,0,,"21.88,96.35",2025-05-01 15:44:24,2025-05-01 22:14:24
19.1930000,96.1420000,10.0000,2.20,ml,,,,,,th_14165_202505011510,2025-05-01T15:10:54.000Z,"Mayogon, Bago Region, Myanmar (Burma)",Myanmar,MM,Asia,earthquake,1746112639,1746112254,0,,"19.19,96.14",2025-05-01 15:10:54,2025-05-01 21:40:54
19.9190000,96.1370000,10.0000,2.30,ml,,,,,,th_14164_202505011436,2025-05-01T14:36:46.000Z,"Pobba Thiri, Naypyidaw Union Territory, Myanmar (Burma)",Myanmar,MM,Asia,earthquake,1746110861,1746110206,0,,"19.92,96.14",2025-05-01 14:36:46,2025-05-01 21:06:46
19.2310000,96.5120000,10.0000,2.10,ml,,,,,,th_14162_202505011401,2025-05-01T14:01:27.000Z,"Pebo, Kayin State, Myanmar (Burma)",Myanmar,MM,Asia,earthquake,1746108383,1746108087,0,,"19.23,96.51",2025-05-01 14:01:27,2025-05-01 20:31:27
19.2100000,96.4020000,10.0000,2.30,ml,,,,,,th_14161_202505011310,2025-05-01T13:10:12.000Z,"Hnawpin, Bago Region, Myanmar (Burma)",Myanmar,MM,Asia,earthquake,1746105392,1746105012,1,,"19.21,96.40",2025-05-01 13:10:12,2025-05-01 19:40:12
23.2300000,94.0800000,30.0000,3.40,ml,,,,,,in_NmxEcTRvWUZVenhranlyTHZrLzI1UT09,2025-05-01T08:21:31.000Z,"Kale, Chin State, Myanmar (Burma)",Myanmar,MM,Asia,earthquake,1746087305,1746086852,0,,"23.23,94.08",2025-05-01 08:07:32,2025-05-01 14:37:32
20.2950000,96.1150000,10.0000,3.30,ml,,,,,,th_14159_202505010641,2025-05-01T06:41:48.000Z,"Inbingyi, Mandalay Region, Myanmar (Burma)",Myanmar,MM,Asia,earthquake,1746083128,1746081708,0,,"20.30,96.12",2025-05-01 06:41:48,2025-05-01 13:11:48
20.9930000,99.0430000,10.0000,2.50,ml,,,,,,th_14158_202505010538,2025-05-01T05:38:17.000Z,"Mongkyet, Shan, Myanmar (Burma)",Myanmar,MM,Asia,earthquake,1746078262,1746077897,0,,"20.99,99.04",2025-05-01 05:38:17,2025-05-01 12:08:17
20.7360000,96.9510000,10.0000,3.10,ml,,,,,,th_14157_202505010515,2025-05-01T05:15:18.000Z,"Ayetharyar, Shan, Myanmar (Burma)",Myanmar,MM,Asia,earthquake,1746076874,1746076518,0,,"20.74,96.95",2025-05-01 05:15:18,2025-05-01 11:45:18
