{
    "features": [
        {
            "geometry": {
                "coordinates": [
                    [
                        [
                            96.0307,
                            20.9559,
                            -1684.30315
                        ],
                        [
                            96.029,
                            21.0009,
                            -1684.30315
                        ],
                        [
                            96.0351,
                            21.0011,
                            2771.90315
                        ],
                        [
                            96.0368,
                            20.9561,
                            2771.90315
                        ],
                        [
                            96.0307,
                            20.9559,
                            -1684.30315
                        ]
                    ]
                ],
                "type": "Polygon"
            },
            "properties": {
                "fill": "#F2645C",
                "fill-opacity": 1,
                "rake": 166.8256,
                "rise": 2.0,
                "sf_moment": 3.97e+17,
                "slip": 4.1505,
                "stroke-width": 1.5,
                "trup": 23.0176,
                "x==ew": 3.6536,
                "y==ns": -114.9415
            },
            "type": "Feature"
        },
        {
            "geometry": {
                "coordinates": [
                    [
                        [
                            96.029,
                            21.0009,
                            -1684.30315
                        ],
                        [
                            96.0273,
                            21.0459,
                            -1684.30315
                        ],
                        [
                            96.0334,
                            21.0461,
                            2771.90315
                        ],
                        [
                            96.0351,
                            21.0011,
                            2771.90315
                        ],
                        [
                            96.029,
                            21.0009,
                            -1684.30315
                        ]
                    ]
                ],
                "type": "Polygon"
            },
            "properties": {
                "fill": "#E75262",
                "fill-opacity": 1,
                "rake": 170.9895,
                "rise": 8.0,
                "sf_moment": 4.28e+17,
                "slip": 4.4695,
                "stroke-width": 1.5,
                "trup": 23.6184,
                "x==ew": 3.4654,
                "y==ns": -109.945
            },
            "type": "Feature"
        },
        {
            "geometry": {
                "coordinates": [
                    [
                        [
                            96.0273,
                            21.0459,
                            -1684.30315
                        ],
                        [
                            96.0256,
                            21.0909,
                            -1684.30315
                        ],
                        [
                            96.0317,
                            21.0911,
                            2771.90315
                        ],
                        [
                            96.0334,
                            21.0461,
                            2771.90315
                        ],
                        [
                            96.0273,
                            21.0459,
                            -1684.30315
                        ]
                    ]
                ],
                "type": "Polygon"
            },
            "properties": {
                "fill": "#FD9768",
                "fill-opacity": 1,
                "rake": 173.7336,
                "rise": 8.0,
                "sf_moment": 3.17e+17,
                "slip": 3.3101,
                "stroke-width": 1.5,
                "trup": 24.6193,
                "x==ew": 3.2772,
                "y==ns": -104.9484
            },
            "type": "Feature"
        },
        {
            "geometry": {
                "coordinates": [
                    [
                        [
                            96.0256,
                            21.0908,
                            -1684.30315
                        ],
                        [
                            96.0239,
                            21.1358,
                            -1684.30315
                        ],
                        [
                            96.03,
                            21.136,
                            2771.90315
                        ],
                        [
                            96.0317,
                            21.091,
                            2771.90315
                        ],
                        [
                            96.0256,
                            21.0908,
                            -1684.30315
                        ]
                    ]
                ],
                "type": "Polygon"
            },
            "properties": {
                "fill": "#FEB078",
                "fill-opacity": 1,
                "rake": 176.6612,
                "rise": 9.5,
                "sf_moment": 2.72e+17,
                "slip": 2.8446,
                "stroke-width": 1.5,
                "trup": 24.0202,
                "x==ew": 3.089,
                "y==ns": -99.9519
            },
            "type": "Feature"
        },
        {
            "geometry": {
                "coordinates": [
                    [
                        [
                            96.0239,
                            21.1358,
                            -1684.30315
                        ],
                        [
                            96.0222,
                            21.1808,
                            -1684.30315
                        ],
                        [
                            96.0283,
                            21.181,
                            2771.90315
                        ],
                        [
                            96.03,
                            21.136,
                            2771.90315
                        ],
                        [
                            96.0239,
                            21.1358,
                            -1684.30315
                        ]
                    ]
                ],
                "type": "Polygon"
            },
            "properties": {
                "fill": "#FDD99B",
                "fill-opacity": 1,
                "rake": 197.6041,
                "rise": 11.0,
                "sf_moment": 2.09e+17,
                "slip": 2.1845,
                "stroke-width": 1.5,
                "trup": 21.8213,
                "x==ew": 2.9008,
                "y==ns": -94.9554
            },
            "type": "Feature"
        },
        {
            "geometry": {
                "coordinates": [
                    [
                        [
                            96.0222,
                            21.1808,
                            -1684.30315
                        ],
                        [
                            96.0205,
                            21.2258,
                            -1684.30315
                        ],
                        [
                            96.0266,
                            21.226,
                            2771.90315
                        ],
                        [
                            96.0283,
                            21.181,
                            2771.90315
                        ],
                        [
                            96.0222,
                            21.1808,
                            -1684.30315
                        ]
                    ]
                ],
                "type": "Polygon"
            },
            "properties": {
                "fill": "#FEB27A",
                "fill-opacity": 1,
                "rake": 200.3583,
                "rise": 6.5,
                "sf_moment": 2.71e+17,
                "slip": 2.8296,
                "stroke-width": 1.5,
                "trup": 20.0225,
                "x==ew": 2.7126,
                "y==ns": -89.9589
            },
            "type": "Feature"
        },
        {
            "geometry": {
                "coordinates": [
                    [
                        [
                            96.0205,
                            21.2257,
                            -1684.30315
                        ],
                        [
                            96.0188,
                            21.2707,
                            -1684.30315
                        ],
                        [
                            96.0249,
                            21.2709,
                            2771.90315
                        ],
                        [
                            96.0266,
                            21.2259,
                            2771.90315
                        ],
                        [
                            96.0205,
                            21.2257,
                            -1684.30315
                        ]
                    ]
                ],
                "type": "Polygon"
            },
            "properties": {
                "fill": "#FEC387",
                "fill-opacity": 1,
                "rake": 198.331,
                "rise": 6.5,
                "sf_moment": 2.44e+17,
                "slip": 2.5441,
                "stroke-width": 1.5,
                "trup": 18.6238,
                "x==ew": 2.5244,
                "y==ns": -84.9624
            },
            "type": "Feature"
        },
        {
            "geometry": {
                "coordinates": [
                    [
                        [
                            96.0188,
                            21.2707,
                            -1684.30315
                        ],
                        [
                            96.0171,
                            21.3157,
                            -1684.30315
                        ],
                        [
                            96.0232,
                            21.3159,
                            2771.90315
                        ],
                        [
                            96.0249,
                            21.2709,
                            2771.90315
                        ],
                        [
                            96.0188,
                            21.2707,
                            -1684.30315
                        ]
                    ]
                ],
                "type": "Polygon"
            },
            "properties": {
                "fill": "#FDE1A3",
                "fill-opacity": 1,
                "rake": 182.5213,
                "rise": 2.0,
                "sf_moment": 1.97e+17,
                "slip": 2.0616,
                "stroke-width": 1.5,
                "trup": 16.6253,
                "x==ew": 2.3362,
                "y==ns": -79.9659
            },
            "type": "Feature"
        },
        {
            "geometry": {
                "coordinates": [
                    [
                        [
                            96.0171,
                            21.3157,
                            -1684.30315
                        ],
                        [
                            96.0154,
                            21.3607,
                            -1684.30315
                        ],
                        [
                            96.0215,
                            21.3609,
                            2771.90315
                        ],
                        [
                            96.0232,
                            21.3159,
                            2771.90315
                        ],
                        [
                            96.0171,
                            21.3157,
                            -1684.30315
                        ]
                    ]
                ],
                "type": "Polygon"
            },
            "properties": {
                "fill": "#FCFDC1",
                "fill-opacity": 1,
                "rake": 178.8912,
                "rise": 9.5,
                "sf_moment": 1.46e+17,
                "slip": 1.5226,
                "stroke-width": 1.5,
                "trup": 15.227,
                "x==ew": 2.148,
                "y==ns": -74.9694
            },
            "type": "Feature"
        },
        {
            "geometry": {
                "coordinates": [
                    [
                        [
                            96.0154,
                            21.3606,
                            -1684.30315
                        ],
                        [
                            96.0137,
                            21.4056,
                            -1684.30315
                        ],
                        [
                            96.0198,
                            21.4058,
                            2771.90315
                        ],
                        [
                            96.0215,
                            21.3608,
                            2771.90315
                        ],
                        [
                            96.0154,
                            21.3606,
                            -1684.30315
                        ]
                    ]
                ],
                "type": "Polygon"
            },
            "properties": {
                "fill": "#FCFABC",
                "fill-opacity": 1,
                "rake": 189.7739,
                "rise": 5.0,
                "sf_moment": 1.54e+17,
                "slip": 1.6071,
                "stroke-width": 1.5,
                "trup": 15.0289,
                "x==ew": 1.9598,
                "y==ns": -69.9729
            },
            "type": "Feature"
        },
        {
            "geometry": {
                "coordinates": [
                    [
                        [
                            96.0137,
                            21.4056,
                            -1684.30315
                        ],
                        [
                            96.012,
                            21.4506,
                            -1684.30315
                        ],
                        [
                            96.0181,
                            21.4508,
                            2771.90315
                        ],
                        [
                            96.0198,
                            21.4058,
                            2771.90315
                        ],
                        [
                            96.0137,
                            21.4056,
                            -1684.30315
                        ]
                    ]
                ],
                "type": "Polygon"
            },
            "properties": {
                "fill": "#FEBB81",
                "fill-opacity": 1,
                "rake": 185.4064,
                "rise": 11.0,
                "sf_moment": 2.56e+17,
                "slip": 2.678,
                "stroke-width": 1.5,
                "trup": 14.8311,
                "x==ew": 1.7716,
                "y==ns": -64.9764
            },
            "type": "Feature"
        },
        {
            "geometry": {
                "coordinates": [
                    [
                        [
                            96.0121,
                            21.4506,
                            -1684.30315
                        ],
                        [
                            96.0104,
                            21.4956,
                            -1684.30315
                        ],
                        [
                            96.0165,
                            21.4958,
                            2771.90315
                        ],
                        [
                            96.0182,
                            21.4508,
                            2771.90315
                        ],
                        [
                            96.0121,
                            21.4506,
                            -1684.30315
                        ]
                    ]
                ],
                "type": "Polygon"
            },
            "properties": {
                "fill": "#FEAE77",
                "fill-opacity": 1,
                "rake": 169.5387,
                "rise": 9.5,
                "sf_moment": 2.76e+17,
                "slip": 2.8859,
                "stroke-width": 1.5,
                "trup": 15.0337,
                "x==ew": 1.5834,
                "y==ns": -59.9799
            },
            "type": "Feature"
        },
        {
            "geometry": {
                "coordinates": [
                    [
                        [
                            96.0104,
                            21.4955,
                            -1684.30315
                        ],
                        [
                            96.0087,
                            21.5405,
                            -1684.30315
                        ],
                        [
                            96.0148,
                            21.5407,
                            2771.90315
                        ],
                        [
                            96.0165,
                            21.4957,
                            2771.90315
                        ],
                        [
                            96.0104,
                            21.4955,
                            -1684.30315
                        ]
                    ]
                ],
                "type": "Polygon"
            },
            "properties": {
                "fill": "#FEB67D",
                "fill-opacity": 1,
                "rake": 185.5238,
                "rise": 11.0,
                "sf_moment": 2.64e+17,
                "slip": 2.7608,
                "stroke-width": 1.5,
                "trup": 14.4368,
                "x==ew": 1.3952,
                "y==ns": -54.9834
            },
            "type": "Feature"
        },
        {
            "geometry": {
                "coordinates": [
                    [
                        [
                            96.0087,
                            21.5405,
                            -1684.30315
                        ],
                        [
                            96.007,
                            21.5855,
                            -1684.30315
                        ],
                        [
                            96.0131,
                            21.5857,
                            2771.90315
                        ],
                        [
                            96.0148,
                            21.5407,
                            2771.90315
                        ],
                        [
                            96.0087,
                            21.5405,
                            -1684.30315
                        ]
                    ]
                ],
                "type": "Polygon"
            },
            "properties": {
                "fill": "#FDDFA0",
                "fill-opacity": 1,
                "rake": 193.1758,
                "rise": 8.0,
                "sf_moment": 1.99e+17,
                "slip": 2.0782,
                "stroke-width": 1.5,
                "trup": 14.2404,
                "x==ew": 1.207,
                "y==ns": -49.9869
            },
            "type": "Feature"
        },
        {
            "geometry": {
                "coordinates": [
                    [
                        [
                            96.007,
                            21.5855,
                            -1684.30315
                        ],
                        [
                            96.0053,
                            21.6305,
                            -1684.30315
                        ],
                        [
                            96.0114,
                            21.6307,
                            2771.90315
                        ],
                        [
                            96.0131,
                            21.5857,
                            2771.90315
                        ],
                        [
                            96.007,
                            21.5855,
                            -1684.30315
                        ]
                    ]
                ],
                "type": "Polygon"
            },
            "properties": {
                "fill": "#FCFCC9",
                "fill-opacity": 1,
                "rake": 189.6796,
                "rise": 6.5,
                "sf_moment": 1.36e+17,
                "slip": 1.4252,
                "stroke-width": 1.5,
                "trup": 12.8449,
                "x==ew": 1.0188,
                "y==ns": -44.9904
            },
            "type": "Feature"
        },
        {
            "geometry": {
                "coordinates": [
                    [
                        [
                            96.0053,
                            21.6305,
                            -1684.30315
                        ],
                        [
                            96.0036,
                            21.6755,
                            -1684.30315
                        ],
                        [
                            96.0097,
                            21.6757,
                            2771.90315
                        ],
                        [
                            96.0114,
                            21.6307,
                            2771.90315
                        ],
                        [
                            96.0053,
                            21.6305,
                            -1684.30315
                        ]
                    ]
                ],
                "type": "Polygon"
            },
            "properties": {
                "fill": "#FCFCC9",
                "fill-opacity": 1,
                "rake": 183.4849,
                "rise": 6.5,
                "sf_moment": 1.35e+17,
                "slip": 1.4126,
                "stroke-width": 1.5,
                "trup": 11.2505,
                "x==ew": 0.8306,
                "y==ns": -39.9939
            },
            "type": "Feature"
        },
        {
            "geometry": {
                "coordinates": [
                    [
                        [
                            96.0036,
                            21.6754,
                            -1684.30315
                        ],
                        [
                            96.0019,
                            21.7204,
                            -1684.30315
                        ],
                        [
                            96.008,
                            21.7206,
                            2771.90315
                        ],
                        [
                            96.0097,
                            21.6756,
                            2771.90315
                        ],
                        [
                            96.0036,
                            21.6754,
                            -1684.30315
                        ]
                    ]
                ],
                "type": "Polygon"
            },
            "properties": {
                "fill": "#FDDB9D",
                "fill-opacity": 1,
                "rake": 181.3679,
                "rise": 2.0,
                "sf_moment": 2.06e+17,
                "slip": 2.1552,
                "stroke-width": 1.5,
                "trup": 10.0576,
                "x==ew": 0.6424,
                "y==ns": -34.9974
            },
            "type": "Feature"
        },
        {
            "geometry": {
                "coordinates": [
                    [
                        [
                            96.0019,
                            21.7204,
                            -1684.30315
                        ],
                        [
                            96.0002,
                            21.7654,
                            -1684.30315
                        ],
                        [
                            96.0063,
                            21.7656,
                            2771.90315
                        ],
                        [
                            96.008,
                            21.7206,
                            2771.90315
                        ],
                        [
                            96.0019,
                            21.7204,
                            -1684.30315
                        ]
                    ]
                ],
                "type": "Polygon"
            },
            "properties": {
                "fill": "#FEB078",
                "fill-opacity": 1,
                "rake": 177.6145,
                "rise": 5.0,
                "sf_moment": 2.74e+17,
                "slip": 2.8576,
                "stroke-width": 1.5,
                "trup": 8.8671,
                "x==ew": 0.4542,
                "y==ns": -30.0009
            },
            "type": "Feature"
        },
        {
            "geometry": {
                "coordinates": [
                    [
                        [
                            96.0002,
                            21.7654,
                            -1684.30315
                        ],
                        [
                            95.9985,
                            21.8104,
                            -1684.30315
                        ],
                        [
                            96.0046,
                            21.8106,
                            2771.90315
                        ],
                        [
                            96.0063,
                            21.7656,
                            2771.90315
                        ],
                        [
                            96.0002,
                            21.7654,
                            -1684.30315
                        ]
                    ]
                ],
                "type": "Polygon"
            },
            "properties": {
                "fill": "#FEB97F",
                "fill-opacity": 1,
                "rake": 180.1929,
                "rise": 12.5,
                "sf_moment": 2.57e+17,
                "slip": 2.6888,
                "stroke-width": 1.5,
                "trup": 7.4804,
                "x==ew": 0.266,
                "y==ns": -25.0044
            },
            "type": "Feature"
        },
        {
            "geometry": {
                "coordinates": [
                    [
                        [
                            95.9985,
                            21.8103,
                            -1684.30315
                        ],
                        [
                            95.9968,
                            21.8553,
                            -1684.30315
                        ],
                        [
                            96.0029,
                            21.8555,
                            2771.90315
                        ],
                        [
                            96.0046,
                            21.8105,
                            2771.90315
                        ],
                        [
                            95.9985,
                            21.8103,
                            -1684.30315
                        ]
                    ]
                ],
                "type": "Polygon"
            },
            "properties": {
                "fill": "#FC8D63",
                "fill-opacity": 1,
                "rake": 166.3362,
                "rise": 3.5,
                "sf_moment": 3.29e+17,
                "slip": 3.4404,
                "stroke-width": 1.5,
                "trup": 6.3,
                "x==ew": 0.0778,
                "y==ns": -20.0079
            },
            "type": "Feature"
        },
        {
            "geometry": {
                "coordinates": [
                    [
                        [
                            95.9968,
                            21.8553,
                            -1684.30315
                        ],
                        [
                            95.9951,
                            21.9003,
                            -1684.30315
                        ],
                        [
                            96.0012,
                            21.9005,
                            2771.90315
                        ],
                        [
                            96.0029,
                            21.8555,
                            2771.90315
                        ],
                        [
                            95.9968,
                            21.8553,
                            -1684.30315
                        ]
                    ]
                ],
                "type": "Polygon"
            },
            "properties": {
                "fill": "#F9795D",
                "fill-opacity": 1,
                "rake": 173.3663,
                "rise": 9.5,
                "sf_moment": 3.6e+17,
                "slip": 3.7633,
                "stroke-width": 1.5,
                "trup": 4.5321,
                "x==ew": -0.1104,
                "y==ns": -15.0114
            },
            "type": "Feature"
        },
        {
            "geometry": {
                "coordinates": [
                    [
                        [
                            95.9951,
                            21.9003,
                            -1684.30315
                        ],
                        [
                            95.9934,
                            21.9453,
                            -1684.30315
                        ],
                        [
                            95.9995,
                            21.9455,
                            2771.90315
                        ],
                        [
                            96.0012,
                            21.9005,
                            2771.90315
                        ],
                        [
                            95.9951,
                            21.9003,
                            -1684.30315
                        ]
                    ]
                ],
                "type": "Polygon"
            },
            "properties": {
                "fill": "#FB835F",
                "fill-opacity": 1,
                "rake": 170.3204,
                "rise": 6.5,
                "sf_moment": 3.47e+17,
                "slip": 3.6245,
                "stroke-width": 1.5,
                "trup": 3.1932,
                "x==ew": -0.2986,
                "y==ns": -10.0149
            },
            "type": "Feature"
        },
        {
            "geometry": {
                "coordinates": [
                    [
                        [
                            95.9934,
                            21.9452,
                            -1684.30315
                        ],
                        [
                            95.9917,
                            21.9902,
                            -1684.30315
                        ],
                        [
                            95.9978,
                            21.9904,
                            2771.90315
                        ],
                        [
                            95.9995,
                            21.9454,
                            2771.90315
                        ],
                        [
                            95.9934,
                            21.9452,
                            -1684.30315
                        ]
                    ]
                ],
                "type": "Polygon"
            },
            "properties": {
                "fill": "#FB8760",
                "fill-opacity": 1,
                "rake": 167.7833,
                "rise": 8.0,
                "sf_moment": 3.39e+17,
                "slip": 3.5374,
                "stroke-width": 1.5,
                "trup": 1.7454,
                "x==ew": -0.4869,
                "y==ns": -5.0184
            },
            "type": "Feature"
        },
        {
            "geometry": {
                "coordinates": [
                    [
                        [
                            95.9917,
                            21.9902,
                            -1684.30315
                        ],
                        [
                            95.99,
                            22.0352,
                            -1684.30315
                        ],
                        [
                            95.9961,
                            22.0354,
                            2771.90315
                        ],
                        [
                            95.9978,
                            21.9904,
                            2771.90315
                        ],
                        [
                            95.9917,
                            21.9902,
                            -1684.30315
                        ]
                    ]
                ],
                "type": "Polygon"
            },
            "properties": {
                "fill": "#FC8B62",
                "fill-opacity": 1,
                "rake": 172.9289,
                "rise": 8.0,
                "sf_moment": 3.32e+17,
                "slip": 3.4699,
                "stroke-width": 1.5,
                "trup": 0.9,
                "x==ew": -0.6751,
                "y==ns": -0.0219
            },
            "type": "Feature"
        },
        {
            "geometry": {
                "coordinates": [
                    [
                        [
                            95.99,
                            22.0352,
                            -1684.30315
                        ],
                        [
                            95.9883,
                            22.0802,
                            -1684.30315
                        ],
                        [
                            95.9944,
                            22.0804,
                            2771.90315
                        ],
                        [
                            95.9961,
                            22.0354,
                            2771.90315
                        ],
                        [
                            95.99,
                            22.0352,
                            -1684.30315
                        ]
                    ]
                ],
                "type": "Polygon"
            },
            "properties": {
                "fill": "#FD9B6B",
                "fill-opacity": 1,
                "rake": 181.8447,
                "rise": 12.5,
                "sf_moment": 3.06e+17,
                "slip": 3.1956,
                "stroke-width": 1.5,
                "trup": 1.7454,
                "x==ew": -0.8633,
                "y==ns": 4.9746
            },
            "type": "Feature"
        },
        {
            "geometry": {
                "coordinates": [
                    [
                        [
                            95.9883,
                            22.0801,
                            -1684.30315
                        ],
                        [
                            95.9866,
                            22.1251,
                            -1684.30315
                        ],
                        [
                            95.9927,
                            22.1253,
                            2771.90315
                        ],
                        [
                            95.9944,
                            22.0803,
                            2771.90315
                        ],
                        [
                            95.9883,
                            22.0801,
                            -1684.30315
                        ]
                    ]
                ],
                "type": "Polygon"
            },
            "properties": {
                "fill": "#FC8B62",
                "fill-opacity": 1,
                "rake": 197.8079,
                "rise": 17.0,
                "sf_moment": 3.32e+17,
                "slip": 3.4718,
                "stroke-width": 1.5,
                "trup": 3.3932,
                "x==ew": -1.0515,
                "y==ns": 9.9712
            },
            "type": "Feature"
        },
        {
            "geometry": {
                "coordinates": [
                    [
                        [
                            95.9866,
                            22.1251,
                            -1684.30315
                        ],
                        [
                            95.9849,
                            22.1701,
                            -1684.30315
                        ],
                        [
                            95.991,
                            22.1703,
                            2771.90315
                        ],
                        [
                            95.9927,
                            22.1253,
                            2771.90315
                        ],
                        [
                            95.9866,
                            22.1251,
                            -1684.30315
                        ]
                    ]
                ],
                "type": "Polygon"
            },
            "properties": {
                "fill": "#F2645C",
                "fill-opacity": 1,
                "rake": 198.4048,
                "rise": 17.0,
                "sf_moment": 3.96e+17,
                "slip": 4.1416,
                "stroke-width": 1.5,
                "trup": 4.9321,
                "x==ew": -1.2397,
                "y==ns": 14.9677
            },
            "type": "Feature"
        },
        {
            "geometry": {
                "coordinates": [
                    [
                        [
                            95.9849,
                            22.1701,
                            -1684.30315
                        ],
                        [
                            95.9832,
                            22.2151,
                            -1684.30315
                        ],
                        [
                            95.9893,
                            22.2153,
                            2771.90315
                        ],
                        [
                            95.991,
                            22.1703,
                            2771.90315
                        ],
                        [
                            95.9849,
                            22.1701,
                            -1684.30315
                        ]
                    ]
                ],
                "type": "Polygon"
            },
            "properties": {
                "fill": "#E14C65",
                "fill-opacity": 1,
                "rake": 196.434,
                "rise": 17.0,
                "sf_moment": 4.45e+17,
                "slip": 4.6518,
                "stroke-width": 1.5,
                "trup": 6.1,
                "x==ew": -1.4279,
                "y==ns": 19.9642
            },
            "type": "Feature"
        },
        {
            "geometry": {
                "coordinates": [
                    [
                        [
                            95.9833,
                            22.215,
                            -1684.30315
                        ],
                        [
                            95.9816,
                            22.26,
                            -1684.30315
                        ],
                        [
                            95.9877,
                            22.2602,
                            2771.90315
                        ],
                        [
                            95.9894,
                            22.2152,
                            2771.90315
                        ],
                        [
                            95.9833,
                            22.215,
                            -1684.30315
                        ]
                    ]
                ],
                "type": "Polygon"
            },
            "properties": {
                "fill": "#D1416E",
                "fill-opacity": 1,
                "rake": 179.2476,
                "rise": 15.5,
                "sf_moment": 4.78e+17,
                "slip": 4.9905,
                "stroke-width": 1.5,
                "trup": 7.6804,
                "x==ew": -1.6161,
                "y==ns": 24.9607
            },
            "type": "Feature"
        },
        {
            "geometry": {
                "coordinates": [
                    [
                        [
                            95.9816,
                            22.26,
                            -1684.30315
                        ],
                        [
                            95.9799,
                            22.305,
                            -1684.30315
                        ],
                        [
                            95.986,
                            22.3052,
                            2771.90315
                        ],
                        [
                            95.9877,
                            22.2602,
                            2771.90315
                        ],
                        [
                            95.9816,
                            22.26,
                            -1684.30315
                        ]
                    ]
                ],
                "type": "Polygon"
            },
            "properties": {
                "fill": "#F3675C",
                "fill-opacity": 1,
                "rake": 178.0139,
                "rise": 17.0,
                "sf_moment": 3.91e+17,
                "slip": 4.0895,
                "stroke-width": 1.5,
                "trup": 9.6671,
                "x==ew": -1.8043,
                "y==ns": 29.9572
            },
            "type": "Feature"
        },
        {
            "geometry": {
                "coordinates": [
                    [
                        [
                            95.9799,
                            22.305,
                            -1684.30315
                        ],
                        [
                            95.9782,
                            22.35,
                            -1684.30315
                        ],
                        [
                            95.9843,
                            22.3502,
                            2771.90315
                        ],
                        [
                            95.986,
                            22.3052,
                            2771.90315
                        ],
                        [
                            95.9799,
                            22.305,
                            -1684.30315
                        ]
                    ]
                ],
                "type": "Polygon"
            },
            "properties": {
                "fill": "#FD9A6A",
                "fill-opacity": 1,
                "rake": 177.2016,
                "rise": 12.5,
                "sf_moment": 3.1e+17,
                "slip": 3.2363,
                "stroke-width": 1.5,
                "trup": 11.0576,
                "x==ew": -1.9925,
                "y==ns": 34.9537
            },
            "type": "Feature"
        },
        {
            "geometry": {
                "coordinates": [
                    [
                        [
                            95.9782,
                            22.35,
                            -1684.30315
                        ],
                        [
                            95.9765,
                            22.395,
                            -1684.30315
                        ],
                        [
                            95.9826,
                            22.3952,
                            2771.90315
                        ],
                        [
                            95.9843,
                            22.3502,
                            2771.90315
                        ],
                        [
                            95.9782,
                            22.35,
                            -1684.30315
                        ]
                    ]
                ],
                "type": "Polygon"
            },
            "properties": {
                "fill": "#FEB27A",
                "fill-opacity": 1,
                "rake": 183.2651,
                "rise": 9.5,
                "sf_moment": 2.7e+17,
                "slip": 2.8173,
                "stroke-width": 1.5,
                "trup": 12.4505,
                "x==ew": -2.1807,
                "y==ns": 39.9502
            },
            "type": "Feature"
        },
        {
            "geometry": {
                "coordinates": [
                    [
                        [
                            95.9765,
                            22.3949,
                            -1684.30315
                        ],
                        [
                            95.9748,
                            22.4399,
                            -1684.30315
                        ],
                        [
                            95.9809,
                            22.4401,
                            2771.90315
                        ],
                        [
                            95.9826,
                            22.3951,
                            2771.90315
                        ],
                        [
                            95.9765,
                            22.3949,
                            -1684.30315
                        ]
                    ]
                ],
                "type": "Polygon"
            },
            "properties": {
                "fill": "#FDE8A9",
                "fill-opacity": 1,
                "rake": 176.6942,
                "rise": 15.5,
                "sf_moment": 1.85e+17,
                "slip": 1.928,
                "stroke-width": 1.5,
                "trup": 13.8449,
                "x==ew": -2.3689,
                "y==ns": 44.9467
            },
            "type": "Feature"
        },
        {
            "geometry": {
                "coordinates": [
                    [
                        [
                            95.9748,
                            22.4399,
                            -1684.30315
                        ],
                        [
                            95.9731,
                            22.4849,
                            -1684.30315
                        ],
                        [
                            95.9792,
                            22.4851,
                            2771.90315
                        ],
                        [
                            95.9809,
                            22.4401,
                            2771.90315
                        ],
                        [
                            95.9748,
                            22.4399,
                            -1684.30315
                        ]
                    ]
                ],
                "type": "Polygon"
            },
            "properties": {
                "fill": "#FDFAE7",
                "fill-opacity": 1,
                "rake": 166.427,
                "rise": 15.5,
                "sf_moment": 9.7e+16,
                "slip": 1.013,
                "stroke-width": 1.5,
                "trup": 15.8404,
                "x==ew": -2.5571,
                "y==ns": 49.9432
            },
            "type": "Feature"
        },
        {
            "geometry": {
                "coordinates": [
                    [
                        [
                            95.9731,
                            22.4849,
                            -1684.30315
                        ],
                        [
                            95.9714,
                            22.5299,
                            -1684.30315
                        ],
                        [
                            95.9775,
                            22.5301,
                            2771.90315
                        ],
                        [
                            95.9792,
                            22.4851,
                            2771.90315
                        ],
                        [
                            95.9731,
                            22.4849,
                            -1684.30315
                        ]
                    ]
                ],
                "type": "Polygon"
            },
            "properties": {
                "fill": "#FEF9F9",
                "fill-opacity": 1,
                "rake": 180.9424,
                "rise": 5.0,
                "sf_moment": 2.39e+16,
                "slip": 0.2501,
                "stroke-width": 1.5,
                "trup": 17.0368,
                "x==ew": -2.7453,
                "y==ns": 54.9397
            },
            "type": "Feature"
        },
        {
            "geometry": {
                "coordinates": [
                    [
                        [
                            95.9714,
                            22.5298,
                            -1684.30315
                        ],
                        [
                            95.9697,
                            22.5748,
                            -1684.30315
                        ],
                        [
                            95.9758,
                            22.575,
                            2771.90315
                        ],
                        [
                            95.9775,
                            22.53,
                            2771.90315
                        ],
                        [
                            95.9714,
                            22.5298,
                            -1684.30315
                        ]
                    ]
                ],
                "type": "Polygon"
            },
            "properties": {
                "fill": "#FEF9F9",
                "fill-opacity": 1,
                "rake": 187.6518,
                "rise": 11.0,
                "sf_moment": 1.75e+16,
                "slip": 0.1832,
                "stroke-width": 1.5,
                "trup": 17.6337,
                "x==ew": -2.9335,
                "y==ns": 59.9362
            },
            "type": "Feature"
        },
        {
            "geometry": {
                "coordinates": [
                    [
                        [
                            95.9697,
                            22.5748,
                            -1684.30315
                        ],
                        [
                            95.968,
                            22.6198,
                            -1684.30315
                        ],
                        [
                            95.9741,
                            22.62,
                            2771.90315
                        ],
                        [
                            95.9758,
                            22.575,
                            2771.90315
                        ],
                        [
                            95.9697,
                            22.5748,
                            -1684.30315
                        ]
                    ]
                ],
                "type": "Polygon"
            },
            "properties": {
                "fill": "#FEF9F9",
                "fill-opacity": 1,
                "rake": 169.0519,
                "rise": 14.0,
                "sf_moment": 3.16e+16,
                "slip": 0.3298,
                "stroke-width": 1.5,
                "trup": 17.8311,
                "x==ew": -3.1217,
                "y==ns": 64.9327
            },
            "type": "Feature"
        },
        {
            "geometry": {
                "coordinates": [
                    [
                        [
                            95.968,
                            22.6198,
                            -1684.30315
                        ],
                        [
                            95.9663,
                            22.6648,
                            -1684.30315
                        ],
                        [
                            95.9724,
                            22.665,
                            2771.90315
                        ],
                        [
                            95.9741,
                            22.62,
                            2771.90315
                        ],
                        [
                            95.968,
                            22.6198,
                            -1684.30315
                        ]
                    ]
                ],
                "type": "Polygon"
            },
            "properties": {
                "fill": "#FEF9F9",
                "fill-opacity": 1,
                "rake": 191.2884,
                "rise": 8.0,
                "sf_moment": 9990000000000000.0,
                "slip": 0.1044,
                "stroke-width": 1.5,
                "trup": 18.2289,
                "x==ew": -3.3099,
                "y==ns": 69.9292
            },
            "type": "Feature"
        },
        {
            "geometry": {
                "coordinates": [
                    [
                        [
                            95.9663,
                            22.6647,
                            -1684.30315
                        ],
                        [
                            95.9646,
                            22.7097,
                            -1684.30315
                        ],
                        [
                            95.9707,
                            22.7099,
                            2771.90315
                        ],
                        [
                            95.9724,
                            22.6649,
                            2771.90315
                        ],
                        [
                            95.9663,
                            22.6647,
                            -1684.30315
                        ]
                    ]
                ],
                "type": "Polygon"
            },
            "properties": {
                "fill": "#FEF9F9",
                "fill-opacity": 1,
                "rake": 193.416,
                "rise": 9.5,
                "sf_moment": 3590000000000000.0,
                "slip": 0.0375,
                "stroke-width": 1.5,
                "trup": 18.227,
                "x==ew": -3.4981,
                "y==ns": 74.9257
            },
            "type": "Feature"
        },
        {
            "geometry": {
                "coordinates": [
                    [
                        [
                            95.9646,
                            22.7097,
                            -1684.30315
                        ],
                        [
                            95.9629,
                            22.7547,
                            -1684.30315
                        ],
                        [
                            95.969,
                            22.7549,
                            2771.90315
                        ],
                        [
                            95.9707,
                            22.7099,
                            2771.90315
                        ],
                        [
                            95.9646,
                            22.7097,
                            -1684.30315
                        ]
                    ]
                ],
                "type": "Polygon"
            },
            "properties": {
                "fill": "#FEF9F9",
                "fill-opacity": 1,
                "rake": 171.1179,
                "rise": 12.5,
                "sf_moment": 7050000000000000.0,
                "slip": 0.0737,
                "stroke-width": 1.5,
                "trup": 18.6253,
                "x==ew": -3.6863,
                "y==ns": 79.9222
            },
            "type": "Feature"
        },
        {
            "geometry": {
                "coordinates": [
                    [
                        [
                            96.0368,
                            20.9561,
                            2771.89685
                        ],
                        [
                            96.0351,
                            21.0011,
                            2771.89685
                        ],
                        [
                            96.0412,
                            21.0013,
                            7228.10315
                        ],
                        [
                            96.0429,
                            20.9563,
                            7228.10315
                        ],
                        [
                            96.0368,
                            20.9561,
                            2771.89685
                        ]
                    ]
                ],
                "type": "Polygon"
            },
            "properties": {
                "fill": "#AD347B",
                "fill-opacity": 1,
                "rake": 176.7537,
                "rise": 2.0,
                "sf_moment": 3.17e+18,
                "slip": 5.6572,
                "stroke-width": 1.5,
                "trup": 22.8,
                "x==ew": 4.3286,
                "y==ns": -114.9196
            },
            "type": "Feature"
        },
        {
            "geometry": {
                "coordinates": [
                    [
                        [
                            96.0351,
                            21.0011,
                            2771.89685
                        ],
                        [
                            96.0334,
                            21.0461,
                            2771.89685
                        ],
                        [
                            96.0395,
                            21.0463,
                            7228.10315
                        ],
                        [
                            96.0412,
                            21.0013,
                            7228.10315
                        ],
                        [
                            96.0351,
                            21.0011,
                            2771.89685
                        ]
                    ]
                ],
                "type": "Polygon"
            },
            "properties": {
                "fill": "#BC3977",
                "fill-opacity": 1,
                "rake": 176.2672,
                "rise": 5.0,
                "sf_moment": 3.03e+18,
                "slip": 5.4161,
                "stroke-width": 1.5,
                "trup": 24.2,
                "x==ew": 4.1404,
                "y==ns": -109.9231
            },
            "type": "Feature"
        },
        {
            "geometry": {
                "coordinates": [
                    [
                        [
                            96.0334,
                            21.0461,
                            2771.89685
                        ],
                        [
                            96.0317,
                            21.0911,
                            2771.89685
                        ],
                        [
                            96.0378,
                            21.0913,
                            7228.10315
                        ],
                        [
                            96.0395,
                            21.0463,
                            7228.10315
                        ],
                        [
                            96.0334,
                            21.0461,
                            2771.89685
                        ]
                    ]
                ],
                "type": "Polygon"
            },
            "properties": {
                "fill": "#E75262",
                "fill-opacity": 1,
                "rake": 176.4382,
                "rise": 17.0,
                "sf_moment": 2.51e+18,
                "slip": 4.4901,
                "stroke-width": 1.5,
                "trup": 26.0,
                "x==ew": 3.9522,
                "y==ns": -104.9266
            },
            "type": "Feature"
        },
        {
            "geometry": {
                "coordinates": [
                    [
                        [
                            96.0317,
                            21.091,
                            2771.89685
                        ],
                        [
                            96.03,
                            21.136,
                            2771.89685
                        ],
                        [
                            96.0361,
                            21.1362,
                            7228.10315
                        ],
                        [
                            96.0378,
                            21.0912,
                            7228.10315
                        ],
                        [
                            96.0317,
                            21.091,
                            2771.89685
                        ]
                    ]
                ],
                "type": "Polygon"
            },
            "properties": {
                "fill": "#F8755C",
                "fill-opacity": 1,
                "rake": 192.8494,
                "rise": 17.0,
                "sf_moment": 2.17e+18,
                "slip": 3.8712,
                "stroke-width": 1.5,
                "trup": 25.4,
                "x==ew": 3.764,
                "y==ns": -99.9301
            },
            "type": "Feature"
        },
        {
            "geometry": {
                "coordinates": [
                    [
                        [
                            96.03,
                            21.136,
                            2771.89685
                        ],
                        [
                            96.0283,
                            21.181,
                            2771.89685
                        ],
                        [
                            96.0344,
                            21.1812,
                            7228.10315
                        ],
                        [
                            96.0361,
                            21.1362,
                            7228.10315
                        ],
                        [
                            96.03,
                            21.136,
                            2771.89685
                        ]
                    ]
                ],
                "type": "Polygon"
            },
            "properties": {
                "fill": "#FA825F",
                "fill-opacity": 1,
                "rake": 197.0429,
                "rise": 5.0,
                "sf_moment": 2.04e+18,
                "slip": 3.645,
                "stroke-width": 1.5,
                "trup": 22.2,
                "x==ew": 3.5758,
                "y==ns": -94.9336
            },
            "type": "Feature"
        },
        {
            "geometry": {
                "coordinates": [
                    [
                        [
                            96.0283,
                            21.181,
                            2771.89685
                        ],
                        [
                            96.0266,
                            21.226,
                            2771.89685
                        ],
                        [
                            96.0327,
                            21.2262,
                            7228.10315
                        ],
                        [
                            96.0344,
                            21.1812,
                            7228.10315
                        ],
                        [
                            96.0283,
                            21.181,
                            2771.89685
                        ]
                    ]
                ],
                "type": "Polygon"
            },
            "properties": {
                "fill": "#EC585F",
                "fill-opacity": 1,
                "rake": 193.1657,
                "rise": 12.5,
                "sf_moment": 2.44e+18,
                "slip": 4.3644,
                "stroke-width": 1.5,
                "trup": 20.0,
                "x==ew": 3.3876,
                "y==ns": -89.9371
            },
            "type": "Feature"
        },
        {
            "geometry": {
                "coordinates": [
                    [
                        [
                            96.0266,
                            21.2259,
                            2771.89685
                        ],
                        [
                            96.0249,
                            21.2709,
                            2771.89685
                        ],
                        [
                            96.031,
                            21.2711,
                            7228.10315
                        ],
                        [
                            96.0327,
                            21.2261,
                            7228.10315
                        ],
                        [
                            96.0266,
                            21.2259,
                            2771.89685
                        ]
                    ]
                ],
                "type": "Polygon"
            },
            "properties": {
                "fill": "#F56B5C",
                "fill-opacity": 1,
                "rake": 198.4344,
                "rise": 11.0,
                "sf_moment": 2.25e+18,
                "slip": 4.0204,
                "stroke-width": 1.5,
                "trup": 19.2,
                "x==ew": 3.1994,
                "y==ns": -84.9406
            },
            "type": "Feature"
        },
        {
            "geometry": {
                "coordinates": [
                    [
                        [
                            96.0249,
                            21.2709,
                            2771.89685
                        ],
                        [
                            96.0232,
                            21.3159,
                            2771.89685
                        ],
                        [
                            96.0293,
                            21.3161,
                            7228.10315
                        ],
                        [
                            96.031,
                            21.2711,
                            7228.10315
                        ],
                        [
                            96.0249,
                            21.2709,
                            2771.89685
                        ]
                    ]
                ],
                "type": "Polygon"
            },
            "properties": {
                "fill": "#FB855F",
                "fill-opacity": 1,
                "rake": 182.7344,
                "rise": 5.0,
                "sf_moment": 2.01e+18,
                "slip": 3.5848,
                "stroke-width": 1.5,
                "trup": 16.4,
                "x==ew": 3.0112,
                "y==ns": -79.9441
            },
            "type": "Feature"
        },
        {
            "geometry": {
                "coordinates": [
                    [
                        [
                            96.0232,
                            21.3159,
                            2771.89685
                        ],
                        [
                            96.0215,
                            21.3609,
                            2771.89685
                        ],
                        [
                            96.0276,
                            21.3611,
                            7228.10315
                        ],
                        [
                            96.0293,
                            21.3161,
                            7228.10315
                        ],
                        [
                            96.0232,
                            21.3159,
                            2771.89685
                        ]
                    ]
                ],
                "type": "Polygon"
            },
            "properties": {
                "fill": "#FEC084",
                "fill-opacity": 1,
                "rake": 190.079,
                "rise": 6.5,
                "sf_moment": 1.46e+18,
                "slip": 2.6101,
                "stroke-width": 1.5,
                "trup": 15.2,
                "x==ew": 2.823,
                "y==ns": -74.9476
            },
            "type": "Feature"
        },
        {
            "geometry": {
                "coordinates": [
                    [
                        [
                            96.0215,
                            21.3608,
                            2771.89685
                        ],
                        [
                            96.0198,
                            21.4058,
                            2771.89685
                        ],
                        [
                            96.0259,
                            21.406,
                            7228.10315
                        ],
                        [
                            96.0276,
                            21.361,
                            7228.10315
                        ],
                        [
                            96.0215,
                            21.3608,
                            2771.89685
                        ]
                    ]
                ],
                "type": "Polygon"
            },
            "properties": {
                "fill": "#FEAD76",
                "fill-opacity": 1,
                "rake": 201.2574,
                "rise": 12.5,
                "sf_moment": 1.63e+18,
                "slip": 2.9144,
                "stroke-width": 1.5,
                "trup": 14.8,
                "x==ew": 2.6348,
                "y==ns": -69.9511
            },
            "type": "Feature"
        },
        {
            "geometry": {
                "coordinates": [
                    [
                        [
                            96.0198,
                            21.4058,
                            2771.89685
                        ],
                        [
                            96.0181,
                            21.4508,
                            2771.89685
                        ],
                        [
                            96.0242,
                            21.451,
                            7228.10315
                        ],
                        [
                            96.0259,
                            21.406,
                            7228.10315
                        ],
                        [
                            96.0198,
                            21.4058,
                            2771.89685
                        ]
                    ]
                ],
                "type": "Polygon"
            },
            "properties": {
                "fill": "#FA7E5E",
                "fill-opacity": 1,
                "rake": 195.7134,
                "rise": 15.5,
                "sf_moment": 2.07e+18,
                "slip": 3.6973,
                "stroke-width": 1.5,
                "trup": 14.2,
                "x==ew": 2.4466,
                "y==ns": -64.9546
            },
            "type": "Feature"
        },
        {
            "geometry": {
                "coordinates": [
                    [
                        [
                            96.0181,
                            21.4508,
                            2771.89685
                        ],
                        [
                            96.0164,
                            21.4958,
                            2771.89685
                        ],
                        [
                            96.0225,
                            21.496,
                            7228.10315
                        ],
                        [
                            96.0242,
                            21.451,
                            7228.10315
                        ],
                        [
                            96.0181,
                            21.4508,
                            2771.89685
                        ]
                    ]
                ],
                "type": "Polygon"
            },
            "properties": {
                "fill": "#DE4968",
                "fill-opacity": 1,
                "rake": 174.0721,
                "rise": 9.5,
                "sf_moment": 2.66e+18,
                "slip": 4.746,
                "stroke-width": 1.5,
                "trup": 14.0,
                "x==ew": 2.2584,
                "y==ns": -59.9581
            },
            "type": "Feature"
        },
        {
            "geometry": {
                "coordinates": [
                    [
                        [
                            96.0164,
                            21.4957,
                            2771.89685
                        ],
                        [
                            96.0147,
                            21.5407,
                            2771.89685
                        ],
                        [
                            96.0208,
                            21.5409,
                            7228.10315
                        ],
                        [
                            96.0225,
                            21.4959,
                            7228.10315
                        ],
                        [
                            96.0164,
                            21.4957,
                            2771.89685
                        ]
                    ]
                ],
                "type": "Polygon"
            },
            "properties": {
                "fill": "#E24D64",
                "fill-opacity": 1,
                "rake": 187.3938,
                "rise": 9.5,
                "sf_moment": 2.59e+18,
                "slip": 4.6197,
                "stroke-width": 1.5,
                "trup": 13.4,
                "x==ew": 2.0702,
                "y==ns": -54.9615
            },
            "type": "Feature"
        },
        {
            "geometry": {
                "coordinates": [
                    [
                        [
                            96.0147,
                            21.5407,
                            2771.89685
                        ],
                        [
                            96.013,
                            21.5857,
                            2771.89685
                        ],
                        [
                            96.0191,
                            21.5859,
                            7228.10315
                        ],
                        [
                            96.0208,
                            21.5409,
                            7228.10315
                        ],
                        [
                            96.0147,
                            21.5407,
                            2771.89685
                        ]
                    ]
                ],
                "type": "Polygon"
            },
            "properties": {
                "fill": "#FEA26F",
                "fill-opacity": 1,
                "rake": 203.3702,
                "rise": 12.5,
                "sf_moment": 1.73e+18,
                "slip": 3.0974,
                "stroke-width": 1.5,
                "trup": 13.2,
                "x==ew": 1.882,
                "y==ns": -49.965
            },
            "type": "Feature"
        },
        {
            "geometry": {
                "coordinates": [
                    [
                        [
                            96.013,
                            21.5857,
                            2771.89685
                        ],
                        [
                            96.0113,
                            21.6307,
                            2771.89685
                        ],
                        [
                            96.0174,
                            21.6309,
                            7228.10315
                        ],
                        [
                            96.0191,
                            21.5859,
                            7228.10315
                        ],
                        [
                            96.013,
                            21.5857,
                            2771.89685
                        ]
                    ]
                ],
                "type": "Polygon"
            },
            "properties": {
                "fill": "#FECE91",
                "fill-opacity": 1,
                "rake": 204.5521,
                "rise": 14.0,
                "sf_moment": 1.32e+18,
                "slip": 2.362,
                "stroke-width": 1.5,
                "trup": 12.0,
                "x==ew": 1.6938,
                "y==ns": -44.9685
            },
            "type": "Feature"
        },
        {
            "geometry": {
                "coordinates": [
                    [
                        [
                            96.0114,
                            21.6306,
                            2771.89685
                        ],
                        [
                            96.0097,
                            21.6756,
                            2771.89685
                        ],
                        [
                            96.0158,
                            21.6758,
                            7228.10315
                        ],
                        [
                            96.0175,
                            21.6308,
                            7228.10315
                        ],
                        [
                            96.0114,
                            21.6306,
                            2771.89685
                        ]
                    ]
                ],
                "type": "Polygon"
            },
            "properties": {
                "fill": "#FED294",
                "fill-opacity": 1,
                "rake": 201.381,
                "rise": 6.5,
                "sf_moment": 1.29e+18,
                "slip": 2.3076,
                "stroke-width": 1.5,
                "trup": 11.0,
                "x==ew": 1.5056,
                "y==ns": -39.972
            },
            "type": "Feature"
        },
        {
            "geometry": {
                "coordinates": [
                    [
                        [
                            96.0097,
                            21.6756,
                            2771.89685
                        ],
                        [
                            96.008,
                            21.7206,
                            2771.89685
                        ],
                        [
                            96.0141,
                            21.7208,
                            7228.10315
                        ],
                        [
                            96.0158,
                            21.6758,
                            7228.10315
                        ],
                        [
                            96.0097,
                            21.6756,
                            2771.89685
                        ]
                    ]
                ],
                "type": "Polygon"
            },
            "properties": {
                "fill": "#FEA571",
                "fill-opacity": 1,
                "rake": 187.6217,
                "rise": 17.0,
                "sf_moment": 1.7e+18,
                "slip": 3.0368,
                "stroke-width": 1.5,
                "trup": 10.0,
                "x==ew": 1.3174,
                "y==ns": -34.9755
            },
            "type": "Feature"
        },
        {
            "geometry": {
                "coordinates": [
                    [
                        [
                            96.008,
                            21.7206,
                            2771.89685
                        ],
                        [
                            96.0063,
                            21.7656,
                            2771.89685
                        ],
                        [
                            96.0124,
                            21.7658,
                            7228.10315
                        ],
                        [
                            96.0141,
                            21.7208,
                            7228.10315
                        ],
                        [
                            96.008,
                            21.7206,
                            2771.89685
                        ]
                    ]
                ],
                "type": "Polygon"
            },
            "properties": {
                "fill": "#F56B5C",
                "fill-opacity": 1,
                "rake": 193.1412,
                "rise": 17.0,
                "sf_moment": 2.26e+18,
                "slip": 4.0285,
                "stroke-width": 1.5,
                "trup": 8.8,
                "x==ew": 1.1292,
                "y==ns": -29.979
            },
            "type": "Feature"
        },
        {
            "geometry": {
                "coordinates": [
                    [
                        [
                            96.0063,
                            21.7656,
                            2771.89685
                        ],
                        [
                            96.0046,
                            21.8106,
                            2771.89685
                        ],
                        [
                            96.0107,
                            21.8108,
                            7228.10315
                        ],
                        [
                            96.0124,
                            21.7658,
                            7228.10315
                        ],
                        [
                            96.0063,
                            21.7656,
                            2771.89685
                        ]
                    ]
                ],
                "type": "Polygon"
            },
            "properties": {
                "fill": "#F6705C",
                "fill-opacity": 1,
                "rake": 192.2711,
                "rise": 11.0,
                "sf_moment": 2.2e+18,
                "slip": 3.9276,
                "stroke-width": 1.5,
                "trup": 6.6,
                "x==ew": 0.941,
                "y==ns": -24.9825
            },
            "type": "Feature"
        },
        {
            "geometry": {
                "coordinates": [
                    [
                        [
                            96.0046,
                            21.8105,
                            2771.89685
                        ],
                        [
                            96.0029,
                            21.8555,
                            2771.89685
                        ],
                        [
                            96.009,
                            21.8557,
                            7228.10315
                        ],
                        [
                            96.0107,
                            21.8107,
                            7228.10315
                        ],
                        [
                            96.0046,
                            21.8105,
                            2771.89685
                        ]
                    ]
                ],
                "type": "Polygon"
            },
            "properties": {
                "fill": "#DA4669",
                "fill-opacity": 1,
                "rake": 181.096,
                "rise": 17.0,
                "sf_moment": 2.68e+18,
                "slip": 4.7847,
                "stroke-width": 1.5,
                "trup": 6.0,
                "x==ew": 0.7528,
                "y==ns": -19.986
            },
            "type": "Feature"
        },
        {
            "geometry": {
                "coordinates": [
                    [
                        [
                            96.0029,
                            21.8555,
                            2771.89685
                        ],
                        [
                            96.0012,
                            21.9005,
                            2771.89685
                        ],
                        [
                            96.0073,
                            21.9007,
                            7228.10315
                        ],
                        [
                            96.009,
                            21.8557,
                            7228.10315
                        ],
                        [
                            96.0029,
                            21.8555,
                            2771.89685
                        ]
                    ]
                ],
                "type": "Polygon"
            },
            "properties": {
                "fill": "#BE3976",
                "fill-opacity": 1,
                "rake": 192.922,
                "rise": 3.5,
                "sf_moment": 3e+18,
                "slip": 5.3575,
                "stroke-width": 1.5,
                "trup": 4.0,
                "x==ew": 0.5646,
                "y==ns": -14.9895
            },
            "type": "Feature"
        },
        {
            "geometry": {
                "coordinates": [
                    [
                        [
                            96.0012,
                            21.9005,
                            2771.89685
                        ],
                        [
                            95.9995,
                            21.9455,
                            2771.89685
                        ],
                        [
                            96.0056,
                            21.9457,
                            7228.10315
                        ],
                        [
                            96.0073,
                            21.9007,
                            7228.10315
                        ],
                        [
                            96.0012,
                            21.9005,
                            2771.89685
                        ]
                    ]
                ],
                "type": "Polygon"
            },
            "properties": {
                "fill": "#DE4968",
                "fill-opacity": 1,
                "rake": 188.666,
                "rise": 8.0,
                "sf_moment": 2.65e+18,
                "slip": 4.7358,
                "stroke-width": 1.5,
                "trup": 2.8,
                "x==ew": 0.3764,
                "y==ns": -9.993
            },
            "type": "Feature"
        },
        {
            "geometry": {
                "coordinates": [
                    [
                        [
                            95.9995,
                            21.9454,
                            2771.89685
                        ],
                        [
                            95.9978,
                            21.9904,
                            2771.89685
                        ],
                        [
                            96.0039,
                            21.9906,
                            7228.10315
                        ],
                        [
                            96.0056,
                            21.9456,
                            7228.10315
                        ],
                        [
                            95.9995,
                            21.9454,
                            2771.89685
                        ]
                    ]
                ],
                "type": "Polygon"
            },
            "properties": {
                "fill": "#EB575F",
                "fill-opacity": 1,
                "rake": 176.0441,
                "rise": 17.0,
                "sf_moment": 2.45e+18,
                "slip": 4.3796,
                "stroke-width": 1.5,
                "trup": 1.4,
                "x==ew": 0.1882,
                "y==ns": -4.9965
            },
            "type": "Feature"
        },
        {
            "geometry": {
                "coordinates": [
                    [
                        [
                            95.9978,
                            21.9904,
                            2771.89685
                        ],
                        [
                            95.9961,
                            22.0354,
                            2771.89685
                        ],
                        [
                            96.0022,
                            22.0356,
                            7228.10315
                        ],
                        [
                            96.0039,
                            21.9906,
                            7228.10315
                        ],
                        [
                            95.9978,
                            21.9904,
                            2771.89685
                        ]
                    ]
                ],
                "type": "Polygon"
            },
            "properties": {
                "fill": "#E75262",
                "fill-opacity": 1,
                "rake": 187.9629,
                "rise": 2.0,
                "sf_moment": 2.53e+18,
                "slip": 4.5119,
                "stroke-width": 1.5,
                "trup": 0.0,
                "x==ew": 0.0,
                "y==ns": 0.0
            },
            "type": "Feature"
        },
        {
            "geometry": {
                "coordinates": [
                    [
                        [
                            95.9961,
                            22.0354,
                            2771.89685
                        ],
                        [
                            95.9944,
                            22.0804,
                            2771.89685
                        ],
                        [
                            96.0005,
                            22.0806,
                            7228.10315
                        ],
                        [
                            96.0022,
                            22.0356,
                            7228.10315
                        ],
                        [
                            95.9961,
                            22.0354,
                            2771.89685
                        ]
                    ]
                ],
                "type": "Polygon"
            },
            "properties": {
                "fill": "#FB835F",
                "fill-opacity": 1,
                "rake": 202.4458,
                "rise": 17.0,
                "sf_moment": 2.02e+18,
                "slip": 3.6125,
                "stroke-width": 1.5,
                "trup": 1.0,
                "x==ew": -0.1882,
                "y==ns": 4.9965
            },
            "type": "Feature"
        },
        {
            "geometry": {
                "coordinates": [
                    [
                        [
                            95.9944,
                            22.0803,
                            2771.89685
                        ],
                        [
                            95.9927,
                            22.1253,
                            2771.89685
                        ],
                        [
                            95.9988,
                            22.1255,
                            7228.10315
                        ],
                        [
                            96.0005,
                            22.0805,
                            7228.10315
                        ],
                        [
                            95.9944,
                            22.0803,
                            2771.89685
                        ]
                    ]
                ],
                "type": "Polygon"
            },
            "properties": {
                "fill": "#F8755C",
                "fill-opacity": 1,
                "rake": 200.315,
                "rise": 17.0,
                "sf_moment": 2.16e+18,
                "slip": 3.8612,
                "stroke-width": 1.5,
                "trup": 3.2,
                "x==ew": -0.3764,
                "y==ns": 9.993
            },
            "type": "Feature"
        },
        {
            "geometry": {
                "coordinates": [
                    [
                        [
                            95.9927,
                            22.1253,
                            2771.89685
                        ],
                        [
                            95.991,
                            22.1703,
                            2771.89685
                        ],
                        [
                            95.9971,
                            22.1705,
                            7228.10315
                        ],
                        [
                            95.9988,
                            22.1255,
                            7228.10315
                        ],
                        [
                            95.9927,
                            22.1253,
                            2771.89685
                        ]
                    ]
                ],
                "type": "Polygon"
            },
            "properties": {
                "fill": "#ED5A5E",
                "fill-opacity": 1,
                "rake": 204.7694,
                "rise": 17.0,
                "sf_moment": 2.4e+18,
                "slip": 4.2925,
                "stroke-width": 1.5,
                "trup": 5.0,
                "x==ew": -0.5646,
                "y==ns": 14.9895
            },
            "type": "Feature"
        },
        {
            "geometry": {
                "coordinates": [
                    [
                        [
                            95.991,
                            22.1703,
                            2771.89685
                        ],
                        [
                            95.9893,
                            22.2153,
                            2771.89685
                        ],
                        [
                            95.9954,
                            22.2155,
                            7228.10315
                        ],
                        [
                            95.9971,
                            22.1705,
                            7228.10315
                        ],
                        [
                            95.991,
                            22.1703,
                            2771.89685
                        ]
                    ]
                ],
                "type": "Polygon"
            },
            "properties": {
                "fill": "#AC337B",
                "fill-opacity": 1,
                "rake": 199.1291,
                "rise": 14.0,
                "sf_moment": 3.2e+18,
                "slip": 5.7074,
                "stroke-width": 1.5,
                "trup": 6.6,
                "x==ew": -0.7528,
                "y==ns": 19.986
            },
            "type": "Feature"
        },
        {
            "geometry": {
                "coordinates": [
                    [
                        [
                            95.9893,
                            22.2152,
                            2771.89685
                        ],
                        [
                            95.9876,
                            22.2602,
                            2771.89685
                        ],
                        [
                            95.9937,
                            22.2604,
                            7228.10315
                        ],
                        [
                            95.9954,
                            22.2154,
                            7228.10315
                        ],
                        [
                            95.9893,
                            22.2152,
                            2771.89685
                        ]
                    ]
                ],
                "type": "Polygon"
            },
            "properties": {
                "fill": "#AA337C",
                "fill-opacity": 1,
                "rake": 181.9333,
                "rise": 17.0,
                "sf_moment": 3.22e+18,
                "slip": 5.7453,
                "stroke-width": 1.5,
                "trup": 8.2,
                "x==ew": -0.941,
                "y==ns": 24.9825
            },
            "type": "Feature"
        },
        {
            "geometry": {
                "coordinates": [
                    [
                        [
                            95.9876,
                            22.2602,
                            2771.89685
                        ],
                        [
                            95.9859,
                            22.3052,
                            2771.89685
                        ],
                        [
                            95.992,
                            22.3054,
                            7228.10315
                        ],
                        [
                            95.9937,
                            22.2604,
                            7228.10315
                        ],
                        [
                            95.9876,
                            22.2602,
                            2771.89685
                        ]
                    ]
                ],
                "type": "Polygon"
            },
            "properties": {
                "fill": "#BF3A75",
                "fill-opacity": 1,
                "rake": 177.7391,
                "rise": 14.0,
                "sf_moment": 2.99e+18,
                "slip": 5.3367,
                "stroke-width": 1.5,
                "trup": 9.8,
                "x==ew": -1.1292,
                "y==ns": 29.979
            },
            "type": "Feature"
        },
        {
            "geometry": {
                "coordinates": [
                    [
                        [
                            95.9859,
                            22.3052,
                            2771.89685
                        ],
                        [
                            95.9842,
                            22.3502,
                            2771.89685
                        ],
                        [
                            95.9903,
                            22.3504,
                            7228.10315
                        ],
                        [
                            95.992,
                            22.3054,
                            7228.10315
                        ],
                        [
                            95.9859,
                            22.3052,
                            2771.89685
                        ]
                    ]
                ],
                "type": "Polygon"
            },
            "properties": {
                "fill": "#CC3F70",
                "fill-opacity": 1,
                "rake": 171.9754,
                "rise": 11.0,
                "sf_moment": 2.86e+18,
                "slip": 5.0992,
                "stroke-width": 1.5,
                "trup": 11.0,
                "x==ew": -1.3174,
                "y==ns": 34.9755
            },
            "type": "Feature"
        },
        {
            "geometry": {
                "coordinates": [
                    [
                        [
                            95.9842,
                            22.3502,
                            2771.89685
                        ],
                        [
                            95.9825,
                            22.3952,
                            2771.89685
                        ],
                        [
                            95.9886,
                            22.3954,
                            7228.10315
                        ],
                        [
                            95.9903,
                            22.3504,
                            7228.10315
                        ],
                        [
                            95.9842,
                            22.3502,
                            2771.89685
                        ]
                    ]
                ],
                "type": "Polygon"
            },
            "properties": {
                "fill": "#E44F63",
                "fill-opacity": 1,
                "rake": 176.9468,
                "rise": 11.0,
                "sf_moment": 2.57e+18,
                "slip": 4.5813,
                "stroke-width": 1.5,
                "trup": 12.6,
                "x==ew": -1.5056,
                "y==ns": 39.972
            },
            "type": "Feature"
        },
        {
            "geometry": {
                "coordinates": [
                    [
                        [
                            95.9826,
                            22.3951,
                            2771.89685
                        ],
                        [
                            95.9809,
                            22.4401,
                            2771.89685
                        ],
                        [
                            95.987,
                            22.4403,
                            7228.10315
                        ],
                        [
                            95.9887,
                            22.3953,
                            7228.10315
                        ],
                        [
                            95.9826,
                            22.3951,
                            2771.89685
                        ]
                    ]
                ],
                "type": "Polygon"
            },
            "properties": {
                "fill": "#F7725C",
                "fill-opacity": 1,
                "rake": 168.4263,
                "rise": 9.5,
                "sf_moment": 2.17e+18,
                "slip": 3.8782,
                "stroke-width": 1.5,
                "trup": 13.8,
                "x==ew": -1.6938,
                "y==ns": 44.9685
            },
            "type": "Feature"
        },
        {
            "geometry": {
                "coordinates": [
                    [
                        [
                            95.9809,
                            22.4401,
                            2771.89685
                        ],
                        [
                            95.9792,
                            22.4851,
                            2771.89685
                        ],
                        [
                            95.9853,
                            22.4853,
                            7228.10315
                        ],
                        [
                            95.987,
                            22.4403,
                            7228.10315
                        ],
                        [
                            95.9809,
                            22.4401,
                            2771.89685
                        ]
                    ]
                ],
                "type": "Polygon"
            },
            "properties": {
                "fill": "#FEC488",
                "fill-opacity": 1,
                "rake": 166.9724,
                "rise": 9.5,
                "sf_moment": 1.41e+18,
                "slip": 2.5184,
                "stroke-width": 1.5,
                "trup": 15.4,
                "x==ew": -1.882,
                "y==ns": 49.965
            },
            "type": "Feature"
        },
        {
            "geometry": {
                "coordinates": [
                    [
                        [
                            95.9792,
                            22.4851,
                            2771.89685
                        ],
                        [
                            95.9775,
                            22.5301,
                            2771.89685
                        ],
                        [
                            95.9836,
                            22.5303,
                            7228.10315
                        ],
                        [
                            95.9853,
                            22.4853,
                            7228.10315
                        ],
                        [
                            95.9792,
                            22.4851,
                            2771.89685
                        ]
                    ]
                ],
                "type": "Polygon"
            },
            "properties": {
                "fill": "#FECE91",
                "fill-opacity": 1,
                "rake": 166.3528,
                "rise": 9.5,
                "sf_moment": 1.32e+18,
                "slip": 2.3636,
                "stroke-width": 1.5,
                "trup": 17.2,
                "x==ew": -2.0702,
                "y==ns": 54.9615
            },
            "type": "Feature"
        },
        {
            "geometry": {
                "coordinates": [
                    [
                        [
                            95.9775,
                            22.53,
                            2771.89685
                        ],
                        [
                            95.9758,
                            22.575,
                            2771.89685
                        ],
                        [
                            95.9819,
                            22.5752,
                            7228.10315
                        ],
                        [
                            95.9836,
                            22.5302,
                            7228.10315
                        ],
                        [
                            95.9775,
                            22.53,
                            2771.89685
                        ]
                    ]
                ],
                "type": "Polygon"
            },
            "properties": {
                "fill": "#FDD99B",
                "fill-opacity": 1,
                "rake": 170.8432,
                "rise": 8.0,
                "sf_moment": 1.21e+18,
                "slip": 2.1636,
                "stroke-width": 1.5,
                "trup": 18.2,
                "x==ew": -2.2584,
                "y==ns": 59.9581
            },
            "type": "Feature"
        },
        {
            "geometry": {
                "coordinates": [
                    [
                        [
                            95.9758,
                            22.575,
                            2771.89685
                        ],
                        [
                            95.9741,
                            22.62,
                            2771.89685
                        ],
                        [
                            95.9802,
                            22.6202,
                            7228.10315
                        ],
                        [
                            95.9819,
                            22.5752,
                            7228.10315
                        ],
                        [
                            95.9758,
                            22.575,
                            2771.89685
                        ]
                    ]
                ],
                "type": "Polygon"
            },
            "properties": {
                "fill": "#FEC387",
                "fill-opacity": 1,
                "rake": 165.3354,
                "rise": 6.5,
                "sf_moment": 1.43e+18,
                "slip": 2.547,
                "stroke-width": 1.5,
                "trup": 18.6,
                "x==ew": -2.4466,
                "y==ns": 64.9546
            },
            "type": "Feature"
        },
        {
            "geometry": {
                "coordinates": [
                    [
                        [
                            95.9741,
                            22.62,
                            2771.89685
                        ],
                        [
                            95.9724,
                            22.665,
                            2771.89685
                        ],
                        [
                            95.9785,
                            22.6652,
                            7228.10315
                        ],
                        [
                            95.9802,
                            22.6202,
                            7228.10315
                        ],
                        [
                            95.9741,
                            22.62,
                            2771.89685
                        ]
                    ]
                ],
                "type": "Polygon"
            },
            "properties": {
                "fill": "#FDD99B",
                "fill-opacity": 1,
                "rake": 172.9125,
                "rise": 5.0,
                "sf_moment": 1.22e+18,
                "slip": 2.1776,
                "stroke-width": 1.5,
                "trup": 19.0,
                "x==ew": -2.6348,
                "y==ns": 69.9511
            },
            "type": "Feature"
        },
        {
            "geometry": {
                "coordinates": [
                    [
                        [
                            95.9724,
                            22.6649,
                            2771.89685
                        ],
                        [
                            95.9707,
                            22.7099,
                            2771.89685
                        ],
                        [
                            95.9768,
                            22.7101,
                            7228.10315
                        ],
                        [
                            95.9785,
                            22.6651,
                            7228.10315
                        ],
                        [
                            95.9724,
                            22.6649,
                            2771.89685
                        ]
                    ]
                ],
                "type": "Polygon"
            },
            "properties": {
                "fill": "#FCF8BA",
                "fill-opacity": 1,
                "rake": 165.4769,
                "rise": 2.0,
                "sf_moment": 9.11e+17,
                "slip": 1.6268,
                "stroke-width": 1.5,
                "trup": 18.8,
                "x==ew": -2.823,
                "y==ns": 74.9476
            },
            "type": "Feature"
        },
        {
            "geometry": {
                "coordinates": [
                    [
                        [
                            95.9707,
                            22.7099,
                            2771.89685
                        ],
                        [
                            95.969,
                            22.7549,
                            2771.89685
                        ],
                        [
                            95.9751,
                            22.7551,
                            7228.10315
                        ],
                        [
                            95.9768,
                            22.7101,
                            7228.10315
                        ],
                        [
                            95.9707,
                            22.7099,
                            2771.89685
                        ]
                    ]
                ],
                "type": "Polygon"
            },
            "properties": {
                "fill": "#FEF9F9",
                "fill-opacity": 1,
                "rake": 179.3383,
                "rise": 9.5,
                "sf_moment": 2.8e+16,
                "slip": 0.05,
                "stroke-width": 1.5,
                "trup": 19.6,
                "x==ew": -3.0112,
                "y==ns": 79.9441
            },
            "type": "Feature"
        },
        {
            "geometry": {
                "coordinates": [
                    [
                        [
                            96.0428,
                            20.9563,
                            7228.09685
                        ],
                        [
                            96.0411,
                            21.0013,
                            7228.09685
                        ],
                        [
                            96.0472,
                            21.0015,
                            11684.30315
                        ],
                        [
                            96.0489,
                            20.9565,
                            11684.30315
                        ],
                        [
                            96.0428,
                            20.9563,
                            7228.09685
                        ]
                    ]
                ],
                "type": "Polygon"
            },
            "properties": {
                "fill": "#FC9064",
                "fill-opacity": 1,
                "rake": 192.1625,
                "rise": 2.0,
                "sf_moment": 2.51e+18,
                "slip": 3.376,
                "stroke-width": 1.5,
                "trup": 23.4176,
                "x==ew": 5.0037,
                "y==ns": -114.8977
            },
            "type": "Feature"
        },
        {
            "geometry": {
                "coordinates": [
                    [
                        [
                            96.0411,
                            21.0013,
                            7228.09685
                        ],
                        [
                            96.0394,
                            21.0463,
                            7228.09685
                        ],
                        [
                            96.0455,
                            21.0465,
                            11684.30315
                        ],
                        [
                            96.0472,
                            21.0015,
                            11684.30315
                        ],
                        [
                            96.0411,
                            21.0013,
                            7228.09685
                        ]
                    ]
                ],
                "type": "Polygon"
            },
            "properties": {
                "fill": "#FD9969",
                "fill-opacity": 1,
                "rake": 185.7303,
                "rise": 3.5,
                "sf_moment": 2.44e+18,
                "slip": 3.2792,
                "stroke-width": 1.5,
                "trup": 25.2184,
                "x==ew": 4.8155,
                "y==ns": -109.9012
            },
            "type": "Feature"
        },
        {
            "geometry": {
                "coordinates": [
                    [
                        [
                            96.0394,
                            21.0462,
                            7228.09685
                        ],
                        [
                            96.0377,
                            21.0912,
                            7228.09685
                        ],
                        [
                            96.0438,
                            21.0914,
                            11684.30315
                        ],
                        [
                            96.0455,
                            21.0464,
                            11684.30315
                        ],
                        [
                            96.0394,
                            21.0462,
                            7228.09685
                        ]
                    ]
                ],
                "type": "Polygon"
            },
            "properties": {
                "fill": "#FD9B6B",
                "fill-opacity": 1,
                "rake": 193.1528,
                "rise": 15.5,
                "sf_moment": 2.38e+18,
                "slip": 3.2052,
                "stroke-width": 1.5,
                "trup": 27.4193,
                "x==ew": 4.6273,
                "y==ns": -104.9047
            },
            "type": "Feature"
        },
        {
            "geometry": {
                "coordinates": [
                    [
                        [
                            96.0378,
                            21.0912,
                            7228.09685
                        ],
                        [
                            96.0361,
                            21.1362,
                            7228.09685
                        ],
                        [
                            96.0422,
                            21.1364,
                            11684.30315
                        ],
                        [
                            96.0439,
                            21.0914,
                            11684.30315
                        ],
                        [
                            96.0378,
                            21.0912,
                            7228.09685
                        ]
                    ]
                ],
                "type": "Polygon"
            },
            "properties": {
                "fill": "#FB835F",
                "fill-opacity": 1,
                "rake": 195.5721,
                "rise": 15.5,
                "sf_moment": 2.69e+18,
                "slip": 3.617,
                "stroke-width": 1.5,
                "trup": 27.0202,
                "x==ew": 4.4391,
                "y==ns": -99.9082
            },
            "type": "Feature"
        },
        {
            "geometry": {
                "coordinates": [
                    [
                        [
                            96.0361,
                            21.1362,
                            7228.09685
                        ],
                        [
                            96.0344,
                            21.1812,
                            7228.09685
                        ],
                        [
                            96.0405,
                            21.1814,
                            11684.30315
                        ],
                        [
                            96.0422,
                            21.1364,
                            11684.30315
                        ],
                        [
                            96.0361,
                            21.1362,
                            7228.09685
                        ]
                    ]
                ],
                "type": "Polygon"
            },
            "properties": {
                "fill": "#FA825F",
                "fill-opacity": 1,
                "rake": 185.3926,
                "rise": 6.5,
                "sf_moment": 2.71e+18,
                "slip": 3.6417,
                "stroke-width": 1.5,
                "trup": 24.4213,
                "x==ew": 4.2509,
                "y==ns": -94.9117
            },
            "type": "Feature"
        },
        {
            "geometry": {
                "coordinates": [
                    [
                        [
                            96.0344,
                            21.1812,
                            7228.09685
                        ],
                        [
                            96.0327,
                            21.2262,
                            7228.09685
                        ],
                        [
                            96.0388,
                            21.2264,
                            11684.30315
                        ],
                        [
                            96.0405,
                            21.1814,
                            11684.30315
                        ],
                        [
                            96.0344,
                            21.1812,
                            7228.09685
                        ]
                    ]
                ],
                "type": "Polygon"
            },
            "properties": {
                "fill": "#F4695C",
                "fill-opacity": 1,
                "rake": 189.9711,
                "rise": 12.5,
                "sf_moment": 3.02e+18,
                "slip": 4.0607,
                "stroke-width": 1.5,
                "trup": 21.2225,
                "x==ew": 4.0627,
                "y==ns": -89.9152
            },
            "type": "Feature"
        },
        {
            "geometry": {
                "coordinates": [
                    [
                        [
                            96.0327,
                            21.2261,
                            7228.09685
                        ],
                        [
                            96.031,
                            21.2711,
                            7228.09685
                        ],
                        [
                            96.0371,
                            21.2713,
                            11684.30315
                        ],
                        [
                            96.0388,
                            21.2263,
                            11684.30315
                        ],
                        [
                            96.0327,
                            21.2261,
                            7228.09685
                        ]
                    ]
                ],
                "type": "Polygon"
            },
            "properties": {
                "fill": "#F7725C",
                "fill-opacity": 1,
                "rake": 186.0114,
                "rise": 3.5,
                "sf_moment": 2.9e+18,
                "slip": 3.9057,
                "stroke-width": 1.5,
                "trup": 19.0238,
                "x==ew": 3.8745,
                "y==ns": -84.9187
            },
            "type": "Feature"
        },
        {
            "geometry": {
                "coordinates": [
                    [
                        [
                            96.031,
                            21.2711,
                            7228.09685
                        ],
                        [
                            96.0293,
                            21.3161,
                            7228.09685
                        ],
                        [
                            96.0354,
                            21.3163,
                            11684.30315
                        ],
                        [
                            96.0371,
                            21.2713,
                            11684.30315
                        ],
                        [
                            96.031,
                            21.2711,
                            7228.09685
                        ]
                    ]
                ],
                "type": "Polygon"
            },
            "properties": {
                "fill": "#FC8E64",
                "fill-opacity": 1,
                "rake": 181.9963,
                "rise": 8.0,
                "sf_moment": 2.55e+18,
                "slip": 3.4285,
                "stroke-width": 1.5,
                "trup": 17.0253,
                "x==ew": 3.6863,
                "y==ns": -79.9222
            },
            "type": "Feature"
        },
        {
            "geometry": {
                "coordinates": [
                    [
                        [
                            96.0293,
                            21.3161,
                            7228.09685
                        ],
                        [
                            96.0276,
                            21.3611,
                            7228.09685
                        ],
                        [
                            96.0337,
                            21.3613,
                            11684.30315
                        ],
                        [
                            96.0354,
                            21.3163,
                            11684.30315
                        ],
                        [
                            96.0293,
                            21.3161,
                            7228.09685
                        ]
                    ]
                ],
                "type": "Polygon"
            },
            "properties": {
                "fill": "#FEA973",
                "fill-opacity": 1,
                "rake": 200.5011,
                "rise": 17.0,
                "sf_moment": 2.22e+18,
                "slip": 2.9888,
                "stroke-width": 1.5,
                "trup": 16.227,
                "x==ew": 3.4981,
                "y==ns": -74.9257
            },
            "type": "Feature"
        },
        {
            "geometry": {
                "coordinates": [
                    [
                        [
                            96.0276,
                            21.361,
                            7228.09685
                        ],
                        [
                            96.0259,
                            21.406,
                            7228.09685
                        ],
                        [
                            96.032,
                            21.4062,
                            11684.30315
                        ],
                        [
                            96.0337,
                            21.3612,
                            11684.30315
                        ],
                        [
                            96.0276,
                            21.361,
                            7228.09685
                        ]
                    ]
                ],
                "type": "Polygon"
            },
            "properties": {
                "fill": "#FEC387",
                "fill-opacity": 1,
                "rake": 203.3481,
                "rise": 17.0,
                "sf_moment": 1.89e+18,
                "slip": 2.5396,
                "stroke-width": 1.5,
                "trup": 15.4289,
                "x==ew": 3.3099,
                "y==ns": -69.9292
            },
            "type": "Feature"
        },
        {
            "geometry": {
                "coordinates": [
                    [
                        [
                            96.0259,
                            21.406,
                            7228.09685
                        ],
                        [
                            96.0242,
                            21.451,
                            7228.09685
                        ],
                        [
                            96.0303,
                            21.4512,
                            11684.30315
                        ],
                        [
                            96.032,
                            21.4062,
                            11684.30315
                        ],
                        [
                            96.0259,
                            21.406,
                            7228.09685
                        ]
                    ]
                ],
                "type": "Polygon"
            },
            "properties": {
                "fill": "#FD9969",
                "fill-opacity": 1,
                "rake": 198.0644,
                "rise": 3.5,
                "sf_moment": 2.44e+18,
                "slip": 3.2787,
                "stroke-width": 1.5,
                "trup": 13.2311,
                "x==ew": 3.1217,
                "y==ns": -64.9327
            },
            "type": "Feature"
        },
        {
            "geometry": {
                "coordinates": [
                    [
                        [
                            96.0242,
                            21.451,
                            7228.09685
                        ],
                        [
                            96.0225,
                            21.496,
                            7228.09685
                        ],
                        [
                            96.0286,
                            21.4962,
                            11684.30315
                        ],
                        [
                            96.0303,
                            21.4512,
                            11684.30315
                        ],
                        [
                            96.0242,
                            21.451,
                            7228.09685
                        ]
                    ]
                ],
                "type": "Polygon"
            },
            "properties": {
                "fill": "#F9795D",
                "fill-opacity": 1,
                "rake": 175.7696,
                "rise": 9.5,
                "sf_moment": 2.81e+18,
                "slip": 3.7737,
                "stroke-width": 1.5,
                "trup": 12.0337,
                "x==ew": 2.9335,
                "y==ns": -59.9362
            },
            "type": "Feature"
        },
        {
            "geometry": {
                "coordinates": [
                    [
                        [
                            96.0225,
                            21.4959,
                            7228.09685
                        ],
                        [
                            96.0208,
                            21.5409,
                            7228.09685
                        ],
                        [
                            96.0269,
                            21.5411,
                            11684.30315
                        ],
                        [
                            96.0286,
                            21.4961,
                            11684.30315
                        ],
                        [
                            96.0225,
                            21.4959,
                            7228.09685
                        ]
                    ]
                ],
                "type": "Polygon"
            },
            "properties": {
                "fill": "#EE5D5E",
                "fill-opacity": 1,
                "rake": 179.2452,
                "rise": 6.5,
                "sf_moment": 3.17e+18,
                "slip": 4.2594,
                "stroke-width": 1.5,
                "trup": 11.4368,
                "x==ew": 2.7453,
                "y==ns": -54.9397
            },
            "type": "Feature"
        },
        {
            "geometry": {
                "coordinates": [
                    [
                        [
                            96.0208,
                            21.5409,
                            7228.09685
                        ],
                        [
                            96.0191,
                            21.5859,
                            7228.09685
                        ],
                        [
                            96.0252,
                            21.5861,
                            11684.30315
                        ],
                        [
                            96.0269,
                            21.5411,
                            11684.30315
                        ],
                        [
                            96.0208,
                            21.5409,
                            7228.09685
                        ]
                    ]
                ],
                "type": "Polygon"
            },
            "properties": {
                "fill": "#FEAB75",
                "fill-opacity": 1,
                "rake": 186.3211,
                "rise": 3.5,
                "sf_moment": 2.19e+18,
                "slip": 2.9463,
                "stroke-width": 1.5,
                "trup": 11.2404,
                "x==ew": 2.5571,
                "y==ns": -49.9432
            },
            "type": "Feature"
        },
        {
            "geometry": {
                "coordinates": [
                    [
                        [
                            96.0191,
                            21.5859,
                            7228.09685
                        ],
                        [
                            96.0174,
                            21.6309,
                            7228.09685
                        ],
                        [
                            96.0235,
                            21.6311,
                            11684.30315
                        ],
                        [
                            96.0252,
                            21.5861,
                            11684.30315
                        ],
                        [
                            96.0191,
                            21.5859,
                            7228.09685
                        ]
                    ]
                ],
                "type": "Polygon"
            },
            "properties": {
                "fill": "#FEC78B",
                "fill-opacity": 1,
                "rake": 184.8834,
                "rise": 8.0,
                "sf_moment": 1.84e+18,
                "slip": 2.4798,
                "stroke-width": 1.5,
                "trup": 10.6449,
                "x==ew": 2.3689,
                "y==ns": -44.9467
            },
            "type": "Feature"
        },
        {
            "geometry": {
                "coordinates": [
                    [
                        [
                            96.0174,
                            21.6308,
                            7228.09685
                        ],
                        [
                            96.0157,
                            21.6758,
                            7228.09685
                        ],
                        [
                            96.0218,
                            21.676,
                            11684.30315
                        ],
                        [
                            96.0235,
                            21.631,
                            11684.30315
                        ],
                        [
                            96.0174,
                            21.6308,
                            7228.09685
                        ]
                    ]
                ],
                "type": "Polygon"
            },
            "properties": {
                "fill": "#FEA571",
                "fill-opacity": 1,
                "rake": 189.5176,
                "rise": 17.0,
                "sf_moment": 2.26e+18,
                "slip": 3.0353,
                "stroke-width": 1.5,
                "trup": 9.8505,
                "x==ew": 2.1807,
                "y==ns": -39.9502
            },
            "type": "Feature"
        },
        {
            "geometry": {
                "coordinates": [
                    [
                        [
                            96.0157,
                            21.6758,
                            7228.09685
                        ],
                        [
                            96.014,
                            21.7208,
                            7228.09685
                        ],
                        [
                            96.0201,
                            21.721,
                            11684.30315
                        ],
                        [
                            96.0218,
                            21.676,
                            11684.30315
                        ],
                        [
                            96.0157,
                            21.6758,
                            7228.09685
                        ]
                    ]
                ],
                "type": "Polygon"
            },
            "properties": {
                "fill": "#FEAD76",
                "fill-opacity": 1,
                "rake": 184.14,
                "rise": 15.5,
                "sf_moment": 2.18e+18,
                "slip": 2.9335,
                "stroke-width": 1.5,
                "trup": 9.0576,
                "x==ew": 1.9925,
                "y==ns": -34.9537
            },
            "type": "Feature"
        },
        {
            "geometry": {
                "coordinates": [
                    [
                        [
                            96.014,
                            21.7208,
                            7228.09685
                        ],
                        [
                            96.0123,
                            21.7658,
                            7228.09685
                        ],
                        [
                            96.0184,
                            21.766,
                            11684.30315
                        ],
                        [
                            96.0201,
                            21.721,
                            11684.30315
                        ],
                        [
                            96.014,
                            21.7208,
                            7228.09685
                        ]
                    ]
                ],
                "type": "Polygon"
            },
            "properties": {
                "fill": "#FC8961",
                "fill-opacity": 1,
                "rake": 200.0231,
                "rise": 9.5,
                "sf_moment": 2.61e+18,
                "slip": 3.5112,
                "stroke-width": 1.5,
                "trup": 7.0671,
                "x==ew": 1.8043,
                "y==ns": -29.9572
            },
            "type": "Feature"
        },
        {
            "geometry": {
                "coordinates": [
                    [
                        [
                            96.0123,
                            21.7658,
                            7228.09685
                        ],
                        [
                            96.0106,
                            21.8108,
                            7228.09685
                        ],
                        [
                            96.0167,
                            21.811,
                            11684.30315
                        ],
                        [
                            96.0184,
                            21.766,
                            11684.30315
                        ],
                        [
                            96.0123,
                            21.7658,
                            7228.09685
                        ]
                    ]
                ],
                "type": "Polygon"
            },
            "properties": {
                "fill": "#F66C5C",
                "fill-opacity": 1,
                "rake": 203.3929,
                "rise": 2.0,
                "sf_moment": 2.95e+18,
                "slip": 3.9704,
                "stroke-width": 1.5,
                "trup": 5.0804,
                "x==ew": 1.6161,
                "y==ns": -24.9607
            },
            "type": "Feature"
        },
        {
            "geometry": {
                "coordinates": [
                    [
                        [
                            96.0107,
                            21.8107,
                            7228.09685
                        ],
                        [
                            96.009,
                            21.8557,
                            7228.09685
                        ],
                        [
                            96.0151,
                            21.8559,
                            11684.30315
                        ],
                        [
                            96.0168,
                            21.8109,
                            11684.30315
                        ],
                        [
                            96.0107,
                            21.8107,
                            7228.09685
                        ]
                    ]
                ],
                "type": "Polygon"
            },
            "properties": {
                "fill": "#FA825F",
                "fill-opacity": 1,
                "rake": 195.3243,
                "rise": 14.0,
                "sf_moment": 2.71e+18,
                "slip": 3.6476,
                "stroke-width": 1.5,
                "trup": 4.9,
                "x==ew": 1.4279,
                "y==ns": -19.9642
            },
            "type": "Feature"
        },
        {
            "geometry": {
                "coordinates": [
                    [
                        [
                            96.009,
                            21.8557,
                            7228.09685
                        ],
                        [
                            96.0073,
                            21.9007,
                            7228.09685
                        ],
                        [
                            96.0134,
                            21.9009,
                            11684.30315
                        ],
                        [
                            96.0151,
                            21.8559,
                            11684.30315
                        ],
                        [
                            96.009,
                            21.8557,
                            7228.09685
                        ]
                    ]
                ],
                "type": "Polygon"
            },
            "properties": {
                "fill": "#F3675C",
                "fill-opacity": 1,
                "rake": 189.5178,
                "rise": 17.0,
                "sf_moment": 3.02e+18,
                "slip": 4.0659,
                "stroke-width": 1.5,
                "trup": 4.1321,
                "x==ew": 1.2397,
                "y==ns": -14.9677
            },
            "type": "Feature"
        },
        {
            "geometry": {
                "coordinates": [
                    [
                        [
                            96.0073,
                            21.9007,
                            7228.09685
                        ],
                        [
                            96.0056,
                            21.9457,
                            7228.09685
                        ],
                        [
                            96.0117,
                            21.9459,
                            11684.30315
                        ],
                        [
                            96.0134,
                            21.9009,
                            11684.30315
                        ],
                        [
                            96.0073,
                            21.9007,
                            7228.09685
                        ]
                    ]
                ],
                "type": "Polygon"
            },
            "properties": {
                "fill": "#FD9B6B",
                "fill-opacity": 1,
                "rake": 204.3131,
                "rise": 3.5,
                "sf_moment": 2.39e+18,
                "slip": 3.2187,
                "stroke-width": 1.5,
                "trup": 2.5932,
                "x==ew": 1.0515,
                "y==ns": -9.9712
            },
            "type": "Feature"
        },
        {
            "geometry": {
                "coordinates": [
                    [
                        [
                            96.0056,
                            21.9456,
                            7228.09685
                        ],
                        [
                            96.0039,
                            21.9906,
                            7228.09685
                        ],
                        [
                            96.01,
                            21.9908,
                            11684.30315
                        ],
                        [
                            96.0117,
                            21.9458,
                            11684.30315
                        ],
                        [
                            96.0056,
                            21.9456,
                            7228.09685
                        ]
                    ]
                ],
                "type": "Polygon"
            },
            "properties": {
                "fill": "#FDDD9F",
                "fill-opacity": 1,
                "rake": 175.0252,
                "rise": 12.5,
                "sf_moment": 1.56e+18,
                "slip": 2.0958,
                "stroke-width": 1.5,
                "trup": 1.9454,
                "x==ew": 0.8633,
                "y==ns": -4.9746
            },
            "type": "Feature"
        },
        {
            "geometry": {
                "coordinates": [
                    [
                        [
                            96.0039,
                            21.9906,
                            7228.09685
                        ],
                        [
                            96.0022,
                            22.0356,
                            7228.09685
                        ],
                        [
                            96.0083,
                            22.0358,
                            11684.30315
                        ],
                        [
                            96.01,
                            21.9908,
                            11684.30315
                        ],
                        [
                            96.0039,
                            21.9906,
                            7228.09685
                        ]
                    ]
                ],
                "type": "Polygon"
            },
            "properties": {
                "fill": "#FEB57B",
                "fill-opacity": 1,
                "rake": 180.3845,
                "rise": 15.5,
                "sf_moment": 2.08e+18,
                "slip": 2.7966,
                "stroke-width": 1.5,
                "trup": 0.9,
                "x==ew": 0.6751,
                "y==ns": 0.0219
            },
            "type": "Feature"
        },
        {
            "geometry": {
                "coordinates": [
                    [
                        [
                            96.0022,
                            22.0356,
                            7228.09685
                        ],
                        [
                            96.0005,
                            22.0806,
                            7228.09685
                        ],
                        [
                            96.0066,
                            22.0808,
                            11684.30315
                        ],
                        [
                            96.0083,
                            22.0358,
                            11684.30315
                        ],
                        [
                            96.0022,
                            22.0356,
                            7228.09685
                        ]
                    ]
                ],
                "type": "Polygon"
            },
            "properties": {
                "fill": "#FECB8E",
                "fill-opacity": 1,
                "rake": 202.388,
                "rise": 2.0,
                "sf_moment": 1.8e+18,
                "slip": 2.4181,
                "stroke-width": 1.5,
                "trup": 1.5454,
                "x==ew": 0.4869,
                "y==ns": 5.0184
            },
            "type": "Feature"
        },
        {
            "geometry": {
                "coordinates": [
                    [
                        [
                            96.0005,
                            22.0805,
                            7228.09685
                        ],
                        [
                            95.9988,
                            22.1255,
                            7228.09685
                        ],
                        [
                            96.0049,
                            22.1257,
                            11684.30315
                        ],
                        [
                            96.0066,
                            22.0807,
                            11684.30315
                        ],
                        [
                            96.0005,
                            22.0805,
                            7228.09685
                        ]
                    ]
                ],
                "type": "Polygon"
            },
            "properties": {
                "fill": "#FDE2A4",
                "fill-opacity": 1,
                "rake": 198.0667,
                "rise": 17.0,
                "sf_moment": 1.5e+18,
                "slip": 2.0146,
                "stroke-width": 1.5,
                "trup": 3.5932,
                "x==ew": 0.2986,
                "y==ns": 10.0149
            },
            "type": "Feature"
        },
        {
            "geometry": {
                "coordinates": [
                    [
                        [
                            95.9988,
                            22.1255,
                            7228.09685
                        ],
                        [
                            95.9971,
                            22.1705,
                            7228.09685
                        ],
                        [
                            96.0032,
                            22.1707,
                            11684.30315
                        ],
                        [
                            96.0049,
                            22.1257,
                            11684.30315
                        ],
                        [
                            95.9988,
                            22.1255,
                            7228.09685
                        ]
                    ]
                ],
                "type": "Polygon"
            },
            "properties": {
                "fill": "#FECD90",
                "fill-opacity": 1,
                "rake": 204.2276,
                "rise": 15.5,
                "sf_moment": 1.77e+18,
                "slip": 2.3808,
                "stroke-width": 1.5,
                "trup": 4.9321,
                "x==ew": 0.1104,
                "y==ns": 15.0114
            },
            "type": "Feature"
        },
        {
            "geometry": {
                "coordinates": [
                    [
                        [
                            95.9971,
                            22.1705,
                            7228.09685
                        ],
                        [
                            95.9954,
                            22.2155,
                            7228.09685
                        ],
                        [
                            96.0015,
                            22.2157,
                            11684.30315
                        ],
                        [
                            96.0032,
                            22.1707,
                            11684.30315
                        ],
                        [
                            95.9971,
                            22.1705,
                            7228.09685
                        ]
                    ]
                ],
                "type": "Polygon"
            },
            "properties": {
                "fill": "#FC8961",
                "fill-opacity": 1,
                "rake": 204.999,
                "rise": 9.5,
                "sf_moment": 2.61e+18,
                "slip": 3.5091,
                "stroke-width": 1.5,
                "trup": 6.7,
                "x==ew": -0.0778,
                "y==ns": 20.0079
            },
            "type": "Feature"
        },
        {
            "geometry": {
                "coordinates": [
                    [
                        [
                            95.9954,
                            22.2154,
                            7228.09685
                        ],
                        [
                            95.9937,
                            22.2604,
                            7228.09685
                        ],
                        [
                            95.9998,
                            22.2606,
                            11684.30315
                        ],
                        [
                            96.0015,
                            22.2156,
                            11684.30315
                        ],
                        [
                            95.9954,
                            22.2154,
                            7228.09685
                        ]
                    ]
                ],
                "type": "Polygon"
            },
            "properties": {
                "fill": "#F9785D",
                "fill-opacity": 1,
                "rake": 196.0158,
                "rise": 17.0,
                "sf_moment": 2.83e+18,
                "slip": 3.8033,
                "stroke-width": 1.5,
                "trup": 8.2804,
                "x==ew": -0.266,
                "y==ns": 25.0044
            },
            "type": "Feature"
        },
        {
            "geometry": {
                "coordinates": [
                    [
                        [
                            95.9937,
                            22.2604,
                            7228.09685
                        ],
                        [
                            95.992,
                            22.3054,
                            7228.09685
                        ],
                        [
                            95.9981,
                            22.3056,
                            11684.30315
                        ],
                        [
                            95.9998,
                            22.2606,
                            11684.30315
                        ],
                        [
                            95.9937,
                            22.2604,
                            7228.09685
                        ]
                    ]
                ],
                "type": "Polygon"
            },
            "properties": {
                "fill": "#E95560",
                "fill-opacity": 1,
                "rake": 187.7864,
                "rise": 15.5,
                "sf_moment": 3.29e+18,
                "slip": 4.4299,
                "stroke-width": 1.5,
                "trup": 9.8671,
                "x==ew": -0.4542,
                "y==ns": 30.0009
            },
            "type": "Feature"
        },
        {
            "geometry": {
                "coordinates": [
                    [
                        [
                            95.992,
                            22.3054,
                            7228.09685
                        ],
                        [
                            95.9903,
                            22.3504,
                            7228.09685
                        ],
                        [
                            95.9964,
                            22.3506,
                            11684.30315
                        ],
                        [
                            95.9981,
                            22.3056,
                            11684.30315
                        ],
                        [
                            95.992,
                            22.3054,
                            7228.09685
                        ]
                    ]
                ],
                "type": "Polygon"
            },
            "properties": {
                "fill": "#CC3F70",
                "fill-opacity": 1,
                "rake": 186.2393,
                "rise": 11.0,
                "sf_moment": 3.8e+18,
                "slip": 5.1136,
                "stroke-width": 1.5,
                "trup": 11.4576,
                "x==ew": -0.6424,
                "y==ns": 34.9974
            },
            "type": "Feature"
        },
        {
            "geometry": {
                "coordinates": [
                    [
                        [
                            95.9903,
                            22.3503,
                            7228.09685
                        ],
                        [
                            95.9886,
                            22.3953,
                            7228.09685
                        ],
                        [
                            95.9947,
                            22.3955,
                            11684.30315
                        ],
                        [
                            95.9964,
                            22.3505,
                            11684.30315
                        ],
                        [
                            95.9903,
                            22.3503,
                            7228.09685
                        ]
                    ]
                ],
                "type": "Polygon"
            },
            "properties": {
                "fill": "#D6456C",
                "fill-opacity": 1,
                "rake": 184.8702,
                "rise": 12.5,
                "sf_moment": 3.65e+18,
                "slip": 4.9026,
                "stroke-width": 1.5,
                "trup": 13.0505,
                "x==ew": -0.8306,
                "y==ns": 39.9939
            },
            "type": "Feature"
        },
        {
            "geometry": {
                "coordinates": [
                    [
                        [
                            95.9886,
                            22.3953,
                            7228.09685
                        ],
                        [
                            95.9869,
                            22.4403,
                            7228.09685
                        ],
                        [
                            95.993,
                            22.4405,
                            11684.30315
                        ],
                        [
                            95.9947,
                            22.3955,
                            11684.30315
                        ],
                        [
                            95.9886,
                            22.3953,
                            7228.09685
                        ]
                    ]
                ],
                "type": "Polygon"
            },
            "properties": {
                "fill": "#DE4968",
                "fill-opacity": 1,
                "rake": 176.5143,
                "rise": 11.0,
                "sf_moment": 3.53e+18,
                "slip": 4.7443,
                "stroke-width": 1.5,
                "trup": 14.4449,
                "x==ew": -1.0188,
                "y==ns": 44.9904
            },
            "type": "Feature"
        },
        {
            "geometry": {
                "coordinates": [
                    [
                        [
                            95.9869,
                            22.4403,
                            7228.09685
                        ],
                        [
                            95.9852,
                            22.4853,
                            7228.09685
                        ],
                        [
                            95.9913,
                            22.4855,
                            11684.30315
                        ],
                        [
                            95.993,
                            22.4405,
                            11684.30315
                        ],
                        [
                            95.9869,
                            22.4403,
                            7228.09685
                        ]
                    ]
                ],
                "type": "Polygon"
            },
            "properties": {
                "fill": "#ED5A5E",
                "fill-opacity": 1,
                "rake": 183.8078,
                "rise": 17.0,
                "sf_moment": 3.21e+18,
                "slip": 4.3103,
                "stroke-width": 1.5,
                "trup": 16.2404,
                "x==ew": -1.207,
                "y==ns": 49.9869
            },
            "type": "Feature"
        },
        {
            "geometry": {
                "coordinates": [
                    [
                        [
                            95.9852,
                            22.4853,
                            7228.09685
                        ],
                        [
                            95.9835,
                            22.5303,
                            7228.09685
                        ],
                        [
                            95.9896,
                            22.5305,
                            11684.30315
                        ],
                        [
                            95.9913,
                            22.4855,
                            11684.30315
                        ],
                        [
                            95.9852,
                            22.4853,
                            7228.09685
                        ]
                    ]
                ],
                "type": "Polygon"
            },
            "properties": {
                "fill": "#ED5A5E",
                "fill-opacity": 1,
                "rake": 175.9327,
                "rise": 15.5,
                "sf_moment": 3.2e+18,
                "slip": 4.3057,
                "stroke-width": 1.5,
                "trup": 17.8368,
                "x==ew": -1.3952,
                "y==ns": 54.9834
            },
            "type": "Feature"
        },
        {
            "geometry": {
                "coordinates": [
                    [
                        [
                            95.9835,
                            22.5302,
                            7228.09685
                        ],
                        [
                            95.9818,
                            22.5752,
                            7228.09685
                        ],
                        [
                            95.9879,
                            22.5754,
                            11684.30315
                        ],
                        [
                            95.9896,
                            22.5304,
                            11684.30315
                        ],
                        [
                            95.9835,
                            22.5302,
                            7228.09685
                        ]
                    ]
                ],
                "type": "Polygon"
            },
            "properties": {
                "fill": "#F1605C",
                "fill-opacity": 1,
                "rake": 177.2559,
                "rise": 3.5,
                "sf_moment": 3.13e+18,
                "slip": 4.2098,
                "stroke-width": 1.5,
                "trup": 19.0337,
                "x==ew": -1.5834,
                "y==ns": 59.9799
            },
            "type": "Feature"
        },
        {
            "geometry": {
                "coordinates": [
                    [
                        [
                            95.9819,
                            22.5752,
                            7228.09685
                        ],
                        [
                            95.9802,
                            22.6202,
                            7228.09685
                        ],
                        [
                            95.9863,
                            22.6204,
                            11684.30315
                        ],
                        [
                            95.988,
                            22.5754,
                            11684.30315
                        ],
                        [
                            95.9819,
                            22.5752,
                            7228.09685
                        ]
                    ]
                ],
                "type": "Polygon"
            },
            "properties": {
                "fill": "#F9785D",
                "fill-opacity": 1,
                "rake": 173.4775,
                "rise": 11.0,
                "sf_moment": 2.81e+18,
                "slip": 3.7845,
                "stroke-width": 1.5,
                "trup": 19.6311,
                "x==ew": -1.7716,
                "y==ns": 64.9764
            },
            "type": "Feature"
        },
        {
            "geometry": {
                "coordinates": [
                    [
                        [
                            95.9802,
                            22.6202,
                            7228.09685
                        ],
                        [
                            95.9785,
                            22.6652,
                            7228.09685
                        ],
                        [
                            95.9846,
                            22.6654,
                            11684.30315
                        ],
                        [
                            95.9863,
                            22.6204,
                            11684.30315
                        ],
                        [
                            95.9802,
                            22.6202,
                            7228.09685
                        ]
                    ]
                ],
                "type": "Polygon"
            },
            "properties": {
                "fill": "#FEAB75",
                "fill-opacity": 1,
                "rake": 166.0482,
                "rise": 17.0,
                "sf_moment": 2.2e+18,
                "slip": 2.9542,
                "stroke-width": 1.5,
                "trup": 20.2289,
                "x==ew": -1.9598,
                "y==ns": 69.9729
            },
            "type": "Feature"
        },
        {
            "geometry": {
                "coordinates": [
                    [
                        [
                            95.9785,
                            22.6651,
                            7228.09685
                        ],
                        [
                            95.9768,
                            22.7101,
                            7228.09685
                        ],
                        [
                            95.9829,
                            22.7103,
                            11684.30315
                        ],
                        [
                            95.9846,
                            22.6653,
                            11684.30315
                        ],
                        [
                            95.9785,
                            22.6651,
                            7228.09685
                        ]
                    ]
                ],
                "type": "Polygon"
            },
            "properties": {
                "fill": "#FDDD9F",
                "fill-opacity": 1,
                "rake": 181.8514,
                "rise": 2.0,
                "sf_moment": 1.56e+18,
                "slip": 2.0984,
                "stroke-width": 1.5,
                "trup": 20.627,
                "x==ew": -2.148,
                "y==ns": 74.9694
            },
            "type": "Feature"
        },
        {
            "geometry": {
                "coordinates": [
                    [
                        [
                            95.9768,
                            22.7101,
                            7228.09685
                        ],
                        [
                            95.9751,
                            22.7551,
                            7228.09685
                        ],
                        [
                            95.9812,
                            22.7553,
                            11684.30315
                        ],
                        [
                            95.9829,
                            22.7103,
                            11684.30315
                        ],
                        [
                            95.9768,
                            22.7101,
                            7228.09685
                        ]
                    ]
                ],
                "type": "Polygon"
            },
            "properties": {
                "fill": "#FEF9F9",
                "fill-opacity": 1,
                "rake": 183.3575,
                "rise": 14.0,
                "sf_moment": 1.69e+17,
                "slip": 0.2275,
                "stroke-width": 1.5,
                "trup": 21.2253,
                "x==ew": -2.3362,
                "y==ns": 79.9659
            },
            "type": "Feature"
        },
        {
            "geometry": {
                "coordinates": [
                    [
                        [
                            96.0489,
                            20.9565,
                            11684.29685
                        ],
                        [
                            96.0472,
                            21.0015,
                            11684.29685
                        ],
                        [
                            96.0533,
                            21.0017,
                            16140.50315
                        ],
                        [
                            96.055,
                            20.9567,
                            16140.50315
                        ],
                        [
                            96.0489,
                            20.9565,
                            11684.29685
                        ]
                    ]
                ],
                "type": "Polygon"
            },
            "properties": {
                "fill": "#FCFCC4",
                "fill-opacity": 1,
                "rake": 177.4232,
                "rise": 3.5,
                "sf_moment": 1.1e+18,
                "slip": 1.4796,
                "stroke-width": 1.5,
                "trup": 26.6703,
                "x==ew": 5.6788,
                "y==ns": -114.8759
            },
            "type": "Feature"
        },
        {
            "geometry": {
                "coordinates": [
                    [
                        [
                            96.0472,
                            21.0015,
                            11684.29685
                        ],
                        [
                            96.0455,
                            21.0465,
                            11684.29685
                        ],
                        [
                            96.0516,
                            21.0467,
                            16140.50315
                        ],
                        [
                            96.0533,
                            21.0017,
                            16140.50315
                        ],
                        [
                            96.0472,
                            21.0015,
                            11684.29685
                        ]
                    ]
                ],
                "type": "Polygon"
            },
            "properties": {
                "fill": "#FEF9F3",
                "fill-opacity": 1,
                "rake": 188.6483,
                "rise": 3.5,
                "sf_moment": 6.48e+17,
                "slip": 0.8708,
                "stroke-width": 1.5,
                "trup": 26.8735,
                "x==ew": 5.4905,
                "y==ns": -109.8794
            },
            "type": "Feature"
        },
        {
            "geometry": {
                "coordinates": [
                    [
                        [
                            96.0455,
                            21.0464,
                            11684.29685
                        ],
                        [
                            96.0438,
                            21.0914,
                            11684.29685
                        ],
                        [
                            96.0499,
                            21.0916,
                            16140.50315
                        ],
                        [
                            96.0516,
                            21.0466,
                            16140.50315
                        ],
                        [
                            96.0455,
                            21.0464,
                            11684.29685
                        ]
                    ]
                ],
                "type": "Polygon"
            },
            "properties": {
                "fill": "#FDFAE3",
                "fill-opacity": 1,
                "rake": 188.3772,
                "rise": 17.0,
                "sf_moment": 8.08e+17,
                "slip": 1.0867,
                "stroke-width": 1.5,
                "trup": 28.277,
                "x==ew": 5.3023,
                "y==ns": -104.8829
            },
            "type": "Feature"
        },
        {
            "geometry": {
                "coordinates": [
                    [
                        [
                            96.0438,
                            21.0914,
                            11684.29685
                        ],
                        [
                            96.0421,
                            21.1364,
                            11684.29685
                        ],
                        [
                            96.0482,
                            21.1366,
                            16140.50315
                        ],
                        [
                            96.0499,
                            21.0916,
                            16140.50315
                        ],
                        [
                            96.0438,
                            21.0914,
                            11684.29685
                        ]
                    ]
                ],
                "type": "Polygon"
            },
            "properties": {
                "fill": "#FCFCCD",
                "fill-opacity": 1,
                "rake": 181.6655,
                "rise": 3.5,
                "sf_moment": 1.01e+18,
                "slip": 1.3599,
                "stroke-width": 1.5,
                "trup": 27.8808,
                "x==ew": 5.1141,
                "y==ns": -99.8864
            },
            "type": "Feature"
        },
        {
            "geometry": {
                "coordinates": [
                    [
                        [
                            96.0421,
                            21.1364,
                            11684.29685
                        ],
                        [
                            96.0404,
                            21.1814,
                            11684.29685
                        ],
                        [
                            96.0465,
                            21.1816,
                            16140.50315
                        ],
                        [
                            96.0482,
                            21.1366,
                            16140.50315
                        ],
                        [
                            96.0421,
                            21.1364,
                            11684.29685
                        ]
                    ]
                ],
                "type": "Polygon"
            },
            "properties": {
                "fill": "#FCFCBE",
                "fill-opacity": 1,
                "rake": 194.0377,
                "rise": 9.5,
                "sf_moment": 1.17e+18,
                "slip": 1.5735,
                "stroke-width": 1.5,
                "trup": 24.8851,
                "x==ew": 4.9259,
                "y==ns": -94.8899
            },
            "type": "Feature"
        },
        {
            "geometry": {
                "coordinates": [
                    [
                        [
                            96.0404,
                            21.1814,
                            11684.29685
                        ],
                        [
                            96.0387,
                            21.2264,
                            11684.29685
                        ],
                        [
                            96.0448,
                            21.2266,
                            16140.50315
                        ],
                        [
                            96.0465,
                            21.1816,
                            16140.50315
                        ],
                        [
                            96.0404,
                            21.1814,
                            11684.29685
                        ]
                    ]
                ],
                "type": "Polygon"
            },
            "properties": {
                "fill": "#FED294",
                "fill-opacity": 1,
                "rake": 187.2969,
                "rise": 2.0,
                "sf_moment": 1.7e+18,
                "slip": 2.2887,
                "stroke-width": 1.5,
                "trup": 20.8898,
                "x==ew": 4.7377,
                "y==ns": -89.8934
            },
            "type": "Feature"
        },
        {
            "geometry": {
                "coordinates": [
                    [
                        [
                            96.0387,
                            21.2263,
                            11684.29685
                        ],
                        [
                            96.037,
                            21.2713,
                            11684.29685
                        ],
                        [
                            96.0431,
                            21.2715,
                            16140.50315
                        ],
                        [
                            96.0448,
                            21.2265,
                            16140.50315
                        ],
                        [
                            96.0387,
                            21.2263,
                            11684.29685
                        ]
                    ]
                ],
                "type": "Polygon"
            },
            "properties": {
                "fill": "#FEC387",
                "fill-opacity": 1,
                "rake": 179.031,
                "rise": 5.0,
                "sf_moment": 1.89e+18,
                "slip": 2.543,
                "stroke-width": 1.5,
                "trup": 18.895,
                "x==ew": 4.5495,
                "y==ns": -84.8969
            },
            "type": "Feature"
        },
        {
            "geometry": {
                "coordinates": [
                    [
                        [
                            96.0371,
                            21.2713,
                            11684.29685
                        ],
                        [
                            96.0354,
                            21.3163,
                            11684.29685
                        ],
                        [
                            96.0415,
                            21.3165,
                            16140.50315
                        ],
                        [
                            96.0432,
                            21.2715,
                            16140.50315
                        ],
                        [
                            96.0371,
                            21.2713,
                            11684.29685
                        ]
                    ]
                ],
                "type": "Polygon"
            },
            "properties": {
                "fill": "#FED294",
                "fill-opacity": 1,
                "rake": 182.979,
                "rise": 5.0,
                "sf_moment": 1.72e+18,
                "slip": 2.3088,
                "stroke-width": 1.5,
                "trup": 17.5009,
                "x==ew": 4.3613,
                "y==ns": -79.9004
            },
            "type": "Feature"
        },
        {
            "geometry": {
                "coordinates": [
                    [
                        [
                            96.0354,
                            21.3163,
                            11684.29685
                        ],
                        [
                            96.0337,
                            21.3613,
                            11684.29685
                        ],
                        [
                            96.0398,
                            21.3615,
                            16140.50315
                        ],
                        [
                            96.0415,
                            21.3165,
                            16140.50315
                        ],
                        [
                            96.0354,
                            21.3163,
                            11684.29685
                        ]
                    ]
                ],
                "type": "Polygon"
            },
            "properties": {
                "fill": "#FCFDC1",
                "fill-opacity": 1,
                "rake": 200.6386,
                "rise": 17.0,
                "sf_moment": 1.12e+18,
                "slip": 1.5046,
                "stroke-width": 1.5,
                "trup": 17.1076,
                "x==ew": 4.1731,
                "y==ns": -74.9039
            },
            "type": "Feature"
        },
        {
            "geometry": {
                "coordinates": [
                    [
                        [
                            96.0337,
                            21.3612,
                            11684.29685
                        ],
                        [
                            96.032,
                            21.4062,
                            11684.29685
                        ],
                        [
                            96.0381,
                            21.4064,
                            16140.50315
                        ],
                        [
                            96.0398,
                            21.3614,
                            16140.50315
                        ],
                        [
                            96.0337,
                            21.3612,
                            11684.29685
                        ]
                    ]
                ],
                "type": "Polygon"
            },
            "properties": {
                "fill": "#FEF9F3",
                "fill-opacity": 1,
                "rake": 173.9259,
                "rise": 6.5,
                "sf_moment": 6.3e+17,
                "slip": 0.8466,
                "stroke-width": 1.5,
                "trup": 16.1152,
                "x==ew": 3.9849,
                "y==ns": -69.9074
            },
            "type": "Feature"
        },
        {
            "geometry": {
                "coordinates": [
                    [
                        [
                            96.032,
                            21.4062,
                            11684.29685
                        ],
                        [
                            96.0303,
                            21.4512,
                            11684.29685
                        ],
                        [
                            96.0364,
                            21.4514,
                            16140.50315
                        ],
                        [
                            96.0381,
                            21.4064,
                            16140.50315
                        ],
                        [
                            96.032,
                            21.4062,
                            11684.29685
                        ]
                    ]
                ],
                "type": "Polygon"
            },
            "properties": {
                "fill": "#FDFBDE",
                "fill-opacity": 1,
                "rake": 183.6227,
                "rise": 8.0,
                "sf_moment": 8.4e+17,
                "slip": 1.1294,
                "stroke-width": 1.5,
                "trup": 13.724,
                "x==ew": 3.7967,
                "y==ns": -64.9108
            },
            "type": "Feature"
        },
        {
            "geometry": {
                "coordinates": [
                    [
                        [
                            96.0303,
                            21.4512,
                            11684.29685
                        ],
                        [
                            96.0286,
                            21.4962,
                            11684.29685
                        ],
                        [
                            96.0347,
                            21.4964,
                            16140.50315
                        ],
                        [
                            96.0364,
                            21.4514,
                            16140.50315
                        ],
                        [
                            96.0303,
                            21.4512,
                            11684.29685
                        ]
                    ]
                ],
                "type": "Polygon"
            },
            "properties": {
                "fill": "#FDE8A9",
                "fill-opacity": 1,
                "rake": 168.2456,
                "rise": 11.0,
                "sf_moment": 1.43e+18,
                "slip": 1.9239,
                "stroke-width": 1.5,
                "trup": 12.1342,
                "x==ew": 3.6085,
                "y==ns": -59.9143
            },
            "type": "Feature"
        },
        {
            "geometry": {
                "coordinates": [
                    [
                        [
                            96.0286,
                            21.4961,
                            11684.29685
                        ],
                        [
                            96.0269,
                            21.5411,
                            11684.29685
                        ],
                        [
                            96.033,
                            21.5413,
                            16140.50315
                        ],
                        [
                            96.0347,
                            21.4963,
                            16140.50315
                        ],
                        [
                            96.0286,
                            21.4961,
                            11684.29685
                        ]
                    ]
                ],
                "type": "Polygon"
            },
            "properties": {
                "fill": "#FDE2A4",
                "fill-opacity": 1,
                "rake": 170.7724,
                "rise": 11.0,
                "sf_moment": 1.51e+18,
                "slip": 2.0311,
                "stroke-width": 1.5,
                "trup": 11.1463,
                "x==ew": 3.4203,
                "y==ns": -54.9178
            },
            "type": "Feature"
        },
        {
            "geometry": {
                "coordinates": [
                    [
                        [
                            96.0269,
                            21.5411,
                            11684.29685
                        ],
                        [
                            96.0252,
                            21.5861,
                            11684.29685
                        ],
                        [
                            96.0313,
                            21.5863,
                            16140.50315
                        ],
                        [
                            96.033,
                            21.5413,
                            16140.50315
                        ],
                        [
                            96.0269,
                            21.5411,
                            11684.29685
                        ]
                    ]
                ],
                "type": "Polygon"
            },
            "properties": {
                "fill": "#FDE3A5",
                "fill-opacity": 1,
                "rake": 176.9621,
                "rise": 12.5,
                "sf_moment": 1.48e+18,
                "slip": 1.9941,
                "stroke-width": 1.5,
                "trup": 10.5607,
                "x==ew": 3.2321,
                "y==ns": -49.9213
            },
            "type": "Feature"
        },
        {
            "geometry": {
                "coordinates": [
                    [
                        [
                            96.0252,
                            21.5861,
                            11684.29685
                        ],
                        [
                            96.0235,
                            21.6311,
                            11684.29685
                        ],
                        [
                            96.0296,
                            21.6313,
                            16140.50315
                        ],
                        [
                            96.0313,
                            21.5863,
                            16140.50315
                        ],
                        [
                            96.0252,
                            21.5861,
                            11684.29685
                        ]
                    ]
                ],
                "type": "Polygon"
            },
            "properties": {
                "fill": "#FEAD76",
                "fill-opacity": 1,
                "rake": 204.0501,
                "rise": 3.5,
                "sf_moment": 2.17e+18,
                "slip": 2.9115,
                "stroke-width": 1.5,
                "trup": 9.1782,
                "x==ew": 3.0439,
                "y==ns": -44.9248
            },
            "type": "Feature"
        },
        {
            "geometry": {
                "coordinates": [
                    [
                        [
                            96.0235,
                            21.631,
                            11684.29685
                        ],
                        [
                            96.0218,
                            21.676,
                            11684.29685
                        ],
                        [
                            96.0279,
                            21.6762,
                            16140.50315
                        ],
                        [
                            96.0296,
                            21.6312,
                            16140.50315
                        ],
                        [
                            96.0235,
                            21.631,
                            11684.29685
                        ]
                    ]
                ],
                "type": "Polygon"
            },
            "properties": {
                "fill": "#FC8B62",
                "fill-opacity": 1,
                "rake": 204.3588,
                "rise": 5.0,
                "sf_moment": 2.59e+18,
                "slip": 3.4796,
                "stroke-width": 1.5,
                "trup": 8.2,
                "x==ew": 2.8557,
                "y==ns": -39.9283
            },
            "type": "Feature"
        },
        {
            "geometry": {
                "coordinates": [
                    [
                        [
                            96.0218,
                            21.676,
                            11684.29685
                        ],
                        [
                            96.0201,
                            21.721,
                            11684.29685
                        ],
                        [
                            96.0262,
                            21.7212,
                            16140.50315
                        ],
                        [
                            96.0279,
                            21.6762,
                            16140.50315
                        ],
                        [
                            96.0218,
                            21.676,
                            11684.29685
                        ]
                    ]
                ],
                "type": "Polygon"
            },
            "properties": {
                "fill": "#FEA470",
                "fill-opacity": 1,
                "rake": 204.6997,
                "rise": 3.5,
                "sf_moment": 2.28e+18,
                "slip": 3.067,
                "stroke-width": 1.5,
                "trup": 7.2277,
                "x==ew": 2.6675,
                "y==ns": -34.9318
            },
            "type": "Feature"
        },
        {
            "geometry": {
                "coordinates": [
                    [
                        [
                            96.0201,
                            21.721,
                            11684.29685
                        ],
                        [
                            96.0184,
                            21.766,
                            11684.29685
                        ],
                        [
                            96.0245,
                            21.7662,
                            16140.50315
                        ],
                        [
                            96.0262,
                            21.7212,
                            16140.50315
                        ],
                        [
                            96.0201,
                            21.721,
                            11684.29685
                        ]
                    ]
                ],
                "type": "Polygon"
            },
            "properties": {
                "fill": "#FEAE77",
                "fill-opacity": 1,
                "rake": 204.0287,
                "rise": 6.5,
                "sf_moment": 2.16e+18,
                "slip": 2.8999,
                "stroke-width": 1.5,
                "trup": 6.6642,
                "x==ew": 2.4793,
                "y==ns": -29.9353
            },
            "type": "Feature"
        },
        {
            "geometry": {
                "coordinates": [
                    [
                        [
                            96.0184,
                            21.7659,
                            11684.29685
                        ],
                        [
                            96.0167,
                            21.8109,
                            11684.29685
                        ],
                        [
                            96.0228,
                            21.8111,
                            16140.50315
                        ],
                        [
                            96.0245,
                            21.7661,
                            16140.50315
                        ],
                        [
                            96.0184,
                            21.7659,
                            11684.29685
                        ]
                    ]
                ],
                "type": "Polygon"
            },
            "properties": {
                "fill": "#FDE6A8",
                "fill-opacity": 1,
                "rake": 194.7509,
                "rise": 6.5,
                "sf_moment": 1.44e+18,
                "slip": 1.9397,
                "stroke-width": 1.5,
                "trup": 5.7141,
                "x==ew": 2.2911,
                "y==ns": -24.9388
            },
            "type": "Feature"
        },
        {
            "geometry": {
                "coordinates": [
                    [
                        [
                            96.0167,
                            21.8109,
                            11684.29685
                        ],
                        [
                            96.015,
                            21.8559,
                            11684.29685
                        ],
                        [
                            96.0211,
                            21.8561,
                            16140.50315
                        ],
                        [
                            96.0228,
                            21.8111,
                            16140.50315
                        ],
                        [
                            96.0167,
                            21.8109,
                            11684.29685
                        ]
                    ]
                ],
                "type": "Polygon"
            },
            "properties": {
                "fill": "#FCEAAB",
                "fill-opacity": 1,
                "rake": 182.2046,
                "rise": 15.5,
                "sf_moment": 1.4e+18,
                "slip": 1.8888,
                "stroke-width": 1.5,
                "trup": 5.3863,
                "x==ew": 2.1029,
                "y==ns": -19.9423
            },
            "type": "Feature"
        },
        {
            "geometry": {
                "coordinates": [
                    [
                        [
                            96.015,
                            21.8559,
                            11684.29685
                        ],
                        [
                            96.0133,
                            21.9009,
                            11684.29685
                        ],
                        [
                            96.0194,
                            21.9011,
                            16140.50315
                        ],
                        [
                            96.0211,
                            21.8561,
                            16140.50315
                        ],
                        [
                            96.015,
                            21.8559,
                            11684.29685
                        ]
                    ]
                ],
                "type": "Polygon"
            },
            "properties": {
                "fill": "#FCFABC",
                "fill-opacity": 1,
                "rake": 170.4803,
                "rise": 15.5,
                "sf_moment": 1.19e+18,
                "slip": 1.6033,
                "stroke-width": 1.5,
                "trup": 4.6986,
                "x==ew": 1.9147,
                "y==ns": -14.9458
            },
            "type": "Feature"
        },
        {
            "geometry": {
                "coordinates": [
                    [
                        [
                            96.0133,
                            21.9009,
                            11684.29685
                        ],
                        [
                            96.0116,
                            21.9459,
                            11684.29685
                        ],
                        [
                            96.0177,
                            21.9461,
                            16140.50315
                        ],
                        [
                            96.0194,
                            21.9011,
                            16140.50315
                        ],
                        [
                            96.0133,
                            21.9009,
                            11684.29685
                        ]
                    ]
                ],
                "type": "Polygon"
            },
            "properties": {
                "fill": "#FCFCD0",
                "fill-opacity": 1,
                "rake": 177.8854,
                "rise": 9.5,
                "sf_moment": 9.83e+17,
                "slip": 1.3222,
                "stroke-width": 1.5,
                "trup": 4.2907,
                "x==ew": 1.7265,
                "y==ns": -9.9493
            },
            "type": "Feature"
        },
        {
            "geometry": {
                "coordinates": [
                    [
                        [
                            96.0116,
                            21.9458,
                            11684.29685
                        ],
                        [
                            96.0099,
                            21.9908,
                            11684.29685
                        ],
                        [
                            96.016,
                            21.991,
                            16140.50315
                        ],
                        [
                            96.0177,
                            21.946,
                            16140.50315
                        ],
                        [
                            96.0116,
                            21.9458,
                            11684.29685
                        ]
                    ]
                ],
                "type": "Polygon"
            },
            "properties": {
                "fill": "#FDFAEA",
                "fill-opacity": 1,
                "rake": 168.7158,
                "rise": 12.5,
                "sf_moment": 7.33e+17,
                "slip": 0.9861,
                "stroke-width": 1.5,
                "trup": 3.0591,
                "x==ew": 1.5383,
                "y==ns": -4.9528
            },
            "type": "Feature"
        },
        {
            "geometry": {
                "coordinates": [
                    [
                        [
                            96.01,
                            21.9908,
                            11684.29685
                        ],
                        [
                            96.0083,
                            22.0358,
                            11684.29685
                        ],
                        [
                            96.0144,
                            22.036,
                            16140.50315
                        ],
                        [
                            96.0161,
                            21.991,
                            16140.50315
                        ],
                        [
                            96.01,
                            21.9908,
                            11684.29685
                        ]
                    ]
                ],
                "type": "Polygon"
            },
            "properties": {
                "fill": "#FDFBD7",
                "fill-opacity": 1,
                "rake": 173.5092,
                "rise": 9.5,
                "sf_moment": 9.26e+17,
                "slip": 1.2448,
                "stroke-width": 1.5,
                "trup": 2.2,
                "x==ew": 1.3501,
                "y==ns": 0.0437
            },
            "type": "Feature"
        },
        {
            "geometry": {
                "coordinates": [
                    [
                        [
                            96.0083,
                            22.0358,
                            11684.29685
                        ],
                        [
                            96.0066,
                            22.0808,
                            11684.29685
                        ],
                        [
                            96.0127,
                            22.081,
                            16140.50315
                        ],
                        [
                            96.0144,
                            22.036,
                            16140.50315
                        ],
                        [
                            96.0083,
                            22.0358,
                            11684.29685
                        ]
                    ]
                ],
                "type": "Polygon"
            },
            "properties": {
                "fill": "#FEF9F9",
                "fill-opacity": 1,
                "rake": 184.4796,
                "rise": 14.0,
                "sf_moment": 5.52e+17,
                "slip": 0.7423,
                "stroke-width": 1.5,
                "trup": 3.0591,
                "x==ew": 1.1619,
                "y==ns": 5.0402
            },
            "type": "Feature"
        },
        {
            "geometry": {
                "coordinates": [
                    [
                        [
                            96.0066,
                            22.0807,
                            11684.29685
                        ],
                        [
                            96.0049,
                            22.1257,
                            11684.29685
                        ],
                        [
                            96.011,
                            22.1259,
                            16140.50315
                        ],
                        [
                            96.0127,
                            22.0809,
                            16140.50315
                        ],
                        [
                            96.0066,
                            22.0807,
                            11684.29685
                        ]
                    ]
                ],
                "type": "Polygon"
            },
            "properties": {
                "fill": "#FEF9F9",
                "fill-opacity": 1,
                "rake": 166.609,
                "rise": 5.0,
                "sf_moment": 1.23e+16,
                "slip": 0.0166,
                "stroke-width": 1.5,
                "trup": 4.2907,
                "x==ew": 0.9737,
                "y==ns": 10.0367
            },
            "type": "Feature"
        },
        {
            "geometry": {
                "coordinates": [
                    [
                        [
                            96.0049,
                            22.1257,
                            11684.29685
                        ],
                        [
                            96.0032,
                            22.1707,
                            11684.29685
                        ],
                        [
                            96.0093,
                            22.1709,
                            16140.50315
                        ],
                        [
                            96.011,
                            22.1259,
                            16140.50315
                        ],
                        [
                            96.0049,
                            22.1257,
                            11684.29685
                        ]
                    ]
                ],
                "type": "Polygon"
            },
            "properties": {
                "fill": "#FEF9F9",
                "fill-opacity": 1,
                "rake": 176.6337,
                "rise": 14.0,
                "sf_moment": 8.3e+16,
                "slip": 0.1116,
                "stroke-width": 1.5,
                "trup": 5.0986,
                "x==ew": 0.7855,
                "y==ns": 15.0332
            },
            "type": "Feature"
        },
        {
            "geometry": {
                "coordinates": [
                    [
                        [
                            96.0032,
                            22.1707,
                            11684.29685
                        ],
                        [
                            96.0015,
                            22.2157,
                            11684.29685
                        ],
                        [
                            96.0076,
                            22.2159,
                            16140.50315
                        ],
                        [
                            96.0093,
                            22.1709,
                            16140.50315
                        ],
                        [
                            96.0032,
                            22.1707,
                            11684.29685
                        ]
                    ]
                ],
                "type": "Polygon"
            },
            "properties": {
                "fill": "#FDFAEE",
                "fill-opacity": 1,
                "rake": 167.2124,
                "rise": 2.0,
                "sf_moment": 6.93e+17,
                "slip": 0.9318,
                "stroke-width": 1.5,
                "trup": 6.7863,
                "x==ew": 0.5973,
                "y==ns": 20.0297
            },
            "type": "Feature"
        },
        {
            "geometry": {
                "coordinates": [
                    [
                        [
                            96.0015,
                            22.2156,
                            11684.29685
                        ],
                        [
                            95.9998,
                            22.2606,
                            11684.29685
                        ],
                        [
                            96.0059,
                            22.2608,
                            16140.50315
                        ],
                        [
                            96.0076,
                            22.2158,
                            16140.50315
                        ],
                        [
                            96.0015,
                            22.2156,
                            11684.29685
                        ]
                    ]
                ],
                "type": "Polygon"
            },
            "properties": {
                "fill": "#FECE91",
                "fill-opacity": 1,
                "rake": 198.2706,
                "rise": 17.0,
                "sf_moment": 1.75e+18,
                "slip": 2.3577,
                "stroke-width": 1.5,
                "trup": 8.3141,
                "x==ew": 0.4091,
                "y==ns": 25.0262
            },
            "type": "Feature"
        },
        {
            "geometry": {
                "coordinates": [
                    [
                        [
                            95.9998,
                            22.2606,
                            11684.29685
                        ],
                        [
                            95.9981,
                            22.3056,
                            11684.29685
                        ],
                        [
                            96.0042,
                            22.3058,
                            16140.50315
                        ],
                        [
                            96.0059,
                            22.2608,
                            16140.50315
                        ],
                        [
                            95.9998,
                            22.2606,
                            11684.29685
                        ]
                    ]
                ],
                "type": "Polygon"
            },
            "properties": {
                "fill": "#FEAD76",
                "fill-opacity": 1,
                "rake": 195.7224,
                "rise": 15.5,
                "sf_moment": 2.16e+18,
                "slip": 2.9096,
                "stroke-width": 1.5,
                "trup": 9.8642,
                "x==ew": 0.2209,
                "y==ns": 30.0227
            },
            "type": "Feature"
        },
        {
            "geometry": {
                "coordinates": [
                    [
                        [
                            95.9981,
                            22.3056,
                            11684.29685
                        ],
                        [
                            95.9964,
                            22.3506,
                            11684.29685
                        ],
                        [
                            96.0025,
                            22.3508,
                            16140.50315
                        ],
                        [
                            96.0042,
                            22.3058,
                            16140.50315
                        ],
                        [
                            95.9981,
                            22.3056,
                            11684.29685
                        ]
                    ]
                ],
                "type": "Polygon"
            },
            "properties": {
                "fill": "#FC8B62",
                "fill-opacity": 1,
                "rake": 192.2929,
                "rise": 12.5,
                "sf_moment": 2.58e+18,
                "slip": 3.4709,
                "stroke-width": 1.5,
                "trup": 11.6277,
                "x==ew": 0.0327,
                "y==ns": 35.0192
            },
            "type": "Feature"
        },
        {
            "geometry": {
                "coordinates": [
                    [
                        [
                            95.9964,
                            22.3505,
                            11684.29685
                        ],
                        [
                            95.9947,
                            22.3955,
                            11684.29685
                        ],
                        [
                            96.0008,
                            22.3957,
                            16140.50315
                        ],
                        [
                            96.0025,
                            22.3507,
                            16140.50315
                        ],
                        [
                            95.9964,
                            22.3505,
                            11684.29685
                        ]
                    ]
                ],
                "type": "Polygon"
            },
            "properties": {
                "fill": "#FD9B6B",
                "fill-opacity": 1,
                "rake": 194.5106,
                "rise": 9.5,
                "sf_moment": 2.38e+18,
                "slip": 3.2066,
                "stroke-width": 1.5,
                "trup": 12.6,
                "x==ew": -0.1555,
                "y==ns": 40.0157
            },
            "type": "Feature"
        },
        {
            "geometry": {
                "coordinates": [
                    [
                        [
                            95.9947,
                            22.3955,
                            11684.29685
                        ],
                        [
                            95.993,
                            22.4405,
                            11684.29685
                        ],
                        [
                            95.9991,
                            22.4407,
                            16140.50315
                        ],
                        [
                            96.0008,
                            22.3957,
                            16140.50315
                        ],
                        [
                            95.9947,
                            22.3955,
                            11684.29685
                        ]
                    ]
                ],
                "type": "Polygon"
            },
            "properties": {
                "fill": "#FEB27A",
                "fill-opacity": 1,
                "rake": 176.1617,
                "rise": 11.0,
                "sf_moment": 2.1e+18,
                "slip": 2.8248,
                "stroke-width": 1.5,
                "trup": 14.3782,
                "x==ew": -0.3437,
                "y==ns": 45.0122
            },
            "type": "Feature"
        },
        {
            "geometry": {
                "coordinates": [
                    [
                        [
                            95.993,
                            22.4405,
                            11684.29685
                        ],
                        [
                            95.9913,
                            22.4855,
                            11684.29685
                        ],
                        [
                            95.9974,
                            22.4857,
                            16140.50315
                        ],
                        [
                            95.9991,
                            22.4407,
                            16140.50315
                        ],
                        [
                            95.993,
                            22.4405,
                            11684.29685
                        ]
                    ]
                ],
                "type": "Polygon"
            },
            "properties": {
                "fill": "#FC9064",
                "fill-opacity": 1,
                "rake": 183.8677,
                "rise": 9.5,
                "sf_moment": 2.53e+18,
                "slip": 3.4007,
                "stroke-width": 1.5,
                "trup": 15.9607,
                "x==ew": -0.5319,
                "y==ns": 50.0088
            },
            "type": "Feature"
        },
        {
            "geometry": {
                "coordinates": [
                    [
                        [
                            95.9913,
                            22.4855,
                            11684.29685
                        ],
                        [
                            95.9896,
                            22.5305,
                            11684.29685
                        ],
                        [
                            95.9957,
                            22.5307,
                            16140.50315
                        ],
                        [
                            95.9974,
                            22.4857,
                            16140.50315
                        ],
                        [
                            95.9913,
                            22.4855,
                            11684.29685
                        ]
                    ]
                ],
                "type": "Polygon"
            },
            "properties": {
                "fill": "#EE5D5E",
                "fill-opacity": 1,
                "rake": 186.2807,
                "rise": 5.0,
                "sf_moment": 3.17e+18,
                "slip": 4.2624,
                "stroke-width": 1.5,
                "trup": 17.9463,
                "x==ew": -0.7201,
                "y==ns": 55.0053
            },
            "type": "Feature"
        },
        {
            "geometry": {
                "coordinates": [
                    [
                        [
                            95.9896,
                            22.5304,
                            11684.29685
                        ],
                        [
                            95.9879,
                            22.5754,
                            11684.29685
                        ],
                        [
                            95.994,
                            22.5756,
                            16140.50315
                        ],
                        [
                            95.9957,
                            22.5306,
                            16140.50315
                        ],
                        [
                            95.9896,
                            22.5304,
                            11684.29685
                        ]
                    ]
                ],
                "type": "Polygon"
            },
            "properties": {
                "fill": "#EC585F",
                "fill-opacity": 1,
                "rake": 182.9,
                "rise": 2.0,
                "sf_moment": 3.24e+18,
                "slip": 4.3526,
                "stroke-width": 1.5,
                "trup": 19.5342,
                "x==ew": -0.9083,
                "y==ns": 60.0018
            },
            "type": "Feature"
        },
        {
            "geometry": {
                "coordinates": [
                    [
                        [
                            95.9879,
                            22.5754,
                            11684.29685
                        ],
                        [
                            95.9862,
                            22.6204,
                            11684.29685
                        ],
                        [
                            95.9923,
                            22.6206,
                            16140.50315
                        ],
                        [
                            95.994,
                            22.5756,
                            16140.50315
                        ],
                        [
                            95.9879,
                            22.5754,
                            11684.29685
                        ]
                    ]
                ],
                "type": "Polygon"
            },
            "properties": {
                "fill": "#FA805E",
                "fill-opacity": 1,
                "rake": 174.343,
                "rise": 11.0,
                "sf_moment": 2.74e+18,
                "slip": 3.6867,
                "stroke-width": 1.5,
                "trup": 20.924,
                "x==ew": -1.0965,
                "y==ns": 64.9983
            },
            "type": "Feature"
        },
        {
            "geometry": {
                "coordinates": [
                    [
                        [
                            95.9862,
                            22.6204,
                            11684.29685
                        ],
                        [
                            95.9845,
                            22.6654,
                            11684.29685
                        ],
                        [
                            95.9906,
                            22.6656,
                            16140.50315
                        ],
                        [
                            95.9923,
                            22.6206,
                            16140.50315
                        ],
                        [
                            95.9862,
                            22.6204,
                            11684.29685
                        ]
                    ]
                ],
                "type": "Polygon"
            },
            "properties": {
                "fill": "#FD9768",
                "fill-opacity": 1,
                "rake": 165.1465,
                "rise": 9.5,
                "sf_moment": 2.45e+18,
                "slip": 3.2895,
                "stroke-width": 1.5,
                "trup": 22.3152,
                "x==ew": -1.2847,
                "y==ns": 69.9948
            },
            "type": "Feature"
        },
        {
            "geometry": {
                "coordinates": [
                    [
                        [
                            95.9845,
                            22.6653,
                            11684.29685
                        ],
                        [
                            95.9828,
                            22.7103,
                            11684.29685
                        ],
                        [
                            95.9889,
                            22.7105,
                            16140.50315
                        ],
                        [
                            95.9906,
                            22.6655,
                            16140.50315
                        ],
                        [
                            95.9845,
                            22.6653,
                            11684.29685
                        ]
                    ]
                ],
                "type": "Polygon"
            },
            "properties": {
                "fill": "#FED698",
                "fill-opacity": 1,
                "rake": 176.8345,
                "rise": 8.0,
                "sf_moment": 1.67e+18,
                "slip": 2.2389,
                "stroke-width": 1.5,
                "trup": 22.9076,
                "x==ew": -1.4729,
                "y==ns": 74.9913
            },
            "type": "Feature"
        },
        {
            "geometry": {
                "coordinates": [
                    [
                        [
                            95.9828,
                            22.7103,
                            11684.29685
                        ],
                        [
                            95.9811,
                            22.7553,
                            11684.29685
                        ],
                        [
                            95.9872,
                            22.7555,
                            16140.50315
                        ],
                        [
                            95.9889,
                            22.7105,
                            16140.50315
                        ],
                        [
                            95.9828,
                            22.7103,
                            11684.29685
                        ]
                    ]
                ],
                "type": "Polygon"
            },
            "properties": {
                "fill": "#FEF9F9",
                "fill-opacity": 1,
                "rake": 188.3846,
                "rise": 9.5,
                "sf_moment": 1.19e+17,
                "slip": 0.1595,
                "stroke-width": 1.5,
                "trup": 22.7009,
                "x==ew": -1.6611,
                "y==ns": 79.9878
            },
            "type": "Feature"
        },
        {
            "geometry": {
                "coordinates": [
                    [
                        [
                            96.055,
                            20.9567,
                            16140.49685
                        ],
                        [
                            96.0533,
                            21.0017,
                            16140.49685
                        ],
                        [
                            96.0594,
                            21.0019,
                            20596.70315
                        ],
                        [
                            96.0611,
                            20.9569,
                            20596.70315
                        ],
                        [
                            96.055,
                            20.9567,
                            16140.49685
                        ]
                    ]
                ],
                "type": "Polygon"
            },
            "properties": {
                "fill": "#FEF9F9",
                "fill-opacity": 1,
                "rake": 196.4554,
                "rise": 17.0,
                "sf_moment": 1.2e+17,
                "slip": 0.1389,
                "stroke-width": 1.5,
                "trup": 28.5579,
                "x==ew": 6.3538,
                "y==ns": -114.854
            },
            "type": "Feature"
        },
        {
            "geometry": {
                "coordinates": [
                    [
                        [
                            96.0533,
                            21.0017,
                            16140.49685
                        ],
                        [
                            96.0516,
                            21.0467,
                            16140.49685
                        ],
                        [
                            96.0577,
                            21.0469,
                            20596.70315
                        ],
                        [
                            96.0594,
                            21.0019,
                            20596.70315
                        ],
                        [
                            96.0533,
                            21.0017,
                            16140.49685
                        ]
                    ]
                ],
                "type": "Polygon"
            },
            "properties": {
                "fill": "#FEF9F9",
                "fill-opacity": 1,
                "rake": 177.679,
                "rise": 5.0,
                "sf_moment": 2.14e+17,
                "slip": 0.2488,
                "stroke-width": 1.5,
                "trup": 28.3651,
                "x==ew": 6.1656,
                "y==ns": -109.8575
            },
            "type": "Feature"
        },
        {
            "geometry": {
                "coordinates": [
                    [
                        [
                            96.0516,
                            21.0466,
                            16140.49685
                        ],
                        [
                            96.0499,
                            21.0916,
                            16140.49685
                        ],
                        [
                            96.056,
                            21.0918,
                            20596.70315
                        ],
                        [
                            96.0577,
                            21.0468,
                            20596.70315
                        ],
                        [
                            96.0516,
                            21.0466,
                            16140.49685
                        ]
                    ]
                ],
                "type": "Polygon"
            },
            "properties": {
                "fill": "#FEF9F9",
                "fill-opacity": 1,
                "rake": 191.9442,
                "rise": 6.5,
                "sf_moment": 1.88e+17,
                "slip": 0.2184,
                "stroke-width": 1.5,
                "trup": 28.9729,
                "x==ew": 5.9774,
                "y==ns": -104.861
            },
            "type": "Feature"
        },
        {
            "geometry": {
                "coordinates": [
                    [
                        [
                            96.0499,
                            21.0916,
                            16140.49685
                        ],
                        [
                            96.0482,
                            21.1366,
                            16140.49685
                        ],
                        [
                            96.0543,
                            21.1368,
                            20596.70315
                        ],
                        [
                            96.056,
                            21.0918,
                            20596.70315
                        ],
                        [
                            96.0499,
                            21.0916,
                            16140.49685
                        ]
                    ]
                ],
                "type": "Polygon"
            },
            "properties": {
                "fill": "#FEF9F9",
                "fill-opacity": 1,
                "rake": 192.0528,
                "rise": 6.5,
                "sf_moment": 1.59e+17,
                "slip": 0.1849,
                "stroke-width": 1.5,
                "trup": 27.7814,
                "x==ew": 5.7892,
                "y==ns": -99.8645
            },
            "type": "Feature"
        },
        {
            "geometry": {
                "coordinates": [
                    [
                        [
                            96.0482,
                            21.1366,
                            16140.49685
                        ],
                        [
                            96.0465,
                            21.1816,
                            16140.49685
                        ],
                        [
                            96.0526,
                            21.1818,
                            20596.70315
                        ],
                        [
                            96.0543,
                            21.1368,
                            20596.70315
                        ],
                        [
                            96.0482,
                            21.1366,
                            16140.49685
                        ]
                    ]
                ],
                "type": "Polygon"
            },
            "properties": {
                "fill": "#FEF9F9",
                "fill-opacity": 1,
                "rake": 197.967,
                "rise": 6.5,
                "sf_moment": 5.55e+16,
                "slip": 0.0644,
                "stroke-width": 1.5,
                "trup": 24.5909,
                "x==ew": 5.601,
                "y==ns": -94.868
            },
            "type": "Feature"
        },
        {
            "geometry": {
                "coordinates": [
                    [
                        [
                            96.0465,
                            21.1815,
                            16140.49685
                        ],
                        [
                            96.0448,
                            21.2265,
                            16140.49685
                        ],
                        [
                            96.0509,
                            21.2267,
                            20596.70315
                        ],
                        [
                            96.0526,
                            21.1817,
                            20596.70315
                        ],
                        [
                            96.0465,
                            21.1815,
                            16140.49685
                        ]
                    ]
                ],
                "type": "Polygon"
            },
            "properties": {
                "fill": "#FEF9F9",
                "fill-opacity": 1,
                "rake": 192.6585,
                "rise": 2.0,
                "sf_moment": 1.57e+17,
                "slip": 0.1827,
                "stroke-width": 1.5,
                "trup": 21.4014,
                "x==ew": 5.4128,
                "y==ns": -89.8715
            },
            "type": "Feature"
        },
        {
            "geometry": {
                "coordinates": [
                    [
                        [
                            96.0448,
                            21.2265,
                            16140.49685
                        ],
                        [
                            96.0431,
                            21.2715,
                            16140.49685
                        ],
                        [
                            96.0492,
                            21.2717,
                            20596.70315
                        ],
                        [
                            96.0509,
                            21.2267,
                            20596.70315
                        ],
                        [
                            96.0448,
                            21.2265,
                            16140.49685
                        ]
                    ]
                ],
                "type": "Polygon"
            },
            "properties": {
                "fill": "#FEF9F9",
                "fill-opacity": 1,
                "rake": 203.9459,
                "rise": 5.0,
                "sf_moment": 3.96e+17,
                "slip": 0.4598,
                "stroke-width": 1.5,
                "trup": 19.0131,
                "x==ew": 5.2246,
                "y==ns": -84.875
            },
            "type": "Feature"
        },
        {
            "geometry": {
                "coordinates": [
                    [
                        [
                            96.0431,
                            21.2715,
                            16140.49685
                        ],
                        [
                            96.0414,
                            21.3165,
                            16140.49685
                        ],
                        [
                            96.0475,
                            21.3167,
                            20596.70315
                        ],
                        [
                            96.0492,
                            21.2717,
                            20596.70315
                        ],
                        [
                            96.0431,
                            21.2715,
                            16140.49685
                        ]
                    ]
                ],
                "type": "Polygon"
            },
            "properties": {
                "fill": "#FEF9F9",
                "fill-opacity": 1,
                "rake": 186.0875,
                "rise": 2.0,
                "sf_moment": 7e+16,
                "slip": 0.0812,
                "stroke-width": 1.5,
                "trup": 17.6262,
                "x==ew": 5.0364,
                "y==ns": -79.8785
            },
            "type": "Feature"
        },
        {
            "geometry": {
                "coordinates": [
                    [
                        [
                            96.0414,
                            21.3165,
                            16140.49685
                        ],
                        [
                            96.0397,
                            21.3615,
                            16140.49685
                        ],
                        [
                            96.0458,
                            21.3617,
                            20596.70315
                        ],
                        [
                            96.0475,
                            21.3167,
                            20596.70315
                        ],
                        [
                            96.0414,
                            21.3165,
                            16140.49685
                        ]
                    ]
                ],
                "type": "Polygon"
            },
            "properties": {
                "fill": "#FEF9F9",
                "fill-opacity": 1,
                "rake": 184.5539,
                "rise": 2.0,
                "sf_moment": 1.15e+17,
                "slip": 0.1331,
                "stroke-width": 1.5,
                "trup": 17.2411,
                "x==ew": 4.8482,
                "y==ns": -74.882
            },
            "type": "Feature"
        },
        {
            "geometry": {
                "coordinates": [
                    [
                        [
                            96.0397,
                            21.3614,
                            16140.49685
                        ],
                        [
                            96.038,
                            21.4064,
                            16140.49685
                        ],
                        [
                            96.0441,
                            21.4066,
                            20596.70315
                        ],
                        [
                            96.0458,
                            21.3616,
                            20596.70315
                        ],
                        [
                            96.0397,
                            21.3614,
                            16140.49685
                        ]
                    ]
                ],
                "type": "Polygon"
            },
            "properties": {
                "fill": "#FEF9F9",
                "fill-opacity": 1,
                "rake": 197.6371,
                "rise": 5.0,
                "sf_moment": 1.93e+17,
                "slip": 0.2245,
                "stroke-width": 1.5,
                "trup": 16.458,
                "x==ew": 4.66,
                "y==ns": -69.8855
            },
            "type": "Feature"
        },
        {
            "geometry": {
                "coordinates": [
                    [
                        [
                            96.038,
                            21.4064,
                            16140.49685
                        ],
                        [
                            96.0363,
                            21.4514,
                            16140.49685
                        ],
                        [
                            96.0424,
                            21.4516,
                            20596.70315
                        ],
                        [
                            96.0441,
                            21.4066,
                            20596.70315
                        ],
                        [
                            96.038,
                            21.4064,
                            16140.49685
                        ]
                    ]
                ],
                "type": "Polygon"
            },
            "properties": {
                "fill": "#FEF9F9",
                "fill-opacity": 1,
                "rake": 203.7555,
                "rise": 9.5,
                "sf_moment": 1.41e+17,
                "slip": 0.1638,
                "stroke-width": 1.5,
                "trup": 14.4774,
                "x==ew": 4.4718,
                "y==ns": -64.889
            },
            "type": "Feature"
        },
        {
            "geometry": {
                "coordinates": [
                    [
                        [
                            96.0364,
                            21.4514,
                            16140.49685
                        ],
                        [
                            96.0347,
                            21.4964,
                            16140.49685
                        ],
                        [
                            96.0408,
                            21.4966,
                            20596.70315
                        ],
                        [
                            96.0425,
                            21.4516,
                            20596.70315
                        ],
                        [
                            96.0364,
                            21.4514,
                            16140.49685
                        ]
                    ]
                ],
                "type": "Polygon"
            },
            "properties": {
                "fill": "#FEF9F9",
                "fill-opacity": 1,
                "rake": 180.932,
                "rise": 9.5,
                "sf_moment": 3.4e+17,
                "slip": 0.3942,
                "stroke-width": 1.5,
                "trup": 12.7,
                "x==ew": 4.2836,
                "y==ns": -59.8925
            },
            "type": "Feature"
        },
        {
            "geometry": {
                "coordinates": [
                    [
                        [
                            96.0347,
                            21.4963,
                            16140.49685
                        ],
                        [
                            96.033,
                            21.5413,
                            16140.49685
                        ],
                        [
                            96.0391,
                            21.5415,
                            20596.70315
                        ],
                        [
                            96.0408,
                            21.4965,
                            20596.70315
                        ],
                        [
                            96.0347,
                            21.4963,
                            16140.49685
                        ]
                    ]
                ],
                "type": "Polygon"
            },
            "properties": {
                "fill": "#FEF9F9",
                "fill-opacity": 1,
                "rake": 172.3991,
                "rise": 3.5,
                "sf_moment": 1.86e+17,
                "slip": 0.2163,
                "stroke-width": 1.5,
                "trup": 11.3265,
                "x==ew": 4.0954,
                "y==ns": -54.896
            },
            "type": "Feature"
        },
        {
            "geometry": {
                "coordinates": [
                    [
                        [
                            96.033,
                            21.5413,
                            16140.49685
                        ],
                        [
                            96.0313,
                            21.5863,
                            16140.49685
                        ],
                        [
                            96.0374,
                            21.5865,
                            20596.70315
                        ],
                        [
                            96.0391,
                            21.5415,
                            20596.70315
                        ],
                        [
                            96.033,
                            21.5413,
                            16140.49685
                        ]
                    ]
                ],
                "type": "Polygon"
            },
            "properties": {
                "fill": "#FEF9F9",
                "fill-opacity": 1,
                "rake": 198.2927,
                "rise": 5.0,
                "sf_moment": 4.23e+17,
                "slip": 0.491,
                "stroke-width": 1.5,
                "trup": 10.3581,
                "x==ew": 3.9072,
                "y==ns": -49.8995
            },
            "type": "Feature"
        },
        {
            "geometry": {
                "coordinates": [
                    [
                        [
                            96.0313,
                            21.5863,
                            16140.49685
                        ],
                        [
                            96.0296,
                            21.6313,
                            16140.49685
                        ],
                        [
                            96.0357,
                            21.6315,
                            20596.70315
                        ],
                        [
                            96.0374,
                            21.5865,
                            20596.70315
                        ],
                        [
                            96.0313,
                            21.5863,
                            16140.49685
                        ]
                    ]
                ],
                "type": "Polygon"
            },
            "properties": {
                "fill": "#FEF9F9",
                "fill-opacity": 1,
                "rake": 199.4226,
                "rise": 2.0,
                "sf_moment": 4.12e+17,
                "slip": 0.4786,
                "stroke-width": 1.5,
                "trup": 9.3963,
                "x==ew": 3.719,
                "y==ns": -44.903
            },
            "type": "Feature"
        },
        {
            "geometry": {
                "coordinates": [
                    [
                        [
                            96.0296,
                            21.6312,
                            16140.49685
                        ],
                        [
                            96.0279,
                            21.6762,
                            16140.49685
                        ],
                        [
                            96.034,
                            21.6764,
                            20596.70315
                        ],
                        [
                            96.0357,
                            21.6314,
                            20596.70315
                        ],
                        [
                            96.0296,
                            21.6312,
                            16140.49685
                        ]
                    ]
                ],
                "type": "Polygon"
            },
            "properties": {
                "fill": "#FEF9F9",
                "fill-opacity": 1,
                "rake": 197.6693,
                "rise": 3.5,
                "sf_moment": 4.27e+17,
                "slip": 0.4958,
                "stroke-width": 1.5,
                "trup": 8.4433,
                "x==ew": 3.5308,
                "y==ns": -39.9065
            },
            "type": "Feature"
        },
        {
            "geometry": {
                "coordinates": [
                    [
                        [
                            96.0279,
                            21.6762,
                            16140.49685
                        ],
                        [
                            96.0262,
                            21.7212,
                            16140.49685
                        ],
                        [
                            96.0323,
                            21.7214,
                            20596.70315
                        ],
                        [
                            96.034,
                            21.6764,
                            20596.70315
                        ],
                        [
                            96.0279,
                            21.6762,
                            16140.49685
                        ]
                    ]
                ],
                "type": "Polygon"
            },
            "properties": {
                "fill": "#FEF9F9",
                "fill-opacity": 1,
                "rake": 198.2915,
                "rise": 6.5,
                "sf_moment": 3.01e+17,
                "slip": 0.3498,
                "stroke-width": 1.5,
                "trup": 7.5027,
                "x==ew": 3.3426,
                "y==ns": -34.91
            },
            "type": "Feature"
        },
        {
            "geometry": {
                "coordinates": [
                    [
                        [
                            96.0262,
                            21.7212,
                            16140.49685
                        ],
                        [
                            96.0245,
                            21.7662,
                            16140.49685
                        ],
                        [
                            96.0306,
                            21.7664,
                            20596.70315
                        ],
                        [
                            96.0323,
                            21.7214,
                            20596.70315
                        ],
                        [
                            96.0262,
                            21.7212,
                            16140.49685
                        ]
                    ]
                ],
                "type": "Polygon"
            },
            "properties": {
                "fill": "#FEF9F9",
                "fill-opacity": 1,
                "rake": 199.376,
                "rise": 3.5,
                "sf_moment": 4.08e+17,
                "slip": 0.4736,
                "stroke-width": 1.5,
                "trup": 6.7795,
                "x==ew": 3.1544,
                "y==ns": -29.9135
            },
            "type": "Feature"
        },
        {
            "geometry": {
                "coordinates": [
                    [
                        [
                            96.0245,
                            21.7661,
                            16140.49685
                        ],
                        [
                            96.0228,
                            21.8111,
                            16140.49685
                        ],
                        [
                            96.0289,
                            21.8113,
                            20596.70315
                        ],
                        [
                            96.0306,
                            21.7663,
                            20596.70315
                        ],
                        [
                            96.0245,
                            21.7661,
                            16140.49685
                        ]
                    ]
                ],
                "type": "Polygon"
            },
            "properties": {
                "fill": "#FEF9F9",
                "fill-opacity": 1,
                "rake": 186.586,
                "rise": 8.0,
                "sf_moment": 9.96e+16,
                "slip": 0.1155,
                "stroke-width": 1.5,
                "trup": 6.4824,
                "x==ew": 2.9662,
                "y==ns": -24.917
            },
            "type": "Feature"
        },
        {
            "geometry": {
                "coordinates": [
                    [
                        [
                            96.0228,
                            21.8111,
                            16140.49685
                        ],
                        [
                            96.0211,
                            21.8561,
                            16140.49685
                        ],
                        [
                            96.0272,
                            21.8563,
                            20596.70315
                        ],
                        [
                            96.0289,
                            21.8113,
                            20596.70315
                        ],
                        [
                            96.0228,
                            21.8111,
                            16140.49685
                        ]
                    ]
                ],
                "type": "Polygon"
            },
            "properties": {
                "fill": "#FEF9F9",
                "fill-opacity": 1,
                "rake": 168.5037,
                "rise": 8.0,
                "sf_moment": 4.28e+17,
                "slip": 0.4966,
                "stroke-width": 1.5,
                "trup": 6.626,
                "x==ew": 2.778,
                "y==ns": -19.9205
            },
            "type": "Feature"
        },
        {
            "geometry": {
                "coordinates": [
                    [
                        [
                            96.0211,
                            21.8561,
                            16140.49685
                        ],
                        [
                            96.0194,
                            21.9011,
                            16140.49685
                        ],
                        [
                            96.0255,
                            21.9013,
                            20596.70315
                        ],
                        [
                            96.0272,
                            21.8563,
                            20596.70315
                        ],
                        [
                            96.0211,
                            21.8561,
                            16140.49685
                        ]
                    ]
                ],
                "type": "Polygon"
            },
            "properties": {
                "fill": "#FEF9F9",
                "fill-opacity": 1,
                "rake": 168.7546,
                "rise": 6.5,
                "sf_moment": 3.25e+17,
                "slip": 0.3767,
                "stroke-width": 1.5,
                "trup": 5.6361,
                "x==ew": 2.5898,
                "y==ns": -14.9239
            },
            "type": "Feature"
        },
        {
            "geometry": {
                "coordinates": [
                    [
                        [
                            96.0194,
                            21.9011,
                            16140.49685
                        ],
                        [
                            96.0177,
                            21.9461,
                            16140.49685
                        ],
                        [
                            96.0238,
                            21.9463,
                            20596.70315
                        ],
                        [
                            96.0255,
                            21.9013,
                            20596.70315
                        ],
                        [
                            96.0194,
                            21.9011,
                            16140.49685
                        ]
                    ]
                ],
                "type": "Polygon"
            },
            "properties": {
                "fill": "#FEF9F9",
                "fill-opacity": 1,
                "rake": 182.0544,
                "rise": 9.5,
                "sf_moment": 3.32e+17,
                "slip": 0.3849,
                "stroke-width": 1.5,
                "trup": 5.1601,
                "x==ew": 2.4016,
                "y==ns": -9.9274
            },
            "type": "Feature"
        },
        {
            "geometry": {
                "coordinates": [
                    [
                        [
                            96.0177,
                            21.946,
                            16140.49685
                        ],
                        [
                            96.016,
                            21.991,
                            16140.49685
                        ],
                        [
                            96.0221,
                            21.9912,
                            20596.70315
                        ],
                        [
                            96.0238,
                            21.9462,
                            20596.70315
                        ],
                        [
                            96.0177,
                            21.946,
                            16140.49685
                        ]
                    ]
                ],
                "type": "Polygon"
            },
            "properties": {
                "fill": "#FEF9F9",
                "fill-opacity": 1,
                "rake": 194.335,
                "rise": 9.5,
                "sf_moment": 6.4e+16,
                "slip": 0.0743,
                "stroke-width": 1.5,
                "trup": 4.4792,
                "x==ew": 2.2134,
                "y==ns": -4.9309
            },
            "type": "Feature"
        },
        {
            "geometry": {
                "coordinates": [
                    [
                        [
                            96.016,
                            21.991,
                            16140.49685
                        ],
                        [
                            96.0143,
                            22.036,
                            16140.49685
                        ],
                        [
                            96.0204,
                            22.0362,
                            20596.70315
                        ],
                        [
                            96.0221,
                            21.9912,
                            20596.70315
                        ],
                        [
                            96.016,
                            21.991,
                            16140.49685
                        ]
                    ]
                ],
                "type": "Polygon"
            },
            "properties": {
                "fill": "#FEF9F9",
                "fill-opacity": 1,
                "rake": 167.6216,
                "rise": 6.5,
                "sf_moment": 3.15e+17,
                "slip": 0.3651,
                "stroke-width": 1.5,
                "trup": 4.1,
                "x==ew": 2.0252,
                "y==ns": 0.0656
            },
            "type": "Feature"
        },
        {
            "geometry": {
                "coordinates": [
                    [
                        [
                            96.0143,
                            22.036,
                            16140.49685
                        ],
                        [
                            96.0126,
                            22.081,
                            16140.49685
                        ],
                        [
                            96.0187,
                            22.0812,
                            20596.70315
                        ],
                        [
                            96.0204,
                            22.0362,
                            20596.70315
                        ],
                        [
                            96.0143,
                            22.036,
                            16140.49685
                        ]
                    ]
                ],
                "type": "Polygon"
            },
            "properties": {
                "fill": "#FEF9F9",
                "fill-opacity": 1,
                "rake": 168.3072,
                "rise": 8.0,
                "sf_moment": 2.61e+17,
                "slip": 0.3033,
                "stroke-width": 1.5,
                "trup": 4.6792,
                "x==ew": 1.837,
                "y==ns": 5.0621
            },
            "type": "Feature"
        },
        {
            "geometry": {
                "coordinates": [
                    [
                        [
                            96.0126,
                            22.0809,
                            16140.49685
                        ],
                        [
                            96.0109,
                            22.1259,
                            16140.49685
                        ],
                        [
                            96.017,
                            22.1261,
                            20596.70315
                        ],
                        [
                            96.0187,
                            22.0811,
                            20596.70315
                        ],
                        [
                            96.0126,
                            22.0809,
                            16140.49685
                        ]
                    ]
                ],
                "type": "Polygon"
            },
            "properties": {
                "fill": "#FEF9F9",
                "fill-opacity": 1,
                "rake": 191.2831,
                "rise": 8.0,
                "sf_moment": 7.18e+16,
                "slip": 0.0834,
                "stroke-width": 1.5,
                "trup": 4.9601,
                "x==ew": 1.6488,
                "y==ns": 10.0586
            },
            "type": "Feature"
        },
        {
            "geometry": {
                "coordinates": [
                    [
                        [
                            96.0109,
                            22.1259,
                            16140.49685
                        ],
                        [
                            96.0092,
                            22.1709,
                            16140.49685
                        ],
                        [
                            96.0153,
                            22.1711,
                            20596.70315
                        ],
                        [
                            96.017,
                            22.1261,
                            20596.70315
                        ],
                        [
                            96.0109,
                            22.1259,
                            16140.49685
                        ]
                    ]
                ],
                "type": "Polygon"
            },
            "properties": {
                "fill": "#FEF9F9",
                "fill-opacity": 1,
                "rake": 175.7617,
                "rise": 3.5,
                "sf_moment": 3e+17,
                "slip": 0.348,
                "stroke-width": 1.5,
                "trup": 5.4361,
                "x==ew": 1.4606,
                "y==ns": 15.0551
            },
            "type": "Feature"
        },
        {
            "geometry": {
                "coordinates": [
                    [
                        [
                            96.0093,
                            22.1709,
                            16140.49685
                        ],
                        [
                            96.0076,
                            22.2159,
                            16140.49685
                        ],
                        [
                            96.0137,
                            22.2161,
                            20596.70315
                        ],
                        [
                            96.0154,
                            22.1711,
                            20596.70315
                        ],
                        [
                            96.0093,
                            22.1709,
                            16140.49685
                        ]
                    ]
                ],
                "type": "Polygon"
            },
            "properties": {
                "fill": "#FEF9F9",
                "fill-opacity": 1,
                "rake": 165.6266,
                "rise": 2.0,
                "sf_moment": 3.92e+17,
                "slip": 0.4553,
                "stroke-width": 1.5,
                "trup": 6.826,
                "x==ew": 1.2724,
                "y==ns": 20.0516
            },
            "type": "Feature"
        },
        {
            "geometry": {
                "coordinates": [
                    [
                        [
                            96.0076,
                            22.2158,
                            16140.49685
                        ],
                        [
                            96.0059,
                            22.2608,
                            16140.49685
                        ],
                        [
                            96.012,
                            22.261,
                            20596.70315
                        ],
                        [
                            96.0137,
                            22.216,
                            20596.70315
                        ],
                        [
                            96.0076,
                            22.2158,
                            16140.49685
                        ]
                    ]
                ],
                "type": "Polygon"
            },
            "properties": {
                "fill": "#FEF9F9",
                "fill-opacity": 1,
                "rake": 197.9492,
                "rise": 15.5,
                "sf_moment": 4.17e+17,
                "slip": 0.4838,
                "stroke-width": 1.5,
                "trup": 8.4824,
                "x==ew": 1.0842,
                "y==ns": 25.0481
            },
            "type": "Feature"
        },
        {
            "geometry": {
                "coordinates": [
                    [
                        [
                            96.0059,
                            22.2608,
                            16140.49685
                        ],
                        [
                            96.0042,
                            22.3058,
                            16140.49685
                        ],
                        [
                            96.0103,
                            22.306,
                            20596.70315
                        ],
                        [
                            96.012,
                            22.261,
                            20596.70315
                        ],
                        [
                            96.0059,
                            22.2608,
                            16140.49685
                        ]
                    ]
                ],
                "type": "Polygon"
            },
            "properties": {
                "fill": "#FEF9F9",
                "fill-opacity": 1,
                "rake": 178.3361,
                "rise": 11.0,
                "sf_moment": 4.21e+17,
                "slip": 0.4883,
                "stroke-width": 1.5,
                "trup": 9.9795,
                "x==ew": 0.8959,
                "y==ns": 30.0446
            },
            "type": "Feature"
        },
        {
            "geometry": {
                "coordinates": [
                    [
                        [
                            96.0042,
                            22.3058,
                            16140.49685
                        ],
                        [
                            96.0025,
                            22.3508,
                            16140.49685
                        ],
                        [
                            96.0086,
                            22.351,
                            20596.70315
                        ],
                        [
                            96.0103,
                            22.306,
                            20596.70315
                        ],
                        [
                            96.0042,
                            22.3058,
                            16140.49685
                        ]
                    ]
                ],
                "type": "Polygon"
            },
            "properties": {
                "fill": "#FEF9F9",
                "fill-opacity": 1,
                "rake": 199.9219,
                "rise": 8.0,
                "sf_moment": 3e+17,
                "slip": 0.3486,
                "stroke-width": 1.5,
                "trup": 12.1027,
                "x==ew": 0.7077,
                "y==ns": 35.0411
            },
            "type": "Feature"
        },
        {
            "geometry": {
                "coordinates": [
                    [
                        [
                            96.0025,
                            22.3507,
                            16140.49685
                        ],
                        [
                            96.0008,
                            22.3957,
                            16140.49685
                        ],
                        [
                            96.0069,
                            22.3959,
                            20596.70315
                        ],
                        [
                            96.0086,
                            22.3509,
                            20596.70315
                        ],
                        [
                            96.0025,
                            22.3507,
                            16140.49685
                        ]
                    ]
                ],
                "type": "Polygon"
            },
            "properties": {
                "fill": "#FEF9F9",
                "fill-opacity": 1,
                "rake": 184.0531,
                "rise": 5.0,
                "sf_moment": 4.16e+17,
                "slip": 0.4825,
                "stroke-width": 1.5,
                "trup": 12.6433,
                "x==ew": 0.5195,
                "y==ns": 40.0376
            },
            "type": "Feature"
        },
        {
            "geometry": {
                "coordinates": [
                    [
                        [
                            96.0008,
                            22.3957,
                            16140.49685
                        ],
                        [
                            95.9991,
                            22.4407,
                            16140.49685
                        ],
                        [
                            96.0052,
                            22.4409,
                            20596.70315
                        ],
                        [
                            96.0069,
                            22.3959,
                            20596.70315
                        ],
                        [
                            96.0008,
                            22.3957,
                            16140.49685
                        ]
                    ]
                ],
                "type": "Polygon"
            },
            "properties": {
                "fill": "#FEF9F9",
                "fill-opacity": 1,
                "rake": 180.3134,
                "rise": 9.5,
                "sf_moment": 3.7e+17,
                "slip": 0.4295,
                "stroke-width": 1.5,
                "trup": 14.3963,
                "x==ew": 0.3313,
                "y==ns": 45.0341
            },
            "type": "Feature"
        },
        {
            "geometry": {
                "coordinates": [
                    [
                        [
                            95.9991,
                            22.4407,
                            16140.49685
                        ],
                        [
                            95.9974,
                            22.4857,
                            16140.49685
                        ],
                        [
                            96.0035,
                            22.4859,
                            20596.70315
                        ],
                        [
                            96.0052,
                            22.4409,
                            20596.70315
                        ],
                        [
                            95.9991,
                            22.4407,
                            16140.49685
                        ]
                    ]
                ],
                "type": "Polygon"
            },
            "properties": {
                "fill": "#FEF9F9",
                "fill-opacity": 1,
                "rake": 189.3701,
                "rise": 14.0,
                "sf_moment": 3.8e+17,
                "slip": 0.4407,
                "stroke-width": 1.5,
                "trup": 16.1581,
                "x==ew": 0.1431,
                "y==ns": 50.0306
            },
            "type": "Feature"
        },
        {
            "geometry": {
                "coordinates": [
                    [
                        [
                            95.9974,
                            22.4856,
                            16140.49685
                        ],
                        [
                            95.9957,
                            22.5306,
                            16140.49685
                        ],
                        [
                            96.0018,
                            22.5308,
                            20596.70315
                        ],
                        [
                            96.0035,
                            22.4858,
                            20596.70315
                        ],
                        [
                            95.9974,
                            22.4856,
                            16140.49685
                        ]
                    ]
                ],
                "type": "Polygon"
            },
            "properties": {
                "fill": "#FEF9F9",
                "fill-opacity": 1,
                "rake": 194.4195,
                "rise": 8.0,
                "sf_moment": 3.07e+17,
                "slip": 0.3561,
                "stroke-width": 1.5,
                "trup": 18.1265,
                "x==ew": -0.0451,
                "y==ns": 55.0271
            },
            "type": "Feature"
        },
        {
            "geometry": {
                "coordinates": [
                    [
                        [
                            95.9957,
                            22.5306,
                            16140.49685
                        ],
                        [
                            95.994,
                            22.5756,
                            16140.49685
                        ],
                        [
                            96.0001,
                            22.5758,
                            20596.70315
                        ],
                        [
                            96.0018,
                            22.5308,
                            20596.70315
                        ],
                        [
                            95.9957,
                            22.5306,
                            16140.49685
                        ]
                    ]
                ],
                "type": "Polygon"
            },
            "properties": {
                "fill": "#FEF9F9",
                "fill-opacity": 1,
                "rake": 176.8699,
                "rise": 2.0,
                "sf_moment": 3.62e+17,
                "slip": 0.4202,
                "stroke-width": 1.5,
                "trup": 20.1,
                "x==ew": -0.2333,
                "y==ns": 60.0236
            },
            "type": "Feature"
        },
        {
            "geometry": {
                "coordinates": [
                    [
                        [
                            95.994,
                            22.5756,
                            16140.49685
                        ],
                        [
                            95.9923,
                            22.6206,
                            16140.49685
                        ],
                        [
                            95.9984,
                            22.6208,
                            20596.70315
                        ],
                        [
                            96.0001,
                            22.5758,
                            20596.70315
                        ],
                        [
                            95.994,
                            22.5756,
                            16140.49685
                        ]
                    ]
                ],
                "type": "Polygon"
            },
            "properties": {
                "fill": "#FEF9F9",
                "fill-opacity": 1,
                "rake": 195.5471,
                "rise": 9.5,
                "sf_moment": 3.86e+17,
                "slip": 0.4484,
                "stroke-width": 1.5,
                "trup": 21.2774,
                "x==ew": -0.4215,
                "y==ns": 65.0201
            },
            "type": "Feature"
        },
        {
            "geometry": {
                "coordinates": [
                    [
                        [
                            95.9923,
                            22.6206,
                            16140.49685
                        ],
                        [
                            95.9906,
                            22.6656,
                            16140.49685
                        ],
                        [
                            95.9967,
                            22.6658,
                            20596.70315
                        ],
                        [
                            95.9984,
                            22.6208,
                            20596.70315
                        ],
                        [
                            95.9923,
                            22.6206,
                            16140.49685
                        ]
                    ]
                ],
                "type": "Polygon"
            },
            "properties": {
                "fill": "#FEF9F9",
                "fill-opacity": 1,
                "rake": 187.355,
                "rise": 3.5,
                "sf_moment": 3.59e+17,
                "slip": 0.4169,
                "stroke-width": 1.5,
                "trup": 23.058,
                "x==ew": -0.6097,
                "y==ns": 70.0166
            },
            "type": "Feature"
        },
        {
            "geometry": {
                "coordinates": [
                    [
                        [
                            95.9906,
                            22.6655,
                            16140.49685
                        ],
                        [
                            95.9889,
                            22.7105,
                            16140.49685
                        ],
                        [
                            95.995,
                            22.7107,
                            20596.70315
                        ],
                        [
                            95.9967,
                            22.6657,
                            20596.70315
                        ],
                        [
                            95.9906,
                            22.6655,
                            16140.49685
                        ]
                    ]
                ],
                "type": "Polygon"
            },
            "properties": {
                "fill": "#FEF9F9",
                "fill-opacity": 1,
                "rake": 183.7197,
                "rise": 6.5,
                "sf_moment": 4.23e+17,
                "slip": 0.4906,
                "stroke-width": 1.5,
                "trup": 23.2411,
                "x==ew": -0.7979,
                "y==ns": 75.0131
            },
            "type": "Feature"
        },
        {
            "geometry": {
                "coordinates": [
                    [
                        [
                            95.9889,
                            22.7105,
                            16140.49685
                        ],
                        [
                            95.9872,
                            22.7555,
                            16140.49685
                        ],
                        [
                            95.9933,
                            22.7557,
                            20596.70315
                        ],
                        [
                            95.995,
                            22.7107,
                            20596.70315
                        ],
                        [
                            95.9889,
                            22.7105,
                            16140.49685
                        ]
                    ]
                ],
                "type": "Polygon"
            },
            "properties": {
                "fill": "#FEF9F9",
                "fill-opacity": 1,
                "rake": 184.7705,
                "rise": 3.5,
                "sf_moment": 1.54e+17,
                "slip": 0.179,
                "stroke-width": 1.5,
                "trup": 23.6262,
                "x==ew": -0.9861,
                "y==ns": 80.0096
            },
            "type": "Feature"
        },
        {
            "geometry": {
                "coordinates": [
                    [
                        [
                            96.0798,
                            20.4182,
                            -1684.30315
                        ],
                        [
                            96.0756,
                            20.463,
                            -1684.30315
                        ],
                        [
                            96.0816,
                            20.4634,
                            2771.90315
                        ],
                        [
                            96.0858,
                            20.4186,
                            2771.90315
                        ],
                        [
                            96.0798,
                            20.4182,
                            -1684.30315
                        ]
                    ]
                ],
                "type": "Polygon"
            },
            "properties": {
                "fill": "#FD9567",
                "fill-opacity": 1,
                "rake": 183.0701,
                "rise": 2.0,
                "sf_moment": 3.2e+17,
                "slip": 3.3414,
                "stroke-width": 1.5,
                "trup": 35.6116,
                "x==ew": 8.9665,
                "y==ns": -174.691
            },
            "type": "Feature"
        },
        {
            "geometry": {
                "coordinates": [
                    [
                        [
                            96.0756,
                            20.463,
                            -1684.30315
                        ],
                        [
                            96.0714,
                            20.5078,
                            -1684.30315
                        ],
                        [
                            96.0774,
                            20.5082,
                            2771.90315
                        ],
                        [
                            96.0816,
                            20.4634,
                            2771.90315
                        ],
                        [
                            96.0756,
                            20.463,
                            -1684.30315
                        ]
                    ]
                ],
                "type": "Polygon"
            },
            "properties": {
                "fill": "#FD9768",
                "fill-opacity": 1,
                "rake": 178.1979,
                "rise": 6.5,
                "sf_moment": 3.17e+17,
                "slip": 3.3105,
                "stroke-width": 1.5,
                "trup": 37.8119,
                "x==ew": 8.5,
                "y==ns": -169.7105
            },
            "type": "Feature"
        },
        {
            "geometry": {
                "coordinates": [
                    [
                        [
                            96.0714,
                            20.5078,
                            -1684.30315
                        ],
                        [
                            96.0672,
                            20.5526,
                            -1684.30315
                        ],
                        [
                            96.0732,
                            20.553,
                            2771.90315
                        ],
                        [
                            96.0774,
                            20.5082,
                            2771.90315
                        ],
                        [
                            96.0714,
                            20.5078,
                            -1684.30315
                        ]
                    ]
                ],
                "type": "Polygon"
            },
            "properties": {
                "fill": "#FC9064",
                "fill-opacity": 1,
                "rake": 169.2901,
                "rise": 5.0,
                "sf_moment": 3.25e+17,
                "slip": 3.3904,
                "stroke-width": 1.5,
                "trup": 39.0123,
                "x==ew": 8.0335,
                "y==ns": -164.73
            },
            "type": "Feature"
        },
        {
            "geometry": {
                "coordinates": [
                    [
                        [
                            96.0672,
                            20.5526,
                            -1684.30315
                        ],
                        [
                            96.063,
                            20.5974,
                            -1684.30315
                        ],
                        [
                            96.069,
                            20.5978,
                            2771.90315
                        ],
                        [
                            96.0732,
                            20.553,
                            2771.90315
                        ],
                        [
                            96.0672,
                            20.5526,
                            -1684.30315
                        ]
                    ]
                ],
                "type": "Polygon"
            },
            "properties": {
                "fill": "#FEA26F",
                "fill-opacity": 1,
                "rake": 171.9689,
                "rise": 8.0,
                "sf_moment": 2.97e+17,
                "slip": 3.098,
                "stroke-width": 1.5,
                "trup": 36.8127,
                "x==ew": 7.5669,
                "y==ns": -159.7494
            },
            "type": "Feature"
        },
        {
            "geometry": {
                "coordinates": [
                    [
                        [
                            96.063,
                            20.5975,
                            -1684.30315
                        ],
                        [
                            96.0588,
                            20.6423,
                            -1684.30315
                        ],
                        [
                            96.0648,
                            20.6427,
                            2771.90315
                        ],
                        [
                            96.069,
                            20.5979,
                            2771.90315
                        ],
                        [
                            96.063,
                            20.5975,
                            -1684.30315
                        ]
                    ]
                ],
                "type": "Polygon"
            },
            "properties": {
                "fill": "#FB8760",
                "fill-opacity": 1,
                "rake": 169.2918,
                "rise": 12.5,
                "sf_moment": 3.41e+17,
                "slip": 3.5584,
                "stroke-width": 1.5,
                "trup": 33.8131,
                "x==ew": 7.1004,
                "y==ns": -154.7689
            },
            "type": "Feature"
        },
        {
            "geometry": {
                "coordinates": [
                    [
                        [
                            96.0588,
                            20.6423,
                            -1684.30315
                        ],
                        [
                            96.0546,
                            20.6871,
                            -1684.30315
                        ],
                        [
                            96.0606,
                            20.6875,
                            2771.90315
                        ],
                        [
                            96.0648,
                            20.6427,
                            2771.90315
                        ],
                        [
                            96.0588,
                            20.6423,
                            -1684.30315
                        ]
                    ]
                ],
                "type": "Polygon"
            },
            "properties": {
                "fill": "#E95560",
                "fill-opacity": 1,
                "rake": 173.5205,
                "rise": 9.5,
                "sf_moment": 4.24e+17,
                "slip": 4.4266,
                "stroke-width": 1.5,
                "trup": 31.2135,
                "x==ew": 6.6339,
                "y==ns": -149.7884
            },
            "type": "Feature"
        },
        {
            "geometry": {
                "coordinates": [
                    [
                        [
                            96.0546,
                            20.6871,
                            -1684.30315
                        ],
                        [
                            96.0504,
                            20.7319,
                            -1684.30315
                        ],
                        [
                            96.0564,
                            20.7323,
                            2771.90315
                        ],
                        [
                            96.0606,
                            20.6875,
                            2771.90315
                        ],
                        [
                            96.0546,
                            20.6871,
                            -1684.30315
                        ]
                    ]
                ],
                "type": "Polygon"
            },
            "properties": {
                "fill": "#E24D64",
                "fill-opacity": 1,
                "rake": 170.2367,
                "rise": 5.0,
                "sf_moment": 4.42e+17,
                "slip": 4.6158,
                "stroke-width": 1.5,
                "trup": 29.214,
                "x==ew": 6.1673,
                "y==ns": -144.8079
            },
            "type": "Feature"
        },
        {
            "geometry": {
                "coordinates": [
                    [
                        [
                            96.0504,
                            20.7319,
                            -1684.30315
                        ],
                        [
                            96.0462,
                            20.7767,
                            -1684.30315
                        ],
                        [
                            96.0522,
                            20.7771,
                            2771.90315
                        ],
                        [
                            96.0564,
                            20.7323,
                            2771.90315
                        ],
                        [
                            96.0504,
                            20.7319,
                            -1684.30315
                        ]
                    ]
                ],
                "type": "Polygon"
            },
            "properties": {
                "fill": "#F2625C",
                "fill-opacity": 1,
                "rake": 171.1037,
                "rise": 5.0,
                "sf_moment": 4e+17,
                "slip": 4.1815,
                "stroke-width": 1.5,
                "trup": 28.0145,
                "x==ew": 5.7008,
                "y==ns": -139.8273
            },
            "type": "Feature"
        },
        {
            "geometry": {
                "coordinates": [
                    [
                        [
                            96.0462,
                            20.7768,
                            -1684.30315
                        ],
                        [
                            96.042,
                            20.8216,
                            -1684.30315
                        ],
                        [
                            96.048,
                            20.822,
                            2771.90315
                        ],
                        [
                            96.0522,
                            20.7772,
                            2771.90315
                        ],
                        [
                            96.0462,
                            20.7768,
                            -1684.30315
                        ]
                    ]
                ],
                "type": "Polygon"
            },
            "properties": {
                "fill": "#E75262",
                "fill-opacity": 1,
                "rake": 177.4257,
                "rise": 8.0,
                "sf_moment": 4.31e+17,
                "slip": 4.5066,
                "stroke-width": 1.5,
                "trup": 27.615,
                "x==ew": 5.2343,
                "y==ns": -134.8468
            },
            "type": "Feature"
        },
        {
            "geometry": {
                "coordinates": [
                    [
                        [
                            96.042,
                            20.8216,
                            -1684.30315
                        ],
                        [
                            96.0378,
                            20.8664,
                            -1684.30315
                        ],
                        [
                            96.0438,
                            20.8668,
                            2771.90315
                        ],
                        [
                            96.048,
                            20.822,
                            2771.90315
                        ],
                        [
                            96.042,
                            20.8216,
                            -1684.30315
                        ]
                    ]
                ],
                "type": "Polygon"
            },
            "properties": {
                "fill": "#E75262",
                "fill-opacity": 1,
                "rake": 183.7766,
                "rise": 8.0,
                "sf_moment": 4.33e+17,
                "slip": 4.5194,
                "stroke-width": 1.5,
                "trup": 27.0156,
                "x==ew": 4.7677,
                "y==ns": -129.8663
            },
            "type": "Feature"
        },
        {
            "geometry": {
                "coordinates": [
                    [
                        [
                            96.0378,
                            20.8664,
                            -1684.30315
                        ],
                        [
                            96.0336,
                            20.9112,
                            -1684.30315
                        ],
                        [
                            96.0396,
                            20.9116,
                            2771.90315
                        ],
                        [
                            96.0438,
                            20.8668,
                            2771.90315
                        ],
                        [
                            96.0378,
                            20.8664,
                            -1684.30315
                        ]
                    ]
                ],
                "type": "Polygon"
            },
            "properties": {
                "fill": "#FB835F",
                "fill-opacity": 1,
                "rake": 181.4152,
                "rise": 5.0,
                "sf_moment": 3.47e+17,
                "slip": 3.6204,
                "stroke-width": 1.5,
                "trup": 25.0162,
                "x==ew": 4.3012,
                "y==ns": -124.8858
            },
            "type": "Feature"
        },
        {
            "geometry": {
                "coordinates": [
                    [
                        [
                            96.0336,
                            20.9112,
                            -1684.30315
                        ],
                        [
                            96.0294,
                            20.956,
                            -1684.30315
                        ],
                        [
                            96.0354,
                            20.9564,
                            2771.90315
                        ],
                        [
                            96.0396,
                            20.9116,
                            2771.90315
                        ],
                        [
                            96.0336,
                            20.9112,
                            -1684.30315
                        ]
                    ]
                ],
                "type": "Polygon"
            },
            "properties": {
                "fill": "#FEA973",
                "fill-opacity": 1,
                "rake": 172.1928,
                "rise": 8.0,
                "sf_moment": 2.86e+17,
                "slip": 2.9918,
                "stroke-width": 1.5,
                "trup": 24.0169,
                "x==ew": 3.8347,
                "y==ns": -119.9052
            },
            "type": "Feature"
        },
        {
            "geometry": {
                "coordinates": [
                    [
                        [
                            96.0858,
                            20.4187,
                            2771.89685
                        ],
                        [
                            96.0816,
                            20.4635,
                            2771.89685
                        ],
                        [
                            96.0876,
                            20.4639,
                            7228.10315
                        ],
                        [
                            96.0918,
                            20.4191,
                            7228.10315
                        ],
                        [
                            96.0858,
                            20.4187,
                            2771.89685
                        ]
                    ]
                ],
                "type": "Polygon"
            },
            "properties": {
                "fill": "#BA3878",
                "fill-opacity": 1,
                "rake": 197.5401,
                "rise": 14.0,
                "sf_moment": 3.06e+18,
                "slip": 5.4582,
                "stroke-width": 1.5,
                "trup": 37.4,
                "x==ew": 9.6344,
                "y==ns": -174.6364
            },
            "type": "Feature"
        },
        {
            "geometry": {
                "coordinates": [
                    [
                        [
                            96.0816,
                            20.4635,
                            2771.89685
                        ],
                        [
                            96.0774,
                            20.5083,
                            2771.89685
                        ],
                        [
                            96.0834,
                            20.5087,
                            7228.10315
                        ],
                        [
                            96.0876,
                            20.4639,
                            7228.10315
                        ],
                        [
                            96.0816,
                            20.4635,
                            2771.89685
                        ]
                    ]
                ],
                "type": "Polygon"
            },
            "properties": {
                "fill": "#D6456B",
                "fill-opacity": 1,
                "rake": 182.4775,
                "rise": 12.5,
                "sf_moment": 2.72e+18,
                "slip": 4.859,
                "stroke-width": 1.5,
                "trup": 38.2,
                "x==ew": 9.1679,
                "y==ns": -169.6559
            },
            "type": "Feature"
        },
        {
            "geometry": {
                "coordinates": [
                    [
                        [
                            96.0774,
                            20.5083,
                            2771.89685
                        ],
                        [
                            96.0732,
                            20.5531,
                            2771.89685
                        ],
                        [
                            96.0792,
                            20.5535,
                            7228.10315
                        ],
                        [
                            96.0834,
                            20.5087,
                            7228.10315
                        ],
                        [
                            96.0774,
                            20.5083,
                            2771.89685
                        ]
                    ]
                ],
                "type": "Polygon"
            },
            "properties": {
                "fill": "#EB575F",
                "fill-opacity": 1,
                "rake": 167.3227,
                "rise": 5.0,
                "sf_moment": 2.46e+18,
                "slip": 4.3888,
                "stroke-width": 1.5,
                "trup": 38.2,
                "x==ew": 8.7014,
                "y==ns": -164.6754
            },
            "type": "Feature"
        },
        {
            "geometry": {
                "coordinates": [
                    [
                        [
                            96.0732,
                            20.5531,
                            2771.89685
                        ],
                        [
                            96.069,
                            20.5979,
                            2771.89685
                        ],
                        [
                            96.075,
                            20.5983,
                            7228.10315
                        ],
                        [
                            96.0792,
                            20.5535,
                            7228.10315
                        ],
                        [
                            96.0732,
                            20.5531,
                            2771.89685
                        ]
                    ]
                ],
                "type": "Polygon"
            },
            "properties": {
                "fill": "#E75262",
                "fill-opacity": 1,
                "rake": 171.7546,
                "rise": 9.5,
                "sf_moment": 2.5e+18,
                "slip": 4.4712,
                "stroke-width": 1.5,
                "trup": 35.8,
                "x==ew": 8.2348,
                "y==ns": -159.6949
            },
            "type": "Feature"
        },
        {
            "geometry": {
                "coordinates": [
                    [
                        [
                            96.069,
                            20.598,
                            2771.89685
                        ],
                        [
                            96.0648,
                            20.6428,
                            2771.89685
                        ],
                        [
                            96.0708,
                            20.6432,
                            7228.10315
                        ],
                        [
                            96.075,
                            20.5984,
                            7228.10315
                        ],
                        [
                            96.069,
                            20.598,
                            2771.89685
                        ]
                    ]
                ],
                "type": "Polygon"
            },
            "properties": {
                "fill": "#DF4A67",
                "fill-opacity": 1,
                "rake": 176.1913,
                "rise": 5.0,
                "sf_moment": 2.63e+18,
                "slip": 4.6959,
                "stroke-width": 1.5,
                "trup": 33.0,
                "x==ew": 7.7683,
                "y==ns": -154.7143
            },
            "type": "Feature"
        },
        {
            "geometry": {
                "coordinates": [
                    [
                        [
                            96.0648,
                            20.6428,
                            2771.89685
                        ],
                        [
                            96.0606,
                            20.6876,
                            2771.89685
                        ],
                        [
                            96.0666,
                            20.688,
                            7228.10315
                        ],
                        [
                            96.0708,
                            20.6432,
                            7228.10315
                        ],
                        [
                            96.0648,
                            20.6428,
                            2771.89685
                        ]
                    ]
                ],
                "type": "Polygon"
            },
            "properties": {
                "fill": "#BC3977",
                "fill-opacity": 1,
                "rake": 183.9888,
                "rise": 14.0,
                "sf_moment": 3.02e+18,
                "slip": 5.3905,
                "stroke-width": 1.5,
                "trup": 31.0,
                "x==ew": 7.3018,
                "y==ns": -149.7338
            },
            "type": "Feature"
        },
        {
            "geometry": {
                "coordinates": [
                    [
                        [
                            96.0606,
                            20.6876,
                            2771.89685
                        ],
                        [
                            96.0564,
                            20.7324,
                            2771.89685
                        ],
                        [
                            96.0624,
                            20.7328,
                            7228.10315
                        ],
                        [
                            96.0666,
                            20.688,
                            7228.10315
                        ],
                        [
                            96.0606,
                            20.6876,
                            2771.89685
                        ]
                    ]
                ],
                "type": "Polygon"
            },
            "properties": {
                "fill": "#842681",
                "fill-opacity": 1,
                "rake": 178.7183,
                "rise": 3.5,
                "sf_moment": 3.61e+18,
                "slip": 6.4518,
                "stroke-width": 1.5,
                "trup": 29.0,
                "x==ew": 6.8353,
                "y==ns": -144.7533
            },
            "type": "Feature"
        },
        {
            "geometry": {
                "coordinates": [
                    [
                        [
                            96.0564,
                            20.7324,
                            2771.89685
                        ],
                        [
                            96.0522,
                            20.7772,
                            2771.89685
                        ],
                        [
                            96.0582,
                            20.7776,
                            7228.10315
                        ],
                        [
                            96.0624,
                            20.7328,
                            7228.10315
                        ],
                        [
                            96.0564,
                            20.7324,
                            2771.89685
                        ]
                    ]
                ],
                "type": "Polygon"
            },
            "properties": {
                "fill": "#C53C73",
                "fill-opacity": 1,
                "rake": 184.7628,
                "rise": 6.5,
                "sf_moment": 2.93e+18,
                "slip": 5.2372,
                "stroke-width": 1.5,
                "trup": 29.0,
                "x==ew": 6.3687,
                "y==ns": -139.7728
            },
            "type": "Feature"
        },
        {
            "geometry": {
                "coordinates": [
                    [
                        [
                            96.0522,
                            20.7773,
                            2771.89685
                        ],
                        [
                            96.048,
                            20.8221,
                            2771.89685
                        ],
                        [
                            96.054,
                            20.8225,
                            7228.10315
                        ],
                        [
                            96.0582,
                            20.7777,
                            7228.10315
                        ],
                        [
                            96.0522,
                            20.7773,
                            2771.89685
                        ]
                    ]
                ],
                "type": "Polygon"
            },
            "properties": {
                "fill": "#CA3E71",
                "fill-opacity": 1,
                "rake": 186.3578,
                "rise": 5.0,
                "sf_moment": 2.88e+18,
                "slip": 5.1442,
                "stroke-width": 1.5,
                "trup": 29.4,
                "x==ew": 5.9022,
                "y==ns": -134.7922
            },
            "type": "Feature"
        },
        {
            "geometry": {
                "coordinates": [
                    [
                        [
                            96.048,
                            20.8221,
                            2771.89685
                        ],
                        [
                            96.0438,
                            20.8669,
                            2771.89685
                        ],
                        [
                            96.0498,
                            20.8673,
                            7228.10315
                        ],
                        [
                            96.054,
                            20.8225,
                            7228.10315
                        ],
                        [
                            96.048,
                            20.8221,
                            2771.89685
                        ]
                    ]
                ],
                "type": "Polygon"
            },
            "properties": {
                "fill": "#C23B74",
                "fill-opacity": 1,
                "rake": 181.542,
                "rise": 9.5,
                "sf_moment": 2.96e+18,
                "slip": 5.2897,
                "stroke-width": 1.5,
                "trup": 28.8,
                "x==ew": 5.4357,
                "y==ns": -129.8117
            },
            "type": "Feature"
        },
        {
            "geometry": {
                "coordinates": [
                    [
                        [
                            96.0438,
                            20.8669,
                            2771.89685
                        ],
                        [
                            96.0396,
                            20.9117,
                            2771.89685
                        ],
                        [
                            96.0456,
                            20.9121,
                            7228.10315
                        ],
                        [
                            96.0498,
                            20.8673,
                            7228.10315
                        ],
                        [
                            96.0438,
                            20.8669,
                            2771.89685
                        ]
                    ]
                ],
                "type": "Polygon"
            },
            "properties": {
                "fill": "#DF4A67",
                "fill-opacity": 1,
                "rake": 183.8604,
                "rise": 6.5,
                "sf_moment": 2.64e+18,
                "slip": 4.7077,
                "stroke-width": 1.5,
                "trup": 26.0,
                "x==ew": 4.9691,
                "y==ns": -124.8312
            },
            "type": "Feature"
        },
        {
            "geometry": {
                "coordinates": [
                    [
                        [
                            96.0396,
                            20.9117,
                            2771.89685
                        ],
                        [
                            96.0354,
                            20.9565,
                            2771.89685
                        ],
                        [
                            96.0414,
                            20.9569,
                            7228.10315
                        ],
                        [
                            96.0456,
                            20.9121,
                            7228.10315
                        ],
                        [
                            96.0396,
                            20.9117,
                            2771.89685
                        ]
                    ]
                ],
                "type": "Polygon"
            },
            "properties": {
                "fill": "#EE5D5E",
                "fill-opacity": 1,
                "rake": 174.3987,
                "rise": 12.5,
                "sf_moment": 2.39e+18,
                "slip": 4.2714,
                "stroke-width": 1.5,
                "trup": 24.0,
                "x==ew": 4.5026,
                "y==ns": -119.8507
            },
            "type": "Feature"
        },
        {
            "geometry": {
                "coordinates": [
                    [
                        [
                            96.0918,
                            20.4191,
                            7228.09685
                        ],
                        [
                            96.0876,
                            20.4639,
                            7228.09685
                        ],
                        [
                            96.0936,
                            20.4643,
                            11684.30315
                        ],
                        [
                            96.0978,
                            20.4195,
                            11684.30315
                        ],
                        [
                            96.0918,
                            20.4191,
                            7228.09685
                        ]
                    ]
                ],
                "type": "Polygon"
            },
            "properties": {
                "fill": "#FEB57B",
                "fill-opacity": 1,
                "rake": 198.0517,
                "rise": 11.0,
                "sf_moment": 2.08e+18,
                "slip": 2.8011,
                "stroke-width": 1.5,
                "trup": 38.6116,
                "x==ew": 10.3024,
                "y==ns": -174.5819
            },
            "type": "Feature"
        },
        {
            "geometry": {
                "coordinates": [
                    [
                        [
                            96.0876,
                            20.464,
                            7228.09685
                        ],
                        [
                            96.0834,
                            20.5088,
                            7228.09685
                        ],
                        [
                            96.0894,
                            20.5092,
                            11684.30315
                        ],
                        [
                            96.0936,
                            20.4644,
                            11684.30315
                        ],
                        [
                            96.0876,
                            20.464,
                            7228.09685
                        ]
                    ]
                ],
                "type": "Polygon"
            },
            "properties": {
                "fill": "#FEA973",
                "fill-opacity": 1,
                "rake": 194.9935,
                "rise": 9.5,
                "sf_moment": 2.21e+18,
                "slip": 2.9743,
                "stroke-width": 1.5,
                "trup": 38.2119,
                "x==ew": 9.8358,
                "y==ns": -169.6013
            },
            "type": "Feature"
        },
        {
            "geometry": {
                "coordinates": [
                    [
                        [
                            96.0834,
                            20.5088,
                            7228.09685
                        ],
                        [
                            96.0792,
                            20.5536,
                            7228.09685
                        ],
                        [
                            96.0852,
                            20.554,
                            11684.30315
                        ],
                        [
                            96.0894,
                            20.5092,
                            11684.30315
                        ],
                        [
                            96.0834,
                            20.5088,
                            7228.09685
                        ]
                    ]
                ],
                "type": "Polygon"
            },
            "properties": {
                "fill": "#FECF92",
                "fill-opacity": 1,
                "rake": 188.9576,
                "rise": 9.5,
                "sf_moment": 1.73e+18,
                "slip": 2.3311,
                "stroke-width": 1.5,
                "trup": 37.6123,
                "x==ew": 9.3693,
                "y==ns": -164.6208
            },
            "type": "Feature"
        },
        {
            "geometry": {
                "coordinates": [
                    [
                        [
                            96.0792,
                            20.5536,
                            7228.09685
                        ],
                        [
                            96.075,
                            20.5984,
                            7228.09685
                        ],
                        [
                            96.081,
                            20.5988,
                            11684.30315
                        ],
                        [
                            96.0852,
                            20.554,
                            11684.30315
                        ],
                        [
                            96.0792,
                            20.5536,
                            7228.09685
                        ]
                    ]
                ],
                "type": "Polygon"
            },
            "properties": {
                "fill": "#FEC084",
                "fill-opacity": 1,
                "rake": 184.4344,
                "rise": 6.5,
                "sf_moment": 1.93e+18,
                "slip": 2.6,
                "stroke-width": 1.5,
                "trup": 34.8127,
                "x==ew": 8.9028,
                "y==ns": -159.6403
            },
            "type": "Feature"
        },
        {
            "geometry": {
                "coordinates": [
                    [
                        [
                            96.075,
                            20.5984,
                            7228.09685
                        ],
                        [
                            96.0708,
                            20.6432,
                            7228.09685
                        ],
                        [
                            96.0768,
                            20.6436,
                            11684.30315
                        ],
                        [
                            96.081,
                            20.5988,
                            11684.30315
                        ],
                        [
                            96.075,
                            20.5984,
                            7228.09685
                        ]
                    ]
                ],
                "type": "Polygon"
            },
            "properties": {
                "fill": "#FD9B6B",
                "fill-opacity": 1,
                "rake": 181.9103,
                "rise": 6.5,
                "sf_moment": 2.39e+18,
                "slip": 3.2142,
                "stroke-width": 1.5,
                "trup": 32.4131,
                "x==ew": 8.4362,
                "y==ns": -154.6598
            },
            "type": "Feature"
        },
        {
            "geometry": {
                "coordinates": [
                    [
                        [
                            96.0708,
                            20.6433,
                            7228.09685
                        ],
                        [
                            96.0666,
                            20.6881,
                            7228.09685
                        ],
                        [
                            96.0726,
                            20.6885,
                            11684.30315
                        ],
                        [
                            96.0768,
                            20.6437,
                            11684.30315
                        ],
                        [
                            96.0708,
                            20.6433,
                            7228.09685
                        ]
                    ]
                ],
                "type": "Polygon"
            },
            "properties": {
                "fill": "#FC9064",
                "fill-opacity": 1,
                "rake": 179.3793,
                "rise": 11.0,
                "sf_moment": 2.51e+18,
                "slip": 3.3752,
                "stroke-width": 1.5,
                "trup": 31.8135,
                "x==ew": 7.9697,
                "y==ns": -149.6792
            },
            "type": "Feature"
        },
        {
            "geometry": {
                "coordinates": [
                    [
                        [
                            96.0666,
                            20.6881,
                            7228.09685
                        ],
                        [
                            96.0624,
                            20.7329,
                            7228.09685
                        ],
                        [
                            96.0684,
                            20.7333,
                            11684.30315
                        ],
                        [
                            96.0726,
                            20.6885,
                            11684.30315
                        ],
                        [
                            96.0666,
                            20.6881,
                            7228.09685
                        ]
                    ]
                ],
                "type": "Polygon"
            },
            "properties": {
                "fill": "#F2645C",
                "fill-opacity": 1,
                "rake": 180.8529,
                "rise": 11.0,
                "sf_moment": 3.06e+18,
                "slip": 4.1159,
                "stroke-width": 1.5,
                "trup": 31.414,
                "x==ew": 7.5032,
                "y==ns": -144.6987
            },
            "type": "Feature"
        },
        {
            "geometry": {
                "coordinates": [
                    [
                        [
                            96.0624,
                            20.7329,
                            7228.09685
                        ],
                        [
                            96.0582,
                            20.7777,
                            7228.09685
                        ],
                        [
                            96.0642,
                            20.7781,
                            11684.30315
                        ],
                        [
                            96.0684,
                            20.7333,
                            11684.30315
                        ],
                        [
                            96.0624,
                            20.7329,
                            7228.09685
                        ]
                    ]
                ],
                "type": "Polygon"
            },
            "properties": {
                "fill": "#FEB27A",
                "fill-opacity": 1,
                "rake": 190.0829,
                "rise": 9.5,
                "sf_moment": 2.1e+18,
                "slip": 2.8175,
                "stroke-width": 1.5,
                "trup": 32.2145,
                "x==ew": 7.0366,
                "y==ns": -139.7182
            },
            "type": "Feature"
        },
        {
            "geometry": {
                "coordinates": [
                    [
                        [
                            96.0582,
                            20.7777,
                            7228.09685
                        ],
                        [
                            96.054,
                            20.8225,
                            7228.09685
                        ],
                        [
                            96.06,
                            20.8229,
                            11684.30315
                        ],
                        [
                            96.0642,
                            20.7781,
                            11684.30315
                        ],
                        [
                            96.0582,
                            20.7777,
                            7228.09685
                        ]
                    ]
                ],
                "type": "Polygon"
            },
            "properties": {
                "fill": "#FD9A6A",
                "fill-opacity": 1,
                "rake": 198.3278,
                "rise": 8.0,
                "sf_moment": 2.41e+18,
                "slip": 3.2344,
                "stroke-width": 1.5,
                "trup": 32.615,
                "x==ew": 6.5701,
                "y==ns": -134.7377
            },
            "type": "Feature"
        },
        {
            "geometry": {
                "coordinates": [
                    [
                        [
                            96.054,
                            20.8226,
                            7228.09685
                        ],
                        [
                            96.0498,
                            20.8674,
                            7228.09685
                        ],
                        [
                            96.0558,
                            20.8678,
                            11684.30315
                        ],
                        [
                            96.06,
                            20.823,
                            11684.30315
                        ],
                        [
                            96.054,
                            20.8226,
                            7228.09685
                        ]
                    ]
                ],
                "type": "Polygon"
            },
            "properties": {
                "fill": "#FC9266",
                "fill-opacity": 1,
                "rake": 200.2428,
                "rise": 8.0,
                "sf_moment": 2.5e+18,
                "slip": 3.3639,
                "stroke-width": 1.5,
                "trup": 32.0156,
                "x==ew": 6.1036,
                "y==ns": -129.7571
            },
            "type": "Feature"
        },
        {
            "geometry": {
                "coordinates": [
                    [
                        [
                            96.0498,
                            20.8674,
                            7228.09685
                        ],
                        [
                            96.0456,
                            20.9122,
                            7228.09685
                        ],
                        [
                            96.0516,
                            20.9126,
                            11684.30315
                        ],
                        [
                            96.0558,
                            20.8678,
                            11684.30315
                        ],
                        [
                            96.0498,
                            20.8674,
                            7228.09685
                        ]
                    ]
                ],
                "type": "Polygon"
            },
            "properties": {
                "fill": "#FEA772",
                "fill-opacity": 1,
                "rake": 197.5518,
                "rise": 12.5,
                "sf_moment": 2.23e+18,
                "slip": 3.004,
                "stroke-width": 1.5,
                "trup": 29.2162,
                "x==ew": 5.637,
                "y==ns": -124.7766
            },
            "type": "Feature"
        },
        {
            "geometry": {
                "coordinates": [
                    [
                        [
                            96.0456,
                            20.9122,
                            7228.09685
                        ],
                        [
                            96.0414,
                            20.957,
                            7228.09685
                        ],
                        [
                            96.0474,
                            20.9574,
                            11684.30315
                        ],
                        [
                            96.0516,
                            20.9126,
                            11684.30315
                        ],
                        [
                            96.0456,
                            20.9122,
                            7228.09685
                        ]
                    ]
                ],
                "type": "Polygon"
            },
            "properties": {
                "fill": "#FEBE83",
                "fill-opacity": 1,
                "rake": 183.8571,
                "rise": 3.5,
                "sf_moment": 1.96e+18,
                "slip": 2.6417,
                "stroke-width": 1.5,
                "trup": 26.4169,
                "x==ew": 5.1705,
                "y==ns": -119.7961
            },
            "type": "Feature"
        },
        {
            "geometry": {
                "coordinates": [
                    [
                        [
                            96.0978,
                            20.4196,
                            11684.29685
                        ],
                        [
                            96.0936,
                            20.4644,
                            11684.29685
                        ],
                        [
                            96.0996,
                            20.4648,
                            16140.50315
                        ],
                        [
                            96.1038,
                            20.42,
                            16140.50315
                        ],
                        [
                            96.0978,
                            20.4196,
                            11684.29685
                        ]
                    ]
                ],
                "type": "Polygon"
            },
            "properties": {
                "fill": "#FEF9F3",
                "fill-opacity": 1,
                "rake": 199.6859,
                "rise": 15.5,
                "sf_moment": 6.44e+17,
                "slip": 0.8663,
                "stroke-width": 1.5,
                "trup": 38.4463,
                "x==ew": 10.9703,
                "y==ns": -174.5273
            },
            "type": "Feature"
        },
        {
            "geometry": {
                "coordinates": [
                    [
                        [
                            96.0936,
                            20.4645,
                            11684.29685
                        ],
                        [
                            96.0894,
                            20.5093,
                            11684.29685
                        ],
                        [
                            96.0954,
                            20.5097,
                            16140.50315
                        ],
                        [
                            96.0996,
                            20.4649,
                            16140.50315
                        ],
                        [
                            96.0936,
                            20.4645,
                            11684.29685
                        ]
                    ]
                ],
                "type": "Polygon"
            },
            "properties": {
                "fill": "#FDFAE5",
                "fill-opacity": 1,
                "rake": 191.849,
                "rise": 2.0,
                "sf_moment": 7.68e+17,
                "slip": 1.0324,
                "stroke-width": 1.5,
                "trup": 37.6476,
                "x==ew": 10.5038,
                "y==ns": -169.5468
            },
            "type": "Feature"
        },
        {
            "geometry": {
                "coordinates": [
                    [
                        [
                            96.0894,
                            20.5093,
                            11684.29685
                        ],
                        [
                            96.0852,
                            20.5541,
                            11684.29685
                        ],
                        [
                            96.0912,
                            20.5545,
                            16140.50315
                        ],
                        [
                            96.0954,
                            20.5097,
                            16140.50315
                        ],
                        [
                            96.0894,
                            20.5093,
                            11684.29685
                        ]
                    ]
                ],
                "type": "Polygon"
            },
            "properties": {
                "fill": "#FEF9F7",
                "fill-opacity": 1,
                "rake": 177.7121,
                "rise": 5.0,
                "sf_moment": 5.97e+17,
                "slip": 0.8022,
                "stroke-width": 1.5,
                "trup": 36.4491,
                "x==ew": 10.0372,
                "y==ns": -164.5662
            },
            "type": "Feature"
        },
        {
            "geometry": {
                "coordinates": [
                    [
                        [
                            96.0852,
                            20.5541,
                            11684.29685
                        ],
                        [
                            96.081,
                            20.5989,
                            11684.29685
                        ],
                        [
                            96.087,
                            20.5993,
                            16140.50315
                        ],
                        [
                            96.0912,
                            20.5545,
                            16140.50315
                        ],
                        [
                            96.0852,
                            20.5541,
                            11684.29685
                        ]
                    ]
                ],
                "type": "Polygon"
            },
            "properties": {
                "fill": "#FEF9F9",
                "fill-opacity": 1,
                "rake": 197.3755,
                "rise": 9.5,
                "sf_moment": 2.19e+17,
                "slip": 0.2939,
                "stroke-width": 1.5,
                "trup": 34.0506,
                "x==ew": 9.5707,
                "y==ns": -159.5857
            },
            "type": "Feature"
        },
        {
            "geometry": {
                "coordinates": [
                    [
                        [
                            96.081,
                            20.5989,
                            11684.29685
                        ],
                        [
                            96.0768,
                            20.6437,
                            11684.29685
                        ],
                        [
                            96.0828,
                            20.6441,
                            16140.50315
                        ],
                        [
                            96.087,
                            20.5993,
                            16140.50315
                        ],
                        [
                            96.081,
                            20.5989,
                            11684.29685
                        ]
                    ]
                ],
                "type": "Polygon"
            },
            "properties": {
                "fill": "#FEF9F6",
                "fill-opacity": 1,
                "rake": 170.1858,
                "rise": 9.5,
                "sf_moment": 6.27e+17,
                "slip": 0.8437,
                "stroke-width": 1.5,
                "trup": 32.6522,
                "x==ew": 9.1042,
                "y==ns": -154.6052
            },
            "type": "Feature"
        },
        {
            "geometry": {
                "coordinates": [
                    [
                        [
                            96.0768,
                            20.6438,
                            11684.29685
                        ],
                        [
                            96.0726,
                            20.6886,
                            11684.29685
                        ],
                        [
                            96.0786,
                            20.689,
                            16140.50315
                        ],
                        [
                            96.0828,
                            20.6442,
                            16140.50315
                        ],
                        [
                            96.0768,
                            20.6438,
                            11684.29685
                        ]
                    ]
                ],
                "type": "Polygon"
            },
            "properties": {
                "fill": "#FEF9F6",
                "fill-opacity": 1,
                "rake": 204.3269,
                "rise": 5.0,
                "sf_moment": 6.19e+17,
                "slip": 0.8325,
                "stroke-width": 1.5,
                "trup": 32.854,
                "x==ew": 8.6376,
                "y==ns": -149.6247
            },
            "type": "Feature"
        },
        {
            "geometry": {
                "coordinates": [
                    [
                        [
                            96.0726,
                            20.6886,
                            11684.29685
                        ],
                        [
                            96.0684,
                            20.7334,
                            11684.29685
                        ],
                        [
                            96.0744,
                            20.7338,
                            16140.50315
                        ],
                        [
                            96.0786,
                            20.689,
                            16140.50315
                        ],
                        [
                            96.0726,
                            20.6886,
                            11684.29685
                        ]
                    ]
                ],
                "type": "Polygon"
            },
            "properties": {
                "fill": "#FEF9F9",
                "fill-opacity": 1,
                "rake": 182.748,
                "rise": 9.5,
                "sf_moment": 5.34e+17,
                "slip": 0.718,
                "stroke-width": 1.5,
                "trup": 33.6558,
                "x==ew": 8.1711,
                "y==ns": -144.6441
            },
            "type": "Feature"
        },
        {
            "geometry": {
                "coordinates": [
                    [
                        [
                            96.0684,
                            20.7334,
                            11684.29685
                        ],
                        [
                            96.0642,
                            20.7782,
                            11684.29685
                        ],
                        [
                            96.0702,
                            20.7786,
                            16140.50315
                        ],
                        [
                            96.0744,
                            20.7338,
                            16140.50315
                        ],
                        [
                            96.0684,
                            20.7334,
                            11684.29685
                        ]
                    ]
                ],
                "type": "Polygon"
            },
            "properties": {
                "fill": "#FEF9F9",
                "fill-opacity": 1,
                "rake": 171.5974,
                "rise": 14.0,
                "sf_moment": 6.93e+16,
                "slip": 0.0931,
                "stroke-width": 1.5,
                "trup": 35.0578,
                "x==ew": 7.7046,
                "y==ns": -139.6636
            },
            "type": "Feature"
        },
        {
            "geometry": {
                "coordinates": [
                    [
                        [
                            96.0642,
                            20.7782,
                            11684.29685
                        ],
                        [
                            96.06,
                            20.823,
                            11684.29685
                        ],
                        [
                            96.066,
                            20.8234,
                            16140.50315
                        ],
                        [
                            96.0702,
                            20.7786,
                            16140.50315
                        ],
                        [
                            96.0642,
                            20.7782,
                            11684.29685
                        ]
                    ]
                ],
                "type": "Polygon"
            },
            "properties": {
                "fill": "#FDFAEE",
                "fill-opacity": 1,
                "rake": 168.5773,
                "rise": 17.0,
                "sf_moment": 6.82e+17,
                "slip": 0.9166,
                "stroke-width": 1.5,
                "trup": 35.8599,
                "x==ew": 7.238,
                "y==ns": -134.6831
            },
            "type": "Feature"
        },
        {
            "geometry": {
                "coordinates": [
                    [
                        [
                            96.06,
                            20.8231,
                            11684.29685
                        ],
                        [
                            96.0558,
                            20.8679,
                            11684.29685
                        ],
                        [
                            96.0618,
                            20.8683,
                            16140.50315
                        ],
                        [
                            96.066,
                            20.8235,
                            16140.50315
                        ],
                        [
                            96.06,
                            20.8231,
                            11684.29685
                        ]
                    ]
                ],
                "type": "Polygon"
            },
            "properties": {
                "fill": "#FCF7B9",
                "fill-opacity": 1,
                "rake": 174.5647,
                "rise": 17.0,
                "sf_moment": 1.24e+18,
                "slip": 1.664,
                "stroke-width": 1.5,
                "trup": 35.0622,
                "x==ew": 6.7715,
                "y==ns": -129.7026
            },
            "type": "Feature"
        },
        {
            "geometry": {
                "coordinates": [
                    [
                        [
                            96.0558,
                            20.8679,
                            11684.29685
                        ],
                        [
                            96.0516,
                            20.9127,
                            11684.29685
                        ],
                        [
                            96.0576,
                            20.9131,
                            16140.50315
                        ],
                        [
                            96.0618,
                            20.8683,
                            16140.50315
                        ],
                        [
                            96.0558,
                            20.8679,
                            11684.29685
                        ]
                    ]
                ],
                "type": "Polygon"
            },
            "properties": {
                "fill": "#FCFBD2",
                "fill-opacity": 1,
                "rake": 179.2609,
                "rise": 15.5,
                "sf_moment": 9.74e+17,
                "slip": 1.3091,
                "stroke-width": 1.5,
                "trup": 32.4647,
                "x==ew": 6.305,
                "y==ns": -124.722
            },
            "type": "Feature"
        },
        {
            "geometry": {
                "coordinates": [
                    [
                        [
                            96.0516,
                            20.9127,
                            11684.29685
                        ],
                        [
                            96.0474,
                            20.9575,
                            11684.29685
                        ],
                        [
                            96.0534,
                            20.9579,
                            16140.50315
                        ],
                        [
                            96.0576,
                            20.9131,
                            16140.50315
                        ],
                        [
                            96.0516,
                            20.9127,
                            11684.29685
                        ]
                    ]
                ],
                "type": "Polygon"
            },
            "properties": {
                "fill": "#FCFBD2",
                "fill-opacity": 1,
                "rake": 167.2447,
                "rise": 2.0,
                "sf_moment": 9.67e+17,
                "slip": 1.2997,
                "stroke-width": 1.5,
                "trup": 29.2674,
                "x==ew": 5.8384,
                "y==ns": -119.7415
            },
            "type": "Feature"
        },
        {
            "geometry": {
                "coordinates": [
                    [
                        [
                            96.1038,
                            20.4201,
                            16140.49685
                        ],
                        [
                            96.0996,
                            20.4649,
                            16140.49685
                        ],
                        [
                            96.1056,
                            20.4653,
                            20596.70315
                        ],
                        [
                            96.1098,
                            20.4205,
                            20596.70315
                        ],
                        [
                            96.1038,
                            20.4201,
                            16140.49685
                        ]
                    ]
                ],
                "type": "Polygon"
            },
            "properties": {
                "fill": "#FEF9F9",
                "fill-opacity": 1,
                "rake": 198.2696,
                "rise": 11.0,
                "sf_moment": 2.34e+16,
                "slip": 0.0272,
                "stroke-width": 1.5,
                "trup": 38.504,
                "x==ew": 11.6382,
                "y==ns": -174.4727
            },
            "type": "Feature"
        },
        {
            "geometry": {
                "coordinates": [
                    [
                        [
                            96.0996,
                            20.465,
                            16140.49685
                        ],
                        [
                            96.0954,
                            20.5098,
                            16140.49685
                        ],
                        [
                            96.1014,
                            20.5102,
                            20596.70315
                        ],
                        [
                            96.1056,
                            20.4654,
                            20596.70315
                        ],
                        [
                            96.0996,
                            20.465,
                            16140.49685
                        ]
                    ]
                ],
                "type": "Polygon"
            },
            "properties": {
                "fill": "#FEF9F9",
                "fill-opacity": 1,
                "rake": 179.5263,
                "rise": 12.5,
                "sf_moment": 9.97e+16,
                "slip": 0.1157,
                "stroke-width": 1.5,
                "trup": 37.707,
                "x==ew": 11.1717,
                "y==ns": -169.4922
            },
            "type": "Feature"
        },
        {
            "geometry": {
                "coordinates": [
                    [
                        [
                            96.0954,
                            20.5098,
                            16140.49685
                        ],
                        [
                            96.0912,
                            20.5546,
                            16140.49685
                        ],
                        [
                            96.0972,
                            20.555,
                            20596.70315
                        ],
                        [
                            96.1014,
                            20.5102,
                            20596.70315
                        ],
                        [
                            96.0954,
                            20.5098,
                            16140.49685
                        ]
                    ]
                ],
                "type": "Polygon"
            },
            "properties": {
                "fill": "#FEF9F9",
                "fill-opacity": 1,
                "rake": 201.2256,
                "rise": 6.5,
                "sf_moment": 5.5e+16,
                "slip": 0.0639,
                "stroke-width": 1.5,
                "trup": 36.1103,
                "x==ew": 10.7052,
                "y==ns": -164.5116
            },
            "type": "Feature"
        },
        {
            "geometry": {
                "coordinates": [
                    [
                        [
                            96.0912,
                            20.5546,
                            16140.49685
                        ],
                        [
                            96.087,
                            20.5994,
                            16140.49685
                        ],
                        [
                            96.093,
                            20.5998,
                            20596.70315
                        ],
                        [
                            96.0972,
                            20.555,
                            20596.70315
                        ],
                        [
                            96.0912,
                            20.5546,
                            16140.49685
                        ]
                    ]
                ],
                "type": "Polygon"
            },
            "properties": {
                "fill": "#FEF9F9",
                "fill-opacity": 1,
                "rake": 182.2466,
                "rise": 11.0,
                "sf_moment": 2.03e+17,
                "slip": 0.236,
                "stroke-width": 1.5,
                "trup": 33.9137,
                "x==ew": 10.2386,
                "y==ns": -159.5311
            },
            "type": "Feature"
        },
        {
            "geometry": {
                "coordinates": [
                    [
                        [
                            96.087,
                            20.5994,
                            16140.49685
                        ],
                        [
                            96.0828,
                            20.6442,
                            16140.49685
                        ],
                        [
                            96.0888,
                            20.6446,
                            20596.70315
                        ],
                        [
                            96.093,
                            20.5998,
                            20596.70315
                        ],
                        [
                            96.087,
                            20.5994,
                            16140.49685
                        ]
                    ]
                ],
                "type": "Polygon"
            },
            "properties": {
                "fill": "#FEF9F9",
                "fill-opacity": 1,
                "rake": 180.5211,
                "rise": 8.0,
                "sf_moment": 1.33e+17,
                "slip": 0.1539,
                "stroke-width": 1.5,
                "trup": 33.3174,
                "x==ew": 9.7721,
                "y==ns": -154.5506
            },
            "type": "Feature"
        },
        {
            "geometry": {
                "coordinates": [
                    [
                        [
                            96.0829,
                            20.6443,
                            16140.49685
                        ],
                        [
                            96.0787,
                            20.6891,
                            16140.49685
                        ],
                        [
                            96.0847,
                            20.6895,
                            20596.70315
                        ],
                        [
                            96.0889,
                            20.6447,
                            20596.70315
                        ],
                        [
                            96.0829,
                            20.6443,
                            16140.49685
                        ]
                    ]
                ],
                "type": "Polygon"
            },
            "properties": {
                "fill": "#FEF9F9",
                "fill-opacity": 1,
                "rake": 182.293,
                "rise": 14.0,
                "sf_moment": 1.99e+17,
                "slip": 0.2315,
                "stroke-width": 1.5,
                "trup": 33.5213,
                "x==ew": 9.3056,
                "y==ns": -149.5701
            },
            "type": "Feature"
        },
        {
            "geometry": {
                "coordinates": [
                    [
                        [
                            96.0787,
                            20.6891,
                            16140.49685
                        ],
                        [
                            96.0745,
                            20.7339,
                            16140.49685
                        ],
                        [
                            96.0805,
                            20.7343,
                            20596.70315
                        ],
                        [
                            96.0847,
                            20.6895,
                            20596.70315
                        ],
                        [
                            96.0787,
                            20.6891,
                            16140.49685
                        ]
                    ]
                ],
                "type": "Polygon"
            },
            "properties": {
                "fill": "#FEF9F9",
                "fill-opacity": 1,
                "rake": 199.767,
                "rise": 9.5,
                "sf_moment": 7580000000000000.0,
                "slip": 0.0088,
                "stroke-width": 1.5,
                "trup": 34.5254,
                "x==ew": 8.839,
                "y==ns": -144.5895
            },
            "type": "Feature"
        },
        {
            "geometry": {
                "coordinates": [
                    [
                        [
                            96.0745,
                            20.7339,
                            16140.49685
                        ],
                        [
                            96.0703,
                            20.7787,
                            16140.49685
                        ],
                        [
                            96.0763,
                            20.7791,
                            20596.70315
                        ],
                        [
                            96.0805,
                            20.7343,
                            20596.70315
                        ],
                        [
                            96.0745,
                            20.7339,
                            16140.49685
                        ]
                    ]
                ],
                "type": "Polygon"
            },
            "properties": {
                "fill": "#FEF9F9",
                "fill-opacity": 1,
                "rake": 184.666,
                "rise": 9.5,
                "sf_moment": 1.82e+16,
                "slip": 0.0211,
                "stroke-width": 1.5,
                "trup": 36.5299,
                "x==ew": 8.3725,
                "y==ns": -139.609
            },
            "type": "Feature"
        },
        {
            "geometry": {
                "coordinates": [
                    [
                        [
                            96.0703,
                            20.7787,
                            16140.49685
                        ],
                        [
                            96.0661,
                            20.8235,
                            16140.49685
                        ],
                        [
                            96.0721,
                            20.8239,
                            20596.70315
                        ],
                        [
                            96.0763,
                            20.7791,
                            20596.70315
                        ],
                        [
                            96.0703,
                            20.7787,
                            16140.49685
                        ]
                    ]
                ],
                "type": "Polygon"
            },
            "properties": {
                "fill": "#FEF9F9",
                "fill-opacity": 1,
                "rake": 178.4409,
                "rise": 12.5,
                "sf_moment": 3.99e+17,
                "slip": 0.4636,
                "stroke-width": 1.5,
                "trup": 37.5347,
                "x==ew": 7.906,
                "y==ns": -134.6285
            },
            "type": "Feature"
        },
        {
            "geometry": {
                "coordinates": [
                    [
                        [
                            96.0661,
                            20.8236,
                            16140.49685
                        ],
                        [
                            96.0619,
                            20.8684,
                            16140.49685
                        ],
                        [
                            96.0679,
                            20.8688,
                            20596.70315
                        ],
                        [
                            96.0721,
                            20.824,
                            20596.70315
                        ],
                        [
                            96.0661,
                            20.8236,
                            16140.49685
                        ]
                    ]
                ],
                "type": "Polygon"
            },
            "properties": {
                "fill": "#FEF9F9",
                "fill-opacity": 1,
                "rake": 167.1738,
                "rise": 14.0,
                "sf_moment": 1.89e+17,
                "slip": 0.2199,
                "stroke-width": 1.5,
                "trup": 36.7398,
                "x==ew": 7.4394,
                "y==ns": -129.648
            },
            "type": "Feature"
        },
        {
            "geometry": {
                "coordinates": [
                    [
                        [
                            96.0619,
                            20.8684,
                            16140.49685
                        ],
                        [
                            96.0577,
                            20.9132,
                            16140.49685
                        ],
                        [
                            96.0637,
                            20.9136,
                            20596.70315
                        ],
                        [
                            96.0679,
                            20.8688,
                            20596.70315
                        ],
                        [
                            96.0619,
                            20.8684,
                            16140.49685
                        ]
                    ]
                ],
                "type": "Polygon"
            },
            "properties": {
                "fill": "#FEF9F9",
                "fill-opacity": 1,
                "rake": 198.6866,
                "rise": 12.5,
                "sf_moment": 1.78e+17,
                "slip": 0.2068,
                "stroke-width": 1.5,
                "trup": 34.1454,
                "x==ew": 6.9729,
                "y==ns": -124.6674
            },
            "type": "Feature"
        },
        {
            "geometry": {
                "coordinates": [
                    [
                        [
                            96.0577,
                            20.9132,
                            16140.49685
                        ],
                        [
                            96.0535,
                            20.958,
                            16140.49685
                        ],
                        [
                            96.0595,
                            20.9584,
                            20596.70315
                        ],
                        [
                            96.0637,
                            20.9136,
                            20596.70315
                        ],
                        [
                            96.0577,
                            20.9132,
                            16140.49685
                        ]
                    ]
                ],
                "type": "Polygon"
            },
            "properties": {
                "fill": "#FEF9F9",
                "fill-opacity": 1,
                "rake": 190.2916,
                "rise": 9.5,
                "sf_moment": 2.65e+17,
                "slip": 0.3075,
                "stroke-width": 1.5,
                "trup": 30.5514,
                "x==ew": 6.5064,
                "y==ns": -119.6869
            },
            "type": "Feature"
        },
        {
            "geometry": {
                "coordinates": [
                    [
                        [
                            96.2656,
                            19.1705,
                            -1684.30315
                        ],
                        [
                            96.2589,
                            19.2151,
                            -1684.30315
                        ],
                        [
                            96.2648,
                            19.2159,
                            2771.90315
                        ],
                        [
                            96.2715,
                            19.1713,
                            2771.90315
                        ],
                        [
                            96.2656,
                            19.1705,
                            -1684.30315
                        ]
                    ]
                ],
                "type": "Polygon"
            },
            "properties": {
                "fill": "#FEA470",
                "fill-opacity": 1,
                "rake": 194.2563,
                "rise": 6.5,
                "sf_moment": 2.93e+17,
                "slip": 3.0632,
                "stroke-width": 1.5,
                "trup": 75.6064,
                "x==ew": 29.4699,
                "y==ns": -313.3131
            },
            "type": "Feature"
        },
        {
            "geometry": {
                "coordinates": [
                    [
                        [
                            96.259,
                            19.215,
                            -1684.30315
                        ],
                        [
                            96.2523,
                            19.2596,
                            -1684.30315
                        ],
                        [
                            96.2582,
                            19.2604,
                            2771.90315
                        ],
                        [
                            96.2649,
                            19.2158,
                            2771.90315
                        ],
                        [
                            96.259,
                            19.215,
                            -1684.30315
                        ]
                    ]
                ],
                "type": "Polygon"
            },
            "properties": {
                "fill": "#FA7E5E",
                "fill-opacity": 1,
                "rake": 190.2785,
                "rise": 9.5,
                "sf_moment": 3.53e+17,
                "slip": 3.6901,
                "stroke-width": 1.5,
                "trup": 74.2065,
                "x==ew": 28.7276,
                "y==ns": -308.3622
            },
            "type": "Feature"
        },
        {
            "geometry": {
                "coordinates": [
                    [
                        [
                            96.2523,
                            19.2596,
                            -1684.30315
                        ],
                        [
                            96.2456,
                            19.3042,
                            -1684.30315
                        ],
                        [
                            96.2515,
                            19.305,
                            2771.90315
                        ],
                        [
                            96.2582,
                            19.2604,
                            2771.90315
                        ],
                        [
                            96.2523,
                            19.2596,
                            -1684.30315
                        ]
                    ]
                ],
                "type": "Polygon"
            },
            "properties": {
                "fill": "#FEA26F",
                "fill-opacity": 1,
                "rake": 183.3014,
                "rise": 17.0,
                "sf_moment": 2.97e+17,
                "slip": 3.1003,
                "stroke-width": 1.5,
                "trup": 72.6066,
                "x==ew": 27.9852,
                "y==ns": -303.4113
            },
            "type": "Feature"
        },
        {
            "geometry": {
                "coordinates": [
                    [
                        [
                            96.2456,
                            19.3041,
                            -1684.30315
                        ],
                        [
                            96.2389,
                            19.3487,
                            -1684.30315
                        ],
                        [
                            96.2448,
                            19.3495,
                            2771.90315
                        ],
                        [
                            96.2515,
                            19.3049,
                            2771.90315
                        ],
                        [
                            96.2456,
                            19.3041,
                            -1684.30315
                        ]
                    ]
                ],
                "type": "Polygon"
            },
            "properties": {
                "fill": "#FED496",
                "fill-opacity": 1,
                "rake": 180.4467,
                "rise": 8.0,
                "sf_moment": 2.17e+17,
                "slip": 2.2638,
                "stroke-width": 1.5,
                "trup": 71.2067,
                "x==ew": 27.2429,
                "y==ns": -298.4604
            },
            "type": "Feature"
        },
        {
            "geometry": {
                "coordinates": [
                    [
                        [
                            96.2389,
                            19.3487,
                            -1684.30315
                        ],
                        [
                            96.2322,
                            19.3933,
                            -1684.30315
                        ],
                        [
                            96.2381,
                            19.3941,
                            2771.90315
                        ],
                        [
                            96.2448,
                            19.3495,
                            2771.90315
                        ],
                        [
                            96.2389,
                            19.3487,
                            -1684.30315
                        ]
                    ]
                ],
                "type": "Polygon"
            },
            "properties": {
                "fill": "#FEA470",
                "fill-opacity": 1,
                "rake": 174.0741,
                "rise": 3.5,
                "sf_moment": 2.94e+17,
                "slip": 3.0747,
                "stroke-width": 1.5,
                "trup": 68.0069,
                "x==ew": 26.5006,
                "y==ns": -293.5095
            },
            "type": "Feature"
        },
        {
            "geometry": {
                "coordinates": [
                    [
                        [
                            96.2322,
                            19.3932,
                            -1684.30315
                        ],
                        [
                            96.2255,
                            19.4378,
                            -1684.30315
                        ],
                        [
                            96.2314,
                            19.4386,
                            2771.90315
                        ],
                        [
                            96.2381,
                            19.394,
                            2771.90315
                        ],
                        [
                            96.2322,
                            19.3932,
                            -1684.30315
                        ]
                    ]
                ],
                "type": "Polygon"
            },
            "properties": {
                "fill": "#FEA973",
                "fill-opacity": 1,
                "rake": 170.1035,
                "rise": 6.5,
                "sf_moment": 2.86e+17,
                "slip": 2.9826,
                "stroke-width": 1.5,
                "trup": 64.207,
                "x==ew": 25.7582,
                "y==ns": -288.5587
            },
            "type": "Feature"
        },
        {
            "geometry": {
                "coordinates": [
                    [
                        [
                            96.2255,
                            19.4378,
                            -1684.30315
                        ],
                        [
                            96.2188,
                            19.4824,
                            -1684.30315
                        ],
                        [
                            96.2247,
                            19.4832,
                            2771.90315
                        ],
                        [
                            96.2314,
                            19.4386,
                            2771.90315
                        ],
                        [
                            96.2255,
                            19.4378,
                            -1684.30315
                        ]
                    ]
                ],
                "type": "Polygon"
            },
            "properties": {
                "fill": "#FEC387",
                "fill-opacity": 1,
                "rake": 183.0869,
                "rise": 12.5,
                "sf_moment": 2.45e+17,
                "slip": 2.5576,
                "stroke-width": 1.5,
                "trup": 60.6071,
                "x==ew": 25.0159,
                "y==ns": -283.6078
            },
            "type": "Feature"
        },
        {
            "geometry": {
                "coordinates": [
                    [
                        [
                            96.2189,
                            19.4824,
                            -1684.30315
                        ],
                        [
                            96.2122,
                            19.527,
                            -1684.30315
                        ],
                        [
                            96.2181,
                            19.5278,
                            2771.90315
                        ],
                        [
                            96.2248,
                            19.4832,
                            2771.90315
                        ],
                        [
                            96.2189,
                            19.4824,
                            -1684.30315
                        ]
                    ]
                ],
                "type": "Polygon"
            },
            "properties": {
                "fill": "#FECB8E",
                "fill-opacity": 1,
                "rake": 183.8185,
                "rise": 5.0,
                "sf_moment": 2.32e+17,
                "slip": 2.4192,
                "stroke-width": 1.5,
                "trup": 57.2072,
                "x==ew": 24.2735,
                "y==ns": -278.6569
            },
            "type": "Feature"
        },
        {
            "geometry": {
                "coordinates": [
                    [
                        [
                            96.2122,
                            19.5269,
                            -1684.30315
                        ],
                        [
                            96.2055,
                            19.5715,
                            -1684.30315
                        ],
                        [
                            96.2114,
                            19.5723,
                            2771.90315
                        ],
                        [
                            96.2181,
                            19.5277,
                            2771.90315
                        ],
                        [
                            96.2122,
                            19.5269,
                            -1684.30315
                        ]
                    ]
                ],
                "type": "Polygon"
            },
            "properties": {
                "fill": "#FEC286",
                "fill-opacity": 1,
                "rake": 184.5082,
                "rise": 5.0,
                "sf_moment": 2.46e+17,
                "slip": 2.5724,
                "stroke-width": 1.5,
                "trup": 56.2074,
                "x==ew": 23.5312,
                "y==ns": -273.706
            },
            "type": "Feature"
        },
        {
            "geometry": {
                "coordinates": [
                    [
                        [
                            96.2055,
                            19.5715,
                            -1684.30315
                        ],
                        [
                            96.1988,
                            19.6161,
                            -1684.30315
                        ],
                        [
                            96.2047,
                            19.6169,
                            2771.90315
                        ],
                        [
                            96.2114,
                            19.5723,
                            2771.90315
                        ],
                        [
                            96.2055,
                            19.5715,
                            -1684.30315
                        ]
                    ]
                ],
                "type": "Polygon"
            },
            "properties": {
                "fill": "#FEAD76",
                "fill-opacity": 1,
                "rake": 188.9532,
                "rise": 14.0,
                "sf_moment": 2.79e+17,
                "slip": 2.915,
                "stroke-width": 1.5,
                "trup": 55.0075,
                "x==ew": 22.7889,
                "y==ns": -268.7551
            },
            "type": "Feature"
        },
        {
            "geometry": {
                "coordinates": [
                    [
                        [
                            96.1988,
                            19.616,
                            -1684.30315
                        ],
                        [
                            96.1921,
                            19.6606,
                            -1684.30315
                        ],
                        [
                            96.198,
                            19.6614,
                            2771.90315
                        ],
                        [
                            96.2047,
                            19.6168,
                            2771.90315
                        ],
                        [
                            96.1988,
                            19.616,
                            -1684.30315
                        ]
                    ]
                ],
                "type": "Polygon"
            },
            "properties": {
                "fill": "#F7725C",
                "fill-opacity": 1,
                "rake": 182.2999,
                "rise": 11.0,
                "sf_moment": 3.73e+17,
                "slip": 3.8935,
                "stroke-width": 1.5,
                "trup": 55.0076,
                "x==ew": 22.0465,
                "y==ns": -263.8042
            },
            "type": "Feature"
        },
        {
            "geometry": {
                "coordinates": [
                    [
                        [
                            96.1921,
                            19.6606,
                            -1684.30315
                        ],
                        [
                            96.1854,
                            19.7052,
                            -1684.30315
                        ],
                        [
                            96.1913,
                            19.706,
                            2771.90315
                        ],
                        [
                            96.198,
                            19.6614,
                            2771.90315
                        ],
                        [
                            96.1921,
                            19.6606,
                            -1684.30315
                        ]
                    ]
                ],
                "type": "Polygon"
            },
            "properties": {
                "fill": "#FB855F",
                "fill-opacity": 1,
                "rake": 174.9338,
                "rise": 17.0,
                "sf_moment": 3.41e+17,
                "slip": 3.5625,
                "stroke-width": 1.5,
                "trup": 53.6078,
                "x==ew": 21.3042,
                "y==ns": -258.8533
            },
            "type": "Feature"
        },
        {
            "geometry": {
                "coordinates": [
                    [
                        [
                            96.1855,
                            19.7052,
                            -1684.30315
                        ],
                        [
                            96.1788,
                            19.7498,
                            -1684.30315
                        ],
                        [
                            96.1847,
                            19.7506,
                            2771.90315
                        ],
                        [
                            96.1914,
                            19.706,
                            2771.90315
                        ],
                        [
                            96.1855,
                            19.7052,
                            -1684.30315
                        ]
                    ]
                ],
                "type": "Polygon"
            },
            "properties": {
                "fill": "#FC9064",
                "fill-opacity": 1,
                "rake": 180.3813,
                "rise": 17.0,
                "sf_moment": 3.26e+17,
                "slip": 3.4026,
                "stroke-width": 1.5,
                "trup": 55.0079,
                "x==ew": 20.5618,
                "y==ns": -253.9024
            },
            "type": "Feature"
        },
        {
            "geometry": {
                "coordinates": [
                    [
                        [
                            96.1788,
                            19.7497,
                            -1684.30315
                        ],
                        [
                            96.1721,
                            19.7943,
                            -1684.30315
                        ],
                        [
                            96.178,
                            19.7951,
                            2771.90315
                        ],
                        [
                            96.1847,
                            19.7505,
                            2771.90315
                        ],
                        [
                            96.1788,
                            19.7497,
                            -1684.30315
                        ]
                    ]
                ],
                "type": "Polygon"
            },
            "properties": {
                "fill": "#D8456A",
                "fill-opacity": 1,
                "rake": 188.6286,
                "rise": 9.5,
                "sf_moment": 4.62e+17,
                "slip": 4.8211,
                "stroke-width": 1.5,
                "trup": 57.8081,
                "x==ew": 19.8195,
                "y==ns": -248.9515
            },
            "type": "Feature"
        },
        {
            "geometry": {
                "coordinates": [
                    [
                        [
                            96.1721,
                            19.7943,
                            -1684.30315
                        ],
                        [
                            96.1654,
                            19.8389,
                            -1684.30315
                        ],
                        [
                            96.1713,
                            19.8397,
                            2771.90315
                        ],
                        [
                            96.178,
                            19.7951,
                            2771.90315
                        ],
                        [
                            96.1721,
                            19.7943,
                            -1684.30315
                        ]
                    ]
                ],
                "type": "Polygon"
            },
            "properties": {
                "fill": "#681C81",
                "fill-opacity": 1,
                "rake": 181.4213,
                "rise": 17.0,
                "sf_moment": 6.73e+17,
                "slip": 7.0329,
                "stroke-width": 1.5,
                "trup": 61.6083,
                "x==ew": 19.0772,
                "y==ns": -244.0006
            },
            "type": "Feature"
        },
        {
            "geometry": {
                "coordinates": [
                    [
                        [
                            96.1654,
                            19.8388,
                            -1684.30315
                        ],
                        [
                            96.1587,
                            19.8834,
                            -1684.30315
                        ],
                        [
                            96.1646,
                            19.8842,
                            2771.90315
                        ],
                        [
                            96.1713,
                            19.8396,
                            2771.90315
                        ],
                        [
                            96.1654,
                            19.8388,
                            -1684.30315
                        ]
                    ]
                ],
                "type": "Polygon"
            },
            "properties": {
                "fill": "#CD4070",
                "fill-opacity": 1,
                "rake": 183.5388,
                "rise": 17.0,
                "sf_moment": 4.87e+17,
                "slip": 5.09,
                "stroke-width": 1.5,
                "trup": 57.8084,
                "x==ew": 18.3348,
                "y==ns": -239.0497
            },
            "type": "Feature"
        },
        {
            "geometry": {
                "coordinates": [
                    [
                        [
                            96.1587,
                            19.8834,
                            -1684.30315
                        ],
                        [
                            96.152,
                            19.928,
                            -1684.30315
                        ],
                        [
                            96.1579,
                            19.9288,
                            2771.90315
                        ],
                        [
                            96.1646,
                            19.8842,
                            2771.90315
                        ],
                        [
                            96.1587,
                            19.8834,
                            -1684.30315
                        ]
                    ]
                ],
                "type": "Polygon"
            },
            "properties": {
                "fill": "#FEB57B",
                "fill-opacity": 1,
                "rake": 190.2517,
                "rise": 17.0,
                "sf_moment": 2.69e+17,
                "slip": 2.8102,
                "stroke-width": 1.5,
                "trup": 58.0086,
                "x==ew": 17.5925,
                "y==ns": -234.0988
            },
            "type": "Feature"
        },
        {
            "geometry": {
                "coordinates": [
                    [
                        [
                            96.1521,
                            19.9279,
                            -1684.30315
                        ],
                        [
                            96.1454,
                            19.9725,
                            -1684.30315
                        ],
                        [
                            96.1513,
                            19.9733,
                            2771.90315
                        ],
                        [
                            96.158,
                            19.9287,
                            2771.90315
                        ],
                        [
                            96.1521,
                            19.9279,
                            -1684.30315
                        ]
                    ]
                ],
                "type": "Polygon"
            },
            "properties": {
                "fill": "#FEC488",
                "fill-opacity": 1,
                "rake": 181.3523,
                "rise": 9.5,
                "sf_moment": 2.42e+17,
                "slip": 2.5284,
                "stroke-width": 1.5,
                "trup": 59.2088,
                "x==ew": 16.8501,
                "y==ns": -229.1479
            },
            "type": "Feature"
        },
        {
            "geometry": {
                "coordinates": [
                    [
                        [
                            96.1454,
                            19.9725,
                            -1684.30315
                        ],
                        [
                            96.1387,
                            20.0171,
                            -1684.30315
                        ],
                        [
                            96.1446,
                            20.0179,
                            2771.90315
                        ],
                        [
                            96.1513,
                            19.9733,
                            2771.90315
                        ],
                        [
                            96.1454,
                            19.9725,
                            -1684.30315
                        ]
                    ]
                ],
                "type": "Polygon"
            },
            "properties": {
                "fill": "#FEAD76",
                "fill-opacity": 1,
                "rake": 185.763,
                "rise": 11.0,
                "sf_moment": 2.79e+17,
                "slip": 2.9192,
                "stroke-width": 1.5,
                "trup": 57.009,
                "x==ew": 16.1078,
                "y==ns": -224.197
            },
            "type": "Feature"
        },
        {
            "geometry": {
                "coordinates": [
                    [
                        [
                            96.1387,
                            20.0171,
                            -1684.30315
                        ],
                        [
                            96.132,
                            20.0617,
                            -1684.30315
                        ],
                        [
                            96.1379,
                            20.0625,
                            2771.90315
                        ],
                        [
                            96.1446,
                            20.0179,
                            2771.90315
                        ],
                        [
                            96.1387,
                            20.0171,
                            -1684.30315
                        ]
                    ]
                ],
                "type": "Polygon"
            },
            "properties": {
                "fill": "#F9785D",
                "fill-opacity": 1,
                "rake": 197.354,
                "rise": 17.0,
                "sf_moment": 3.62e+17,
                "slip": 3.7818,
                "stroke-width": 1.5,
                "trup": 52.4092,
                "x==ew": 15.3655,
                "y==ns": -219.2461
            },
            "type": "Feature"
        },
        {
            "geometry": {
                "coordinates": [
                    [
                        [
                            96.132,
                            20.0616,
                            -1684.30315
                        ],
                        [
                            96.1253,
                            20.1062,
                            -1684.30315
                        ],
                        [
                            96.1312,
                            20.107,
                            2771.90315
                        ],
                        [
                            96.1379,
                            20.0624,
                            2771.90315
                        ],
                        [
                            96.132,
                            20.0616,
                            -1684.30315
                        ]
                    ]
                ],
                "type": "Polygon"
            },
            "properties": {
                "fill": "#F7725C",
                "fill-opacity": 1,
                "rake": 196.8442,
                "rise": 8.0,
                "sf_moment": 3.73e+17,
                "slip": 3.8972,
                "stroke-width": 1.5,
                "trup": 48.8094,
                "x==ew": 14.6231,
                "y==ns": -214.2952
            },
            "type": "Feature"
        },
        {
            "geometry": {
                "coordinates": [
                    [
                        [
                            96.1253,
                            20.1062,
                            -1684.30315
                        ],
                        [
                            96.1186,
                            20.1508,
                            -1684.30315
                        ],
                        [
                            96.1245,
                            20.1516,
                            2771.90315
                        ],
                        [
                            96.1312,
                            20.107,
                            2771.90315
                        ],
                        [
                            96.1253,
                            20.1062,
                            -1684.30315
                        ]
                    ]
                ],
                "type": "Polygon"
            },
            "properties": {
                "fill": "#FB835F",
                "fill-opacity": 1,
                "rake": 204.2868,
                "rise": 11.0,
                "sf_moment": 3.46e+17,
                "slip": 3.6176,
                "stroke-width": 1.5,
                "trup": 46.8096,
                "x==ew": 13.8808,
                "y==ns": -209.3443
            },
            "type": "Feature"
        },
        {
            "geometry": {
                "coordinates": [
                    [
                        [
                            96.1186,
                            20.1507,
                            -1684.30315
                        ],
                        [
                            96.1119,
                            20.1953,
                            -1684.30315
                        ],
                        [
                            96.1178,
                            20.1961,
                            2771.90315
                        ],
                        [
                            96.1245,
                            20.1515,
                            2771.90315
                        ],
                        [
                            96.1186,
                            20.1507,
                            -1684.30315
                        ]
                    ]
                ],
                "type": "Polygon"
            },
            "properties": {
                "fill": "#F8755C",
                "fill-opacity": 1,
                "rake": 186.0674,
                "rise": 5.0,
                "sf_moment": 3.69e+17,
                "slip": 3.8522,
                "stroke-width": 1.5,
                "trup": 44.6099,
                "x==ew": 13.1384,
                "y==ns": -204.3934
            },
            "type": "Feature"
        },
        {
            "geometry": {
                "coordinates": [
                    [
                        [
                            96.112,
                            20.1953,
                            -1684.30315
                        ],
                        [
                            96.1053,
                            20.2399,
                            -1684.30315
                        ],
                        [
                            96.1112,
                            20.2407,
                            2771.90315
                        ],
                        [
                            96.1179,
                            20.1961,
                            2771.90315
                        ],
                        [
                            96.112,
                            20.1953,
                            -1684.30315
                        ]
                    ]
                ],
                "type": "Polygon"
            },
            "properties": {
                "fill": "#F05F5D",
                "fill-opacity": 1,
                "rake": 177.6577,
                "rise": 11.0,
                "sf_moment": 4.07e+17,
                "slip": 4.2478,
                "stroke-width": 1.5,
                "trup": 41.2101,
                "x==ew": 12.3961,
                "y==ns": -199.4425
            },
            "type": "Feature"
        },
        {
            "geometry": {
                "coordinates": [
                    [
                        [
                            96.1053,
                            20.2399,
                            -1684.30315
                        ],
                        [
                            96.0986,
                            20.2845,
                            -1684.30315
                        ],
                        [
                            96.1045,
                            20.2853,
                            2771.90315
                        ],
                        [
                            96.1112,
                            20.2407,
                            2771.90315
                        ],
                        [
                            96.1053,
                            20.2399,
                            -1684.30315
                        ]
                    ]
                ],
                "type": "Polygon"
            },
            "properties": {
                "fill": "#DF4B66",
                "fill-opacity": 1,
                "rake": 190.8814,
                "rise": 2.0,
                "sf_moment": 4.46e+17,
                "slip": 4.6591,
                "stroke-width": 1.5,
                "trup": 39.8104,
                "x==ew": 11.6538,
                "y==ns": -194.4917
            },
            "type": "Feature"
        },
        {
            "geometry": {
                "coordinates": [
                    [
                        [
                            96.0986,
                            20.2844,
                            -1684.30315
                        ],
                        [
                            96.0919,
                            20.329,
                            -1684.30315
                        ],
                        [
                            96.0978,
                            20.3298,
                            2771.90315
                        ],
                        [
                            96.1045,
                            20.2852,
                            2771.90315
                        ],
                        [
                            96.0986,
                            20.2844,
                            -1684.30315
                        ]
                    ]
                ],
                "type": "Polygon"
            },
            "properties": {
                "fill": "#ED5A5E",
                "fill-opacity": 1,
                "rake": 176.9454,
                "rise": 6.5,
                "sf_moment": 4.15e+17,
                "slip": 4.3347,
                "stroke-width": 1.5,
                "trup": 39.4107,
                "x==ew": 10.9114,
                "y==ns": -189.5408
            },
            "type": "Feature"
        },
        {
            "geometry": {
                "coordinates": [
                    [
                        [
                            96.0919,
                            20.329,
                            -1684.30315
                        ],
                        [
                            96.0852,
                            20.3736,
                            -1684.30315
                        ],
                        [
                            96.0911,
                            20.3744,
                            2771.90315
                        ],
                        [
                            96.0978,
                            20.3298,
                            2771.90315
                        ],
                        [
                            96.0919,
                            20.329,
                            -1684.30315
                        ]
                    ]
                ],
                "type": "Polygon"
            },
            "properties": {
                "fill": "#F9795D",
                "fill-opacity": 1,
                "rake": 179.0385,
                "rise": 6.5,
                "sf_moment": 3.6e+17,
                "slip": 3.7582,
                "stroke-width": 1.5,
                "trup": 38.2109,
                "x==ew": 10.1691,
                "y==ns": -184.5899
            },
            "type": "Feature"
        },
        {
            "geometry": {
                "coordinates": [
                    [
                        [
                            96.0852,
                            20.3735,
                            -1684.30315
                        ],
                        [
                            96.0785,
                            20.4181,
                            -1684.30315
                        ],
                        [
                            96.0844,
                            20.4189,
                            2771.90315
                        ],
                        [
                            96.0911,
                            20.3743,
                            2771.90315
                        ],
                        [
                            96.0852,
                            20.3735,
                            -1684.30315
                        ]
                    ]
                ],
                "type": "Polygon"
            },
            "properties": {
                "fill": "#F9795D",
                "fill-opacity": 1,
                "rake": 185.202,
                "rise": 8.0,
                "sf_moment": 3.61e+17,
                "slip": 3.7709,
                "stroke-width": 1.5,
                "trup": 36.0112,
                "x==ew": 9.4267,
                "y==ns": -179.639
            },
            "type": "Feature"
        },
        {
            "geometry": {
                "coordinates": [
                    [
                        [
                            96.2716,
                            19.1712,
                            2771.89685
                        ],
                        [
                            96.2649,
                            19.2158,
                            2771.89685
                        ],
                        [
                            96.2708,
                            19.2166,
                            7228.10315
                        ],
                        [
                            96.2775,
                            19.172,
                            7228.10315
                        ],
                        [
                            96.2716,
                            19.1712,
                            2771.89685
                        ]
                    ]
                ],
                "type": "Polygon"
            },
            "properties": {
                "fill": "#F97B5D",
                "fill-opacity": 1,
                "rake": 180.6363,
                "rise": 8.0,
                "sf_moment": 2.09e+18,
                "slip": 3.7388,
                "stroke-width": 1.5,
                "trup": 73.4,
                "x==ew": 30.1315,
                "y==ns": -313.226
            },
            "type": "Feature"
        },
        {
            "geometry": {
                "coordinates": [
                    [
                        [
                            96.2649,
                            19.2158,
                            2771.89685
                        ],
                        [
                            96.2582,
                            19.2604,
                            2771.89685
                        ],
                        [
                            96.2641,
                            19.2612,
                            7228.10315
                        ],
                        [
                            96.2708,
                            19.2166,
                            7228.10315
                        ],
                        [
                            96.2649,
                            19.2158,
                            2771.89685
                        ]
                    ]
                ],
                "type": "Polygon"
            },
            "properties": {
                "fill": "#F66C5C",
                "fill-opacity": 1,
                "rake": 185.2807,
                "rise": 15.5,
                "sf_moment": 2.23e+18,
                "slip": 3.9836,
                "stroke-width": 1.5,
                "trup": 72.2,
                "x==ew": 29.3892,
                "y==ns": -308.2751
            },
            "type": "Feature"
        },
        {
            "geometry": {
                "coordinates": [
                    [
                        [
                            96.2582,
                            19.2604,
                            2771.89685
                        ],
                        [
                            96.2515,
                            19.305,
                            2771.89685
                        ],
                        [
                            96.2574,
                            19.3058,
                            7228.10315
                        ],
                        [
                            96.2641,
                            19.2612,
                            7228.10315
                        ],
                        [
                            96.2582,
                            19.2604,
                            2771.89685
                        ]
                    ]
                ],
                "type": "Polygon"
            },
            "properties": {
                "fill": "#FA7E5E",
                "fill-opacity": 1,
                "rake": 177.7412,
                "rise": 5.0,
                "sf_moment": 2.07e+18,
                "slip": 3.692,
                "stroke-width": 1.5,
                "trup": 71.2,
                "x==ew": 28.6468,
                "y==ns": -303.3242
            },
            "type": "Feature"
        },
        {
            "geometry": {
                "coordinates": [
                    [
                        [
                            96.2515,
                            19.3049,
                            2771.89685
                        ],
                        [
                            96.2448,
                            19.3495,
                            2771.89685
                        ],
                        [
                            96.2507,
                            19.3503,
                            7228.10315
                        ],
                        [
                            96.2574,
                            19.3057,
                            7228.10315
                        ],
                        [
                            96.2515,
                            19.3049,
                            2771.89685
                        ]
                    ]
                ],
                "type": "Polygon"
            },
            "properties": {
                "fill": "#FECB8E",
                "fill-opacity": 1,
                "rake": 188.2875,
                "rise": 11.0,
                "sf_moment": 1.36e+18,
                "slip": 2.423,
                "stroke-width": 1.5,
                "trup": 70.4,
                "x==ew": 27.9045,
                "y==ns": -298.3733
            },
            "type": "Feature"
        },
        {
            "geometry": {
                "coordinates": [
                    [
                        [
                            96.2449,
                            19.3495,
                            2771.89685
                        ],
                        [
                            96.2382,
                            19.3941,
                            2771.89685
                        ],
                        [
                            96.2441,
                            19.3949,
                            7228.10315
                        ],
                        [
                            96.2508,
                            19.3503,
                            7228.10315
                        ],
                        [
                            96.2449,
                            19.3495,
                            2771.89685
                        ]
                    ]
                ],
                "type": "Polygon"
            },
            "properties": {
                "fill": "#FEA470",
                "fill-opacity": 1,
                "rake": 192.593,
                "rise": 9.5,
                "sf_moment": 1.72e+18,
                "slip": 3.0693,
                "stroke-width": 1.5,
                "trup": 67.8,
                "x==ew": 27.1622,
                "y==ns": -293.4224
            },
            "type": "Feature"
        },
        {
            "geometry": {
                "coordinates": [
                    [
                        [
                            96.2382,
                            19.394,
                            2771.89685
                        ],
                        [
                            96.2315,
                            19.4386,
                            2771.89685
                        ],
                        [
                            96.2374,
                            19.4394,
                            7228.10315
                        ],
                        [
                            96.2441,
                            19.3948,
                            7228.10315
                        ],
                        [
                            96.2382,
                            19.394,
                            2771.89685
                        ]
                    ]
                ],
                "type": "Polygon"
            },
            "properties": {
                "fill": "#F56B5C",
                "fill-opacity": 1,
                "rake": 176.7573,
                "rise": 8.0,
                "sf_moment": 2.24e+18,
                "slip": 4.003,
                "stroke-width": 1.5,
                "trup": 64.0,
                "x==ew": 26.4198,
                "y==ns": -288.4715
            },
            "type": "Feature"
        },
        {
            "geometry": {
                "coordinates": [
                    [
                        [
                            96.2315,
                            19.4386,
                            2771.89685
                        ],
                        [
                            96.2248,
                            19.4832,
                            2771.89685
                        ],
                        [
                            96.2307,
                            19.484,
                            7228.10315
                        ],
                        [
                            96.2374,
                            19.4394,
                            7228.10315
                        ],
                        [
                            96.2315,
                            19.4386,
                            2771.89685
                        ]
                    ]
                ],
                "type": "Polygon"
            },
            "properties": {
                "fill": "#F8775C",
                "fill-opacity": 1,
                "rake": 184.6992,
                "rise": 9.5,
                "sf_moment": 2.15e+18,
                "slip": 3.8342,
                "stroke-width": 1.5,
                "trup": 60.2,
                "x==ew": 25.6775,
                "y==ns": -283.5206
            },
            "type": "Feature"
        },
        {
            "geometry": {
                "coordinates": [
                    [
                        [
                            96.2248,
                            19.4831,
                            2771.89685
                        ],
                        [
                            96.2181,
                            19.5277,
                            2771.89685
                        ],
                        [
                            96.224,
                            19.5285,
                            7228.10315
                        ],
                        [
                            96.2307,
                            19.4839,
                            7228.10315
                        ],
                        [
                            96.2248,
                            19.4831,
                            2771.89685
                        ]
                    ]
                ],
                "type": "Polygon"
            },
            "properties": {
                "fill": "#F05F5D",
                "fill-opacity": 1,
                "rake": 189.1866,
                "rise": 5.0,
                "sf_moment": 2.38e+18,
                "slip": 4.2451,
                "stroke-width": 1.5,
                "trup": 57.6,
                "x==ew": 24.9351,
                "y==ns": -278.5697
            },
            "type": "Feature"
        },
        {
            "geometry": {
                "coordinates": [
                    [
                        [
                            96.2181,
                            19.5277,
                            2771.89685
                        ],
                        [
                            96.2114,
                            19.5723,
                            2771.89685
                        ],
                        [
                            96.2173,
                            19.5731,
                            7228.10315
                        ],
                        [
                            96.224,
                            19.5285,
                            7228.10315
                        ],
                        [
                            96.2181,
                            19.5277,
                            2771.89685
                        ]
                    ]
                ],
                "type": "Polygon"
            },
            "properties": {
                "fill": "#F7725C",
                "fill-opacity": 1,
                "rake": 190.8221,
                "rise": 3.5,
                "sf_moment": 2.18e+18,
                "slip": 3.9003,
                "stroke-width": 1.5,
                "trup": 56.0,
                "x==ew": 24.1928,
                "y==ns": -273.6188
            },
            "type": "Feature"
        },
        {
            "geometry": {
                "coordinates": [
                    [
                        [
                            96.2115,
                            19.5723,
                            2771.89685
                        ],
                        [
                            96.2048,
                            19.6169,
                            2771.89685
                        ],
                        [
                            96.2107,
                            19.6177,
                            7228.10315
                        ],
                        [
                            96.2174,
                            19.5731,
                            7228.10315
                        ],
                        [
                            96.2115,
                            19.5723,
                            2771.89685
                        ]
                    ]
                ],
                "type": "Polygon"
            },
            "properties": {
                "fill": "#F1605C",
                "fill-opacity": 1,
                "rake": 197.0321,
                "rise": 11.0,
                "sf_moment": 2.35e+18,
                "slip": 4.1925,
                "stroke-width": 1.5,
                "trup": 54.8,
                "x==ew": 23.4505,
                "y==ns": -268.6679
            },
            "type": "Feature"
        },
        {
            "geometry": {
                "coordinates": [
                    [
                        [
                            96.2048,
                            19.6168,
                            2771.89685
                        ],
                        [
                            96.1981,
                            19.6614,
                            2771.89685
                        ],
                        [
                            96.204,
                            19.6622,
                            7228.10315
                        ],
                        [
                            96.2107,
                            19.6176,
                            7228.10315
                        ],
                        [
                            96.2048,
                            19.6168,
                            2771.89685
                        ]
                    ]
                ],
                "type": "Polygon"
            },
            "properties": {
                "fill": "#E55063",
                "fill-opacity": 1,
                "rake": 189.2581,
                "rise": 5.0,
                "sf_moment": 2.54e+18,
                "slip": 4.5433,
                "stroke-width": 1.5,
                "trup": 54.6,
                "x==ew": 22.7081,
                "y==ns": -263.717
            },
            "type": "Feature"
        },
        {
            "geometry": {
                "coordinates": [
                    [
                        [
                            96.1981,
                            19.6614,
                            2771.89685
                        ],
                        [
                            96.1914,
                            19.706,
                            2771.89685
                        ],
                        [
                            96.1973,
                            19.7068,
                            7228.10315
                        ],
                        [
                            96.204,
                            19.6622,
                            7228.10315
                        ],
                        [
                            96.1981,
                            19.6614,
                            2771.89685
                        ]
                    ]
                ],
                "type": "Polygon"
            },
            "properties": {
                "fill": "#EE5D5E",
                "fill-opacity": 1,
                "rake": 175.4138,
                "rise": 8.0,
                "sf_moment": 2.38e+18,
                "slip": 4.2536,
                "stroke-width": 1.5,
                "trup": 52.4,
                "x==ew": 21.9658,
                "y==ns": -258.7661
            },
            "type": "Feature"
        },
        {
            "geometry": {
                "coordinates": [
                    [
                        [
                            96.1914,
                            19.7059,
                            2771.89685
                        ],
                        [
                            96.1847,
                            19.7505,
                            2771.89685
                        ],
                        [
                            96.1906,
                            19.7513,
                            7228.10315
                        ],
                        [
                            96.1973,
                            19.7067,
                            7228.10315
                        ],
                        [
                            96.1914,
                            19.7059,
                            2771.89685
                        ]
                    ]
                ],
                "type": "Polygon"
            },
            "properties": {
                "fill": "#FDE1A3",
                "fill-opacity": 1,
                "rake": 176.6762,
                "rise": 3.5,
                "sf_moment": 1.14e+18,
                "slip": 2.0404,
                "stroke-width": 1.5,
                "trup": 51.8,
                "x==ew": 21.2234,
                "y==ns": -253.8152
            },
            "type": "Feature"
        },
        {
            "geometry": {
                "coordinates": [
                    [
                        [
                            96.1847,
                            19.7505,
                            2771.89685
                        ],
                        [
                            96.178,
                            19.7951,
                            2771.89685
                        ],
                        [
                            96.1839,
                            19.7959,
                            7228.10315
                        ],
                        [
                            96.1906,
                            19.7513,
                            7228.10315
                        ],
                        [
                            96.1847,
                            19.7505,
                            2771.89685
                        ]
                    ]
                ],
                "type": "Polygon"
            },
            "properties": {
                "fill": "#FC9064",
                "fill-opacity": 1,
                "rake": 192.5623,
                "rise": 2.0,
                "sf_moment": 1.9e+18,
                "slip": 3.3875,
                "stroke-width": 1.5,
                "trup": 50.0,
                "x==ew": 20.4811,
                "y==ns": -248.8643
            },
            "type": "Feature"
        },
        {
            "geometry": {
                "coordinates": [
                    [
                        [
                            96.1781,
                            19.7951,
                            2771.89685
                        ],
                        [
                            96.1714,
                            19.8397,
                            2771.89685
                        ],
                        [
                            96.1773,
                            19.8405,
                            7228.10315
                        ],
                        [
                            96.184,
                            19.7959,
                            7228.10315
                        ],
                        [
                            96.1781,
                            19.7951,
                            2771.89685
                        ]
                    ]
                ],
                "type": "Polygon"
            },
            "properties": {
                "fill": "#832681",
                "fill-opacity": 1,
                "rake": 182.9991,
                "rise": 3.5,
                "sf_moment": 3.64e+18,
                "slip": 6.5095,
                "stroke-width": 1.5,
                "trup": 50.4,
                "x==ew": 19.7388,
                "y==ns": -243.9134
            },
            "type": "Feature"
        },
        {
            "geometry": {
                "coordinates": [
                    [
                        [
                            96.1714,
                            19.8396,
                            2771.89685
                        ],
                        [
                            96.1647,
                            19.8842,
                            2771.89685
                        ],
                        [
                            96.1706,
                            19.885,
                            7228.10315
                        ],
                        [
                            96.1773,
                            19.8404,
                            7228.10315
                        ],
                        [
                            96.1714,
                            19.8396,
                            2771.89685
                        ]
                    ]
                ],
                "type": "Polygon"
            },
            "properties": {
                "fill": "#701F81",
                "fill-opacity": 1,
                "rake": 181.4919,
                "rise": 2.0,
                "sf_moment": 3.85e+18,
                "slip": 6.8779,
                "stroke-width": 1.5,
                "trup": 48.6,
                "x==ew": 18.9964,
                "y==ns": -238.9625
            },
            "type": "Feature"
        },
        {
            "geometry": {
                "coordinates": [
                    [
                        [
                            96.1647,
                            19.8842,
                            2771.89685
                        ],
                        [
                            96.158,
                            19.9288,
                            2771.89685
                        ],
                        [
                            96.1639,
                            19.9296,
                            7228.10315
                        ],
                        [
                            96.1706,
                            19.885,
                            7228.10315
                        ],
                        [
                            96.1647,
                            19.8842,
                            2771.89685
                        ]
                    ]
                ],
                "type": "Polygon"
            },
            "properties": {
                "fill": "#FD9A6A",
                "fill-opacity": 1,
                "rake": 195.4545,
                "rise": 11.0,
                "sf_moment": 1.81e+18,
                "slip": 3.2266,
                "stroke-width": 1.5,
                "trup": 52.4,
                "x==ew": 18.2541,
                "y==ns": -234.0117
            },
            "type": "Feature"
        },
        {
            "geometry": {
                "coordinates": [
                    [
                        [
                            96.158,
                            19.9287,
                            2771.89685
                        ],
                        [
                            96.1513,
                            19.9733,
                            2771.89685
                        ],
                        [
                            96.1572,
                            19.9741,
                            7228.10315
                        ],
                        [
                            96.1639,
                            19.9295,
                            7228.10315
                        ],
                        [
                            96.158,
                            19.9287,
                            2771.89685
                        ]
                    ]
                ],
                "type": "Polygon"
            },
            "properties": {
                "fill": "#EC585F",
                "fill-opacity": 1,
                "rake": 195.4017,
                "rise": 9.5,
                "sf_moment": 2.43e+18,
                "slip": 4.346,
                "stroke-width": 1.5,
                "trup": 55.0,
                "x==ew": 17.5117,
                "y==ns": -229.0608
            },
            "type": "Feature"
        },
        {
            "geometry": {
                "coordinates": [
                    [
                        [
                            96.1513,
                            19.9733,
                            2771.89685
                        ],
                        [
                            96.1446,
                            20.0179,
                            2771.89685
                        ],
                        [
                            96.1505,
                            20.0187,
                            7228.10315
                        ],
                        [
                            96.1572,
                            19.9741,
                            7228.10315
                        ],
                        [
                            96.1513,
                            19.9733,
                            2771.89685
                        ]
                    ]
                ],
                "type": "Polygon"
            },
            "properties": {
                "fill": "#E44F63",
                "fill-opacity": 1,
                "rake": 190.6432,
                "rise": 15.5,
                "sf_moment": 2.57e+18,
                "slip": 4.5869,
                "stroke-width": 1.5,
                "trup": 52.6,
                "x==ew": 16.7694,
                "y==ns": -224.1099
            },
            "type": "Feature"
        },
        {
            "geometry": {
                "coordinates": [
                    [
                        [
                            96.1446,
                            20.0178,
                            2771.89685
                        ],
                        [
                            96.1379,
                            20.0624,
                            2771.89685
                        ],
                        [
                            96.1438,
                            20.0632,
                            7228.10315
                        ],
                        [
                            96.1505,
                            20.0186,
                            7228.10315
                        ],
                        [
                            96.1446,
                            20.0178,
                            2771.89685
                        ]
                    ]
                ],
                "type": "Polygon"
            },
            "properties": {
                "fill": "#CF406F",
                "fill-opacity": 1,
                "rake": 189.2769,
                "rise": 2.0,
                "sf_moment": 2.81e+18,
                "slip": 5.0253,
                "stroke-width": 1.5,
                "trup": 48.2,
                "x==ew": 16.0271,
                "y==ns": -219.159
            },
            "type": "Feature"
        },
        {
            "geometry": {
                "coordinates": [
                    [
                        [
                            96.138,
                            20.0624,
                            2771.89685
                        ],
                        [
                            96.1313,
                            20.107,
                            2771.89685
                        ],
                        [
                            96.1372,
                            20.1078,
                            7228.10315
                        ],
                        [
                            96.1439,
                            20.0632,
                            7228.10315
                        ],
                        [
                            96.138,
                            20.0624,
                            2771.89685
                        ]
                    ]
                ],
                "type": "Polygon"
            },
            "properties": {
                "fill": "#CF406F",
                "fill-opacity": 1,
                "rake": 192.8933,
                "rise": 9.5,
                "sf_moment": 2.83e+18,
                "slip": 5.0467,
                "stroke-width": 1.5,
                "trup": 46.4,
                "x==ew": 15.2847,
                "y==ns": -214.2081
            },
            "type": "Feature"
        },
        {
            "geometry": {
                "coordinates": [
                    [
                        [
                            96.1313,
                            20.107,
                            2771.89685
                        ],
                        [
                            96.1246,
                            20.1516,
                            2771.89685
                        ],
                        [
                            96.1305,
                            20.1524,
                            7228.10315
                        ],
                        [
                            96.1372,
                            20.1078,
                            7228.10315
                        ],
                        [
                            96.1313,
                            20.107,
                            2771.89685
                        ]
                    ]
                ],
                "type": "Polygon"
            },
            "properties": {
                "fill": "#D8456A",
                "fill-opacity": 1,
                "rake": 186.4766,
                "rise": 14.0,
                "sf_moment": 2.7e+18,
                "slip": 4.8301,
                "stroke-width": 1.5,
                "trup": 45.6,
                "x==ew": 14.5424,
                "y==ns": -209.2572
            },
            "type": "Feature"
        },
        {
            "geometry": {
                "coordinates": [
                    [
                        [
                            96.1246,
                            20.1515,
                            2771.89685
                        ],
                        [
                            96.1179,
                            20.1961,
                            2771.89685
                        ],
                        [
                            96.1238,
                            20.1969,
                            7228.10315
                        ],
                        [
                            96.1305,
                            20.1523,
                            7228.10315
                        ],
                        [
                            96.1246,
                            20.1515,
                            2771.89685
                        ]
                    ]
                ],
                "type": "Polygon"
            },
            "properties": {
                "fill": "#C73D72",
                "fill-opacity": 1,
                "rake": 175.6832,
                "rise": 9.5,
                "sf_moment": 2.9e+18,
                "slip": 5.1807,
                "stroke-width": 1.5,
                "trup": 43.8,
                "x==ew": 13.8,
                "y==ns": -204.3063
            },
            "type": "Feature"
        },
        {
            "geometry": {
                "coordinates": [
                    [
                        [
                            96.1179,
                            20.1961,
                            2771.89685
                        ],
                        [
                            96.1112,
                            20.2407,
                            2771.89685
                        ],
                        [
                            96.1171,
                            20.2415,
                            7228.10315
                        ],
                        [
                            96.1238,
                            20.1969,
                            7228.10315
                        ],
                        [
                            96.1179,
                            20.1961,
                            2771.89685
                        ]
                    ]
                ],
                "type": "Polygon"
            },
            "properties": {
                "fill": "#E55063",
                "fill-opacity": 1,
                "rake": 172.232,
                "rise": 2.0,
                "sf_moment": 2.55e+18,
                "slip": 4.5502,
                "stroke-width": 1.5,
                "trup": 40.6,
                "x==ew": 13.0577,
                "y==ns": -199.3554
            },
            "type": "Feature"
        },
        {
            "geometry": {
                "coordinates": [
                    [
                        [
                            96.1112,
                            20.2406,
                            2771.89685
                        ],
                        [
                            96.1045,
                            20.2852,
                            2771.89685
                        ],
                        [
                            96.1104,
                            20.286,
                            7228.10315
                        ],
                        [
                            96.1171,
                            20.2414,
                            7228.10315
                        ],
                        [
                            96.1112,
                            20.2406,
                            2771.89685
                        ]
                    ]
                ],
                "type": "Polygon"
            },
            "properties": {
                "fill": "#CC3F70",
                "fill-opacity": 1,
                "rake": 186.4466,
                "rise": 2.0,
                "sf_moment": 2.86e+18,
                "slip": 5.1106,
                "stroke-width": 1.5,
                "trup": 39.6,
                "x==ew": 12.3154,
                "y==ns": -194.4045
            },
            "type": "Feature"
        },
        {
            "geometry": {
                "coordinates": [
                    [
                        [
                            96.1046,
                            20.2852,
                            2771.89685
                        ],
                        [
                            96.0979,
                            20.3298,
                            2771.89685
                        ],
                        [
                            96.1038,
                            20.3306,
                            7228.10315
                        ],
                        [
                            96.1105,
                            20.286,
                            7228.10315
                        ],
                        [
                            96.1046,
                            20.2852,
                            2771.89685
                        ]
                    ]
                ],
                "type": "Polygon"
            },
            "properties": {
                "fill": "#D5446C",
                "fill-opacity": 1,
                "rake": 171.3596,
                "rise": 17.0,
                "sf_moment": 2.75e+18,
                "slip": 4.9167,
                "stroke-width": 1.5,
                "trup": 39.0,
                "x==ew": 11.573,
                "y==ns": -189.4536
            },
            "type": "Feature"
        },
        {
            "geometry": {
                "coordinates": [
                    [
                        [
                            96.0979,
                            20.3298,
                            2771.89685
                        ],
                        [
                            96.0912,
                            20.3744,
                            2771.89685
                        ],
                        [
                            96.0971,
                            20.3752,
                            7228.10315
                        ],
                        [
                            96.1038,
                            20.3306,
                            7228.10315
                        ],
                        [
                            96.0979,
                            20.3298,
                            2771.89685
                        ]
                    ]
                ],
                "type": "Polygon"
            },
            "properties": {
                "fill": "#E24D64",
                "fill-opacity": 1,
                "rake": 171.0423,
                "rise": 17.0,
                "sf_moment": 2.59e+18,
                "slip": 4.6179,
                "stroke-width": 1.5,
                "trup": 38.4,
                "x==ew": 10.8307,
                "y==ns": -184.5027
            },
            "type": "Feature"
        },
        {
            "geometry": {
                "coordinates": [
                    [
                        [
                            96.0912,
                            20.3743,
                            2771.89685
                        ],
                        [
                            96.0845,
                            20.4189,
                            2771.89685
                        ],
                        [
                            96.0904,
                            20.4197,
                            7228.10315
                        ],
                        [
                            96.0971,
                            20.3751,
                            7228.10315
                        ],
                        [
                            96.0912,
                            20.3743,
                            2771.89685
                        ]
                    ]
                ],
                "type": "Polygon"
            },
            "properties": {
                "fill": "#BC3977",
                "fill-opacity": 1,
                "rake": 186.5881,
                "rise": 6.5,
                "sf_moment": 3.02e+18,
                "slip": 5.3994,
                "stroke-width": 1.5,
                "trup": 37.4,
                "x==ew": 10.0883,
                "y==ns": -179.5518
            },
            "type": "Feature"
        },
        {
            "geometry": {
                "coordinates": [
                    [
                        [
                            96.2775,
                            19.172,
                            7228.09685
                        ],
                        [
                            96.2708,
                            19.2166,
                            7228.09685
                        ],
                        [
                            96.2767,
                            19.2174,
                            11684.30315
                        ],
                        [
                            96.2834,
                            19.1728,
                            11684.30315
                        ],
                        [
                            96.2775,
                            19.172,
                            7228.09685
                        ]
                    ]
                ],
                "type": "Polygon"
            },
            "properties": {
                "fill": "#FCFBD4",
                "fill-opacity": 1,
                "rake": 195.2753,
                "rise": 6.5,
                "sf_moment": 9.41e+17,
                "slip": 1.2659,
                "stroke-width": 1.5,
                "trup": 71.0064,
                "x==ew": 30.7931,
                "y==ns": -313.1388
            },
            "type": "Feature"
        },
        {
            "geometry": {
                "coordinates": [
                    [
                        [
                            96.2709,
                            19.2166,
                            7228.09685
                        ],
                        [
                            96.2642,
                            19.2612,
                            7228.09685
                        ],
                        [
                            96.2701,
                            19.262,
                            11684.30315
                        ],
                        [
                            96.2768,
                            19.2174,
                            11684.30315
                        ],
                        [
                            96.2709,
                            19.2166,
                            7228.09685
                        ]
                    ]
                ],
                "type": "Polygon"
            },
            "properties": {
                "fill": "#FCEAAB",
                "fill-opacity": 1,
                "rake": 192.3651,
                "rise": 15.5,
                "sf_moment": 1.41e+18,
                "slip": 1.8962,
                "stroke-width": 1.5,
                "trup": 69.6065,
                "x==ew": 30.0508,
                "y==ns": -308.1879
            },
            "type": "Feature"
        },
        {
            "geometry": {
                "coordinates": [
                    [
                        [
                            96.2642,
                            19.2611,
                            7228.09685
                        ],
                        [
                            96.2575,
                            19.3057,
                            7228.09685
                        ],
                        [
                            96.2634,
                            19.3065,
                            11684.30315
                        ],
                        [
                            96.2701,
                            19.2619,
                            11684.30315
                        ],
                        [
                            96.2642,
                            19.2611,
                            7228.09685
                        ]
                    ]
                ],
                "type": "Polygon"
            },
            "properties": {
                "fill": "#FDD99B",
                "fill-opacity": 1,
                "rake": 177.4587,
                "rise": 5.0,
                "sf_moment": 1.62e+18,
                "slip": 2.1726,
                "stroke-width": 1.5,
                "trup": 68.6066,
                "x==ew": 29.3085,
                "y==ns": -303.237
            },
            "type": "Feature"
        },
        {
            "geometry": {
                "coordinates": [
                    [
                        [
                            96.2575,
                            19.3057,
                            7228.09685
                        ],
                        [
                            96.2508,
                            19.3503,
                            7228.09685
                        ],
                        [
                            96.2567,
                            19.3511,
                            11684.30315
                        ],
                        [
                            96.2634,
                            19.3065,
                            11684.30315
                        ],
                        [
                            96.2575,
                            19.3057,
                            7228.09685
                        ]
                    ]
                ],
                "type": "Polygon"
            },
            "properties": {
                "fill": "#FDE2A4",
                "fill-opacity": 1,
                "rake": 202.3267,
                "rise": 5.0,
                "sf_moment": 1.51e+18,
                "slip": 2.0307,
                "stroke-width": 1.5,
                "trup": 68.8067,
                "x==ew": 28.5661,
                "y==ns": -298.2861
            },
            "type": "Feature"
        },
        {
            "geometry": {
                "coordinates": [
                    [
                        [
                            96.2508,
                            19.3503,
                            7228.09685
                        ],
                        [
                            96.2441,
                            19.3949,
                            7228.09685
                        ],
                        [
                            96.25,
                            19.3957,
                            11684.30315
                        ],
                        [
                            96.2567,
                            19.3511,
                            11684.30315
                        ],
                        [
                            96.2508,
                            19.3503,
                            7228.09685
                        ]
                    ]
                ],
                "type": "Polygon"
            },
            "properties": {
                "fill": "#FDE3A5",
                "fill-opacity": 1,
                "rake": 203.8825,
                "rise": 5.0,
                "sf_moment": 1.47e+18,
                "slip": 1.9766,
                "stroke-width": 1.5,
                "trup": 68.0069,
                "x==ew": 27.8238,
                "y==ns": -293.3352
            },
            "type": "Feature"
        },
        {
            "geometry": {
                "coordinates": [
                    [
                        [
                            96.2441,
                            19.3948,
                            7228.09685
                        ],
                        [
                            96.2374,
                            19.4394,
                            7228.09685
                        ],
                        [
                            96.2433,
                            19.4402,
                            11684.30315
                        ],
                        [
                            96.25,
                            19.3956,
                            11684.30315
                        ],
                        [
                            96.2441,
                            19.3948,
                            7228.09685
                        ]
                    ]
                ],
                "type": "Polygon"
            },
            "properties": {
                "fill": "#FDE6A8",
                "fill-opacity": 1,
                "rake": 200.8741,
                "rise": 11.0,
                "sf_moment": 1.46e+18,
                "slip": 1.9576,
                "stroke-width": 1.5,
                "trup": 65.007,
                "x==ew": 27.0814,
                "y==ns": -288.3843
            },
            "type": "Feature"
        },
        {
            "geometry": {
                "coordinates": [
                    [
                        [
                            96.2375,
                            19.4394,
                            7228.09685
                        ],
                        [
                            96.2308,
                            19.484,
                            7228.09685
                        ],
                        [
                            96.2367,
                            19.4848,
                            11684.30315
                        ],
                        [
                            96.2434,
                            19.4402,
                            11684.30315
                        ],
                        [
                            96.2375,
                            19.4394,
                            7228.09685
                        ]
                    ]
                ],
                "type": "Polygon"
            },
            "properties": {
                "fill": "#FEB97F",
                "fill-opacity": 1,
                "rake": 193.5075,
                "rise": 6.5,
                "sf_moment": 2.01e+18,
                "slip": 2.6965,
                "stroke-width": 1.5,
                "trup": 60.8071,
                "x==ew": 26.3391,
                "y==ns": -283.4334
            },
            "type": "Feature"
        },
        {
            "geometry": {
                "coordinates": [
                    [
                        [
                            96.2308,
                            19.4839,
                            7228.09685
                        ],
                        [
                            96.2241,
                            19.5285,
                            7228.09685
                        ],
                        [
                            96.23,
                            19.5293,
                            11684.30315
                        ],
                        [
                            96.2367,
                            19.4847,
                            11684.30315
                        ],
                        [
                            96.2308,
                            19.4839,
                            7228.09685
                        ]
                    ]
                ],
                "type": "Polygon"
            },
            "properties": {
                "fill": "#FD9768",
                "fill-opacity": 1,
                "rake": 188.0809,
                "rise": 5.0,
                "sf_moment": 2.44e+18,
                "slip": 3.2852,
                "stroke-width": 1.5,
                "trup": 57.6072,
                "x==ew": 25.5967,
                "y==ns": -278.4826
            },
            "type": "Feature"
        },
        {
            "geometry": {
                "coordinates": [
                    [
                        [
                            96.2241,
                            19.5285,
                            7228.09685
                        ],
                        [
                            96.2174,
                            19.5731,
                            7228.09685
                        ],
                        [
                            96.2233,
                            19.5739,
                            11684.30315
                        ],
                        [
                            96.23,
                            19.5293,
                            11684.30315
                        ],
                        [
                            96.2241,
                            19.5285,
                            7228.09685
                        ]
                    ]
                ],
                "type": "Polygon"
            },
            "properties": {
                "fill": "#FEB27A",
                "fill-opacity": 1,
                "rake": 185.093,
                "rise": 5.0,
                "sf_moment": 2.09e+18,
                "slip": 2.8144,
                "stroke-width": 1.5,
                "trup": 56.2074,
                "x==ew": 24.8544,
                "y==ns": -273.5317
            },
            "type": "Feature"
        },
        {
            "geometry": {
                "coordinates": [
                    [
                        [
                            96.2174,
                            19.573,
                            7228.09685
                        ],
                        [
                            96.2107,
                            19.6176,
                            7228.09685
                        ],
                        [
                            96.2166,
                            19.6184,
                            11684.30315
                        ],
                        [
                            96.2233,
                            19.5738,
                            11684.30315
                        ],
                        [
                            96.2174,
                            19.573,
                            7228.09685
                        ]
                    ]
                ],
                "type": "Polygon"
            },
            "properties": {
                "fill": "#FB8760",
                "fill-opacity": 1,
                "rake": 194.3821,
                "rise": 2.0,
                "sf_moment": 2.65e+18,
                "slip": 3.5568,
                "stroke-width": 1.5,
                "trup": 54.0075,
                "x==ew": 24.1121,
                "y==ns": -268.5808
            },
            "type": "Feature"
        },
        {
            "geometry": {
                "coordinates": [
                    [
                        [
                            96.2107,
                            19.6176,
                            7228.09685
                        ],
                        [
                            96.204,
                            19.6622,
                            7228.09685
                        ],
                        [
                            96.2099,
                            19.663,
                            11684.30315
                        ],
                        [
                            96.2166,
                            19.6184,
                            11684.30315
                        ],
                        [
                            96.2107,
                            19.6176,
                            7228.09685
                        ]
                    ]
                ],
                "type": "Polygon"
            },
            "properties": {
                "fill": "#FECE91",
                "fill-opacity": 1,
                "rake": 175.2132,
                "rise": 12.5,
                "sf_moment": 1.76e+18,
                "slip": 2.3717,
                "stroke-width": 1.5,
                "trup": 53.0076,
                "x==ew": 23.3697,
                "y==ns": -263.6299
            },
            "type": "Feature"
        },
        {
            "geometry": {
                "coordinates": [
                    [
                        [
                            96.204,
                            19.6622,
                            7228.09685
                        ],
                        [
                            96.1973,
                            19.7068,
                            7228.09685
                        ],
                        [
                            96.2032,
                            19.7076,
                            11684.30315
                        ],
                        [
                            96.2099,
                            19.663,
                            11684.30315
                        ],
                        [
                            96.204,
                            19.6622,
                            7228.09685
                        ]
                    ]
                ],
                "type": "Polygon"
            },
            "properties": {
                "fill": "#FEA26F",
                "fill-opacity": 1,
                "rake": 186.6214,
                "rise": 3.5,
                "sf_moment": 2.31e+18,
                "slip": 3.1044,
                "stroke-width": 1.5,
                "trup": 52.2078,
                "x==ew": 22.6274,
                "y==ns": -258.679
            },
            "type": "Feature"
        },
        {
            "geometry": {
                "coordinates": [
                    [
                        [
                            96.1974,
                            19.7067,
                            7228.09685
                        ],
                        [
                            96.1907,
                            19.7513,
                            7228.09685
                        ],
                        [
                            96.1966,
                            19.7521,
                            11684.30315
                        ],
                        [
                            96.2033,
                            19.7075,
                            11684.30315
                        ],
                        [
                            96.1974,
                            19.7067,
                            7228.09685
                        ]
                    ]
                ],
                "type": "Polygon"
            },
            "properties": {
                "fill": "#FDFBDB",
                "fill-opacity": 1,
                "rake": 179.4924,
                "rise": 8.0,
                "sf_moment": 8.78e+17,
                "slip": 1.1813,
                "stroke-width": 1.5,
                "trup": 51.2079,
                "x==ew": 21.885,
                "y==ns": -253.7281
            },
            "type": "Feature"
        },
        {
            "geometry": {
                "coordinates": [
                    [
                        [
                            96.1907,
                            19.7513,
                            7228.09685
                        ],
                        [
                            96.184,
                            19.7959,
                            7228.09685
                        ],
                        [
                            96.1899,
                            19.7967,
                            11684.30315
                        ],
                        [
                            96.1966,
                            19.7521,
                            11684.30315
                        ],
                        [
                            96.1907,
                            19.7513,
                            7228.09685
                        ]
                    ]
                ],
                "type": "Polygon"
            },
            "properties": {
                "fill": "#FDE8A9",
                "fill-opacity": 1,
                "rake": 190.9696,
                "rise": 3.5,
                "sf_moment": 1.42e+18,
                "slip": 1.9099,
                "stroke-width": 1.5,
                "trup": 49.4081,
                "x==ew": 21.1427,
                "y==ns": -248.7772
            },
            "type": "Feature"
        },
        {
            "geometry": {
                "coordinates": [
                    [
                        [
                            96.184,
                            19.7958,
                            7228.09685
                        ],
                        [
                            96.1773,
                            19.8404,
                            7228.09685
                        ],
                        [
                            96.1832,
                            19.8412,
                            11684.30315
                        ],
                        [
                            96.1899,
                            19.7966,
                            11684.30315
                        ],
                        [
                            96.184,
                            19.7958,
                            7228.09685
                        ]
                    ]
                ],
                "type": "Polygon"
            },
            "properties": {
                "fill": "#FA805E",
                "fill-opacity": 1,
                "rake": 176.9669,
                "rise": 14.0,
                "sf_moment": 2.72e+18,
                "slip": 3.6592,
                "stroke-width": 1.5,
                "trup": 49.0083,
                "x==ew": 20.4004,
                "y==ns": -243.8263
            },
            "type": "Feature"
        },
        {
            "geometry": {
                "coordinates": [
                    [
                        [
                            96.1773,
                            19.8404,
                            7228.09685
                        ],
                        [
                            96.1706,
                            19.885,
                            7228.09685
                        ],
                        [
                            96.1765,
                            19.8858,
                            11684.30315
                        ],
                        [
                            96.1832,
                            19.8412,
                            11684.30315
                        ],
                        [
                            96.1773,
                            19.8404,
                            7228.09685
                        ]
                    ]
                ],
                "type": "Polygon"
            },
            "properties": {
                "fill": "#FD9A6A",
                "fill-opacity": 1,
                "rake": 184.3401,
                "rise": 2.0,
                "sf_moment": 2.41e+18,
                "slip": 3.2401,
                "stroke-width": 1.5,
                "trup": 47.8084,
                "x==ew": 19.658,
                "y==ns": -238.8754
            },
            "type": "Feature"
        },
        {
            "geometry": {
                "coordinates": [
                    [
                        [
                            96.1706,
                            19.885,
                            7228.09685
                        ],
                        [
                            96.1639,
                            19.9296,
                            7228.09685
                        ],
                        [
                            96.1698,
                            19.9304,
                            11684.30315
                        ],
                        [
                            96.1765,
                            19.8858,
                            11684.30315
                        ],
                        [
                            96.1706,
                            19.885,
                            7228.09685
                        ]
                    ]
                ],
                "type": "Polygon"
            },
            "properties": {
                "fill": "#FCFABC",
                "fill-opacity": 1,
                "rake": 196.6381,
                "rise": 6.5,
                "sf_moment": 1.2e+18,
                "slip": 1.6093,
                "stroke-width": 1.5,
                "trup": 48.2086,
                "x==ew": 18.9157,
                "y==ns": -233.9245
            },
            "type": "Feature"
        },
        {
            "geometry": {
                "coordinates": [
                    [
                        [
                            96.164,
                            19.9295,
                            7228.09685
                        ],
                        [
                            96.1573,
                            19.9741,
                            7228.09685
                        ],
                        [
                            96.1632,
                            19.9749,
                            11684.30315
                        ],
                        [
                            96.1699,
                            19.9303,
                            11684.30315
                        ],
                        [
                            96.164,
                            19.9295,
                            7228.09685
                        ]
                    ]
                ],
                "type": "Polygon"
            },
            "properties": {
                "fill": "#F9795D",
                "fill-opacity": 1,
                "rake": 183.8237,
                "rise": 2.0,
                "sf_moment": 2.81e+18,
                "slip": 3.7735,
                "stroke-width": 1.5,
                "trup": 48.0088,
                "x==ew": 18.1733,
                "y==ns": -228.9736
            },
            "type": "Feature"
        },
        {
            "geometry": {
                "coordinates": [
                    [
                        [
                            96.1573,
                            19.9741,
                            7228.09685
                        ],
                        [
                            96.1506,
                            20.0187,
                            7228.09685
                        ],
                        [
                            96.1565,
                            20.0195,
                            11684.30315
                        ],
                        [
                            96.1632,
                            19.9749,
                            11684.30315
                        ],
                        [
                            96.1573,
                            19.9741,
                            7228.09685
                        ]
                    ]
                ],
                "type": "Polygon"
            },
            "properties": {
                "fill": "#D6456C",
                "fill-opacity": 1,
                "rake": 191.9599,
                "rise": 2.0,
                "sf_moment": 3.63e+18,
                "slip": 4.8797,
                "stroke-width": 1.5,
                "trup": 46.209,
                "x==ew": 17.431,
                "y==ns": -224.0227
            },
            "type": "Feature"
        },
        {
            "geometry": {
                "coordinates": [
                    [
                        [
                            96.1506,
                            20.0186,
                            7228.09685
                        ],
                        [
                            96.1439,
                            20.0632,
                            7228.09685
                        ],
                        [
                            96.1498,
                            20.064,
                            11684.30315
                        ],
                        [
                            96.1565,
                            20.0194,
                            11684.30315
                        ],
                        [
                            96.1506,
                            20.0186,
                            7228.09685
                        ]
                    ]
                ],
                "type": "Polygon"
            },
            "properties": {
                "fill": "#BF3A75",
                "fill-opacity": 1,
                "rake": 184.6796,
                "rise": 11.0,
                "sf_moment": 3.97e+18,
                "slip": 5.3331,
                "stroke-width": 1.5,
                "trup": 44.6092,
                "x==ew": 16.6887,
                "y==ns": -219.0718
            },
            "type": "Feature"
        },
        {
            "geometry": {
                "coordinates": [
                    [
                        [
                            96.1439,
                            20.0632,
                            7228.09685
                        ],
                        [
                            96.1372,
                            20.1078,
                            7228.09685
                        ],
                        [
                            96.1431,
                            20.1086,
                            11684.30315
                        ],
                        [
                            96.1498,
                            20.064,
                            11684.30315
                        ],
                        [
                            96.1439,
                            20.0632,
                            7228.09685
                        ]
                    ]
                ],
                "type": "Polygon"
            },
            "properties": {
                "fill": "#C63C73",
                "fill-opacity": 1,
                "rake": 179.0512,
                "rise": 9.5,
                "sf_moment": 3.87e+18,
                "slip": 5.1982,
                "stroke-width": 1.5,
                "trup": 45.0094,
                "x==ew": 15.9463,
                "y==ns": -214.1209
            },
            "type": "Feature"
        },
        {
            "geometry": {
                "coordinates": [
                    [
                        [
                            96.1372,
                            20.1078,
                            7228.09685
                        ],
                        [
                            96.1305,
                            20.1524,
                            7228.09685
                        ],
                        [
                            96.1364,
                            20.1532,
                            11684.30315
                        ],
                        [
                            96.1431,
                            20.1086,
                            11684.30315
                        ],
                        [
                            96.1372,
                            20.1078,
                            7228.09685
                        ]
                    ]
                ],
                "type": "Polygon"
            },
            "properties": {
                "fill": "#EC585F",
                "fill-opacity": 1,
                "rake": 172.7969,
                "rise": 8.0,
                "sf_moment": 3.25e+18,
                "slip": 4.3673,
                "stroke-width": 1.5,
                "trup": 45.2096,
                "x==ew": 15.204,
                "y==ns": -209.17
            },
            "type": "Feature"
        },
        {
            "geometry": {
                "coordinates": [
                    [
                        [
                            96.1306,
                            20.1523,
                            7228.09685
                        ],
                        [
                            96.1239,
                            20.1969,
                            7228.09685
                        ],
                        [
                            96.1298,
                            20.1977,
                            11684.30315
                        ],
                        [
                            96.1365,
                            20.1531,
                            11684.30315
                        ],
                        [
                            96.1306,
                            20.1523,
                            7228.09685
                        ]
                    ]
                ],
                "type": "Polygon"
            },
            "properties": {
                "fill": "#F8775C",
                "fill-opacity": 1,
                "rake": 177.5451,
                "rise": 6.5,
                "sf_moment": 2.85e+18,
                "slip": 3.8285,
                "stroke-width": 1.5,
                "trup": 44.2099,
                "x==ew": 14.4616,
                "y==ns": -204.2191
            },
            "type": "Feature"
        },
        {
            "geometry": {
                "coordinates": [
                    [
                        [
                            96.1239,
                            20.1969,
                            7228.09685
                        ],
                        [
                            96.1172,
                            20.2415,
                            7228.09685
                        ],
                        [
                            96.1231,
                            20.2423,
                            11684.30315
                        ],
                        [
                            96.1298,
                            20.1977,
                            11684.30315
                        ],
                        [
                            96.1239,
                            20.1969,
                            7228.09685
                        ]
                    ]
                ],
                "type": "Polygon"
            },
            "properties": {
                "fill": "#FEB67D",
                "fill-opacity": 1,
                "rake": 172.076,
                "rise": 11.0,
                "sf_moment": 2.06e+18,
                "slip": 2.7716,
                "stroke-width": 1.5,
                "trup": 41.6101,
                "x==ew": 13.7193,
                "y==ns": -199.2682
            },
            "type": "Feature"
        },
        {
            "geometry": {
                "coordinates": [
                    [
                        [
                            96.1172,
                            20.2414,
                            7228.09685
                        ],
                        [
                            96.1105,
                            20.286,
                            7228.09685
                        ],
                        [
                            96.1164,
                            20.2868,
                            11684.30315
                        ],
                        [
                            96.1231,
                            20.2422,
                            11684.30315
                        ],
                        [
                            96.1172,
                            20.2414,
                            7228.09685
                        ]
                    ]
                ],
                "type": "Polygon"
            },
            "properties": {
                "fill": "#FEB67D",
                "fill-opacity": 1,
                "rake": 190.9452,
                "rise": 6.5,
                "sf_moment": 2.07e+18,
                "slip": 2.7774,
                "stroke-width": 1.5,
                "trup": 41.0104,
                "x==ew": 12.977,
                "y==ns": -194.3173
            },
            "type": "Feature"
        },
        {
            "geometry": {
                "coordinates": [
                    [
                        [
                            96.1105,
                            20.286,
                            7228.09685
                        ],
                        [
                            96.1038,
                            20.3306,
                            7228.09685
                        ],
                        [
                            96.1097,
                            20.3314,
                            11684.30315
                        ],
                        [
                            96.1164,
                            20.2868,
                            11684.30315
                        ],
                        [
                            96.1105,
                            20.286,
                            7228.09685
                        ]
                    ]
                ],
                "type": "Polygon"
            },
            "properties": {
                "fill": "#FEBE83",
                "fill-opacity": 1,
                "rake": 167.8215,
                "rise": 17.0,
                "sf_moment": 1.96e+18,
                "slip": 2.6384,
                "stroke-width": 1.5,
                "trup": 39.8107,
                "x==ew": 12.2346,
                "y==ns": -189.3664
            },
            "type": "Feature"
        },
        {
            "geometry": {
                "coordinates": [
                    [
                        [
                            96.1038,
                            20.3305,
                            7228.09685
                        ],
                        [
                            96.0971,
                            20.3751,
                            7228.09685
                        ],
                        [
                            96.103,
                            20.3759,
                            11684.30315
                        ],
                        [
                            96.1097,
                            20.3313,
                            11684.30315
                        ],
                        [
                            96.1038,
                            20.3305,
                            7228.09685
                        ]
                    ]
                ],
                "type": "Polygon"
            },
            "properties": {
                "fill": "#FEC084",
                "fill-opacity": 1,
                "rake": 171.5485,
                "rise": 14.0,
                "sf_moment": 1.95e+18,
                "slip": 2.6189,
                "stroke-width": 1.5,
                "trup": 39.2109,
                "x==ew": 11.4923,
                "y==ns": -184.4156
            },
            "type": "Feature"
        },
        {
            "geometry": {
                "coordinates": [
                    [
                        [
                            96.0972,
                            20.3751,
                            7228.09685
                        ],
                        [
                            96.0905,
                            20.4197,
                            7228.09685
                        ],
                        [
                            96.0964,
                            20.4205,
                            11684.30315
                        ],
                        [
                            96.1031,
                            20.3759,
                            11684.30315
                        ],
                        [
                            96.0972,
                            20.3751,
                            7228.09685
                        ]
                    ]
                ],
                "type": "Polygon"
            },
            "properties": {
                "fill": "#FD9A6A",
                "fill-opacity": 1,
                "rake": 191.4247,
                "rise": 5.0,
                "sf_moment": 2.4e+18,
                "slip": 3.229,
                "stroke-width": 1.5,
                "trup": 38.4113,
                "x==ew": 10.7499,
                "y==ns": -179.4647
            },
            "type": "Feature"
        },
        {
            "geometry": {
                "coordinates": [
                    [
                        [
                            96.2835,
                            19.1728,
                            11684.29685
                        ],
                        [
                            96.2768,
                            19.2174,
                            11684.29685
                        ],
                        [
                            96.2827,
                            19.2182,
                            16140.50315
                        ],
                        [
                            96.2894,
                            19.1736,
                            16140.50315
                        ],
                        [
                            96.2835,
                            19.1728,
                            11684.29685
                        ]
                    ]
                ],
                "type": "Polygon"
            },
            "properties": {
                "fill": "#FEF9F9",
                "fill-opacity": 1,
                "rake": 197.8773,
                "rise": 5.0,
                "sf_moment": 2.77e+17,
                "slip": 0.3729,
                "stroke-width": 1.5,
                "trup": 69.0257,
                "x==ew": 31.4547,
                "y==ns": -313.0517
            },
            "type": "Feature"
        },
        {
            "geometry": {
                "coordinates": [
                    [
                        [
                            96.2768,
                            19.2174,
                            11684.29685
                        ],
                        [
                            96.2701,
                            19.262,
                            11684.29685
                        ],
                        [
                            96.276,
                            19.2628,
                            16140.50315
                        ],
                        [
                            96.2827,
                            19.2182,
                            16140.50315
                        ],
                        [
                            96.2768,
                            19.2174,
                            11684.29685
                        ]
                    ]
                ],
                "type": "Polygon"
            },
            "properties": {
                "fill": "#FEF9F9",
                "fill-opacity": 1,
                "rake": 185.2604,
                "rise": 5.0,
                "sf_moment": 5.09e+17,
                "slip": 0.6844,
                "stroke-width": 1.5,
                "trup": 67.6261,
                "x==ew": 30.7124,
                "y==ns": -308.1008
            },
            "type": "Feature"
        },
        {
            "geometry": {
                "coordinates": [
                    [
                        [
                            96.2701,
                            19.2619,
                            11684.29685
                        ],
                        [
                            96.2634,
                            19.3065,
                            11684.29685
                        ],
                        [
                            96.2693,
                            19.3073,
                            16140.50315
                        ],
                        [
                            96.276,
                            19.2627,
                            16140.50315
                        ],
                        [
                            96.2701,
                            19.2619,
                            11684.29685
                        ]
                    ]
                ],
                "type": "Polygon"
            },
            "properties": {
                "fill": "#FEF9F1",
                "fill-opacity": 1,
                "rake": 196.8154,
                "rise": 5.0,
                "sf_moment": 6.62e+17,
                "slip": 0.8908,
                "stroke-width": 1.5,
                "trup": 67.2265,
                "x==ew": 29.9701,
                "y==ns": -303.1499
            },
            "type": "Feature"
        },
        {
            "geometry": {
                "coordinates": [
                    [
                        [
                            96.2635,
                            19.3065,
                            11684.29685
                        ],
                        [
                            96.2568,
                            19.3511,
                            11684.29685
                        ],
                        [
                            96.2627,
                            19.3519,
                            16140.50315
                        ],
                        [
                            96.2694,
                            19.3073,
                            16140.50315
                        ],
                        [
                            96.2635,
                            19.3065,
                            11684.29685
                        ]
                    ]
                ],
                "type": "Polygon"
            },
            "properties": {
                "fill": "#FCFCCB",
                "fill-opacity": 1,
                "rake": 201.8182,
                "rise": 6.5,
                "sf_moment": 1.05e+18,
                "slip": 1.4062,
                "stroke-width": 1.5,
                "trup": 67.627,
                "x==ew": 29.2277,
                "y==ns": -298.199
            },
            "type": "Feature"
        },
        {
            "geometry": {
                "coordinates": [
                    [
                        [
                            96.2568,
                            19.351,
                            11684.29685
                        ],
                        [
                            96.2501,
                            19.3956,
                            11684.29685
                        ],
                        [
                            96.256,
                            19.3964,
                            16140.50315
                        ],
                        [
                            96.2627,
                            19.3518,
                            16140.50315
                        ],
                        [
                            96.2568,
                            19.351,
                            11684.29685
                        ]
                    ]
                ],
                "type": "Polygon"
            },
            "properties": {
                "fill": "#FEF9F9",
                "fill-opacity": 1,
                "rake": 196.1391,
                "rise": 9.5,
                "sf_moment": 3.55e+17,
                "slip": 0.4771,
                "stroke-width": 1.5,
                "trup": 66.8275,
                "x==ew": 28.4854,
                "y==ns": -293.2481
            },
            "type": "Feature"
        },
        {
            "geometry": {
                "coordinates": [
                    [
                        [
                            96.2501,
                            19.3956,
                            11684.29685
                        ],
                        [
                            96.2434,
                            19.4402,
                            11684.29685
                        ],
                        [
                            96.2493,
                            19.441,
                            16140.50315
                        ],
                        [
                            96.256,
                            19.3964,
                            16140.50315
                        ],
                        [
                            96.2501,
                            19.3956,
                            11684.29685
                        ]
                    ]
                ],
                "type": "Polygon"
            },
            "properties": {
                "fill": "#FEF9F9",
                "fill-opacity": 1,
                "rake": 201.8746,
                "rise": 14.0,
                "sf_moment": 2.83e+17,
                "slip": 0.3809,
                "stroke-width": 1.5,
                "trup": 64.4279,
                "x==ew": 27.743,
                "y==ns": -288.2972
            },
            "type": "Feature"
        },
        {
            "geometry": {
                "coordinates": [
                    [
                        [
                            96.2434,
                            19.4402,
                            11684.29685
                        ],
                        [
                            96.2367,
                            19.4848,
                            11684.29685
                        ],
                        [
                            96.2426,
                            19.4856,
                            16140.50315
                        ],
                        [
                            96.2493,
                            19.441,
                            16140.50315
                        ],
                        [
                            96.2434,
                            19.4402,
                            11684.29685
                        ]
                    ]
                ],
                "type": "Polygon"
            },
            "properties": {
                "fill": "#FCFBD2",
                "fill-opacity": 1,
                "rake": 202.872,
                "rise": 5.0,
                "sf_moment": 9.55e+17,
                "slip": 1.2846,
                "stroke-width": 1.5,
                "trup": 61.2284,
                "x==ew": 27.0007,
                "y==ns": -283.3463
            },
            "type": "Feature"
        },
        {
            "geometry": {
                "coordinates": [
                    [
                        [
                            96.2367,
                            19.4847,
                            11684.29685
                        ],
                        [
                            96.23,
                            19.5293,
                            11684.29685
                        ],
                        [
                            96.2359,
                            19.5301,
                            16140.50315
                        ],
                        [
                            96.2426,
                            19.4855,
                            16140.50315
                        ],
                        [
                            96.2367,
                            19.4847,
                            11684.29685
                        ]
                    ]
                ],
                "type": "Polygon"
            },
            "properties": {
                "fill": "#FDDFA0",
                "fill-opacity": 1,
                "rake": 195.8362,
                "rise": 3.5,
                "sf_moment": 1.54e+18,
                "slip": 2.0743,
                "stroke-width": 1.5,
                "trup": 58.4289,
                "x==ew": 26.2584,
                "y==ns": -278.3954
            },
            "type": "Feature"
        },
        {
            "geometry": {
                "coordinates": [
                    [
                        [
                            96.23,
                            19.5293,
                            11684.29685
                        ],
                        [
                            96.2233,
                            19.5739,
                            11684.29685
                        ],
                        [
                            96.2292,
                            19.5747,
                            16140.50315
                        ],
                        [
                            96.2359,
                            19.5301,
                            16140.50315
                        ],
                        [
                            96.23,
                            19.5293,
                            11684.29685
                        ]
                    ]
                ],
                "type": "Polygon"
            },
            "properties": {
                "fill": "#FDFAE5",
                "fill-opacity": 1,
                "rake": 170.5813,
                "rise": 3.5,
                "sf_moment": 7.73e+17,
                "slip": 1.0393,
                "stroke-width": 1.5,
                "trup": 56.6294,
                "x==ew": 25.516,
                "y==ns": -273.4445
            },
            "type": "Feature"
        },
        {
            "geometry": {
                "coordinates": [
                    [
                        [
                            96.2234,
                            19.5738,
                            11684.29685
                        ],
                        [
                            96.2167,
                            19.6184,
                            11684.29685
                        ],
                        [
                            96.2226,
                            19.6192,
                            16140.50315
                        ],
                        [
                            96.2293,
                            19.5746,
                            16140.50315
                        ],
                        [
                            96.2234,
                            19.5738,
                            11684.29685
                        ]
                    ]
                ],
                "type": "Polygon"
            },
            "properties": {
                "fill": "#FEF9F7",
                "fill-opacity": 1,
                "rake": 166.4522,
                "rise": 6.5,
                "sf_moment": 5.97e+17,
                "slip": 0.8021,
                "stroke-width": 1.5,
                "trup": 55.23,
                "x==ew": 24.7737,
                "y==ns": -268.4936
            },
            "type": "Feature"
        },
        {
            "geometry": {
                "coordinates": [
                    [
                        [
                            96.2167,
                            19.6184,
                            11684.29685
                        ],
                        [
                            96.21,
                            19.663,
                            11684.29685
                        ],
                        [
                            96.2159,
                            19.6638,
                            16140.50315
                        ],
                        [
                            96.2226,
                            19.6192,
                            16140.50315
                        ],
                        [
                            96.2167,
                            19.6184,
                            11684.29685
                        ]
                    ]
                ],
                "type": "Polygon"
            },
            "properties": {
                "fill": "#FEF9F3",
                "fill-opacity": 1,
                "rake": 165.1499,
                "rise": 9.5,
                "sf_moment": 6.36e+17,
                "slip": 0.8556,
                "stroke-width": 1.5,
                "trup": 53.6306,
                "x==ew": 24.0313,
                "y==ns": -263.5427
            },
            "type": "Feature"
        },
        {
            "geometry": {
                "coordinates": [
                    [
                        [
                            96.21,
                            19.663,
                            11684.29685
                        ],
                        [
                            96.2033,
                            19.7076,
                            11684.29685
                        ],
                        [
                            96.2092,
                            19.7084,
                            16140.50315
                        ],
                        [
                            96.2159,
                            19.6638,
                            16140.50315
                        ],
                        [
                            96.21,
                            19.663,
                            11684.29685
                        ]
                    ]
                ],
                "type": "Polygon"
            },
            "properties": {
                "fill": "#FCFDC1",
                "fill-opacity": 1,
                "rake": 165.5397,
                "rise": 12.5,
                "sf_moment": 1.12e+18,
                "slip": 1.5003,
                "stroke-width": 1.5,
                "trup": 52.4311,
                "x==ew": 23.289,
                "y==ns": -258.5918
            },
            "type": "Feature"
        },
        {
            "geometry": {
                "coordinates": [
                    [
                        [
                            96.2033,
                            19.7075,
                            11684.29685
                        ],
                        [
                            96.1966,
                            19.7521,
                            11684.29685
                        ],
                        [
                            96.2025,
                            19.7529,
                            16140.50315
                        ],
                        [
                            96.2092,
                            19.7083,
                            16140.50315
                        ],
                        [
                            96.2033,
                            19.7075,
                            11684.29685
                        ]
                    ]
                ],
                "type": "Polygon"
            },
            "properties": {
                "fill": "#FEF9F9",
                "fill-opacity": 1,
                "rake": 166.7276,
                "rise": 12.5,
                "sf_moment": 3.11e+17,
                "slip": 0.4181,
                "stroke-width": 1.5,
                "trup": 51.2318,
                "x==ew": 22.5467,
                "y==ns": -253.6409
            },
            "type": "Feature"
        },
        {
            "geometry": {
                "coordinates": [
                    [
                        [
                            96.1966,
                            19.7521,
                            11684.29685
                        ],
                        [
                            96.1899,
                            19.7967,
                            11684.29685
                        ],
                        [
                            96.1958,
                            19.7975,
                            16140.50315
                        ],
                        [
                            96.2025,
                            19.7529,
                            16140.50315
                        ],
                        [
                            96.1966,
                            19.7521,
                            11684.29685
                        ]
                    ]
                ],
                "type": "Polygon"
            },
            "properties": {
                "fill": "#FEF9F9",
                "fill-opacity": 1,
                "rake": 175.0251,
                "rise": 12.5,
                "sf_moment": 2.89e+16,
                "slip": 0.0389,
                "stroke-width": 1.5,
                "trup": 50.2324,
                "x==ew": 21.8043,
                "y==ns": -248.69
            },
            "type": "Feature"
        },
        {
            "geometry": {
                "coordinates": [
                    [
                        [
                            96.19,
                            19.7966,
                            11684.29685
                        ],
                        [
                            96.1833,
                            19.8412,
                            11684.29685
                        ],
                        [
                            96.1892,
                            19.842,
                            16140.50315
                        ],
                        [
                            96.1959,
                            19.7974,
                            16140.50315
                        ],
                        [
                            96.19,
                            19.7966,
                            11684.29685
                        ]
                    ]
                ],
                "type": "Polygon"
            },
            "properties": {
                "fill": "#FEF9F9",
                "fill-opacity": 1,
                "rake": 204.2439,
                "rise": 3.5,
                "sf_moment": 1.73e+17,
                "slip": 0.2329,
                "stroke-width": 1.5,
                "trup": 49.0331,
                "x==ew": 21.062,
                "y==ns": -243.7391
            },
            "type": "Feature"
        },
        {
            "geometry": {
                "coordinates": [
                    [
                        [
                            96.1833,
                            19.8412,
                            11684.29685
                        ],
                        [
                            96.1766,
                            19.8858,
                            11684.29685
                        ],
                        [
                            96.1825,
                            19.8866,
                            16140.50315
                        ],
                        [
                            96.1892,
                            19.842,
                            16140.50315
                        ],
                        [
                            96.1833,
                            19.8412,
                            11684.29685
                        ]
                    ]
                ],
                "type": "Polygon"
            },
            "properties": {
                "fill": "#FEF9F9",
                "fill-opacity": 1,
                "rake": 179.8963,
                "rise": 6.5,
                "sf_moment": 3.6e+17,
                "slip": 0.4838,
                "stroke-width": 1.5,
                "trup": 48.2337,
                "x==ew": 20.3196,
                "y==ns": -238.7882
            },
            "type": "Feature"
        },
        {
            "geometry": {
                "coordinates": [
                    [
                        [
                            96.1766,
                            19.8857,
                            11684.29685
                        ],
                        [
                            96.1699,
                            19.9303,
                            11684.29685
                        ],
                        [
                            96.1758,
                            19.9311,
                            16140.50315
                        ],
                        [
                            96.1825,
                            19.8865,
                            16140.50315
                        ],
                        [
                            96.1766,
                            19.8857,
                            11684.29685
                        ]
                    ]
                ],
                "type": "Polygon"
            },
            "properties": {
                "fill": "#FEF9F9",
                "fill-opacity": 1,
                "rake": 172.2427,
                "rise": 8.0,
                "sf_moment": 1.36e+17,
                "slip": 0.1826,
                "stroke-width": 1.5,
                "trup": 47.0345,
                "x==ew": 19.5773,
                "y==ns": -233.8373
            },
            "type": "Feature"
        },
        {
            "geometry": {
                "coordinates": [
                    [
                        [
                            96.1699,
                            19.9303,
                            11684.29685
                        ],
                        [
                            96.1632,
                            19.9749,
                            11684.29685
                        ],
                        [
                            96.1691,
                            19.9757,
                            16140.50315
                        ],
                        [
                            96.1758,
                            19.9311,
                            16140.50315
                        ],
                        [
                            96.1699,
                            19.9303,
                            11684.29685
                        ]
                    ]
                ],
                "type": "Polygon"
            },
            "properties": {
                "fill": "#FCFCC4",
                "fill-opacity": 1,
                "rake": 168.4184,
                "rise": 12.5,
                "sf_moment": 1.1e+18,
                "slip": 1.479,
                "stroke-width": 1.5,
                "trup": 46.4352,
                "x==ew": 18.8349,
                "y==ns": -228.8865
            },
            "type": "Feature"
        },
        {
            "geometry": {
                "coordinates": [
                    [
                        [
                            96.1632,
                            19.9749,
                            11684.29685
                        ],
                        [
                            96.1565,
                            20.0195,
                            11684.29685
                        ],
                        [
                            96.1624,
                            20.0203,
                            16140.50315
                        ],
                        [
                            96.1691,
                            19.9757,
                            16140.50315
                        ],
                        [
                            96.1632,
                            19.9749,
                            11684.29685
                        ]
                    ]
                ],
                "type": "Polygon"
            },
            "properties": {
                "fill": "#FEB87E",
                "fill-opacity": 1,
                "rake": 181.9803,
                "rise": 12.5,
                "sf_moment": 2.04e+18,
                "slip": 2.7464,
                "stroke-width": 1.5,
                "trup": 45.036,
                "x==ew": 18.0926,
                "y==ns": -223.9356
            },
            "type": "Feature"
        },
        {
            "geometry": {
                "coordinates": [
                    [
                        [
                            96.1566,
                            20.0194,
                            11684.29685
                        ],
                        [
                            96.1499,
                            20.064,
                            11684.29685
                        ],
                        [
                            96.1558,
                            20.0648,
                            16140.50315
                        ],
                        [
                            96.1625,
                            20.0202,
                            16140.50315
                        ],
                        [
                            96.1566,
                            20.0194,
                            11684.29685
                        ]
                    ]
                ],
                "type": "Polygon"
            },
            "properties": {
                "fill": "#FEA571",
                "fill-opacity": 1,
                "rake": 193.5225,
                "rise": 2.0,
                "sf_moment": 2.27e+18,
                "slip": 3.0504,
                "stroke-width": 1.5,
                "trup": 44.0368,
                "x==ew": 17.3503,
                "y==ns": -218.9847
            },
            "type": "Feature"
        },
        {
            "geometry": {
                "coordinates": [
                    [
                        [
                            96.1499,
                            20.064,
                            11684.29685
                        ],
                        [
                            96.1432,
                            20.1086,
                            11684.29685
                        ],
                        [
                            96.1491,
                            20.1094,
                            16140.50315
                        ],
                        [
                            96.1558,
                            20.0648,
                            16140.50315
                        ],
                        [
                            96.1499,
                            20.064,
                            11684.29685
                        ]
                    ]
                ],
                "type": "Polygon"
            },
            "properties": {
                "fill": "#FEA470",
                "fill-opacity": 1,
                "rake": 177.1847,
                "rise": 9.5,
                "sf_moment": 2.28e+18,
                "slip": 3.0668,
                "stroke-width": 1.5,
                "trup": 44.0377,
                "x==ew": 16.6079,
                "y==ns": -214.0338
            },
            "type": "Feature"
        },
        {
            "geometry": {
                "coordinates": [
                    [
                        [
                            96.1432,
                            20.1085,
                            11684.29685
                        ],
                        [
                            96.1365,
                            20.1531,
                            11684.29685
                        ],
                        [
                            96.1424,
                            20.1539,
                            16140.50315
                        ],
                        [
                            96.1491,
                            20.1093,
                            16140.50315
                        ],
                        [
                            96.1432,
                            20.1085,
                            11684.29685
                        ]
                    ]
                ],
                "type": "Polygon"
            },
            "properties": {
                "fill": "#FCEAAB",
                "fill-opacity": 1,
                "rake": 174.283,
                "rise": 9.5,
                "sf_moment": 1.41e+18,
                "slip": 1.9023,
                "stroke-width": 1.5,
                "trup": 44.6386,
                "x==ew": 15.8656,
                "y==ns": -209.0829
            },
            "type": "Feature"
        },
        {
            "geometry": {
                "coordinates": [
                    [
                        [
                            96.1365,
                            20.1531,
                            11684.29685
                        ],
                        [
                            96.1298,
                            20.1977,
                            11684.29685
                        ],
                        [
                            96.1357,
                            20.1985,
                            16140.50315
                        ],
                        [
                            96.1424,
                            20.1539,
                            16140.50315
                        ],
                        [
                            96.1365,
                            20.1531,
                            11684.29685
                        ]
                    ]
                ],
                "type": "Polygon"
            },
            "properties": {
                "fill": "#FDFBD7",
                "fill-opacity": 1,
                "rake": 169.4953,
                "rise": 6.5,
                "sf_moment": 9.15e+17,
                "slip": 1.23,
                "stroke-width": 1.5,
                "trup": 43.8395,
                "x==ew": 15.1232,
                "y==ns": -204.132
            },
            "type": "Feature"
        },
        {
            "geometry": {
                "coordinates": [
                    [
                        [
                            96.1298,
                            20.1977,
                            11684.29685
                        ],
                        [
                            96.1231,
                            20.2423,
                            11684.29685
                        ],
                        [
                            96.129,
                            20.2431,
                            16140.50315
                        ],
                        [
                            96.1357,
                            20.1985,
                            16140.50315
                        ],
                        [
                            96.1298,
                            20.1977,
                            11684.29685
                        ]
                    ]
                ],
                "type": "Polygon"
            },
            "properties": {
                "fill": "#FCFCCB",
                "fill-opacity": 1,
                "rake": 170.907,
                "rise": 5.0,
                "sf_moment": 1.03e+18,
                "slip": 1.3784,
                "stroke-width": 1.5,
                "trup": 42.4405,
                "x==ew": 14.3809,
                "y==ns": -199.1811
            },
            "type": "Feature"
        },
        {
            "geometry": {
                "coordinates": [
                    [
                        [
                            96.1231,
                            20.2422,
                            11684.29685
                        ],
                        [
                            96.1164,
                            20.2868,
                            11684.29685
                        ],
                        [
                            96.1223,
                            20.2876,
                            16140.50315
                        ],
                        [
                            96.129,
                            20.243,
                            16140.50315
                        ],
                        [
                            96.1231,
                            20.2422,
                            11684.29685
                        ]
                    ]
                ],
                "type": "Polygon"
            },
            "properties": {
                "fill": "#FDFAE5",
                "fill-opacity": 1,
                "rake": 177.6436,
                "rise": 8.0,
                "sf_moment": 7.87e+17,
                "slip": 1.0585,
                "stroke-width": 1.5,
                "trup": 41.0415,
                "x==ew": 13.6386,
                "y==ns": -194.2302
            },
            "type": "Feature"
        },
        {
            "geometry": {
                "coordinates": [
                    [
                        [
                            96.1165,
                            20.2868,
                            11684.29685
                        ],
                        [
                            96.1098,
                            20.3314,
                            11684.29685
                        ],
                        [
                            96.1157,
                            20.3322,
                            16140.50315
                        ],
                        [
                            96.1224,
                            20.2876,
                            16140.50315
                        ],
                        [
                            96.1165,
                            20.2868,
                            11684.29685
                        ]
                    ]
                ],
                "type": "Polygon"
            },
            "properties": {
                "fill": "#FEF9F9",
                "fill-opacity": 1,
                "rake": 204.2445,
                "rise": 5.0,
                "sf_moment": 5.28e+17,
                "slip": 0.7095,
                "stroke-width": 1.5,
                "trup": 40.4426,
                "x==ew": 12.8962,
                "y==ns": -189.2793
            },
            "type": "Feature"
        },
        {
            "geometry": {
                "coordinates": [
                    [
                        [
                            96.1098,
                            20.3313,
                            11684.29685
                        ],
                        [
                            96.1031,
                            20.3759,
                            11684.29685
                        ],
                        [
                            96.109,
                            20.3767,
                            16140.50315
                        ],
                        [
                            96.1157,
                            20.3321,
                            16140.50315
                        ],
                        [
                            96.1098,
                            20.3313,
                            11684.29685
                        ]
                    ]
                ],
                "type": "Polygon"
            },
            "properties": {
                "fill": "#FEF9F9",
                "fill-opacity": 1,
                "rake": 191.0679,
                "rise": 2.0,
                "sf_moment": 4.74e+17,
                "slip": 0.6367,
                "stroke-width": 1.5,
                "trup": 39.4438,
                "x==ew": 12.1539,
                "y==ns": -184.3284
            },
            "type": "Feature"
        },
        {
            "geometry": {
                "coordinates": [
                    [
                        [
                            96.1031,
                            20.3759,
                            11684.29685
                        ],
                        [
                            96.0964,
                            20.4205,
                            11684.29685
                        ],
                        [
                            96.1023,
                            20.4213,
                            16140.50315
                        ],
                        [
                            96.109,
                            20.3767,
                            16140.50315
                        ],
                        [
                            96.1031,
                            20.3759,
                            11684.29685
                        ]
                    ]
                ],
                "type": "Polygon"
            },
            "properties": {
                "fill": "#FDFAE7",
                "fill-opacity": 1,
                "rake": 200.5736,
                "rise": 2.0,
                "sf_moment": 7.47e+17,
                "slip": 1.0045,
                "stroke-width": 1.5,
                "trup": 39.045,
                "x==ew": 11.4115,
                "y==ns": -179.3775
            },
            "type": "Feature"
        },
        {
            "geometry": {
                "coordinates": [
                    [
                        [
                            96.2894,
                            19.1736,
                            16140.49685
                        ],
                        [
                            96.2827,
                            19.2182,
                            16140.49685
                        ],
                        [
                            96.2886,
                            19.219,
                            20596.70315
                        ],
                        [
                            96.2953,
                            19.1744,
                            20596.70315
                        ],
                        [
                            96.2894,
                            19.1736,
                            16140.49685
                        ]
                    ]
                ],
                "type": "Polygon"
            },
            "properties": {
                "fill": "#FEF9F9",
                "fill-opacity": 1,
                "rake": 175.9233,
                "rise": 6.5,
                "sf_moment": 1.86e+17,
                "slip": 0.2158,
                "stroke-width": 1.5,
                "trup": 68.2578,
                "x==ew": 32.1163,
                "y==ns": -312.9645
            },
            "type": "Feature"
        },
        {
            "geometry": {
                "coordinates": [
                    [
                        [
                            96.2828,
                            19.2181,
                            16140.49685
                        ],
                        [
                            96.2761,
                            19.2627,
                            16140.49685
                        ],
                        [
                            96.282,
                            19.2635,
                            20596.70315
                        ],
                        [
                            96.2887,
                            19.2189,
                            20596.70315
                        ],
                        [
                            96.2828,
                            19.2181,
                            16140.49685
                        ]
                    ]
                ],
                "type": "Polygon"
            },
            "properties": {
                "fill": "#FEF9F9",
                "fill-opacity": 1,
                "rake": 169.2697,
                "rise": 15.5,
                "sf_moment": 9.2e+16,
                "slip": 0.1068,
                "stroke-width": 1.5,
                "trup": 66.8588,
                "x==ew": 31.374,
                "y==ns": -308.0136
            },
            "type": "Feature"
        },
        {
            "geometry": {
                "coordinates": [
                    [
                        [
                            96.2761,
                            19.2627,
                            16140.49685
                        ],
                        [
                            96.2694,
                            19.3073,
                            16140.49685
                        ],
                        [
                            96.2753,
                            19.3081,
                            20596.70315
                        ],
                        [
                            96.282,
                            19.2635,
                            20596.70315
                        ],
                        [
                            96.2761,
                            19.2627,
                            16140.49685
                        ]
                    ]
                ],
                "type": "Polygon"
            },
            "properties": {
                "fill": "#FEF9F9",
                "fill-opacity": 1,
                "rake": 197.7948,
                "rise": 11.0,
                "sf_moment": 8.33e+16,
                "slip": 0.0967,
                "stroke-width": 1.5,
                "trup": 66.6597,
                "x==ew": 30.6317,
                "y==ns": -303.0627
            },
            "type": "Feature"
        },
        {
            "geometry": {
                "coordinates": [
                    [
                        [
                            96.2694,
                            19.3073,
                            16140.49685
                        ],
                        [
                            96.2627,
                            19.3519,
                            16140.49685
                        ],
                        [
                            96.2686,
                            19.3527,
                            20596.70315
                        ],
                        [
                            96.2753,
                            19.3081,
                            20596.70315
                        ],
                        [
                            96.2694,
                            19.3073,
                            16140.49685
                        ]
                    ]
                ],
                "type": "Polygon"
            },
            "properties": {
                "fill": "#FEF9F9",
                "fill-opacity": 1,
                "rake": 189.244,
                "rise": 6.5,
                "sf_moment": 2.76e+17,
                "slip": 0.3209,
                "stroke-width": 1.5,
                "trup": 66.6607,
                "x==ew": 29.8893,
                "y==ns": -298.1118
            },
            "type": "Feature"
        },
        {
            "geometry": {
                "coordinates": [
                    [
                        [
                            96.2627,
                            19.3518,
                            16140.49685
                        ],
                        [
                            96.256,
                            19.3964,
                            16140.49685
                        ],
                        [
                            96.2619,
                            19.3972,
                            20596.70315
                        ],
                        [
                            96.2686,
                            19.3526,
                            20596.70315
                        ],
                        [
                            96.2627,
                            19.3518,
                            16140.49685
                        ]
                    ]
                ],
                "type": "Polygon"
            },
            "properties": {
                "fill": "#FEF9F9",
                "fill-opacity": 1,
                "rake": 180.065,
                "rise": 14.0,
                "sf_moment": 1.28e+17,
                "slip": 0.1488,
                "stroke-width": 1.5,
                "trup": 66.4617,
                "x==ew": 29.147,
                "y==ns": -293.1609
            },
            "type": "Feature"
        },
        {
            "geometry": {
                "coordinates": [
                    [
                        [
                            96.256,
                            19.3964,
                            16140.49685
                        ],
                        [
                            96.2493,
                            19.441,
                            16140.49685
                        ],
                        [
                            96.2552,
                            19.4418,
                            20596.70315
                        ],
                        [
                            96.2619,
                            19.3972,
                            20596.70315
                        ],
                        [
                            96.256,
                            19.3964,
                            16140.49685
                        ]
                    ]
                ],
                "type": "Polygon"
            },
            "properties": {
                "fill": "#FEF9F9",
                "fill-opacity": 1,
                "rake": 199.2126,
                "rise": 6.5,
                "sf_moment": 2.38e+16,
                "slip": 0.0276,
                "stroke-width": 1.5,
                "trup": 64.6628,
                "x==ew": 28.4046,
                "y==ns": -288.21
            },
            "type": "Feature"
        },
        {
            "geometry": {
                "coordinates": [
                    [
                        [
                            96.2494,
                            19.4409,
                            16140.49685
                        ],
                        [
                            96.2427,
                            19.4855,
                            16140.49685
                        ],
                        [
                            96.2486,
                            19.4863,
                            20596.70315
                        ],
                        [
                            96.2553,
                            19.4417,
                            20596.70315
                        ],
                        [
                            96.2494,
                            19.4409,
                            16140.49685
                        ]
                    ]
                ],
                "type": "Polygon"
            },
            "properties": {
                "fill": "#FEF9F9",
                "fill-opacity": 1,
                "rake": 191.8911,
                "rise": 11.0,
                "sf_moment": 5.52e+16,
                "slip": 0.064,
                "stroke-width": 1.5,
                "trup": 62.0639,
                "x==ew": 27.6623,
                "y==ns": -283.2591
            },
            "type": "Feature"
        },
        {
            "geometry": {
                "coordinates": [
                    [
                        [
                            96.2427,
                            19.4855,
                            16140.49685
                        ],
                        [
                            96.236,
                            19.5301,
                            16140.49685
                        ],
                        [
                            96.2419,
                            19.5309,
                            20596.70315
                        ],
                        [
                            96.2486,
                            19.4863,
                            20596.70315
                        ],
                        [
                            96.2427,
                            19.4855,
                            16140.49685
                        ]
                    ]
                ],
                "type": "Polygon"
            },
            "properties": {
                "fill": "#FEF9F9",
                "fill-opacity": 1,
                "rake": 201.8822,
                "rise": 9.5,
                "sf_moment": 3.68e+17,
                "slip": 0.4274,
                "stroke-width": 1.5,
                "trup": 59.4651,
                "x==ew": 26.92,
                "y==ns": -278.3082
            },
            "type": "Feature"
        },
        {
            "geometry": {
                "coordinates": [
                    [
                        [
                            96.236,
                            19.5301,
                            16140.49685
                        ],
                        [
                            96.2293,
                            19.5747,
                            16140.49685
                        ],
                        [
                            96.2352,
                            19.5755,
                            20596.70315
                        ],
                        [
                            96.2419,
                            19.5309,
                            20596.70315
                        ],
                        [
                            96.236,
                            19.5301,
                            16140.49685
                        ]
                    ]
                ],
                "type": "Polygon"
            },
            "properties": {
                "fill": "#FEF9F9",
                "fill-opacity": 1,
                "rake": 203.3673,
                "rise": 6.5,
                "sf_moment": 1.09e+17,
                "slip": 0.1266,
                "stroke-width": 1.5,
                "trup": 57.0662,
                "x==ew": 26.1776,
                "y==ns": -273.3574
            },
            "type": "Feature"
        },
        {
            "geometry": {
                "coordinates": [
                    [
                        [
                            96.2293,
                            19.5746,
                            16140.49685
                        ],
                        [
                            96.2226,
                            19.6192,
                            16140.49685
                        ],
                        [
                            96.2285,
                            19.62,
                            20596.70315
                        ],
                        [
                            96.2352,
                            19.5754,
                            20596.70315
                        ],
                        [
                            96.2293,
                            19.5746,
                            16140.49685
                        ]
                    ]
                ],
                "type": "Polygon"
            },
            "properties": {
                "fill": "#FEF9F9",
                "fill-opacity": 1,
                "rake": 201.2098,
                "rise": 15.5,
                "sf_moment": 6.57e+16,
                "slip": 0.0763,
                "stroke-width": 1.5,
                "trup": 55.2675,
                "x==ew": 25.4353,
                "y==ns": -268.4065
            },
            "type": "Feature"
        },
        {
            "geometry": {
                "coordinates": [
                    [
                        [
                            96.2226,
                            19.6192,
                            16140.49685
                        ],
                        [
                            96.2159,
                            19.6638,
                            16140.49685
                        ],
                        [
                            96.2218,
                            19.6646,
                            20596.70315
                        ],
                        [
                            96.2285,
                            19.62,
                            20596.70315
                        ],
                        [
                            96.2226,
                            19.6192,
                            16140.49685
                        ]
                    ]
                ],
                "type": "Polygon"
            },
            "properties": {
                "fill": "#FEF9F9",
                "fill-opacity": 1,
                "rake": 182.4963,
                "rise": 9.5,
                "sf_moment": 6.8e+16,
                "slip": 0.0789,
                "stroke-width": 1.5,
                "trup": 54.2687,
                "x==ew": 24.6929,
                "y==ns": -263.4556
            },
            "type": "Feature"
        },
        {
            "geometry": {
                "coordinates": [
                    [
                        [
                            96.216,
                            19.6637,
                            16140.49685
                        ],
                        [
                            96.2093,
                            19.7083,
                            16140.49685
                        ],
                        [
                            96.2152,
                            19.7091,
                            20596.70315
                        ],
                        [
                            96.2219,
                            19.6645,
                            20596.70315
                        ],
                        [
                            96.216,
                            19.6637,
                            16140.49685
                        ]
                    ]
                ],
                "type": "Polygon"
            },
            "properties": {
                "fill": "#FEF9F9",
                "fill-opacity": 1,
                "rake": 168.0832,
                "rise": 8.0,
                "sf_moment": 3.32e+17,
                "slip": 0.3858,
                "stroke-width": 1.5,
                "trup": 52.87,
                "x==ew": 23.9506,
                "y==ns": -258.5047
            },
            "type": "Feature"
        },
        {
            "geometry": {
                "coordinates": [
                    [
                        [
                            96.2093,
                            19.7083,
                            16140.49685
                        ],
                        [
                            96.2026,
                            19.7529,
                            16140.49685
                        ],
                        [
                            96.2085,
                            19.7537,
                            20596.70315
                        ],
                        [
                            96.2152,
                            19.7091,
                            20596.70315
                        ],
                        [
                            96.2093,
                            19.7083,
                            16140.49685
                        ]
                    ]
                ],
                "type": "Polygon"
            },
            "properties": {
                "fill": "#FEF9F9",
                "fill-opacity": 1,
                "rake": 179.9898,
                "rise": 11.0,
                "sf_moment": 1.22e+17,
                "slip": 0.1413,
                "stroke-width": 1.5,
                "trup": 51.6714,
                "x==ew": 23.2083,
                "y==ns": -253.5538
            },
            "type": "Feature"
        },
        {
            "geometry": {
                "coordinates": [
                    [
                        [
                            96.2026,
                            19.7529,
                            16140.49685
                        ],
                        [
                            96.1959,
                            19.7975,
                            16140.49685
                        ],
                        [
                            96.2018,
                            19.7983,
                            20596.70315
                        ],
                        [
                            96.2085,
                            19.7537,
                            20596.70315
                        ],
                        [
                            96.2026,
                            19.7529,
                            16140.49685
                        ]
                    ]
                ],
                "type": "Polygon"
            },
            "properties": {
                "fill": "#FEF9F9",
                "fill-opacity": 1,
                "rake": 184.0091,
                "rise": 3.5,
                "sf_moment": 2920000000000000.0,
                "slip": 0.0034,
                "stroke-width": 1.5,
                "trup": 50.4728,
                "x==ew": 22.4659,
                "y==ns": -248.6029
            },
            "type": "Feature"
        },
        {
            "geometry": {
                "coordinates": [
                    [
                        [
                            96.1959,
                            19.7974,
                            16140.49685
                        ],
                        [
                            96.1892,
                            19.842,
                            16140.49685
                        ],
                        [
                            96.1951,
                            19.8428,
                            20596.70315
                        ],
                        [
                            96.2018,
                            19.7982,
                            20596.70315
                        ],
                        [
                            96.1959,
                            19.7974,
                            16140.49685
                        ]
                    ]
                ],
                "type": "Polygon"
            },
            "properties": {
                "fill": "#FEF9F9",
                "fill-opacity": 1,
                "rake": 167.387,
                "rise": 12.5,
                "sf_moment": 1.13e+17,
                "slip": 0.1308,
                "stroke-width": 1.5,
                "trup": 49.0743,
                "x==ew": 21.7236,
                "y==ns": -243.652
            },
            "type": "Feature"
        },
        {
            "geometry": {
                "coordinates": [
                    [
                        [
                            96.1892,
                            19.842,
                            16140.49685
                        ],
                        [
                            96.1825,
                            19.8866,
                            16140.49685
                        ],
                        [
                            96.1884,
                            19.8874,
                            20596.70315
                        ],
                        [
                            96.1951,
                            19.8428,
                            20596.70315
                        ],
                        [
                            96.1892,
                            19.842,
                            16140.49685
                        ]
                    ]
                ],
                "type": "Polygon"
            },
            "properties": {
                "fill": "#FEF9F9",
                "fill-opacity": 1,
                "rake": 180.7131,
                "rise": 9.5,
                "sf_moment": 9120000000000000.0,
                "slip": 0.0106,
                "stroke-width": 1.5,
                "trup": 48.4759,
                "x==ew": 20.9812,
                "y==ns": -238.7011
            },
            "type": "Feature"
        },
        {
            "geometry": {
                "coordinates": [
                    [
                        [
                            96.1826,
                            19.8865,
                            16140.49685
                        ],
                        [
                            96.1759,
                            19.9311,
                            16140.49685
                        ],
                        [
                            96.1818,
                            19.9319,
                            20596.70315
                        ],
                        [
                            96.1885,
                            19.8873,
                            20596.70315
                        ],
                        [
                            96.1826,
                            19.8865,
                            16140.49685
                        ]
                    ]
                ],
                "type": "Polygon"
            },
            "properties": {
                "fill": "#FEF9F9",
                "fill-opacity": 1,
                "rake": 168.7063,
                "rise": 11.0,
                "sf_moment": 2.15e+17,
                "slip": 0.2499,
                "stroke-width": 1.5,
                "trup": 47.0775,
                "x==ew": 20.2389,
                "y==ns": -233.7502
            },
            "type": "Feature"
        },
        {
            "geometry": {
                "coordinates": [
                    [
                        [
                            96.1759,
                            19.9311,
                            16140.49685
                        ],
                        [
                            96.1692,
                            19.9757,
                            16140.49685
                        ],
                        [
                            96.1751,
                            19.9765,
                            20596.70315
                        ],
                        [
                            96.1818,
                            19.9319,
                            20596.70315
                        ],
                        [
                            96.1759,
                            19.9311,
                            16140.49685
                        ]
                    ]
                ],
                "type": "Polygon"
            },
            "properties": {
                "fill": "#FEF9F9",
                "fill-opacity": 1,
                "rake": 177.5339,
                "rise": 6.5,
                "sf_moment": 1.81e+17,
                "slip": 0.2096,
                "stroke-width": 1.5,
                "trup": 45.8792,
                "x==ew": 19.4966,
                "y==ns": -228.7993
            },
            "type": "Feature"
        },
        {
            "geometry": {
                "coordinates": [
                    [
                        [
                            96.1692,
                            19.9756,
                            16140.49685
                        ],
                        [
                            96.1625,
                            20.0202,
                            16140.49685
                        ],
                        [
                            96.1684,
                            20.021,
                            20596.70315
                        ],
                        [
                            96.1751,
                            19.9764,
                            20596.70315
                        ],
                        [
                            96.1692,
                            19.9756,
                            16140.49685
                        ]
                    ]
                ],
                "type": "Polygon"
            },
            "properties": {
                "fill": "#FEF9F9",
                "fill-opacity": 1,
                "rake": 181.4094,
                "rise": 6.5,
                "sf_moment": 3.31e+17,
                "slip": 0.3847,
                "stroke-width": 1.5,
                "trup": 45.0809,
                "x==ew": 18.7542,
                "y==ns": -223.8484
            },
            "type": "Feature"
        },
        {
            "geometry": {
                "coordinates": [
                    [
                        [
                            96.1625,
                            20.0202,
                            16140.49685
                        ],
                        [
                            96.1558,
                            20.0648,
                            16140.49685
                        ],
                        [
                            96.1617,
                            20.0656,
                            20596.70315
                        ],
                        [
                            96.1684,
                            20.021,
                            20596.70315
                        ],
                        [
                            96.1625,
                            20.0202,
                            16140.49685
                        ]
                    ]
                ],
                "type": "Polygon"
            },
            "properties": {
                "fill": "#FEF9F9",
                "fill-opacity": 1,
                "rake": 187.2118,
                "rise": 11.0,
                "sf_moment": 2.65e+17,
                "slip": 0.3078,
                "stroke-width": 1.5,
                "trup": 44.2828,
                "x==ew": 18.0119,
                "y==ns": -218.8975
            },
            "type": "Feature"
        },
        {
            "geometry": {
                "coordinates": [
                    [
                        [
                            96.1558,
                            20.0648,
                            16140.49685
                        ],
                        [
                            96.1491,
                            20.1094,
                            16140.49685
                        ],
                        [
                            96.155,
                            20.1102,
                            20596.70315
                        ],
                        [
                            96.1617,
                            20.0656,
                            20596.70315
                        ],
                        [
                            96.1558,
                            20.0648,
                            16140.49685
                        ]
                    ]
                ],
                "type": "Polygon"
            },
            "properties": {
                "fill": "#FEF9F9",
                "fill-opacity": 1,
                "rake": 171.8644,
                "rise": 11.0,
                "sf_moment": 4.18e+17,
                "slip": 0.4848,
                "stroke-width": 1.5,
                "trup": 44.2847,
                "x==ew": 17.2695,
                "y==ns": -213.9466
            },
            "type": "Feature"
        },
        {
            "geometry": {
                "coordinates": [
                    [
                        [
                            96.1491,
                            20.1093,
                            16140.49685
                        ],
                        [
                            96.1424,
                            20.1539,
                            16140.49685
                        ],
                        [
                            96.1483,
                            20.1547,
                            20596.70315
                        ],
                        [
                            96.155,
                            20.1101,
                            20596.70315
                        ],
                        [
                            96.1491,
                            20.1093,
                            16140.49685
                        ]
                    ]
                ],
                "type": "Polygon"
            },
            "properties": {
                "fill": "#FEF9F9",
                "fill-opacity": 1,
                "rake": 170.8408,
                "rise": 6.5,
                "sf_moment": 2.76e+17,
                "slip": 0.3198,
                "stroke-width": 1.5,
                "trup": 44.4867,
                "x==ew": 16.5272,
                "y==ns": -208.9957
            },
            "type": "Feature"
        },
        {
            "geometry": {
                "coordinates": [
                    [
                        [
                            96.1425,
                            20.1539,
                            16140.49685
                        ],
                        [
                            96.1358,
                            20.1985,
                            16140.49685
                        ],
                        [
                            96.1417,
                            20.1993,
                            20596.70315
                        ],
                        [
                            96.1484,
                            20.1547,
                            20596.70315
                        ],
                        [
                            96.1425,
                            20.1539,
                            16140.49685
                        ]
                    ]
                ],
                "type": "Polygon"
            },
            "properties": {
                "fill": "#FEF9F9",
                "fill-opacity": 1,
                "rake": 187.7879,
                "rise": 9.5,
                "sf_moment": 1.63e+17,
                "slip": 0.1898,
                "stroke-width": 1.5,
                "trup": 43.6888,
                "x==ew": 15.7849,
                "y==ns": -204.0448
            },
            "type": "Feature"
        },
        {
            "geometry": {
                "coordinates": [
                    [
                        [
                            96.1358,
                            20.1984,
                            16140.49685
                        ],
                        [
                            96.1291,
                            20.243,
                            16140.49685
                        ],
                        [
                            96.135,
                            20.2438,
                            20596.70315
                        ],
                        [
                            96.1417,
                            20.1992,
                            20596.70315
                        ],
                        [
                            96.1358,
                            20.1984,
                            16140.49685
                        ]
                    ]
                ],
                "type": "Polygon"
            },
            "properties": {
                "fill": "#FEF9F9",
                "fill-opacity": 1,
                "rake": 193.804,
                "rise": 14.0,
                "sf_moment": 6190000000000000.0,
                "slip": 0.0072,
                "stroke-width": 1.5,
                "trup": 43.091,
                "x==ew": 15.0425,
                "y==ns": -199.0939
            },
            "type": "Feature"
        },
        {
            "geometry": {
                "coordinates": [
                    [
                        [
                            96.1291,
                            20.243,
                            16140.49685
                        ],
                        [
                            96.1224,
                            20.2876,
                            16140.49685
                        ],
                        [
                            96.1283,
                            20.2884,
                            20596.70315
                        ],
                        [
                            96.135,
                            20.2438,
                            20596.70315
                        ],
                        [
                            96.1291,
                            20.243,
                            16140.49685
                        ]
                    ]
                ],
                "type": "Polygon"
            },
            "properties": {
                "fill": "#FEF9F9",
                "fill-opacity": 1,
                "rake": 173.2732,
                "rise": 12.5,
                "sf_moment": 1.7e+17,
                "slip": 0.1967,
                "stroke-width": 1.5,
                "trup": 41.4934,
                "x==ew": 14.3002,
                "y==ns": -194.143
            },
            "type": "Feature"
        },
        {
            "geometry": {
                "coordinates": [
                    [
                        [
                            96.1224,
                            20.2876,
                            16140.49685
                        ],
                        [
                            96.1157,
                            20.3322,
                            16140.49685
                        ],
                        [
                            96.1216,
                            20.333,
                            20596.70315
                        ],
                        [
                            96.1283,
                            20.2884,
                            20596.70315
                        ],
                        [
                            96.1224,
                            20.2876,
                            16140.49685
                        ]
                    ]
                ],
                "type": "Polygon"
            },
            "properties": {
                "fill": "#FEF9F9",
                "fill-opacity": 1,
                "rake": 185.9549,
                "rise": 14.0,
                "sf_moment": 3.71e+17,
                "slip": 0.4309,
                "stroke-width": 1.5,
                "trup": 40.8958,
                "x==ew": 13.5578,
                "y==ns": -189.1921
            },
            "type": "Feature"
        },
        {
            "geometry": {
                "coordinates": [
                    [
                        [
                            96.1157,
                            20.3321,
                            16140.49685
                        ],
                        [
                            96.109,
                            20.3767,
                            16140.49685
                        ],
                        [
                            96.1149,
                            20.3775,
                            20596.70315
                        ],
                        [
                            96.1216,
                            20.3329,
                            20596.70315
                        ],
                        [
                            96.1157,
                            20.3321,
                            16140.49685
                        ]
                    ]
                ],
                "type": "Polygon"
            },
            "properties": {
                "fill": "#FEF9F9",
                "fill-opacity": 1,
                "rake": 201.5377,
                "rise": 8.0,
                "sf_moment": 1.48e+17,
                "slip": 0.1723,
                "stroke-width": 1.5,
                "trup": 39.6984,
                "x==ew": 12.8155,
                "y==ns": -184.2412
            },
            "type": "Feature"
        },
        {
            "geometry": {
                "coordinates": [
                    [
                        [
                            96.1091,
                            20.3767,
                            16140.49685
                        ],
                        [
                            96.1024,
                            20.4213,
                            16140.49685
                        ],
                        [
                            96.1083,
                            20.4221,
                            20596.70315
                        ],
                        [
                            96.115,
                            20.3775,
                            20596.70315
                        ],
                        [
                            96.1091,
                            20.3767,
                            16140.49685
                        ]
                    ]
                ],
                "type": "Polygon"
            },
            "properties": {
                "fill": "#FEF9F9",
                "fill-opacity": 1,
                "rake": 195.8581,
                "rise": 8.0,
                "sf_moment": 1.11e+17,
                "slip": 0.1287,
                "stroke-width": 1.5,
                "trup": 39.3011,
                "x==ew": 12.0731,
                "y==ns": -179.2904
            },
            "type": "Feature"
        },
        {
            "geometry": {
                "coordinates": [
                    [
                        [
                            96.4798,
                            18.0184,
                            -1684.30315
                        ],
                        [
                            96.4716,
                            18.0627,
                            -1684.30315
                        ],
                        [
                            96.4774,
                            18.0636,
                            2771.90315
                        ],
                        [
                            96.4856,
                            18.0193,
                            2771.90315
                        ],
                        [
                            96.4798,
                            18.0184,
                            -1684.30315
                        ]
                    ]
                ],
                "type": "Polygon"
            },
            "properties": {
                "fill": "#FEF9F9",
                "fill-opacity": 1,
                "rake": 171.5351,
                "rise": 9.5,
                "sf_moment": 1.89e+16,
                "slip": 0.1976,
                "stroke-width": 1.5,
                "trup": 126.0045,
                "x==ew": 53.1786,
                "y==ns": -441.3323
            },
            "type": "Feature"
        },
        {
            "geometry": {
                "coordinates": [
                    [
                        [
                            96.4715,
                            18.0627,
                            -1684.30315
                        ],
                        [
                            96.4633,
                            18.107,
                            -1684.30315
                        ],
                        [
                            96.4691,
                            18.1079,
                            2771.90315
                        ],
                        [
                            96.4773,
                            18.0636,
                            2771.90315
                        ],
                        [
                            96.4715,
                            18.0627,
                            -1684.30315
                        ]
                    ]
                ],
                "type": "Polygon"
            },
            "properties": {
                "fill": "#FEF9F9",
                "fill-opacity": 1,
                "rake": 175.2768,
                "rise": 5.0,
                "sf_moment": 1240000000000000.0,
                "slip": 0.013,
                "stroke-width": 1.5,
                "trup": 125.0046,
                "x==ew": 52.2596,
                "y==ns": -436.4087
            },
            "type": "Feature"
        },
        {
            "geometry": {
                "coordinates": [
                    [
                        [
                            96.4633,
                            18.107,
                            -1684.30315
                        ],
                        [
                            96.4551,
                            18.1513,
                            -1684.30315
                        ],
                        [
                            96.4609,
                            18.1522,
                            2771.90315
                        ],
                        [
                            96.4691,
                            18.1079,
                            2771.90315
                        ],
                        [
                            96.4633,
                            18.107,
                            -1684.30315
                        ]
                    ]
                ],
                "type": "Polygon"
            },
            "properties": {
                "fill": "#FEF9F9",
                "fill-opacity": 1,
                "rake": 165.8543,
                "rise": 5.0,
                "sf_moment": 4090000000000000.0,
                "slip": 0.0427,
                "stroke-width": 1.5,
                "trup": 123.6047,
                "x==ew": 51.3406,
                "y==ns": -431.4851
            },
            "type": "Feature"
        },
        {
            "geometry": {
                "coordinates": [
                    [
                        [
                            96.455,
                            18.1513,
                            -1684.30315
                        ],
                        [
                            96.4468,
                            18.1956,
                            -1684.30315
                        ],
                        [
                            96.4526,
                            18.1965,
                            2771.90315
                        ],
                        [
                            96.4608,
                            18.1522,
                            2771.90315
                        ],
                        [
                            96.455,
                            18.1513,
                            -1684.30315
                        ]
                    ]
                ],
                "type": "Polygon"
            },
            "properties": {
                "fill": "#FEF9F9",
                "fill-opacity": 1,
                "rake": 177.309,
                "rise": 5.0,
                "sf_moment": 2170000000000000.0,
                "slip": 0.0227,
                "stroke-width": 1.5,
                "trup": 123.0047,
                "x==ew": 50.4216,
                "y==ns": -426.5615
            },
            "type": "Feature"
        },
        {
            "geometry": {
                "coordinates": [
                    [
                        [
                            96.4467,
                            18.1956,
                            -1684.30315
                        ],
                        [
                            96.4385,
                            18.2399,
                            -1684.30315
                        ],
                        [
                            96.4443,
                            18.2408,
                            2771.90315
                        ],
                        [
                            96.4525,
                            18.1965,
                            2771.90315
                        ],
                        [
                            96.4467,
                            18.1956,
                            -1684.30315
                        ]
                    ]
                ],
                "type": "Polygon"
            },
            "properties": {
                "fill": "#FEF9F9",
                "fill-opacity": 1,
                "rake": 189.5947,
                "rise": 12.5,
                "sf_moment": 4790000000000000.0,
                "slip": 0.0501,
                "stroke-width": 1.5,
                "trup": 123.4048,
                "x==ew": 49.5026,
                "y==ns": -421.6379
            },
            "type": "Feature"
        },
        {
            "geometry": {
                "coordinates": [
                    [
                        [
                            96.4385,
                            18.2399,
                            -1684.30315
                        ],
                        [
                            96.4303,
                            18.2842,
                            -1684.30315
                        ],
                        [
                            96.4361,
                            18.2851,
                            2771.90315
                        ],
                        [
                            96.4443,
                            18.2408,
                            2771.90315
                        ],
                        [
                            96.4385,
                            18.2399,
                            -1684.30315
                        ]
                    ]
                ],
                "type": "Polygon"
            },
            "properties": {
                "fill": "#FDFAE3",
                "fill-opacity": 1,
                "rake": 170.9624,
                "rise": 5.0,
                "sf_moment": 1.04e+17,
                "slip": 1.0855,
                "stroke-width": 1.5,
                "trup": 124.4048,
                "x==ew": 48.5836,
                "y==ns": -416.7143
            },
            "type": "Feature"
        },
        {
            "geometry": {
                "coordinates": [
                    [
                        [
                            96.4302,
                            18.2842,
                            -1684.30315
                        ],
                        [
                            96.422,
                            18.3285,
                            -1684.30315
                        ],
                        [
                            96.4278,
                            18.3294,
                            2771.90315
                        ],
                        [
                            96.436,
                            18.2851,
                            2771.90315
                        ],
                        [
                            96.4302,
                            18.2842,
                            -1684.30315
                        ]
                    ]
                ],
                "type": "Polygon"
            },
            "properties": {
                "fill": "#FEB27A",
                "fill-opacity": 1,
                "rake": 166.8149,
                "rise": 9.5,
                "sf_moment": 2.7e+17,
                "slip": 2.8205,
                "stroke-width": 1.5,
                "trup": 125.4049,
                "x==ew": 47.6646,
                "y==ns": -411.7907
            },
            "type": "Feature"
        },
        {
            "geometry": {
                "coordinates": [
                    [
                        [
                            96.4219,
                            18.3286,
                            -1684.30315
                        ],
                        [
                            96.4137,
                            18.3729,
                            -1684.30315
                        ],
                        [
                            96.4195,
                            18.3738,
                            2771.90315
                        ],
                        [
                            96.4277,
                            18.3295,
                            2771.90315
                        ],
                        [
                            96.4219,
                            18.3286,
                            -1684.30315
                        ]
                    ]
                ],
                "type": "Polygon"
            },
            "properties": {
                "fill": "#FECE91",
                "fill-opacity": 1,
                "rake": 175.9774,
                "rise": 8.0,
                "sf_moment": 2.26e+17,
                "slip": 2.3642,
                "stroke-width": 1.5,
                "trup": 125.8049,
                "x==ew": 46.7456,
                "y==ns": -406.8672
            },
            "type": "Feature"
        },
        {
            "geometry": {
                "coordinates": [
                    [
                        [
                            96.4136,
                            18.3729,
                            -1684.30315
                        ],
                        [
                            96.4054,
                            18.4172,
                            -1684.30315
                        ],
                        [
                            96.4112,
                            18.4181,
                            2771.90315
                        ],
                        [
                            96.4194,
                            18.3738,
                            2771.90315
                        ],
                        [
                            96.4136,
                            18.3729,
                            -1684.30315
                        ]
                    ]
                ],
                "type": "Polygon"
            },
            "properties": {
                "fill": "#FCEEB0",
                "fill-opacity": 1,
                "rake": 188.5084,
                "rise": 8.0,
                "sf_moment": 1.72e+17,
                "slip": 1.7929,
                "stroke-width": 1.5,
                "trup": 125.205,
                "x==ew": 45.8266,
                "y==ns": -401.9436
            },
            "type": "Feature"
        },
        {
            "geometry": {
                "coordinates": [
                    [
                        [
                            96.4054,
                            18.4172,
                            -1684.30315
                        ],
                        [
                            96.3972,
                            18.4615,
                            -1684.30315
                        ],
                        [
                            96.403,
                            18.4624,
                            2771.90315
                        ],
                        [
                            96.4112,
                            18.4181,
                            2771.90315
                        ],
                        [
                            96.4054,
                            18.4172,
                            -1684.30315
                        ]
                    ]
                ],
                "type": "Polygon"
            },
            "properties": {
                "fill": "#FDFBD7",
                "fill-opacity": 1,
                "rake": 192.6376,
                "rise": 6.5,
                "sf_moment": 1.17e+17,
                "slip": 1.2241,
                "stroke-width": 1.5,
                "trup": 123.6051,
                "x==ew": 44.9076,
                "y==ns": -397.02
            },
            "type": "Feature"
        },
        {
            "geometry": {
                "coordinates": [
                    [
                        [
                            96.3971,
                            18.4615,
                            -1684.30315
                        ],
                        [
                            96.3889,
                            18.5058,
                            -1684.30315
                        ],
                        [
                            96.3947,
                            18.5067,
                            2771.90315
                        ],
                        [
                            96.4029,
                            18.4624,
                            2771.90315
                        ],
                        [
                            96.3971,
                            18.4615,
                            -1684.30315
                        ]
                    ]
                ],
                "type": "Polygon"
            },
            "properties": {
                "fill": "#FCFCBE",
                "fill-opacity": 1,
                "rake": 182.6247,
                "rise": 9.5,
                "sf_moment": 1.5e+17,
                "slip": 1.5627,
                "stroke-width": 1.5,
                "trup": 119.6051,
                "x==ew": 43.9886,
                "y==ns": -392.0964
            },
            "type": "Feature"
        },
        {
            "geometry": {
                "coordinates": [
                    [
                        [
                            96.3888,
                            18.5058,
                            -1684.30315
                        ],
                        [
                            96.3806,
                            18.5501,
                            -1684.30315
                        ],
                        [
                            96.3864,
                            18.551,
                            2771.90315
                        ],
                        [
                            96.3946,
                            18.5067,
                            2771.90315
                        ],
                        [
                            96.3888,
                            18.5058,
                            -1684.30315
                        ]
                    ]
                ],
                "type": "Polygon"
            },
            "properties": {
                "fill": "#FCFBD4",
                "fill-opacity": 1,
                "rake": 171.9901,
                "rise": 9.5,
                "sf_moment": 1.2e+17,
                "slip": 1.25,
                "stroke-width": 1.5,
                "trup": 114.6052,
                "x==ew": 43.0696,
                "y==ns": -387.1728
            },
            "type": "Feature"
        },
        {
            "geometry": {
                "coordinates": [
                    [
                        [
                            96.3806,
                            18.5501,
                            -1684.30315
                        ],
                        [
                            96.3724,
                            18.5944,
                            -1684.30315
                        ],
                        [
                            96.3782,
                            18.5953,
                            2771.90315
                        ],
                        [
                            96.3864,
                            18.551,
                            2771.90315
                        ],
                        [
                            96.3806,
                            18.5501,
                            -1684.30315
                        ]
                    ]
                ],
                "type": "Polygon"
            },
            "properties": {
                "fill": "#FEF9F9",
                "fill-opacity": 1,
                "rake": 170.8669,
                "rise": 5.0,
                "sf_moment": 7.06e+16,
                "slip": 0.7378,
                "stroke-width": 1.5,
                "trup": 110.6053,
                "x==ew": 42.1506,
                "y==ns": -382.2492
            },
            "type": "Feature"
        },
        {
            "geometry": {
                "coordinates": [
                    [
                        [
                            96.3723,
                            18.5944,
                            -1684.30315
                        ],
                        [
                            96.3641,
                            18.6387,
                            -1684.30315
                        ],
                        [
                            96.3699,
                            18.6396,
                            2771.90315
                        ],
                        [
                            96.3781,
                            18.5953,
                            2771.90315
                        ],
                        [
                            96.3723,
                            18.5944,
                            -1684.30315
                        ]
                    ]
                ],
                "type": "Polygon"
            },
            "properties": {
                "fill": "#FCFBD2",
                "fill-opacity": 1,
                "rake": 178.209,
                "rise": 9.5,
                "sf_moment": 1.23e+17,
                "slip": 1.2874,
                "stroke-width": 1.5,
                "trup": 106.6053,
                "x==ew": 41.2316,
                "y==ns": -377.3256
            },
            "type": "Feature"
        },
        {
            "geometry": {
                "coordinates": [
                    [
                        [
                            96.364,
                            18.6387,
                            -1684.30315
                        ],
                        [
                            96.3558,
                            18.683,
                            -1684.30315
                        ],
                        [
                            96.3616,
                            18.6839,
                            2771.90315
                        ],
                        [
                            96.3698,
                            18.6396,
                            2771.90315
                        ],
                        [
                            96.364,
                            18.6387,
                            -1684.30315
                        ]
                    ]
                ],
                "type": "Polygon"
            },
            "properties": {
                "fill": "#FCFCCB",
                "fill-opacity": 1,
                "rake": 179.5639,
                "rise": 11.0,
                "sf_moment": 1.34e+17,
                "slip": 1.3995,
                "stroke-width": 1.5,
                "trup": 103.6054,
                "x==ew": 40.3126,
                "y==ns": -372.402
            },
            "type": "Feature"
        },
        {
            "geometry": {
                "coordinates": [
                    [
                        [
                            96.3557,
                            18.6831,
                            -1684.30315
                        ],
                        [
                            96.3474,
                            18.7274,
                            -1684.30315
                        ],
                        [
                            96.3533,
                            18.7283,
                            2771.90315
                        ],
                        [
                            96.3615,
                            18.684,
                            2771.90315
                        ],
                        [
                            96.3557,
                            18.6831,
                            -1684.30315
                        ]
                    ]
                ],
                "type": "Polygon"
            },
            "properties": {
                "fill": "#FDD89A",
                "fill-opacity": 1,
                "rake": 194.3553,
                "rise": 6.5,
                "sf_moment": 2.11e+17,
                "slip": 2.2045,
                "stroke-width": 1.5,
                "trup": 101.6055,
                "x==ew": 39.3935,
                "y==ns": -367.4784
            },
            "type": "Feature"
        },
        {
            "geometry": {
                "coordinates": [
                    [
                        [
                            96.3475,
                            18.7274,
                            -1684.30315
                        ],
                        [
                            96.3392,
                            18.7717,
                            -1684.30315
                        ],
                        [
                            96.3451,
                            18.7726,
                            2771.90315
                        ],
                        [
                            96.3534,
                            18.7283,
                            2771.90315
                        ],
                        [
                            96.3475,
                            18.7274,
                            -1684.30315
                        ]
                    ]
                ],
                "type": "Polygon"
            },
            "properties": {
                "fill": "#FC8E64",
                "fill-opacity": 1,
                "rake": 178.2117,
                "rise": 3.5,
                "sf_moment": 3.27e+17,
                "slip": 3.4211,
                "stroke-width": 1.5,
                "trup": 100.6055,
                "x==ew": 38.4745,
                "y==ns": -362.5548
            },
            "type": "Feature"
        },
        {
            "geometry": {
                "coordinates": [
                    [
                        [
                            96.3392,
                            18.7717,
                            -1684.30315
                        ],
                        [
                            96.3309,
                            18.816,
                            -1684.30315
                        ],
                        [
                            96.3368,
                            18.8169,
                            2771.90315
                        ],
                        [
                            96.3451,
                            18.7726,
                            2771.90315
                        ],
                        [
                            96.3392,
                            18.7717,
                            -1684.30315
                        ]
                    ]
                ],
                "type": "Polygon"
            },
            "properties": {
                "fill": "#F97B5D",
                "fill-opacity": 1,
                "rake": 173.2365,
                "rise": 11.0,
                "sf_moment": 3.57e+17,
                "slip": 3.7322,
                "stroke-width": 1.5,
                "trup": 99.4056,
                "x==ew": 37.5555,
                "y==ns": -357.6312
            },
            "type": "Feature"
        },
        {
            "geometry": {
                "coordinates": [
                    [
                        [
                            96.3309,
                            18.816,
                            -1684.30315
                        ],
                        [
                            96.3226,
                            18.8603,
                            -1684.30315
                        ],
                        [
                            96.3285,
                            18.8612,
                            2771.90315
                        ],
                        [
                            96.3368,
                            18.8169,
                            2771.90315
                        ],
                        [
                            96.3309,
                            18.816,
                            -1684.30315
                        ]
                    ]
                ],
                "type": "Polygon"
            },
            "properties": {
                "fill": "#FEA470",
                "fill-opacity": 1,
                "rake": 176.4,
                "rise": 14.0,
                "sf_moment": 2.96e+17,
                "slip": 3.0912,
                "stroke-width": 1.5,
                "trup": 98.8057,
                "x==ew": 36.6365,
                "y==ns": -352.7076
            },
            "type": "Feature"
        },
        {
            "geometry": {
                "coordinates": [
                    [
                        [
                            96.3227,
                            18.8603,
                            -1684.30315
                        ],
                        [
                            96.3144,
                            18.9046,
                            -1684.30315
                        ],
                        [
                            96.3203,
                            18.9055,
                            2771.90315
                        ],
                        [
                            96.3286,
                            18.8612,
                            2771.90315
                        ],
                        [
                            96.3227,
                            18.8603,
                            -1684.30315
                        ]
                    ]
                ],
                "type": "Polygon"
            },
            "properties": {
                "fill": "#FEB078",
                "fill-opacity": 1,
                "rake": 173.2986,
                "rise": 9.5,
                "sf_moment": 2.73e+17,
                "slip": 2.8501,
                "stroke-width": 1.5,
                "trup": 98.2058,
                "x==ew": 35.7175,
                "y==ns": -347.784
            },
            "type": "Feature"
        },
        {
            "geometry": {
                "coordinates": [
                    [
                        [
                            96.3144,
                            18.9046,
                            -1684.30315
                        ],
                        [
                            96.3061,
                            18.9489,
                            -1684.30315
                        ],
                        [
                            96.312,
                            18.9498,
                            2771.90315
                        ],
                        [
                            96.3203,
                            18.9055,
                            2771.90315
                        ],
                        [
                            96.3144,
                            18.9046,
                            -1684.30315
                        ]
                    ]
                ],
                "type": "Polygon"
            },
            "properties": {
                "fill": "#FEBB81",
                "fill-opacity": 1,
                "rake": 176.4853,
                "rise": 2.0,
                "sf_moment": 2.56e+17,
                "slip": 2.6786,
                "stroke-width": 1.5,
                "trup": 97.4059,
                "x==ew": 34.7985,
                "y==ns": -342.8604
            },
            "type": "Feature"
        },
        {
            "geometry": {
                "coordinates": [
                    [
                        [
                            96.3061,
                            18.9489,
                            -1684.30315
                        ],
                        [
                            96.2978,
                            18.9932,
                            -1684.30315
                        ],
                        [
                            96.3037,
                            18.9941,
                            2771.90315
                        ],
                        [
                            96.312,
                            18.9498,
                            2771.90315
                        ],
                        [
                            96.3061,
                            18.9489,
                            -1684.30315
                        ]
                    ]
                ],
                "type": "Polygon"
            },
            "properties": {
                "fill": "#FEC387",
                "fill-opacity": 1,
                "rake": 193.1335,
                "rise": 3.5,
                "sf_moment": 2.43e+17,
                "slip": 2.537,
                "stroke-width": 1.5,
                "trup": 95.406,
                "x==ew": 33.8795,
                "y==ns": -337.9368
            },
            "type": "Feature"
        },
        {
            "geometry": {
                "coordinates": [
                    [
                        [
                            96.2978,
                            18.9933,
                            -1684.30315
                        ],
                        [
                            96.2895,
                            19.0376,
                            -1684.30315
                        ],
                        [
                            96.2954,
                            19.0385,
                            2771.90315
                        ],
                        [
                            96.3037,
                            18.9943,
                            2771.90315
                        ],
                        [
                            96.2978,
                            18.9933,
                            -1684.30315
                        ]
                    ]
                ],
                "type": "Polygon"
            },
            "properties": {
                "fill": "#FEC78B",
                "fill-opacity": 1,
                "rake": 187.0088,
                "rise": 12.5,
                "sf_moment": 2.38e+17,
                "slip": 2.4851,
                "stroke-width": 1.5,
                "trup": 92.206,
                "x==ew": 32.9605,
                "y==ns": -333.0132
            },
            "type": "Feature"
        },
        {
            "geometry": {
                "coordinates": [
                    [
                        [
                            96.2896,
                            19.0376,
                            -1684.30315
                        ],
                        [
                            96.2813,
                            19.0819,
                            -1684.30315
                        ],
                        [
                            96.2872,
                            19.0828,
                            2771.90315
                        ],
                        [
                            96.2955,
                            19.0386,
                            2771.90315
                        ],
                        [
                            96.2896,
                            19.0376,
                            -1684.30315
                        ]
                    ]
                ],
                "type": "Polygon"
            },
            "properties": {
                "fill": "#FD9A6A",
                "fill-opacity": 1,
                "rake": 179.9875,
                "rise": 15.5,
                "sf_moment": 3.08e+17,
                "slip": 3.2214,
                "stroke-width": 1.5,
                "trup": 87.0061,
                "x==ew": 32.0415,
                "y==ns": -328.0896
            },
            "type": "Feature"
        },
        {
            "geometry": {
                "coordinates": [
                    [
                        [
                            96.2813,
                            19.0819,
                            -1684.30315
                        ],
                        [
                            96.273,
                            19.1262,
                            -1684.30315
                        ],
                        [
                            96.2789,
                            19.1271,
                            2771.90315
                        ],
                        [
                            96.2872,
                            19.0829,
                            2771.90315
                        ],
                        [
                            96.2813,
                            19.0819,
                            -1684.30315
                        ]
                    ]
                ],
                "type": "Polygon"
            },
            "properties": {
                "fill": "#FEA06D",
                "fill-opacity": 1,
                "rake": 180.5069,
                "rise": 14.0,
                "sf_moment": 2.99e+17,
                "slip": 3.1266,
                "stroke-width": 1.5,
                "trup": 81.0062,
                "x==ew": 31.1225,
                "y==ns": -323.166
            },
            "type": "Feature"
        },
        {
            "geometry": {
                "coordinates": [
                    [
                        [
                            96.273,
                            19.1262,
                            -1684.30315
                        ],
                        [
                            96.2647,
                            19.1705,
                            -1684.30315
                        ],
                        [
                            96.2706,
                            19.1714,
                            2771.90315
                        ],
                        [
                            96.2789,
                            19.1272,
                            2771.90315
                        ],
                        [
                            96.273,
                            19.1262,
                            -1684.30315
                        ]
                    ]
                ],
                "type": "Polygon"
            },
            "properties": {
                "fill": "#FEAE77",
                "fill-opacity": 1,
                "rake": 186.9619,
                "rise": 3.5,
                "sf_moment": 2.78e+17,
                "slip": 2.9012,
                "stroke-width": 1.5,
                "trup": 77.0063,
                "x==ew": 30.2035,
                "y==ns": -318.2424
            },
            "type": "Feature"
        },
        {
            "geometry": {
                "coordinates": [
                    [
                        [
                            96.4857,
                            18.0193,
                            2771.89685
                        ],
                        [
                            96.4775,
                            18.0636,
                            2771.89685
                        ],
                        [
                            96.4833,
                            18.0645,
                            7228.10315
                        ],
                        [
                            96.4915,
                            18.0202,
                            7228.10315
                        ],
                        [
                            96.4857,
                            18.0193,
                            2771.89685
                        ]
                    ]
                ],
                "type": "Polygon"
            },
            "properties": {
                "fill": "#FEF9F9",
                "fill-opacity": 1,
                "rake": 177.824,
                "rise": 2.0,
                "sf_moment": 1130000000000000.0,
                "slip": 0.002,
                "stroke-width": 1.5,
                "trup": 123.2,
                "x==ew": 53.8315,
                "y==ns": -441.2236
            },
            "type": "Feature"
        },
        {
            "geometry": {
                "coordinates": [
                    [
                        [
                            96.4774,
                            18.0637,
                            2771.89685
                        ],
                        [
                            96.4692,
                            18.108,
                            2771.89685
                        ],
                        [
                            96.475,
                            18.1089,
                            7228.10315
                        ],
                        [
                            96.4832,
                            18.0646,
                            7228.10315
                        ],
                        [
                            96.4774,
                            18.0637,
                            2771.89685
                        ]
                    ]
                ],
                "type": "Polygon"
            },
            "properties": {
                "fill": "#FEF9F9",
                "fill-opacity": 1,
                "rake": 200.4984,
                "rise": 9.5,
                "sf_moment": 7.77e+16,
                "slip": 0.1388,
                "stroke-width": 1.5,
                "trup": 121.8,
                "x==ew": 52.9125,
                "y==ns": -436.3
            },
            "type": "Feature"
        },
        {
            "geometry": {
                "coordinates": [
                    [
                        [
                            96.4691,
                            18.108,
                            2771.89685
                        ],
                        [
                            96.4609,
                            18.1523,
                            2771.89685
                        ],
                        [
                            96.4667,
                            18.1532,
                            7228.10315
                        ],
                        [
                            96.4749,
                            18.1089,
                            7228.10315
                        ],
                        [
                            96.4691,
                            18.108,
                            2771.89685
                        ]
                    ]
                ],
                "type": "Polygon"
            },
            "properties": {
                "fill": "#FEF9F9",
                "fill-opacity": 1,
                "rake": 166.3133,
                "rise": 12.5,
                "sf_moment": 8180000000000000.0,
                "slip": 0.0146,
                "stroke-width": 1.5,
                "trup": 120.6,
                "x==ew": 51.9935,
                "y==ns": -431.3764
            },
            "type": "Feature"
        },
        {
            "geometry": {
                "coordinates": [
                    [
                        [
                            96.4609,
                            18.1523,
                            2771.89685
                        ],
                        [
                            96.4527,
                            18.1966,
                            2771.89685
                        ],
                        [
                            96.4585,
                            18.1975,
                            7228.10315
                        ],
                        [
                            96.4667,
                            18.1532,
                            7228.10315
                        ],
                        [
                            96.4609,
                            18.1523,
                            2771.89685
                        ]
                    ]
                ],
                "type": "Polygon"
            },
            "properties": {
                "fill": "#FEF9F9",
                "fill-opacity": 1,
                "rake": 189.7583,
                "rise": 8.0,
                "sf_moment": 1.48e+16,
                "slip": 0.0265,
                "stroke-width": 1.5,
                "trup": 120.6,
                "x==ew": 51.0744,
                "y==ns": -426.4528
            },
            "type": "Feature"
        },
        {
            "geometry": {
                "coordinates": [
                    [
                        [
                            96.4526,
                            18.1966,
                            2771.89685
                        ],
                        [
                            96.4444,
                            18.2409,
                            2771.89685
                        ],
                        [
                            96.4502,
                            18.2418,
                            7228.10315
                        ],
                        [
                            96.4584,
                            18.1975,
                            7228.10315
                        ],
                        [
                            96.4526,
                            18.1966,
                            2771.89685
                        ]
                    ]
                ],
                "type": "Polygon"
            },
            "properties": {
                "fill": "#FEF9F9",
                "fill-opacity": 1,
                "rake": 189.8936,
                "rise": 3.5,
                "sf_moment": 1.04e+17,
                "slip": 0.1851,
                "stroke-width": 1.5,
                "trup": 121.2,
                "x==ew": 50.1554,
                "y==ns": -421.5292
            },
            "type": "Feature"
        },
        {
            "geometry": {
                "coordinates": [
                    [
                        [
                            96.4443,
                            18.2409,
                            2771.89685
                        ],
                        [
                            96.4361,
                            18.2852,
                            2771.89685
                        ],
                        [
                            96.4419,
                            18.2861,
                            7228.10315
                        ],
                        [
                            96.4501,
                            18.2418,
                            7228.10315
                        ],
                        [
                            96.4443,
                            18.2409,
                            2771.89685
                        ]
                    ]
                ],
                "type": "Polygon"
            },
            "properties": {
                "fill": "#FCFBD2",
                "fill-opacity": 1,
                "rake": 170.0197,
                "rise": 2.0,
                "sf_moment": 7.23e+17,
                "slip": 1.2911,
                "stroke-width": 1.5,
                "trup": 122.8,
                "x==ew": 49.2364,
                "y==ns": -416.6056
            },
            "type": "Feature"
        },
        {
            "geometry": {
                "coordinates": [
                    [
                        [
                            96.4361,
                            18.2852,
                            2771.89685
                        ],
                        [
                            96.4279,
                            18.3295,
                            2771.89685
                        ],
                        [
                            96.4337,
                            18.3304,
                            7228.10315
                        ],
                        [
                            96.4419,
                            18.2861,
                            7228.10315
                        ],
                        [
                            96.4361,
                            18.2852,
                            2771.89685
                        ]
                    ]
                ],
                "type": "Polygon"
            },
            "properties": {
                "fill": "#FEA470",
                "fill-opacity": 1,
                "rake": 165.6124,
                "rise": 17.0,
                "sf_moment": 1.72e+18,
                "slip": 3.064,
                "stroke-width": 1.5,
                "trup": 125.2,
                "x==ew": 48.3174,
                "y==ns": -411.682
            },
            "type": "Feature"
        },
        {
            "geometry": {
                "coordinates": [
                    [
                        [
                            96.4278,
                            18.3295,
                            2771.89685
                        ],
                        [
                            96.4196,
                            18.3738,
                            2771.89685
                        ],
                        [
                            96.4254,
                            18.3747,
                            7228.10315
                        ],
                        [
                            96.4336,
                            18.3304,
                            7228.10315
                        ],
                        [
                            96.4278,
                            18.3295,
                            2771.89685
                        ]
                    ]
                ],
                "type": "Polygon"
            },
            "properties": {
                "fill": "#FE9E6C",
                "fill-opacity": 1,
                "rake": 166.7866,
                "rise": 17.0,
                "sf_moment": 1.77e+18,
                "slip": 3.1668,
                "stroke-width": 1.5,
                "trup": 126.4,
                "x==ew": 47.3984,
                "y==ns": -406.7584
            },
            "type": "Feature"
        },
        {
            "geometry": {
                "coordinates": [
                    [
                        [
                            96.4195,
                            18.3739,
                            2771.89685
                        ],
                        [
                            96.4113,
                            18.4182,
                            2771.89685
                        ],
                        [
                            96.4171,
                            18.4191,
                            7228.10315
                        ],
                        [
                            96.4253,
                            18.3748,
                            7228.10315
                        ],
                        [
                            96.4195,
                            18.3739,
                            2771.89685
                        ]
                    ]
                ],
                "type": "Polygon"
            },
            "properties": {
                "fill": "#FCFCBE",
                "fill-opacity": 1,
                "rake": 166.2757,
                "rise": 11.0,
                "sf_moment": 8.86e+17,
                "slip": 1.582,
                "stroke-width": 1.5,
                "trup": 126.2,
                "x==ew": 46.4794,
                "y==ns": -401.8348
            },
            "type": "Feature"
        },
        {
            "geometry": {
                "coordinates": [
                    [
                        [
                            96.4112,
                            18.4182,
                            2771.89685
                        ],
                        [
                            96.403,
                            18.4625,
                            2771.89685
                        ],
                        [
                            96.4088,
                            18.4634,
                            7228.10315
                        ],
                        [
                            96.417,
                            18.4191,
                            7228.10315
                        ],
                        [
                            96.4112,
                            18.4182,
                            2771.89685
                        ]
                    ]
                ],
                "type": "Polygon"
            },
            "properties": {
                "fill": "#FCF5B7",
                "fill-opacity": 1,
                "rake": 165.1389,
                "rise": 2.0,
                "sf_moment": 9.56e+17,
                "slip": 1.7074,
                "stroke-width": 1.5,
                "trup": 123.6,
                "x==ew": 45.5604,
                "y==ns": -396.9112
            },
            "type": "Feature"
        },
        {
            "geometry": {
                "coordinates": [
                    [
                        [
                            96.403,
                            18.4625,
                            2771.89685
                        ],
                        [
                            96.3948,
                            18.5068,
                            2771.89685
                        ],
                        [
                            96.4006,
                            18.5077,
                            7228.10315
                        ],
                        [
                            96.4088,
                            18.4634,
                            7228.10315
                        ],
                        [
                            96.403,
                            18.4625,
                            2771.89685
                        ]
                    ]
                ],
                "type": "Polygon"
            },
            "properties": {
                "fill": "#FCFCBE",
                "fill-opacity": 1,
                "rake": 169.554,
                "rise": 6.5,
                "sf_moment": 8.76e+17,
                "slip": 1.5651,
                "stroke-width": 1.5,
                "trup": 119.8,
                "x==ew": 44.6414,
                "y==ns": -391.9876
            },
            "type": "Feature"
        },
        {
            "geometry": {
                "coordinates": [
                    [
                        [
                            96.3947,
                            18.5068,
                            2771.89685
                        ],
                        [
                            96.3865,
                            18.5511,
                            2771.89685
                        ],
                        [
                            96.3923,
                            18.552,
                            7228.10315
                        ],
                        [
                            96.4005,
                            18.5077,
                            7228.10315
                        ],
                        [
                            96.3947,
                            18.5068,
                            2771.89685
                        ]
                    ]
                ],
                "type": "Polygon"
            },
            "properties": {
                "fill": "#FDFAE5",
                "fill-opacity": 1,
                "rake": 166.2659,
                "rise": 8.0,
                "sf_moment": 5.94e+17,
                "slip": 1.0604,
                "stroke-width": 1.5,
                "trup": 115.0,
                "x==ew": 43.7224,
                "y==ns": -387.064
            },
            "type": "Feature"
        },
        {
            "geometry": {
                "coordinates": [
                    [
                        [
                            96.3864,
                            18.5511,
                            2771.89685
                        ],
                        [
                            96.3782,
                            18.5954,
                            2771.89685
                        ],
                        [
                            96.384,
                            18.5963,
                            7228.10315
                        ],
                        [
                            96.3922,
                            18.552,
                            7228.10315
                        ],
                        [
                            96.3864,
                            18.5511,
                            2771.89685
                        ]
                    ]
                ],
                "type": "Polygon"
            },
            "properties": {
                "fill": "#FEF9F9",
                "fill-opacity": 1,
                "rake": 179.3619,
                "rise": 12.5,
                "sf_moment": 2.33e+17,
                "slip": 0.4159,
                "stroke-width": 1.5,
                "trup": 111.0,
                "x==ew": 42.8034,
                "y==ns": -382.1404
            },
            "type": "Feature"
        },
        {
            "geometry": {
                "coordinates": [
                    [
                        [
                            96.3782,
                            18.5954,
                            2771.89685
                        ],
                        [
                            96.37,
                            18.6397,
                            2771.89685
                        ],
                        [
                            96.3758,
                            18.6406,
                            7228.10315
                        ],
                        [
                            96.384,
                            18.5963,
                            7228.10315
                        ],
                        [
                            96.3782,
                            18.5954,
                            2771.89685
                        ]
                    ]
                ],
                "type": "Polygon"
            },
            "properties": {
                "fill": "#FCFBD2",
                "fill-opacity": 1,
                "rake": 179.4468,
                "rise": 2.0,
                "sf_moment": 7.18e+17,
                "slip": 1.2827,
                "stroke-width": 1.5,
                "trup": 106.6,
                "x==ew": 41.8844,
                "y==ns": -377.2168
            },
            "type": "Feature"
        },
        {
            "geometry": {
                "coordinates": [
                    [
                        [
                            96.3699,
                            18.6397,
                            2771.89685
                        ],
                        [
                            96.3617,
                            18.684,
                            2771.89685
                        ],
                        [
                            96.3675,
                            18.6849,
                            7228.10315
                        ],
                        [
                            96.3757,
                            18.6406,
                            7228.10315
                        ],
                        [
                            96.3699,
                            18.6397,
                            2771.89685
                        ]
                    ]
                ],
                "type": "Polygon"
            },
            "properties": {
                "fill": "#FDD89A",
                "fill-opacity": 1,
                "rake": 167.8711,
                "rise": 11.0,
                "sf_moment": 1.23e+18,
                "slip": 2.2056,
                "stroke-width": 1.5,
                "trup": 103.4,
                "x==ew": 40.9654,
                "y==ns": -372.2932
            },
            "type": "Feature"
        },
        {
            "geometry": {
                "coordinates": [
                    [
                        [
                            96.3616,
                            18.684,
                            2771.89685
                        ],
                        [
                            96.3533,
                            18.7283,
                            2771.89685
                        ],
                        [
                            96.3592,
                            18.7292,
                            7228.10315
                        ],
                        [
                            96.3674,
                            18.6849,
                            7228.10315
                        ],
                        [
                            96.3616,
                            18.684,
                            2771.89685
                        ]
                    ]
                ],
                "type": "Polygon"
            },
            "properties": {
                "fill": "#FEB87E",
                "fill-opacity": 1,
                "rake": 173.4228,
                "rise": 9.5,
                "sf_moment": 1.52e+18,
                "slip": 2.7208,
                "stroke-width": 1.5,
                "trup": 101.2,
                "x==ew": 40.0464,
                "y==ns": -367.3696
            },
            "type": "Feature"
        },
        {
            "geometry": {
                "coordinates": [
                    [
                        [
                            96.3533,
                            18.7284,
                            2771.89685
                        ],
                        [
                            96.345,
                            18.7727,
                            2771.89685
                        ],
                        [
                            96.3509,
                            18.7736,
                            7228.10315
                        ],
                        [
                            96.3592,
                            18.7293,
                            7228.10315
                        ],
                        [
                            96.3533,
                            18.7284,
                            2771.89685
                        ]
                    ]
                ],
                "type": "Polygon"
            },
            "properties": {
                "fill": "#FC8961",
                "fill-opacity": 1,
                "rake": 172.8681,
                "rise": 8.0,
                "sf_moment": 1.97e+18,
                "slip": 3.5163,
                "stroke-width": 1.5,
                "trup": 99.6,
                "x==ew": 39.1274,
                "y==ns": -362.446
            },
            "type": "Feature"
        },
        {
            "geometry": {
                "coordinates": [
                    [
                        [
                            96.3451,
                            18.7727,
                            2771.89685
                        ],
                        [
                            96.3368,
                            18.817,
                            2771.89685
                        ],
                        [
                            96.3427,
                            18.8179,
                            7228.10315
                        ],
                        [
                            96.351,
                            18.7736,
                            7228.10315
                        ],
                        [
                            96.3451,
                            18.7727,
                            2771.89685
                        ]
                    ]
                ],
                "type": "Polygon"
            },
            "properties": {
                "fill": "#FD9B6B",
                "fill-opacity": 1,
                "rake": 172.507,
                "rise": 9.5,
                "sf_moment": 1.8e+18,
                "slip": 3.2116,
                "stroke-width": 1.5,
                "trup": 98.4,
                "x==ew": 38.2084,
                "y==ns": -357.5225
            },
            "type": "Feature"
        },
        {
            "geometry": {
                "coordinates": [
                    [
                        [
                            96.3368,
                            18.817,
                            2771.89685
                        ],
                        [
                            96.3285,
                            18.8613,
                            2771.89685
                        ],
                        [
                            96.3344,
                            18.8622,
                            7228.10315
                        ],
                        [
                            96.3427,
                            18.8179,
                            7228.10315
                        ],
                        [
                            96.3368,
                            18.817,
                            2771.89685
                        ]
                    ]
                ],
                "type": "Polygon"
            },
            "properties": {
                "fill": "#FEAB75",
                "fill-opacity": 1,
                "rake": 170.9666,
                "rise": 2.0,
                "sf_moment": 1.66e+18,
                "slip": 2.9564,
                "stroke-width": 1.5,
                "trup": 97.4,
                "x==ew": 37.2894,
                "y==ns": -352.5989
            },
            "type": "Feature"
        },
        {
            "geometry": {
                "coordinates": [
                    [
                        [
                            96.3285,
                            18.8613,
                            2771.89685
                        ],
                        [
                            96.3202,
                            18.9056,
                            2771.89685
                        ],
                        [
                            96.3261,
                            18.9065,
                            7228.10315
                        ],
                        [
                            96.3344,
                            18.8622,
                            7228.10315
                        ],
                        [
                            96.3285,
                            18.8613,
                            2771.89685
                        ]
                    ]
                ],
                "type": "Polygon"
            },
            "properties": {
                "fill": "#FC8E64",
                "fill-opacity": 1,
                "rake": 172.5053,
                "rise": 8.0,
                "sf_moment": 1.91e+18,
                "slip": 3.4195,
                "stroke-width": 1.5,
                "trup": 97.2,
                "x==ew": 36.3703,
                "y==ns": -347.6753
            },
            "type": "Feature"
        },
        {
            "geometry": {
                "coordinates": [
                    [
                        [
                            96.3203,
                            18.9056,
                            2771.89685
                        ],
                        [
                            96.312,
                            18.9499,
                            2771.89685
                        ],
                        [
                            96.3179,
                            18.9508,
                            7228.10315
                        ],
                        [
                            96.3262,
                            18.9065,
                            7228.10315
                        ],
                        [
                            96.3203,
                            18.9056,
                            2771.89685
                        ]
                    ]
                ],
                "type": "Polygon"
            },
            "properties": {
                "fill": "#FEB27A",
                "fill-opacity": 1,
                "rake": 168.7741,
                "rise": 15.5,
                "sf_moment": 1.59e+18,
                "slip": 2.8419,
                "stroke-width": 1.5,
                "trup": 96.8,
                "x==ew": 35.4513,
                "y==ns": -342.7517
            },
            "type": "Feature"
        },
        {
            "geometry": {
                "coordinates": [
                    [
                        [
                            96.312,
                            18.9499,
                            2771.89685
                        ],
                        [
                            96.3037,
                            18.9942,
                            2771.89685
                        ],
                        [
                            96.3096,
                            18.9951,
                            7228.10315
                        ],
                        [
                            96.3179,
                            18.9508,
                            7228.10315
                        ],
                        [
                            96.312,
                            18.9499,
                            2771.89685
                        ]
                    ]
                ],
                "type": "Polygon"
            },
            "properties": {
                "fill": "#FA805E",
                "fill-opacity": 1,
                "rake": 189.0945,
                "rise": 5.0,
                "sf_moment": 2.05e+18,
                "slip": 3.6585,
                "stroke-width": 1.5,
                "trup": 94.8,
                "x==ew": 34.5323,
                "y==ns": -337.8281
            },
            "type": "Feature"
        },
        {
            "geometry": {
                "coordinates": [
                    [
                        [
                            96.3037,
                            18.9942,
                            2771.89685
                        ],
                        [
                            96.2954,
                            19.0385,
                            2771.89685
                        ],
                        [
                            96.3013,
                            19.0394,
                            7228.10315
                        ],
                        [
                            96.3096,
                            18.9951,
                            7228.10315
                        ],
                        [
                            96.3037,
                            18.9942,
                            2771.89685
                        ]
                    ]
                ],
                "type": "Polygon"
            },
            "properties": {
                "fill": "#FEA470",
                "fill-opacity": 1,
                "rake": 178.0109,
                "rise": 9.5,
                "sf_moment": 1.72e+18,
                "slip": 3.0802,
                "stroke-width": 1.5,
                "trup": 90.4,
                "x==ew": 33.6133,
                "y==ns": -332.9045
            },
            "type": "Feature"
        },
        {
            "geometry": {
                "coordinates": [
                    [
                        [
                            96.2955,
                            19.0385,
                            2771.89685
                        ],
                        [
                            96.2872,
                            19.0828,
                            2771.89685
                        ],
                        [
                            96.2931,
                            19.0837,
                            7228.10315
                        ],
                        [
                            96.3014,
                            19.0395,
                            7228.10315
                        ],
                        [
                            96.2955,
                            19.0385,
                            2771.89685
                        ]
                    ]
                ],
                "type": "Polygon"
            },
            "properties": {
                "fill": "#F9795D",
                "fill-opacity": 1,
                "rake": 166.4373,
                "rise": 8.0,
                "sf_moment": 2.11e+18,
                "slip": 3.7698,
                "stroke-width": 1.5,
                "trup": 85.2,
                "x==ew": 32.6943,
                "y==ns": -327.9809
            },
            "type": "Feature"
        },
        {
            "geometry": {
                "coordinates": [
                    [
                        [
                            96.2872,
                            19.0829,
                            2771.89685
                        ],
                        [
                            96.2789,
                            19.1272,
                            2771.89685
                        ],
                        [
                            96.2848,
                            19.1281,
                            7228.10315
                        ],
                        [
                            96.2931,
                            19.0839,
                            7228.10315
                        ],
                        [
                            96.2872,
                            19.0829,
                            2771.89685
                        ]
                    ]
                ],
                "type": "Polygon"
            },
            "properties": {
                "fill": "#FB855F",
                "fill-opacity": 1,
                "rake": 175.2963,
                "rise": 5.0,
                "sf_moment": 2e+18,
                "slip": 3.5729,
                "stroke-width": 1.5,
                "trup": 79.6,
                "x==ew": 31.7753,
                "y==ns": -323.0573
            },
            "type": "Feature"
        },
        {
            "geometry": {
                "coordinates": [
                    [
                        [
                            96.2789,
                            19.1272,
                            2771.89685
                        ],
                        [
                            96.2706,
                            19.1715,
                            2771.89685
                        ],
                        [
                            96.2765,
                            19.1724,
                            7228.10315
                        ],
                        [
                            96.2848,
                            19.1282,
                            7228.10315
                        ],
                        [
                            96.2789,
                            19.1272,
                            2771.89685
                        ]
                    ]
                ],
                "type": "Polygon"
            },
            "properties": {
                "fill": "#FC8D63",
                "fill-opacity": 1,
                "rake": 184.7153,
                "rise": 9.5,
                "sf_moment": 1.94e+18,
                "slip": 3.4668,
                "stroke-width": 1.5,
                "trup": 75.2,
                "x==ew": 30.8563,
                "y==ns": -318.1337
            },
            "type": "Feature"
        },
        {
            "geometry": {
                "coordinates": [
                    [
                        [
                            96.4916,
                            18.0203,
                            7228.09685
                        ],
                        [
                            96.4834,
                            18.0646,
                            7228.09685
                        ],
                        [
                            96.4892,
                            18.0655,
                            11684.30315
                        ],
                        [
                            96.4974,
                            18.0212,
                            11684.30315
                        ],
                        [
                            96.4916,
                            18.0203,
                            7228.09685
                        ]
                    ]
                ],
                "type": "Polygon"
            },
            "properties": {
                "fill": "#FEF9F9",
                "fill-opacity": 1,
                "rake": 176.2974,
                "rise": 9.5,
                "sf_moment": 2.35e+16,
                "slip": 0.0317,
                "stroke-width": 1.5,
                "trup": 119.2045,
                "x==ew": 54.4843,
                "y==ns": -441.1148
            },
            "type": "Feature"
        },
        {
            "geometry": {
                "coordinates": [
                    [
                        [
                            96.4833,
                            18.0646,
                            7228.09685
                        ],
                        [
                            96.4751,
                            18.1089,
                            7228.09685
                        ],
                        [
                            96.4809,
                            18.1098,
                            11684.30315
                        ],
                        [
                            96.4891,
                            18.0655,
                            11684.30315
                        ],
                        [
                            96.4833,
                            18.0646,
                            7228.09685
                        ]
                    ]
                ],
                "type": "Polygon"
            },
            "properties": {
                "fill": "#FEF9F9",
                "fill-opacity": 1,
                "rake": 193.2868,
                "rise": 6.5,
                "sf_moment": 3.02e+16,
                "slip": 0.0406,
                "stroke-width": 1.5,
                "trup": 117.2046,
                "x==ew": 53.5653,
                "y==ns": -436.1912
            },
            "type": "Feature"
        },
        {
            "geometry": {
                "coordinates": [
                    [
                        [
                            96.475,
                            18.109,
                            7228.09685
                        ],
                        [
                            96.4668,
                            18.1533,
                            7228.09685
                        ],
                        [
                            96.4726,
                            18.1542,
                            11684.30315
                        ],
                        [
                            96.4808,
                            18.1099,
                            11684.30315
                        ],
                        [
                            96.475,
                            18.109,
                            7228.09685
                        ]
                    ]
                ],
                "type": "Polygon"
            },
            "properties": {
                "fill": "#FEF9F9",
                "fill-opacity": 1,
                "rake": 167.3297,
                "rise": 12.5,
                "sf_moment": 8.2e+16,
                "slip": 0.1102,
                "stroke-width": 1.5,
                "trup": 116.2047,
                "x==ew": 52.6463,
                "y==ns": -431.2676
            },
            "type": "Feature"
        },
        {
            "geometry": {
                "coordinates": [
                    [
                        [
                            96.4668,
                            18.1533,
                            7228.09685
                        ],
                        [
                            96.4586,
                            18.1976,
                            7228.09685
                        ],
                        [
                            96.4644,
                            18.1985,
                            11684.30315
                        ],
                        [
                            96.4726,
                            18.1542,
                            11684.30315
                        ],
                        [
                            96.4668,
                            18.1533,
                            7228.09685
                        ]
                    ]
                ],
                "type": "Polygon"
            },
            "properties": {
                "fill": "#FEF9F9",
                "fill-opacity": 1,
                "rake": 190.3585,
                "rise": 8.0,
                "sf_moment": 2.21e+16,
                "slip": 0.0297,
                "stroke-width": 1.5,
                "trup": 116.2047,
                "x==ew": 51.7273,
                "y==ns": -426.344
            },
            "type": "Feature"
        },
        {
            "geometry": {
                "coordinates": [
                    [
                        [
                            96.4585,
                            18.1976,
                            7228.09685
                        ],
                        [
                            96.4503,
                            18.2419,
                            7228.09685
                        ],
                        [
                            96.4561,
                            18.2428,
                            11684.30315
                        ],
                        [
                            96.4643,
                            18.1985,
                            11684.30315
                        ],
                        [
                            96.4585,
                            18.1976,
                            7228.09685
                        ]
                    ]
                ],
                "type": "Polygon"
            },
            "properties": {
                "fill": "#FEF9F9",
                "fill-opacity": 1,
                "rake": 173.2855,
                "rise": 9.5,
                "sf_moment": 155000000000000.0,
                "slip": 0.0002,
                "stroke-width": 1.5,
                "trup": 117.6048,
                "x==ew": 50.8083,
                "y==ns": -421.4205
            },
            "type": "Feature"
        },
        {
            "geometry": {
                "coordinates": [
                    [
                        [
                            96.4502,
                            18.2419,
                            7228.09685
                        ],
                        [
                            96.442,
                            18.2862,
                            7228.09685
                        ],
                        [
                            96.4478,
                            18.2871,
                            11684.30315
                        ],
                        [
                            96.456,
                            18.2428,
                            11684.30315
                        ],
                        [
                            96.4502,
                            18.2419,
                            7228.09685
                        ]
                    ]
                ],
                "type": "Polygon"
            },
            "properties": {
                "fill": "#FEF9F9",
                "fill-opacity": 1,
                "rake": 178.3618,
                "rise": 5.0,
                "sf_moment": 5.57e+16,
                "slip": 0.0749,
                "stroke-width": 1.5,
                "trup": 120.8048,
                "x==ew": 49.8893,
                "y==ns": -416.4969
            },
            "type": "Feature"
        },
        {
            "geometry": {
                "coordinates": [
                    [
                        [
                            96.4419,
                            18.2862,
                            7228.09685
                        ],
                        [
                            96.4337,
                            18.3305,
                            7228.09685
                        ],
                        [
                            96.4395,
                            18.3314,
                            11684.30315
                        ],
                        [
                            96.4477,
                            18.2871,
                            11684.30315
                        ],
                        [
                            96.4419,
                            18.2862,
                            7228.09685
                        ]
                    ]
                ],
                "type": "Polygon"
            },
            "properties": {
                "fill": "#FDFAE7",
                "fill-opacity": 1,
                "rake": 167.8329,
                "rise": 2.0,
                "sf_moment": 7.57e+17,
                "slip": 1.0183,
                "stroke-width": 1.5,
                "trup": 124.6049,
                "x==ew": 48.9703,
                "y==ns": -411.5733
            },
            "type": "Feature"
        },
        {
            "geometry": {
                "coordinates": [
                    [
                        [
                            96.4337,
                            18.3305,
                            7228.09685
                        ],
                        [
                            96.4255,
                            18.3748,
                            7228.09685
                        ],
                        [
                            96.4313,
                            18.3757,
                            11684.30315
                        ],
                        [
                            96.4395,
                            18.3314,
                            11684.30315
                        ],
                        [
                            96.4337,
                            18.3305,
                            7228.09685
                        ]
                    ]
                ],
                "type": "Polygon"
            },
            "properties": {
                "fill": "#FCFABC",
                "fill-opacity": 1,
                "rake": 165.8038,
                "rise": 17.0,
                "sf_moment": 1.2e+18,
                "slip": 1.6101,
                "stroke-width": 1.5,
                "trup": 127.2049,
                "x==ew": 48.0512,
                "y==ns": -406.6497
            },
            "type": "Feature"
        },
        {
            "geometry": {
                "coordinates": [
                    [
                        [
                            96.4254,
                            18.3748,
                            7228.09685
                        ],
                        [
                            96.4172,
                            18.4191,
                            7228.09685
                        ],
                        [
                            96.423,
                            18.42,
                            11684.30315
                        ],
                        [
                            96.4312,
                            18.3757,
                            11684.30315
                        ],
                        [
                            96.4254,
                            18.3748,
                            7228.09685
                        ]
                    ]
                ],
                "type": "Polygon"
            },
            "properties": {
                "fill": "#FDFAE1",
                "fill-opacity": 1,
                "rake": 165.9758,
                "rise": 14.0,
                "sf_moment": 8.17e+17,
                "slip": 1.0992,
                "stroke-width": 1.5,
                "trup": 127.005,
                "x==ew": 47.1322,
                "y==ns": -401.7261
            },
            "type": "Feature"
        },
        {
            "geometry": {
                "coordinates": [
                    [
                        [
                            96.4171,
                            18.4191,
                            7228.09685
                        ],
                        [
                            96.4089,
                            18.4634,
                            7228.09685
                        ],
                        [
                            96.4147,
                            18.4643,
                            11684.30315
                        ],
                        [
                            96.4229,
                            18.42,
                            11684.30315
                        ],
                        [
                            96.4171,
                            18.4191,
                            7228.09685
                        ]
                    ]
                ],
                "type": "Polygon"
            },
            "properties": {
                "fill": "#FEF9F9",
                "fill-opacity": 1,
                "rake": 167.1028,
                "rise": 9.5,
                "sf_moment": 3.36e+17,
                "slip": 0.4518,
                "stroke-width": 1.5,
                "trup": 124.6051,
                "x==ew": 46.2132,
                "y==ns": -396.8025
            },
            "type": "Feature"
        },
        {
            "geometry": {
                "coordinates": [
                    [
                        [
                            96.4089,
                            18.4635,
                            7228.09685
                        ],
                        [
                            96.4007,
                            18.5078,
                            7228.09685
                        ],
                        [
                            96.4065,
                            18.5087,
                            11684.30315
                        ],
                        [
                            96.4147,
                            18.4644,
                            11684.30315
                        ],
                        [
                            96.4089,
                            18.4635,
                            7228.09685
                        ]
                    ]
                ],
                "type": "Polygon"
            },
            "properties": {
                "fill": "#FEF9F9",
                "fill-opacity": 1,
                "rake": 180.1722,
                "rise": 11.0,
                "sf_moment": 1.47e+17,
                "slip": 0.1977,
                "stroke-width": 1.5,
                "trup": 120.6051,
                "x==ew": 45.2942,
                "y==ns": -391.8789
            },
            "type": "Feature"
        },
        {
            "geometry": {
                "coordinates": [
                    [
                        [
                            96.4006,
                            18.5078,
                            7228.09685
                        ],
                        [
                            96.3924,
                            18.5521,
                            7228.09685
                        ],
                        [
                            96.3982,
                            18.553,
                            11684.30315
                        ],
                        [
                            96.4064,
                            18.5087,
                            11684.30315
                        ],
                        [
                            96.4006,
                            18.5078,
                            7228.09685
                        ]
                    ]
                ],
                "type": "Polygon"
            },
            "properties": {
                "fill": "#FEF9F9",
                "fill-opacity": 1,
                "rake": 173.9585,
                "rise": 15.5,
                "sf_moment": 2.91e+17,
                "slip": 0.3909,
                "stroke-width": 1.5,
                "trup": 115.0052,
                "x==ew": 44.3752,
                "y==ns": -386.9553
            },
            "type": "Feature"
        },
        {
            "geometry": {
                "coordinates": [
                    [
                        [
                            96.3923,
                            18.5521,
                            7228.09685
                        ],
                        [
                            96.3841,
                            18.5964,
                            7228.09685
                        ],
                        [
                            96.3899,
                            18.5973,
                            11684.30315
                        ],
                        [
                            96.3981,
                            18.553,
                            11684.30315
                        ],
                        [
                            96.3923,
                            18.5521,
                            7228.09685
                        ]
                    ]
                ],
                "type": "Polygon"
            },
            "properties": {
                "fill": "#FEF9F9",
                "fill-opacity": 1,
                "rake": 172.5121,
                "rise": 8.0,
                "sf_moment": 2.04e+17,
                "slip": 0.2743,
                "stroke-width": 1.5,
                "trup": 111.0053,
                "x==ew": 43.4562,
                "y==ns": -382.0317
            },
            "type": "Feature"
        },
        {
            "geometry": {
                "coordinates": [
                    [
                        [
                            96.384,
                            18.5964,
                            7228.09685
                        ],
                        [
                            96.3758,
                            18.6407,
                            7228.09685
                        ],
                        [
                            96.3816,
                            18.6416,
                            11684.30315
                        ],
                        [
                            96.3898,
                            18.5973,
                            11684.30315
                        ],
                        [
                            96.384,
                            18.5964,
                            7228.09685
                        ]
                    ]
                ],
                "type": "Polygon"
            },
            "properties": {
                "fill": "#FEF9F9",
                "fill-opacity": 1,
                "rake": 168.4938,
                "rise": 8.0,
                "sf_moment": 4.29e+17,
                "slip": 0.5773,
                "stroke-width": 1.5,
                "trup": 106.8053,
                "x==ew": 42.5372,
                "y==ns": -377.1081
            },
            "type": "Feature"
        },
        {
            "geometry": {
                "coordinates": [
                    [
                        [
                            96.3758,
                            18.6407,
                            7228.09685
                        ],
                        [
                            96.3676,
                            18.685,
                            7228.09685
                        ],
                        [
                            96.3734,
                            18.6859,
                            11684.30315
                        ],
                        [
                            96.3816,
                            18.6416,
                            11684.30315
                        ],
                        [
                            96.3758,
                            18.6407,
                            7228.09685
                        ]
                    ]
                ],
                "type": "Polygon"
            },
            "properties": {
                "fill": "#FDFAEC",
                "fill-opacity": 1,
                "rake": 175.7777,
                "rise": 3.5,
                "sf_moment": 7e+17,
                "slip": 0.9412,
                "stroke-width": 1.5,
                "trup": 103.4054,
                "x==ew": 41.6182,
                "y==ns": -372.1845
            },
            "type": "Feature"
        },
        {
            "geometry": {
                "coordinates": [
                    [
                        [
                            96.3675,
                            18.685,
                            7228.09685
                        ],
                        [
                            96.3592,
                            18.7293,
                            7228.09685
                        ],
                        [
                            96.3651,
                            18.7302,
                            11684.30315
                        ],
                        [
                            96.3733,
                            18.6859,
                            11684.30315
                        ],
                        [
                            96.3675,
                            18.685,
                            7228.09685
                        ]
                    ]
                ],
                "type": "Polygon"
            },
            "properties": {
                "fill": "#FCFABC",
                "fill-opacity": 1,
                "rake": 174.4626,
                "rise": 5.0,
                "sf_moment": 1.19e+18,
                "slip": 1.5943,
                "stroke-width": 1.5,
                "trup": 100.6055,
                "x==ew": 40.6992,
                "y==ns": -367.2609
            },
            "type": "Feature"
        },
        {
            "geometry": {
                "coordinates": [
                    [
                        [
                            96.3592,
                            18.7293,
                            7228.09685
                        ],
                        [
                            96.3509,
                            18.7736,
                            7228.09685
                        ],
                        [
                            96.3568,
                            18.7745,
                            11684.30315
                        ],
                        [
                            96.3651,
                            18.7302,
                            11684.30315
                        ],
                        [
                            96.3592,
                            18.7293,
                            7228.09685
                        ]
                    ]
                ],
                "type": "Polygon"
            },
            "properties": {
                "fill": "#FECF92",
                "fill-opacity": 1,
                "rake": 165.6752,
                "rise": 5.0,
                "sf_moment": 1.73e+18,
                "slip": 2.3253,
                "stroke-width": 1.5,
                "trup": 98.4055,
                "x==ew": 39.7802,
                "y==ns": -362.3373
            },
            "type": "Feature"
        },
        {
            "geometry": {
                "coordinates": [
                    [
                        [
                            96.351,
                            18.7736,
                            7228.09685
                        ],
                        [
                            96.3427,
                            18.8179,
                            7228.09685
                        ],
                        [
                            96.3486,
                            18.8188,
                            11684.30315
                        ],
                        [
                            96.3569,
                            18.7745,
                            11684.30315
                        ],
                        [
                            96.351,
                            18.7736,
                            7228.09685
                        ]
                    ]
                ],
                "type": "Polygon"
            },
            "properties": {
                "fill": "#FDFBDE",
                "fill-opacity": 1,
                "rake": 169.5454,
                "rise": 9.5,
                "sf_moment": 8.54e+17,
                "slip": 1.1489,
                "stroke-width": 1.5,
                "trup": 96.8056,
                "x==ew": 38.8612,
                "y==ns": -357.4137
            },
            "type": "Feature"
        },
        {
            "geometry": {
                "coordinates": [
                    [
                        [
                            96.3427,
                            18.818,
                            7228.09685
                        ],
                        [
                            96.3344,
                            18.8623,
                            7228.09685
                        ],
                        [
                            96.3403,
                            18.8632,
                            11684.30315
                        ],
                        [
                            96.3486,
                            18.8189,
                            11684.30315
                        ],
                        [
                            96.3427,
                            18.818,
                            7228.09685
                        ]
                    ]
                ],
                "type": "Polygon"
            },
            "properties": {
                "fill": "#FEF9F1",
                "fill-opacity": 1,
                "rake": 187.8077,
                "rise": 5.0,
                "sf_moment": 6.69e+17,
                "slip": 0.8991,
                "stroke-width": 1.5,
                "trup": 95.4057,
                "x==ew": 37.9422,
                "y==ns": -352.4901
            },
            "type": "Feature"
        },
        {
            "geometry": {
                "coordinates": [
                    [
                        [
                            96.3344,
                            18.8623,
                            7228.09685
                        ],
                        [
                            96.3261,
                            18.9066,
                            7228.09685
                        ],
                        [
                            96.332,
                            18.9075,
                            11684.30315
                        ],
                        [
                            96.3403,
                            18.8632,
                            11684.30315
                        ],
                        [
                            96.3344,
                            18.8623,
                            7228.09685
                        ]
                    ]
                ],
                "type": "Polygon"
            },
            "properties": {
                "fill": "#FCFCC4",
                "fill-opacity": 1,
                "rake": 190.8977,
                "rise": 3.5,
                "sf_moment": 1.11e+18,
                "slip": 1.4884,
                "stroke-width": 1.5,
                "trup": 95.0058,
                "x==ew": 37.0232,
                "y==ns": -347.5665
            },
            "type": "Feature"
        },
        {
            "geometry": {
                "coordinates": [
                    [
                        [
                            96.3261,
                            18.9066,
                            7228.09685
                        ],
                        [
                            96.3178,
                            18.9509,
                            7228.09685
                        ],
                        [
                            96.3237,
                            18.9518,
                            11684.30315
                        ],
                        [
                            96.332,
                            18.9075,
                            11684.30315
                        ],
                        [
                            96.3261,
                            18.9066,
                            7228.09685
                        ]
                    ]
                ],
                "type": "Polygon"
            },
            "properties": {
                "fill": "#FDFAE5",
                "fill-opacity": 1,
                "rake": 178.7927,
                "rise": 12.5,
                "sf_moment": 7.88e+17,
                "slip": 1.0594,
                "stroke-width": 1.5,
                "trup": 94.2059,
                "x==ew": 36.1042,
                "y==ns": -342.6429
            },
            "type": "Feature"
        },
        {
            "geometry": {
                "coordinates": [
                    [
                        [
                            96.3179,
                            18.9509,
                            7228.09685
                        ],
                        [
                            96.3096,
                            18.9952,
                            7228.09685
                        ],
                        [
                            96.3155,
                            18.9961,
                            11684.30315
                        ],
                        [
                            96.3238,
                            18.9518,
                            11684.30315
                        ],
                        [
                            96.3179,
                            18.9509,
                            7228.09685
                        ]
                    ]
                ],
                "type": "Polygon"
            },
            "properties": {
                "fill": "#FCF8BA",
                "fill-opacity": 1,
                "rake": 194.936,
                "rise": 17.0,
                "sf_moment": 1.22e+18,
                "slip": 1.6377,
                "stroke-width": 1.5,
                "trup": 92.006,
                "x==ew": 35.1852,
                "y==ns": -337.7193
            },
            "type": "Feature"
        },
        {
            "geometry": {
                "coordinates": [
                    [
                        [
                            96.3096,
                            18.9952,
                            7228.09685
                        ],
                        [
                            96.3013,
                            19.0395,
                            7228.09685
                        ],
                        [
                            96.3072,
                            19.0404,
                            11684.30315
                        ],
                        [
                            96.3155,
                            18.9961,
                            11684.30315
                        ],
                        [
                            96.3096,
                            18.9952,
                            7228.09685
                        ]
                    ]
                ],
                "type": "Polygon"
            },
            "properties": {
                "fill": "#FCFCD0",
                "fill-opacity": 1,
                "rake": 186.6207,
                "rise": 6.5,
                "sf_moment": 9.93e+17,
                "slip": 1.3352,
                "stroke-width": 1.5,
                "trup": 88.206,
                "x==ew": 34.2662,
                "y==ns": -332.7957
            },
            "type": "Feature"
        },
        {
            "geometry": {
                "coordinates": [
                    [
                        [
                            96.3013,
                            19.0395,
                            7228.09685
                        ],
                        [
                            96.293,
                            19.0838,
                            7228.09685
                        ],
                        [
                            96.2989,
                            19.0847,
                            11684.30315
                        ],
                        [
                            96.3072,
                            19.0405,
                            11684.30315
                        ],
                        [
                            96.3013,
                            19.0395,
                            7228.09685
                        ]
                    ]
                ],
                "type": "Polygon"
            },
            "properties": {
                "fill": "#FCF5B7",
                "fill-opacity": 1,
                "rake": 175.5153,
                "rise": 15.5,
                "sf_moment": 1.26e+18,
                "slip": 1.6916,
                "stroke-width": 1.5,
                "trup": 83.0061,
                "x==ew": 33.3471,
                "y==ns": -327.8721
            },
            "type": "Feature"
        },
        {
            "geometry": {
                "coordinates": [
                    [
                        [
                            96.2931,
                            19.0838,
                            7228.09685
                        ],
                        [
                            96.2848,
                            19.1281,
                            7228.09685
                        ],
                        [
                            96.2907,
                            19.129,
                            11684.30315
                        ],
                        [
                            96.299,
                            19.0848,
                            11684.30315
                        ],
                        [
                            96.2931,
                            19.0838,
                            7228.09685
                        ]
                    ]
                ],
                "type": "Polygon"
            },
            "properties": {
                "fill": "#FCFCBE",
                "fill-opacity": 1,
                "rake": 174.9681,
                "rise": 6.5,
                "sf_moment": 1.16e+18,
                "slip": 1.5661,
                "stroke-width": 1.5,
                "trup": 78.2062,
                "x==ew": 32.4281,
                "y==ns": -322.9485
            },
            "type": "Feature"
        },
        {
            "geometry": {
                "coordinates": [
                    [
                        [
                            96.2848,
                            19.1281,
                            7228.09685
                        ],
                        [
                            96.2765,
                            19.1724,
                            7228.09685
                        ],
                        [
                            96.2824,
                            19.1733,
                            11684.30315
                        ],
                        [
                            96.2907,
                            19.1291,
                            11684.30315
                        ],
                        [
                            96.2848,
                            19.1281,
                            7228.09685
                        ]
                    ]
                ],
                "type": "Polygon"
            },
            "properties": {
                "fill": "#FCFCCD",
                "fill-opacity": 1,
                "rake": 204.7865,
                "rise": 14.0,
                "sf_moment": 1e+18,
                "slip": 1.3445,
                "stroke-width": 1.5,
                "trup": 73.8063,
                "x==ew": 31.5091,
                "y==ns": -318.0249
            },
            "type": "Feature"
        },
        {
            "geometry": {
                "coordinates": [
                    [
                        [
                            96.4974,
                            18.0213,
                            11684.29685
                        ],
                        [
                            96.4892,
                            18.0656,
                            11684.29685
                        ],
                        [
                            96.495,
                            18.0665,
                            16140.50315
                        ],
                        [
                            96.5032,
                            18.0222,
                            16140.50315
                        ],
                        [
                            96.4974,
                            18.0213,
                            11684.29685
                        ]
                    ]
                ],
                "type": "Polygon"
            },
            "properties": {
                "fill": "#FEF9F9",
                "fill-opacity": 1,
                "rake": 171.0045,
                "rise": 9.5,
                "sf_moment": 7.23e+16,
                "slip": 0.0972,
                "stroke-width": 1.5,
                "trup": 114.0182,
                "x==ew": 55.1371,
                "y==ns": -441.0061
            },
            "type": "Feature"
        },
        {
            "geometry": {
                "coordinates": [
                    [
                        [
                            96.4892,
                            18.0656,
                            11684.29685
                        ],
                        [
                            96.481,
                            18.1099,
                            11684.29685
                        ],
                        [
                            96.4868,
                            18.1108,
                            16140.50315
                        ],
                        [
                            96.495,
                            18.0665,
                            16140.50315
                        ],
                        [
                            96.4892,
                            18.0656,
                            11684.29685
                        ]
                    ]
                ],
                "type": "Polygon"
            },
            "properties": {
                "fill": "#FEF9F9",
                "fill-opacity": 1,
                "rake": 169.9877,
                "rise": 3.5,
                "sf_moment": 2.74e+17,
                "slip": 0.3678,
                "stroke-width": 1.5,
                "trup": 112.6184,
                "x==ew": 54.2181,
                "y==ns": -436.0825
            },
            "type": "Feature"
        },
        {
            "geometry": {
                "coordinates": [
                    [
                        [
                            96.4809,
                            18.1099,
                            11684.29685
                        ],
                        [
                            96.4727,
                            18.1542,
                            11684.29685
                        ],
                        [
                            96.4785,
                            18.1551,
                            16140.50315
                        ],
                        [
                            96.4867,
                            18.1108,
                            16140.50315
                        ],
                        [
                            96.4809,
                            18.1099,
                            11684.29685
                        ]
                    ]
                ],
                "type": "Polygon"
            },
            "properties": {
                "fill": "#FEF9F9",
                "fill-opacity": 1,
                "rake": 172.4258,
                "rise": 5.0,
                "sf_moment": 1.68e+17,
                "slip": 0.2263,
                "stroke-width": 1.5,
                "trup": 111.8186,
                "x==ew": 53.2991,
                "y==ns": -431.1589
            },
            "type": "Feature"
        },
        {
            "geometry": {
                "coordinates": [
                    [
                        [
                            96.4726,
                            18.1542,
                            11684.29685
                        ],
                        [
                            96.4644,
                            18.1985,
                            11684.29685
                        ],
                        [
                            96.4702,
                            18.1994,
                            16140.50315
                        ],
                        [
                            96.4784,
                            18.1551,
                            16140.50315
                        ],
                        [
                            96.4726,
                            18.1542,
                            11684.29685
                        ]
                    ]
                ],
                "type": "Polygon"
            },
            "properties": {
                "fill": "#FEF9F9",
                "fill-opacity": 1,
                "rake": 175.0016,
                "rise": 11.0,
                "sf_moment": 3.85e+16,
                "slip": 0.0517,
                "stroke-width": 1.5,
                "trup": 112.6188,
                "x==ew": 52.3801,
                "y==ns": -426.2353
            },
            "type": "Feature"
        },
        {
            "geometry": {
                "coordinates": [
                    [
                        [
                            96.4644,
                            18.1986,
                            11684.29685
                        ],
                        [
                            96.4562,
                            18.2429,
                            11684.29685
                        ],
                        [
                            96.462,
                            18.2438,
                            16140.50315
                        ],
                        [
                            96.4702,
                            18.1995,
                            16140.50315
                        ],
                        [
                            96.4644,
                            18.1986,
                            11684.29685
                        ]
                    ]
                ],
                "type": "Polygon"
            },
            "properties": {
                "fill": "#FEF9F9",
                "fill-opacity": 1,
                "rake": 172.4931,
                "rise": 6.5,
                "sf_moment": 3.71e+16,
                "slip": 0.0499,
                "stroke-width": 1.5,
                "trup": 114.8191,
                "x==ew": 51.4611,
                "y==ns": -421.3117
            },
            "type": "Feature"
        },
        {
            "geometry": {
                "coordinates": [
                    [
                        [
                            96.4561,
                            18.2429,
                            11684.29685
                        ],
                        [
                            96.4479,
                            18.2872,
                            11684.29685
                        ],
                        [
                            96.4537,
                            18.2881,
                            16140.50315
                        ],
                        [
                            96.4619,
                            18.2438,
                            16140.50315
                        ],
                        [
                            96.4561,
                            18.2429,
                            11684.29685
                        ]
                    ]
                ],
                "type": "Polygon"
            },
            "properties": {
                "fill": "#FEF9F9",
                "fill-opacity": 1,
                "rake": 182.6654,
                "rise": 2.0,
                "sf_moment": 2.3e+17,
                "slip": 0.3088,
                "stroke-width": 1.5,
                "trup": 118.4193,
                "x==ew": 50.5421,
                "y==ns": -416.3881
            },
            "type": "Feature"
        },
        {
            "geometry": {
                "coordinates": [
                    [
                        [
                            96.4478,
                            18.2872,
                            11684.29685
                        ],
                        [
                            96.4396,
                            18.3315,
                            11684.29685
                        ],
                        [
                            96.4454,
                            18.3324,
                            16140.50315
                        ],
                        [
                            96.4536,
                            18.2881,
                            16140.50315
                        ],
                        [
                            96.4478,
                            18.2872,
                            11684.29685
                        ]
                    ]
                ],
                "type": "Polygon"
            },
            "properties": {
                "fill": "#FEF9F9",
                "fill-opacity": 1,
                "rake": 170.2353,
                "rise": 3.5,
                "sf_moment": 2.58e+17,
                "slip": 0.3467,
                "stroke-width": 1.5,
                "trup": 123.6195,
                "x==ew": 49.6231,
                "y==ns": -411.4645
            },
            "type": "Feature"
        },
        {
            "geometry": {
                "coordinates": [
                    [
                        [
                            96.4395,
                            18.3315,
                            11684.29685
                        ],
                        [
                            96.4313,
                            18.3758,
                            11684.29685
                        ],
                        [
                            96.4371,
                            18.3767,
                            16140.50315
                        ],
                        [
                            96.4453,
                            18.3324,
                            16140.50315
                        ],
                        [
                            96.4395,
                            18.3315,
                            11684.29685
                        ]
                    ]
                ],
                "type": "Polygon"
            },
            "properties": {
                "fill": "#FEF9F9",
                "fill-opacity": 1,
                "rake": 174.0669,
                "rise": 9.5,
                "sf_moment": 2.21e+17,
                "slip": 0.2965,
                "stroke-width": 1.5,
                "trup": 127.2198,
                "x==ew": 48.7041,
                "y==ns": -406.5409
            },
            "type": "Feature"
        },
        {
            "geometry": {
                "coordinates": [
                    [
                        [
                            96.4313,
                            18.3758,
                            11684.29685
                        ],
                        [
                            96.4231,
                            18.4201,
                            11684.29685
                        ],
                        [
                            96.4289,
                            18.421,
                            16140.50315
                        ],
                        [
                            96.4371,
                            18.3767,
                            16140.50315
                        ],
                        [
                            96.4313,
                            18.3758,
                            11684.29685
                        ]
                    ]
                ],
                "type": "Polygon"
            },
            "properties": {
                "fill": "#FEF9F9",
                "fill-opacity": 1,
                "rake": 183.9616,
                "rise": 9.5,
                "sf_moment": 2.4e+17,
                "slip": 0.3223,
                "stroke-width": 1.5,
                "trup": 127.82,
                "x==ew": 47.7851,
                "y==ns": -401.6173
            },
            "type": "Feature"
        },
        {
            "geometry": {
                "coordinates": [
                    [
                        [
                            96.423,
                            18.4201,
                            11684.29685
                        ],
                        [
                            96.4148,
                            18.4644,
                            11684.29685
                        ],
                        [
                            96.4206,
                            18.4653,
                            16140.50315
                        ],
                        [
                            96.4288,
                            18.421,
                            16140.50315
                        ],
                        [
                            96.423,
                            18.4201,
                            11684.29685
                        ]
                    ]
                ],
                "type": "Polygon"
            },
            "properties": {
                "fill": "#FEF9F9",
                "fill-opacity": 1,
                "rake": 166.9483,
                "rise": 3.5,
                "sf_moment": 1.33e+17,
                "slip": 0.1784,
                "stroke-width": 1.5,
                "trup": 125.8203,
                "x==ew": 46.8661,
                "y==ns": -396.6937
            },
            "type": "Feature"
        },
        {
            "geometry": {
                "coordinates": [
                    [
                        [
                            96.4147,
                            18.4644,
                            11684.29685
                        ],
                        [
                            96.4065,
                            18.5087,
                            11684.29685
                        ],
                        [
                            96.4123,
                            18.5096,
                            16140.50315
                        ],
                        [
                            96.4205,
                            18.4653,
                            16140.50315
                        ],
                        [
                            96.4147,
                            18.4644,
                            11684.29685
                        ]
                    ]
                ],
                "type": "Polygon"
            },
            "properties": {
                "fill": "#FEF9F9",
                "fill-opacity": 1,
                "rake": 186.5821,
                "rise": 8.0,
                "sf_moment": 3000000000000000.0,
                "slip": 0.004,
                "stroke-width": 1.5,
                "trup": 121.8205,
                "x==ew": 45.9471,
                "y==ns": -391.7701
            },
            "type": "Feature"
        },
        {
            "geometry": {
                "coordinates": [
                    [
                        [
                            96.4065,
                            18.5087,
                            11684.29685
                        ],
                        [
                            96.3983,
                            18.553,
                            11684.29685
                        ],
                        [
                            96.4041,
                            18.5539,
                            16140.50315
                        ],
                        [
                            96.4123,
                            18.5096,
                            16140.50315
                        ],
                        [
                            96.4065,
                            18.5087,
                            11684.29685
                        ]
                    ]
                ],
                "type": "Polygon"
            },
            "properties": {
                "fill": "#FEF9F9",
                "fill-opacity": 1,
                "rake": 173.2724,
                "rise": 17.0,
                "sf_moment": 3.48e+16,
                "slip": 0.0468,
                "stroke-width": 1.5,
                "trup": 116.2208,
                "x==ew": 45.0281,
                "y==ns": -386.8465
            },
            "type": "Feature"
        },
        {
            "geometry": {
                "coordinates": [
                    [
                        [
                            96.3982,
                            18.5531,
                            11684.29685
                        ],
                        [
                            96.39,
                            18.5974,
                            11684.29685
                        ],
                        [
                            96.3958,
                            18.5983,
                            16140.50315
                        ],
                        [
                            96.404,
                            18.554,
                            16140.50315
                        ],
                        [
                            96.3982,
                            18.5531,
                            11684.29685
                        ]
                    ]
                ],
                "type": "Polygon"
            },
            "properties": {
                "fill": "#FEF9F9",
                "fill-opacity": 1,
                "rake": 186.2692,
                "rise": 8.0,
                "sf_moment": 3.06e+16,
                "slip": 0.0412,
                "stroke-width": 1.5,
                "trup": 111.421,
                "x==ew": 44.109,
                "y==ns": -381.9229
            },
            "type": "Feature"
        },
        {
            "geometry": {
                "coordinates": [
                    [
                        [
                            96.3899,
                            18.5974,
                            11684.29685
                        ],
                        [
                            96.3817,
                            18.6417,
                            11684.29685
                        ],
                        [
                            96.3875,
                            18.6426,
                            16140.50315
                        ],
                        [
                            96.3957,
                            18.5983,
                            16140.50315
                        ],
                        [
                            96.3899,
                            18.5974,
                            11684.29685
                        ]
                    ]
                ],
                "type": "Polygon"
            },
            "properties": {
                "fill": "#FEF9F9",
                "fill-opacity": 1,
                "rake": 167.6807,
                "rise": 11.0,
                "sf_moment": 1.93e+17,
                "slip": 0.2593,
                "stroke-width": 1.5,
                "trup": 106.6213,
                "x==ew": 43.19,
                "y==ns": -376.9994
            },
            "type": "Feature"
        },
        {
            "geometry": {
                "coordinates": [
                    [
                        [
                            96.3816,
                            18.6417,
                            11684.29685
                        ],
                        [
                            96.3734,
                            18.686,
                            11684.29685
                        ],
                        [
                            96.3792,
                            18.6869,
                            16140.50315
                        ],
                        [
                            96.3874,
                            18.6426,
                            16140.50315
                        ],
                        [
                            96.3816,
                            18.6417,
                            11684.29685
                        ]
                    ]
                ],
                "type": "Polygon"
            },
            "properties": {
                "fill": "#FEF9F9",
                "fill-opacity": 1,
                "rake": 192.4576,
                "rise": 3.5,
                "sf_moment": 1.56e+17,
                "slip": 0.2103,
                "stroke-width": 1.5,
                "trup": 103.0216,
                "x==ew": 42.271,
                "y==ns": -372.0758
            },
            "type": "Feature"
        },
        {
            "geometry": {
                "coordinates": [
                    [
                        [
                            96.3734,
                            18.686,
                            11684.29685
                        ],
                        [
                            96.3651,
                            18.7303,
                            11684.29685
                        ],
                        [
                            96.371,
                            18.7312,
                            16140.50315
                        ],
                        [
                            96.3792,
                            18.6869,
                            16140.50315
                        ],
                        [
                            96.3734,
                            18.686,
                            11684.29685
                        ]
                    ]
                ],
                "type": "Polygon"
            },
            "properties": {
                "fill": "#FEF9F9",
                "fill-opacity": 1,
                "rake": 202.6309,
                "rise": 9.5,
                "sf_moment": 2.4e+16,
                "slip": 0.0322,
                "stroke-width": 1.5,
                "trup": 99.8219,
                "x==ew": 41.352,
                "y==ns": -367.1522
            },
            "type": "Feature"
        },
        {
            "geometry": {
                "coordinates": [
                    [
                        [
                            96.3651,
                            18.7303,
                            11684.29685
                        ],
                        [
                            96.3568,
                            18.7746,
                            11684.29685
                        ],
                        [
                            96.3627,
                            18.7755,
                            16140.50315
                        ],
                        [
                            96.371,
                            18.7312,
                            16140.50315
                        ],
                        [
                            96.3651,
                            18.7303,
                            11684.29685
                        ]
                    ]
                ],
                "type": "Polygon"
            },
            "properties": {
                "fill": "#FEF9F9",
                "fill-opacity": 1,
                "rake": 174.8956,
                "rise": 6.5,
                "sf_moment": 5.04e+17,
                "slip": 0.6779,
                "stroke-width": 1.5,
                "trup": 97.0222,
                "x==ew": 40.433,
                "y==ns": -362.2286
            },
            "type": "Feature"
        },
        {
            "geometry": {
                "coordinates": [
                    [
                        [
                            96.3568,
                            18.7746,
                            11684.29685
                        ],
                        [
                            96.3485,
                            18.8189,
                            11684.29685
                        ],
                        [
                            96.3544,
                            18.8198,
                            16140.50315
                        ],
                        [
                            96.3627,
                            18.7755,
                            16140.50315
                        ],
                        [
                            96.3568,
                            18.7746,
                            11684.29685
                        ]
                    ]
                ],
                "type": "Polygon"
            },
            "properties": {
                "fill": "#FEF9F9",
                "fill-opacity": 1,
                "rake": 203.8273,
                "rise": 14.0,
                "sf_moment": 9.65e+16,
                "slip": 0.1298,
                "stroke-width": 1.5,
                "trup": 95.2225,
                "x==ew": 39.514,
                "y==ns": -357.305
            },
            "type": "Feature"
        },
        {
            "geometry": {
                "coordinates": [
                    [
                        [
                            96.3486,
                            18.8189,
                            11684.29685
                        ],
                        [
                            96.3403,
                            18.8632,
                            11684.29685
                        ],
                        [
                            96.3462,
                            18.8641,
                            16140.50315
                        ],
                        [
                            96.3545,
                            18.8198,
                            16140.50315
                        ],
                        [
                            96.3486,
                            18.8189,
                            11684.29685
                        ]
                    ]
                ],
                "type": "Polygon"
            },
            "properties": {
                "fill": "#FEF9F9",
                "fill-opacity": 1,
                "rake": 182.202,
                "rise": 9.5,
                "sf_moment": 5.51e+16,
                "slip": 0.074,
                "stroke-width": 1.5,
                "trup": 94.0228,
                "x==ew": 38.595,
                "y==ns": -352.3814
            },
            "type": "Feature"
        },
        {
            "geometry": {
                "coordinates": [
                    [
                        [
                            96.3403,
                            18.8632,
                            11684.29685
                        ],
                        [
                            96.332,
                            18.9075,
                            11684.29685
                        ],
                        [
                            96.3379,
                            18.9084,
                            16140.50315
                        ],
                        [
                            96.3462,
                            18.8641,
                            16140.50315
                        ],
                        [
                            96.3403,
                            18.8632,
                            11684.29685
                        ]
                    ]
                ],
                "type": "Polygon"
            },
            "properties": {
                "fill": "#FEF9F9",
                "fill-opacity": 1,
                "rake": 185.5839,
                "rise": 14.0,
                "sf_moment": 2.31e+17,
                "slip": 0.3101,
                "stroke-width": 1.5,
                "trup": 92.6231,
                "x==ew": 37.676,
                "y==ns": -347.4578
            },
            "type": "Feature"
        },
        {
            "geometry": {
                "coordinates": [
                    [
                        [
                            96.332,
                            18.9076,
                            11684.29685
                        ],
                        [
                            96.3237,
                            18.9519,
                            11684.29685
                        ],
                        [
                            96.3296,
                            18.9528,
                            16140.50315
                        ],
                        [
                            96.3379,
                            18.9085,
                            16140.50315
                        ],
                        [
                            96.332,
                            18.9076,
                            11684.29685
                        ]
                    ]
                ],
                "type": "Polygon"
            },
            "properties": {
                "fill": "#FEF9F9",
                "fill-opacity": 1,
                "rake": 170.8524,
                "rise": 14.0,
                "sf_moment": 1.4e+17,
                "slip": 0.1883,
                "stroke-width": 1.5,
                "trup": 91.8235,
                "x==ew": 36.757,
                "y==ns": -342.5342
            },
            "type": "Feature"
        },
        {
            "geometry": {
                "coordinates": [
                    [
                        [
                            96.3237,
                            18.9519,
                            11684.29685
                        ],
                        [
                            96.3154,
                            18.9962,
                            11684.29685
                        ],
                        [
                            96.3213,
                            18.9971,
                            16140.50315
                        ],
                        [
                            96.3296,
                            18.9528,
                            16140.50315
                        ],
                        [
                            96.3237,
                            18.9519,
                            11684.29685
                        ]
                    ]
                ],
                "type": "Polygon"
            },
            "properties": {
                "fill": "#FEF9F9",
                "fill-opacity": 1,
                "rake": 186.7707,
                "rise": 12.5,
                "sf_moment": 2.3e+17,
                "slip": 0.3089,
                "stroke-width": 1.5,
                "trup": 89.8238,
                "x==ew": 35.838,
                "y==ns": -337.6106
            },
            "type": "Feature"
        },
        {
            "geometry": {
                "coordinates": [
                    [
                        [
                            96.3155,
                            18.9962,
                            11684.29685
                        ],
                        [
                            96.3072,
                            19.0405,
                            11684.29685
                        ],
                        [
                            96.3131,
                            19.0414,
                            16140.50315
                        ],
                        [
                            96.3214,
                            18.9971,
                            16140.50315
                        ],
                        [
                            96.3155,
                            18.9962,
                            11684.29685
                        ]
                    ]
                ],
                "type": "Polygon"
            },
            "properties": {
                "fill": "#FEF9F9",
                "fill-opacity": 1,
                "rake": 204.4288,
                "rise": 8.0,
                "sf_moment": 4.14e+16,
                "slip": 0.0556,
                "stroke-width": 1.5,
                "trup": 86.2242,
                "x==ew": 34.919,
                "y==ns": -332.687
            },
            "type": "Feature"
        },
        {
            "geometry": {
                "coordinates": [
                    [
                        [
                            96.3072,
                            19.0405,
                            11684.29685
                        ],
                        [
                            96.2989,
                            19.0848,
                            11684.29685
                        ],
                        [
                            96.3048,
                            19.0857,
                            16140.50315
                        ],
                        [
                            96.3131,
                            19.0414,
                            16140.50315
                        ],
                        [
                            96.3072,
                            19.0405,
                            11684.29685
                        ]
                    ]
                ],
                "type": "Polygon"
            },
            "properties": {
                "fill": "#FEF9F9",
                "fill-opacity": 1,
                "rake": 172.0564,
                "rise": 12.5,
                "sf_moment": 6.17e+16,
                "slip": 0.083,
                "stroke-width": 1.5,
                "trup": 81.4245,
                "x==ew": 34.0,
                "y==ns": -327.7634
            },
            "type": "Feature"
        },
        {
            "geometry": {
                "coordinates": [
                    [
                        [
                            96.2989,
                            19.0848,
                            11684.29685
                        ],
                        [
                            96.2906,
                            19.1291,
                            11684.29685
                        ],
                        [
                            96.2965,
                            19.13,
                            16140.50315
                        ],
                        [
                            96.3048,
                            19.0858,
                            16140.50315
                        ],
                        [
                            96.2989,
                            19.0848,
                            11684.29685
                        ]
                    ]
                ],
                "type": "Polygon"
            },
            "properties": {
                "fill": "#FEF9F9",
                "fill-opacity": 1,
                "rake": 176.5518,
                "rise": 9.5,
                "sf_moment": 4.38e+16,
                "slip": 0.0589,
                "stroke-width": 1.5,
                "trup": 76.6249,
                "x==ew": 33.081,
                "y==ns": -322.8398
            },
            "type": "Feature"
        },
        {
            "geometry": {
                "coordinates": [
                    [
                        [
                            96.2907,
                            19.1291,
                            11684.29685
                        ],
                        [
                            96.2824,
                            19.1734,
                            11684.29685
                        ],
                        [
                            96.2883,
                            19.1743,
                            16140.50315
                        ],
                        [
                            96.2966,
                            19.1301,
                            16140.50315
                        ],
                        [
                            96.2907,
                            19.1291,
                            11684.29685
                        ]
                    ]
                ],
                "type": "Polygon"
            },
            "properties": {
                "fill": "#FEF9F9",
                "fill-opacity": 1,
                "rake": 204.2353,
                "rise": 9.5,
                "sf_moment": 8.74e+16,
                "slip": 0.1175,
                "stroke-width": 1.5,
                "trup": 72.0253,
                "x==ew": 32.162,
                "y==ns": -317.9162
            },
            "type": "Feature"
        },
        {
            "geometry": {
                "coordinates": [
                    [
                        [
                            96.5033,
                            18.0223,
                            16140.49685
                        ],
                        [
                            96.4951,
                            18.0666,
                            16140.49685
                        ],
                        [
                            96.5009,
                            18.0675,
                            20596.70315
                        ],
                        [
                            96.5091,
                            18.0232,
                            20596.70315
                        ],
                        [
                            96.5033,
                            18.0223,
                            16140.49685
                        ]
                    ]
                ],
                "type": "Polygon"
            },
            "properties": {
                "fill": "#FEF9F9",
                "fill-opacity": 1,
                "rake": 169.3978,
                "rise": 14.0,
                "sf_moment": 1.61e+17,
                "slip": 0.1869,
                "stroke-width": 1.5,
                "trup": 110.6409,
                "x==ew": 55.7899,
                "y==ns": -440.8974
            },
            "type": "Feature"
        },
        {
            "geometry": {
                "coordinates": [
                    [
                        [
                            96.495,
                            18.0666,
                            16140.49685
                        ],
                        [
                            96.4868,
                            18.1109,
                            16140.49685
                        ],
                        [
                            96.4926,
                            18.1118,
                            20596.70315
                        ],
                        [
                            96.5008,
                            18.0675,
                            20596.70315
                        ],
                        [
                            96.495,
                            18.0666,
                            16140.49685
                        ]
                    ]
                ],
                "type": "Polygon"
            },
            "properties": {
                "fill": "#FEF9F9",
                "fill-opacity": 1,
                "rake": 166.0566,
                "rise": 12.5,
                "sf_moment": 1.63e+17,
                "slip": 0.189,
                "stroke-width": 1.5,
                "trup": 109.6414,
                "x==ew": 54.8709,
                "y==ns": -435.9738
            },
            "type": "Feature"
        },
        {
            "geometry": {
                "coordinates": [
                    [
                        [
                            96.4868,
                            18.1109,
                            16140.49685
                        ],
                        [
                            96.4786,
                            18.1552,
                            16140.49685
                        ],
                        [
                            96.4844,
                            18.1561,
                            20596.70315
                        ],
                        [
                            96.4926,
                            18.1118,
                            20596.70315
                        ],
                        [
                            96.4868,
                            18.1109,
                            16140.49685
                        ]
                    ]
                ],
                "type": "Polygon"
            },
            "properties": {
                "fill": "#FEF9F9",
                "fill-opacity": 1,
                "rake": 166.8091,
                "rise": 8.0,
                "sf_moment": 7.68e+16,
                "slip": 0.0891,
                "stroke-width": 1.5,
                "trup": 108.8419,
                "x==ew": 53.9519,
                "y==ns": -431.0502
            },
            "type": "Feature"
        },
        {
            "geometry": {
                "coordinates": [
                    [
                        [
                            96.4785,
                            18.1552,
                            16140.49685
                        ],
                        [
                            96.4703,
                            18.1995,
                            16140.49685
                        ],
                        [
                            96.4761,
                            18.2004,
                            20596.70315
                        ],
                        [
                            96.4843,
                            18.1561,
                            20596.70315
                        ],
                        [
                            96.4785,
                            18.1552,
                            16140.49685
                        ]
                    ]
                ],
                "type": "Polygon"
            },
            "properties": {
                "fill": "#FEF9F9",
                "fill-opacity": 1,
                "rake": 204.9443,
                "rise": 9.5,
                "sf_moment": 2.98e+16,
                "slip": 0.0346,
                "stroke-width": 1.5,
                "trup": 110.0424,
                "x==ew": 53.0329,
                "y==ns": -426.1266
            },
            "type": "Feature"
        },
        {
            "geometry": {
                "coordinates": [
                    [
                        [
                            96.4702,
                            18.1995,
                            16140.49685
                        ],
                        [
                            96.462,
                            18.2438,
                            16140.49685
                        ],
                        [
                            96.4678,
                            18.2447,
                            20596.70315
                        ],
                        [
                            96.476,
                            18.2004,
                            20596.70315
                        ],
                        [
                            96.4702,
                            18.1995,
                            16140.49685
                        ]
                    ]
                ],
                "type": "Polygon"
            },
            "properties": {
                "fill": "#FEF9F9",
                "fill-opacity": 1,
                "rake": 188.0456,
                "rise": 12.5,
                "sf_moment": 2.68e+17,
                "slip": 0.3106,
                "stroke-width": 1.5,
                "trup": 112.8429,
                "x==ew": 52.1139,
                "y==ns": -421.203
            },
            "type": "Feature"
        },
        {
            "geometry": {
                "coordinates": [
                    [
                        [
                            96.462,
                            18.2438,
                            16140.49685
                        ],
                        [
                            96.4538,
                            18.2881,
                            16140.49685
                        ],
                        [
                            96.4596,
                            18.289,
                            20596.70315
                        ],
                        [
                            96.4678,
                            18.2447,
                            20596.70315
                        ],
                        [
                            96.462,
                            18.2438,
                            16140.49685
                        ]
                    ]
                ],
                "type": "Polygon"
            },
            "properties": {
                "fill": "#FEF9F9",
                "fill-opacity": 1,
                "rake": 188.4295,
                "rise": 6.5,
                "sf_moment": 8.81e+16,
                "slip": 0.1022,
                "stroke-width": 1.5,
                "trup": 116.6434,
                "x==ew": 51.1949,
                "y==ns": -416.2794
            },
            "type": "Feature"
        },
        {
            "geometry": {
                "coordinates": [
                    [
                        [
                            96.4537,
                            18.2882,
                            16140.49685
                        ],
                        [
                            96.4455,
                            18.3325,
                            16140.49685
                        ],
                        [
                            96.4513,
                            18.3334,
                            20596.70315
                        ],
                        [
                            96.4595,
                            18.2891,
                            20596.70315
                        ],
                        [
                            96.4537,
                            18.2882,
                            16140.49685
                        ]
                    ]
                ],
                "type": "Polygon"
            },
            "properties": {
                "fill": "#FEF9F9",
                "fill-opacity": 1,
                "rake": 180.8478,
                "rise": 11.0,
                "sf_moment": 3.83e+16,
                "slip": 0.0444,
                "stroke-width": 1.5,
                "trup": 121.8439,
                "x==ew": 50.2759,
                "y==ns": -411.3558
            },
            "type": "Feature"
        },
        {
            "geometry": {
                "coordinates": [
                    [
                        [
                            96.4454,
                            18.3325,
                            16140.49685
                        ],
                        [
                            96.4372,
                            18.3768,
                            16140.49685
                        ],
                        [
                            96.443,
                            18.3777,
                            20596.70315
                        ],
                        [
                            96.4512,
                            18.3334,
                            20596.70315
                        ],
                        [
                            96.4454,
                            18.3325,
                            16140.49685
                        ]
                    ]
                ],
                "type": "Polygon"
            },
            "properties": {
                "fill": "#FEF9F9",
                "fill-opacity": 1,
                "rake": 189.4862,
                "rise": 2.0,
                "sf_moment": 2540000000000000.0,
                "slip": 0.0029,
                "stroke-width": 1.5,
                "trup": 126.0444,
                "x==ew": 49.3569,
                "y==ns": -406.4322
            },
            "type": "Feature"
        },
        {
            "geometry": {
                "coordinates": [
                    [
                        [
                            96.4371,
                            18.3768,
                            16140.49685
                        ],
                        [
                            96.4289,
                            18.4211,
                            16140.49685
                        ],
                        [
                            96.4347,
                            18.422,
                            20596.70315
                        ],
                        [
                            96.4429,
                            18.3777,
                            20596.70315
                        ],
                        [
                            96.4371,
                            18.3768,
                            16140.49685
                        ]
                    ]
                ],
                "type": "Polygon"
            },
            "properties": {
                "fill": "#FEF9F9",
                "fill-opacity": 1,
                "rake": 200.084,
                "rise": 6.5,
                "sf_moment": 1.61e+17,
                "slip": 0.1867,
                "stroke-width": 1.5,
                "trup": 127.645,
                "x==ew": 48.4379,
                "y==ns": -401.5086
            },
            "type": "Feature"
        },
        {
            "geometry": {
                "coordinates": [
                    [
                        [
                            96.4289,
                            18.4211,
                            16140.49685
                        ],
                        [
                            96.4207,
                            18.4654,
                            16140.49685
                        ],
                        [
                            96.4265,
                            18.4663,
                            20596.70315
                        ],
                        [
                            96.4347,
                            18.422,
                            20596.70315
                        ],
                        [
                            96.4289,
                            18.4211,
                            16140.49685
                        ]
                    ]
                ],
                "type": "Polygon"
            },
            "properties": {
                "fill": "#FEF9F9",
                "fill-opacity": 1,
                "rake": 202.6051,
                "rise": 8.0,
                "sf_moment": 1550000000000000.0,
                "slip": 0.0018,
                "stroke-width": 1.5,
                "trup": 125.8456,
                "x==ew": 47.5189,
                "y==ns": -396.585
            },
            "type": "Feature"
        },
        {
            "geometry": {
                "coordinates": [
                    [
                        [
                            96.4206,
                            18.4654,
                            16140.49685
                        ],
                        [
                            96.4124,
                            18.5097,
                            16140.49685
                        ],
                        [
                            96.4182,
                            18.5106,
                            20596.70315
                        ],
                        [
                            96.4264,
                            18.4663,
                            20596.70315
                        ],
                        [
                            96.4206,
                            18.4654,
                            16140.49685
                        ]
                    ]
                ],
                "type": "Polygon"
            },
            "properties": {
                "fill": "#FEF9F9",
                "fill-opacity": 1,
                "rake": 174.4092,
                "rise": 9.5,
                "sf_moment": 5.72e+16,
                "slip": 0.0664,
                "stroke-width": 1.5,
                "trup": 122.0461,
                "x==ew": 46.5999,
                "y==ns": -391.6614
            },
            "type": "Feature"
        },
        {
            "geometry": {
                "coordinates": [
                    [
                        [
                            96.4123,
                            18.5097,
                            16140.49685
                        ],
                        [
                            96.4041,
                            18.554,
                            16140.49685
                        ],
                        [
                            96.4099,
                            18.5549,
                            20596.70315
                        ],
                        [
                            96.4181,
                            18.5106,
                            20596.70315
                        ],
                        [
                            96.4123,
                            18.5097,
                            16140.49685
                        ]
                    ]
                ],
                "type": "Polygon"
            },
            "properties": {
                "fill": "#FEF9F9",
                "fill-opacity": 1,
                "rake": 170.1357,
                "rise": 11.0,
                "sf_moment": 1.26e+17,
                "slip": 0.1458,
                "stroke-width": 1.5,
                "trup": 117.6467,
                "x==ew": 45.6809,
                "y==ns": -386.7378
            },
            "type": "Feature"
        },
        {
            "geometry": {
                "coordinates": [
                    [
                        [
                            96.4041,
                            18.554,
                            16140.49685
                        ],
                        [
                            96.3959,
                            18.5983,
                            16140.49685
                        ],
                        [
                            96.4017,
                            18.5992,
                            20596.70315
                        ],
                        [
                            96.4099,
                            18.5549,
                            20596.70315
                        ],
                        [
                            96.4041,
                            18.554,
                            16140.49685
                        ]
                    ]
                ],
                "type": "Polygon"
            },
            "properties": {
                "fill": "#FEF9F9",
                "fill-opacity": 1,
                "rake": 192.6858,
                "rise": 8.0,
                "sf_moment": 8.49e+16,
                "slip": 0.0986,
                "stroke-width": 1.5,
                "trup": 111.8473,
                "x==ew": 44.7619,
                "y==ns": -381.8142
            },
            "type": "Feature"
        },
        {
            "geometry": {
                "coordinates": [
                    [
                        [
                            96.3958,
                            18.5984,
                            16140.49685
                        ],
                        [
                            96.3876,
                            18.6427,
                            16140.49685
                        ],
                        [
                            96.3934,
                            18.6436,
                            20596.70315
                        ],
                        [
                            96.4016,
                            18.5993,
                            20596.70315
                        ],
                        [
                            96.3958,
                            18.5984,
                            16140.49685
                        ]
                    ]
                ],
                "type": "Polygon"
            },
            "properties": {
                "fill": "#FEF9F9",
                "fill-opacity": 1,
                "rake": 201.8057,
                "rise": 12.5,
                "sf_moment": 1.26e+17,
                "slip": 0.1465,
                "stroke-width": 1.5,
                "trup": 107.0479,
                "x==ew": 43.8429,
                "y==ns": -376.8906
            },
            "type": "Feature"
        },
        {
            "geometry": {
                "coordinates": [
                    [
                        [
                            96.3875,
                            18.6427,
                            16140.49685
                        ],
                        [
                            96.3793,
                            18.687,
                            16140.49685
                        ],
                        [
                            96.3851,
                            18.6879,
                            20596.70315
                        ],
                        [
                            96.3933,
                            18.6436,
                            20596.70315
                        ],
                        [
                            96.3875,
                            18.6427,
                            16140.49685
                        ]
                    ]
                ],
                "type": "Polygon"
            },
            "properties": {
                "fill": "#FEF9F9",
                "fill-opacity": 1,
                "rake": 196.7076,
                "rise": 15.5,
                "sf_moment": 6.03e+16,
                "slip": 0.07,
                "stroke-width": 1.5,
                "trup": 102.8486,
                "x==ew": 42.9239,
                "y==ns": -371.967
            },
            "type": "Feature"
        },
        {
            "geometry": {
                "coordinates": [
                    [
                        [
                            96.3792,
                            18.687,
                            16140.49685
                        ],
                        [
                            96.3709,
                            18.7313,
                            16140.49685
                        ],
                        [
                            96.3768,
                            18.7322,
                            20596.70315
                        ],
                        [
                            96.385,
                            18.6879,
                            20596.70315
                        ],
                        [
                            96.3792,
                            18.687,
                            16140.49685
                        ]
                    ]
                ],
                "type": "Polygon"
            },
            "properties": {
                "fill": "#FEF9F9",
                "fill-opacity": 1,
                "rake": 204.1149,
                "rise": 12.5,
                "sf_moment": 5.7e+16,
                "slip": 0.0661,
                "stroke-width": 1.5,
                "trup": 98.6492,
                "x==ew": 42.0049,
                "y==ns": -367.0434
            },
            "type": "Feature"
        },
        {
            "geometry": {
                "coordinates": [
                    [
                        [
                            96.371,
                            18.7313,
                            16140.49685
                        ],
                        [
                            96.3627,
                            18.7756,
                            16140.49685
                        ],
                        [
                            96.3686,
                            18.7765,
                            20596.70315
                        ],
                        [
                            96.3769,
                            18.7322,
                            20596.70315
                        ],
                        [
                            96.371,
                            18.7313,
                            16140.49685
                        ]
                    ]
                ],
                "type": "Polygon"
            },
            "properties": {
                "fill": "#FEF9F9",
                "fill-opacity": 1,
                "rake": 190.837,
                "rise": 6.5,
                "sf_moment": 2.74e+16,
                "slip": 0.0318,
                "stroke-width": 1.5,
                "trup": 95.8499,
                "x==ew": 41.0858,
                "y==ns": -362.1198
            },
            "type": "Feature"
        },
        {
            "geometry": {
                "coordinates": [
                    [
                        [
                            96.3627,
                            18.7756,
                            16140.49685
                        ],
                        [
                            96.3544,
                            18.8199,
                            16140.49685
                        ],
                        [
                            96.3603,
                            18.8208,
                            20596.70315
                        ],
                        [
                            96.3686,
                            18.7765,
                            20596.70315
                        ],
                        [
                            96.3627,
                            18.7756,
                            16140.49685
                        ]
                    ]
                ],
                "type": "Polygon"
            },
            "properties": {
                "fill": "#FEF9F9",
                "fill-opacity": 1,
                "rake": 183.0793,
                "rise": 9.5,
                "sf_moment": 7.58e+16,
                "slip": 0.0879,
                "stroke-width": 1.5,
                "trup": 93.8506,
                "x==ew": 40.1668,
                "y==ns": -357.1962
            },
            "type": "Feature"
        },
        {
            "geometry": {
                "coordinates": [
                    [
                        [
                            96.3544,
                            18.8199,
                            16140.49685
                        ],
                        [
                            96.3461,
                            18.8642,
                            16140.49685
                        ],
                        [
                            96.352,
                            18.8651,
                            20596.70315
                        ],
                        [
                            96.3603,
                            18.8208,
                            20596.70315
                        ],
                        [
                            96.3544,
                            18.8199,
                            16140.49685
                        ]
                    ]
                ],
                "type": "Polygon"
            },
            "properties": {
                "fill": "#FEF9F9",
                "fill-opacity": 1,
                "rake": 168.0626,
                "rise": 17.0,
                "sf_moment": 4.75e+16,
                "slip": 0.0551,
                "stroke-width": 1.5,
                "trup": 92.6513,
                "x==ew": 39.2478,
                "y==ns": -352.2726
            },
            "type": "Feature"
        },
        {
            "geometry": {
                "coordinates": [
                    [
                        [
                            96.3462,
                            18.8642,
                            16140.49685
                        ],
                        [
                            96.3379,
                            18.9085,
                            16140.49685
                        ],
                        [
                            96.3438,
                            18.9094,
                            20596.70315
                        ],
                        [
                            96.3521,
                            18.8651,
                            20596.70315
                        ],
                        [
                            96.3462,
                            18.8642,
                            16140.49685
                        ]
                    ]
                ],
                "type": "Polygon"
            },
            "properties": {
                "fill": "#FEF9F9",
                "fill-opacity": 1,
                "rake": 188.2919,
                "rise": 2.0,
                "sf_moment": 1.6e+17,
                "slip": 0.186,
                "stroke-width": 1.5,
                "trup": 91.6521,
                "x==ew": 38.3288,
                "y==ns": -347.349
            },
            "type": "Feature"
        },
        {
            "geometry": {
                "coordinates": [
                    [
                        [
                            96.3379,
                            18.9085,
                            16140.49685
                        ],
                        [
                            96.3296,
                            18.9528,
                            16140.49685
                        ],
                        [
                            96.3355,
                            18.9537,
                            20596.70315
                        ],
                        [
                            96.3438,
                            18.9094,
                            20596.70315
                        ],
                        [
                            96.3379,
                            18.9085,
                            16140.49685
                        ]
                    ]
                ],
                "type": "Polygon"
            },
            "properties": {
                "fill": "#FEF9F9",
                "fill-opacity": 1,
                "rake": 191.9794,
                "rise": 14.0,
                "sf_moment": 4.4e+16,
                "slip": 0.0511,
                "stroke-width": 1.5,
                "trup": 90.8528,
                "x==ew": 37.4098,
                "y==ns": -342.4254
            },
            "type": "Feature"
        },
        {
            "geometry": {
                "coordinates": [
                    [
                        [
                            96.3296,
                            18.9529,
                            16140.49685
                        ],
                        [
                            96.3213,
                            18.9972,
                            16140.49685
                        ],
                        [
                            96.3272,
                            18.9981,
                            20596.70315
                        ],
                        [
                            96.3355,
                            18.9538,
                            20596.70315
                        ],
                        [
                            96.3296,
                            18.9529,
                            16140.49685
                        ]
                    ]
                ],
                "type": "Polygon"
            },
            "properties": {
                "fill": "#FEF9F9",
                "fill-opacity": 1,
                "rake": 167.8278,
                "rise": 14.0,
                "sf_moment": 6.84e+16,
                "slip": 0.0794,
                "stroke-width": 1.5,
                "trup": 88.4536,
                "x==ew": 36.4908,
                "y==ns": -337.5018
            },
            "type": "Feature"
        },
        {
            "geometry": {
                "coordinates": [
                    [
                        [
                            96.3213,
                            18.9972,
                            16140.49685
                        ],
                        [
                            96.313,
                            19.0415,
                            16140.49685
                        ],
                        [
                            96.3189,
                            19.0424,
                            20596.70315
                        ],
                        [
                            96.3272,
                            18.9981,
                            20596.70315
                        ],
                        [
                            96.3213,
                            18.9972,
                            16140.49685
                        ]
                    ]
                ],
                "type": "Polygon"
            },
            "properties": {
                "fill": "#FEF9F9",
                "fill-opacity": 1,
                "rake": 190.9143,
                "rise": 9.5,
                "sf_moment": 3.66e+16,
                "slip": 0.0425,
                "stroke-width": 1.5,
                "trup": 84.6544,
                "x==ew": 35.5718,
                "y==ns": -332.5782
            },
            "type": "Feature"
        },
        {
            "geometry": {
                "coordinates": [
                    [
                        [
                            96.3131,
                            19.0415,
                            16140.49685
                        ],
                        [
                            96.3048,
                            19.0858,
                            16140.49685
                        ],
                        [
                            96.3107,
                            19.0867,
                            20596.70315
                        ],
                        [
                            96.319,
                            19.0424,
                            20596.70315
                        ],
                        [
                            96.3131,
                            19.0415,
                            16140.49685
                        ]
                    ]
                ],
                "type": "Polygon"
            },
            "properties": {
                "fill": "#FEF9F9",
                "fill-opacity": 1,
                "rake": 169.898,
                "rise": 3.5,
                "sf_moment": 8.7e+16,
                "slip": 0.101,
                "stroke-width": 1.5,
                "trup": 80.0552,
                "x==ew": 34.6528,
                "y==ns": -327.6547
            },
            "type": "Feature"
        },
        {
            "geometry": {
                "coordinates": [
                    [
                        [
                            96.3048,
                            19.0858,
                            16140.49685
                        ],
                        [
                            96.2965,
                            19.1301,
                            16140.49685
                        ],
                        [
                            96.3024,
                            19.131,
                            20596.70315
                        ],
                        [
                            96.3107,
                            19.0867,
                            20596.70315
                        ],
                        [
                            96.3048,
                            19.0858,
                            16140.49685
                        ]
                    ]
                ],
                "type": "Polygon"
            },
            "properties": {
                "fill": "#FEF9F9",
                "fill-opacity": 1,
                "rake": 190.7037,
                "rise": 9.5,
                "sf_moment": 4.61e+16,
                "slip": 0.0536,
                "stroke-width": 1.5,
                "trup": 75.6561,
                "x==ew": 33.7338,
                "y==ns": -322.7311
            },
            "type": "Feature"
        },
        {
            "geometry": {
                "coordinates": [
                    [
                        [
                            96.2965,
                            19.1301,
                            16140.49685
                        ],
                        [
                            96.2882,
                            19.1744,
                            16140.49685
                        ],
                        [
                            96.2941,
                            19.1753,
                            20596.70315
                        ],
                        [
                            96.3024,
                            19.1311,
                            20596.70315
                        ],
                        [
                            96.2965,
                            19.1301,
                            16140.49685
                        ]
                    ]
                ],
                "type": "Polygon"
            },
            "properties": {
                "fill": "#FEF9F9",
                "fill-opacity": 1,
                "rake": 187.8158,
                "rise": 14.0,
                "sf_moment": 6.98e+16,
                "slip": 0.081,
                "stroke-width": 1.5,
                "trup": 71.4569,
                "x==ew": 32.8148,
                "y==ns": -317.8075
            },
            "type": "Feature"
        }
    ],
    "metadata": {
        "epicenter": {
            "date": "2025-03-28T00:00:00.000000Z",
            "depth": 5.0,
            "lat": 22.013,
            "location": "MYANMAR T06",
            "lon": 96.0,
            "mag": 7.769036158068211,
            "moment": 5.6696237250599984e+20
        },
        "eventid": "7000pn9s"
    },
    "type": "FeatureCollection"
}