latitude,longitude,depth,mag,magType,nst,gap,dmin,rms,net,id,updated,location,place,country,continent,type,timeAdded,timestamp,locationInferred,state,initialPosition,time_utc,time_mmt,state_region,nearest_city
19.091,96.406,10.0,3.1,ml,,,,,,th_13341_202504020259,2025-04-02T02:59:01.000Z,"Kyun Kone, Bago Region, Myanmar (Burma)",Myanmar,MM,Asia,earthquake,1743563299,1743562741,0,,"19.09,96.41",2025-04-02 02:59:01,2025-04-02 09:29:01,Bago,Taungoo
20.751,96.36,8.0,3.0,ml,,,,,,th_13340_202504020219,2025-04-02T02:19:00.000Z,"Yin Mar Bin, Mandalay Region, Myanmar (Burma)",Myanmar,MM,Asia,earthquake,1743561427,1743560340,0,,"20.75,96.36",2025-04-02 02:19:00,2025-04-02 08:49:00,Mandalay,Meiktila
22.721,96.926,10.0,3.6,ml,,,,,,th_13335_202504012255,2025-04-01T23:35:43.000Z,"Mánweng, Shan, Myanmar (Burma)",Myanmar,MM,Asia,earthquake,1743550278,1743548130,0,,"22.72,96.93",2025-04-01 22:55:30,2025-04-02 05:25:30,Shan,Hsipaw
19.652,96.413,10.0,2.8,ml,,,,,,th_13334_202504012209,2025-04-01T22:09:24.000Z,"Mayandaung Atet, Naypyidaw Union Territory, Myanmar (Burma)",Myanmar,MM,Asia,earthquake,1743546670,1743545364,0,,"19.65,96.41",2025-04-01 22:09:24,2025-04-02 04:39:24,Mandalay,Nay Pyi Taw
20.964,96.322,10.0,3.4,ml,,,,,,th_13333_202504012118,2025-04-01T21:18:07.000Z,"Patchaung, Shan, Myanmar (Burma)",Myanmar,MM,Asia,earthquake,1743542842,1743542287,0,,"20.96,96.32",2025-04-01 21:18:07,2025-04-02 03:48:07,Shan,Meiktila
20.806,96.294,10.0,3.5,ml,,,,,,th_13332_202504012059,2025-04-01T21:14:42.000Z,"Yin Mar Bin, Mandalay Region, Myanmar (Burma)",Myanmar,MM,Asia,earthquake,1743541928,1743541181,0,,"20.81,96.29",2025-04-01 20:59:41,2025-04-02 03:29:41,Mandalay,Meiktila
19.325,96.52,10.0,2.7,ml,,,,,,th_13331_202504012051,2025-04-01T20:51:35.000Z,"Kyauktaga Auk, Kayin State, Myanmar (Burma)",Myanmar,MM,Asia,earthquake,1743541866,1743540695,0,,"19.33,96.52",2025-04-01 20:51:35,2025-04-02 03:21:35,Kayin,Taungoo
18.669,96.611,10.0,2.6,ml,,,,,,th_13330_202504012037,2025-04-01T20:37:17.000Z,"Kyaungbintha, Bago Region, Myanmar (Burma)",Myanmar,MM,Asia,earthquake,1743540339,1743539837,0,,"18.67,96.61",2025-04-01 20:37:17,2025-04-02 03:07:17,Bago,Taungoo
22.178,96.286,10.0,3.7,ml,,,,,,th_13328_202504011926,2025-04-01T19:42:51.000Z,"Daw-wa-kyaung, Mandalay Region, Myanmar (Burma)",Myanmar,MM,Asia,earthquake,1743536303,1743535584,0,,"22.18,96.29",2025-04-01 19:26:24,2025-04-02 01:56:24,Mandalay,Pyin Oo Lwin
19.156,96.34,10.0,2.4,ml,,,,,,th_13326_202504011834,2025-04-01T18:34:59.000Z,"Yedashe, Bago Region, Myanmar (Burma)",Myanmar,MM,Asia,earthquake,1743533268,1743532499,0,,"19.16,96.34",2025-04-01 18:34:59,2025-04-02 01:04:59,Bago,Taungoo
20.671,98.711,13.0,2.4,ml,,,,,,th_13325_202504011816,2025-04-01T18:16:45.000Z,"Kang Nai, Shan, Myanmar (Burma)",Myanmar,MM,Asia,earthquake,1743532962,1743531405,0,,"20.67,98.71",2025-04-01 18:16:45,2025-04-02 00:46:45,Shan,Kengtung
19.816,97.848,1.0,2.2,ml,,,,,,th_13324_202504011815,2025-04-01T18:15:29.000Z,"Wan Hwè-ya-yung, Shan, Myanmar (Burma)",Myanmar,MM,Asia,earthquake,1743532178,1743531329,0,,"19.82,97.85",2025-04-01 18:15:29,2025-04-02 00:45:29,Shan,Loikaw
19.204,96.467,10.0,2.8,ml,,,,,,th_13323_202504011739,2025-04-01T17:39:59.000Z,"Karenchaung, Bago Region, Myanmar (Burma)",Myanmar,MM,Asia,earthquake,1743529957,1743529199,0,,"19.20,96.47",2025-04-01 17:39:59,2025-04-02 00:09:59,Bago,Taungoo
21.122,99.877,10.0,2.4,ml,,,,,,th_13322_202504011705,2025-04-01T17:05:37.000Z,"Yangka, Shan, Myanmar (Burma)",Myanmar,MM,Asia,earthquake,1743527956,1743527137,1,,"21.12,99.88",2025-04-01 17:05:37,2025-04-01 23:35:37,Shan,Kengtung
24.67,94.92,17.0,3.5,ml,,,,,,in_VlhUWXRvNVlKb01rTnNVUTVtSDNyUT09,2025-04-01T17:14:38.000Z,"Mong Tawng, Sagaing Region, Myanmar (Burma)",Myanmar,MM,Asia,earthquake,1743527385,1743526888,0,,"24.67,94.92",2025-04-01 17:01:28,2025-04-01 23:31:28,Saigang,Kalay
19.897,97.972,1.0,1.8,ml,,,,,,th_13321_202504011648,2025-04-01T16:48:05.000Z,"Ta Ho-pong, Shan, Myanmar (Burma)",Myanmar,MM,Asia,earthquake,1743526577,1743526085,0,,"19.90,97.97",2025-04-01 16:48:05,2025-04-01 23:18:05,Shan,Loikaw
20.0827,96.0863,3.223,4.8,mb,108.0,55.0,1.12,0.69,us,in_UFNIWmcvSXRySS94NG1YZEJKWGpjUT09,2025-04-02T09:23:04.729Z,,"37km N of Nay Pyi Taw, Burma (Myanmar)",MM,Asia,earthquake,1743521722,1743521260,0,,"20.07,96.13",2025-04-01 15:27:40,2025-04-01 21:57:40,Mandalay,Naypyidaw
21.855,96.471,10.0,3.2,ml,,,,,,th_13317_202504011512,2025-04-01T15:12:57.000Z,"Lema, Mandalay Region, Myanmar (Burma)",Myanmar,MM,Asia,earthquake,1743521019,1743520377,0,,"21.86,96.47",2025-04-01 15:12:57,2025-04-01 21:42:57,Mandalay,Pyin Oo Lwin
19.193,96.376,10.0,2.2,ml,,,,,,th_13316_202504011510,2025-04-01T15:10:24.000Z,"Hnawpin, Bago Region, Myanmar (Burma)",Myanmar,MM,Asia,earthquake,1743520977,1743520224,0,,"19.19,96.38",2025-04-01 15:10:24,2025-04-01 21:40:24,Bago,Taungoo
18.695,96.549,10.0,2.4,ml,,,,,,th_13315_202504011452,2025-04-01T14:52:57.000Z,"Zayatkyi, Bago Region, Myanmar (Burma)",Myanmar,MM,Asia,earthquake,1743519696,1743519177,0,,"18.70,96.55",2025-04-01 14:52:57,2025-04-01 21:22:57,Bago,Taungoo
19.135,96.564,10.0,2.9,ml,,,,,,th_13313_202504011436,2025-04-01T14:37:18.000Z,"Kyemin Ale, Kayin State, Myanmar (Burma)",Myanmar,MM,Asia,earthquake,1743518949,1743518238,1,,"19.30,96.56",2025-04-01 14:37:18,2025-04-01 21:07:18,Kayin,Taungoo
18.847,96.582,10.0,2.4,ml,,,,,,th_13312_202504011424,2025-04-01T14:24:26.000Z,"Kyauk-o-bya, Bago Region, Myanmar (Burma)",Myanmar,MM,Asia,earthquake,1743518225,1743517466,0,,"18.85,96.58",2025-04-01 14:24:26,2025-04-01 20:54:26,Bago,Taungoo
19.036,96.239,10.0,3.3,ml,,,,,,th_13311_202504011352,2025-04-01T13:52:42.000Z,"Kyun Kone, Bago Region, Myanmar (Burma)",Myanmar,MM,Asia,earthquake,1743516275,1743515562,0,,"19.04,96.24",2025-04-01 13:52:42,2025-04-01 20:22:42,Bago,Taungoo
19.882,97.961,3.0,3.8,ml,,,,,,th_13310_202504011340,2025-04-01T13:49:40.000Z,"Ta Ho-pong, Shan, Myanmar (Burma)",Myanmar,MM,Asia,earthquake,1743515309,1743514854,0,,"19.88,97.96",2025-04-01 13:40:54,2025-04-01 20:10:54,Shan,Loikaw
20.119,96.369,10.0,3.6,ml,,,,,,th_13309_202504011325,2025-04-01T13:35:40.000Z,"Kyatpye, Naypyidaw Union Territory, Myanmar (Burma)",Myanmar,MM,Asia,earthquake,1743514266,1743513906,0,,"20.12,96.37",2025-04-01 13:25:06,2025-04-01 19:55:06,Mandalay,Nay Pyi Taw
19.73,96.35,10.0,2.5,ml,,,,,,th_13307_202504011242,2025-04-01T12:42:43.000Z,"Ziyaing, နေပြည်တော် ပြည်တောင်စုနယ်မြေ, Myanmar (Burma)",Myanmar,MM,Asia,earthquake,1743511822,1743511363,0,,"19.73,96.35",2025-04-01 12:42:43,2025-04-01 19:12:43,Mandalay,Nay Pyi Taw
19.15,96.467,10.0,2.8,ml,,,,,,th_13306_202504011223,2025-04-01T12:23:03.000Z,"Karenchaung, Bago Region, Myanmar (Burma)",Myanmar,MM,Asia,earthquake,1743510650,1743510183,0,,"19.15,96.47",2025-04-01 12:23:03,2025-04-01 18:53:03,Bago,Taungoo
19.066,96.655,10.0,2.1,ml,,,,,,th_13305_202504011211,2025-04-01T12:11:23.000Z,"Than Daung Gyi, Kayin State, Myanmar (Burma)",Myanmar,MM,Asia,earthquake,1743510314,1743509483,0,,"19.07,96.66",2025-04-01 12:11:23,2025-04-01 18:41:23,Kayin,Taungoo
22.05,95.9514,10.0,5.0,mb,68.0,68.0,1.278,0.7,us,in_a1RuSmQ0ZnRuTGs1bGtNTUM1V0lhdz09,2025-04-02T18:16:59.229Z,"Mandalay, Burma (Myanmar)","15km WNW of Mandalay, Burma (Myanmar)",MM,Asia,earthquake,1743505679,1743505307,1,,"21.94,95.97",2025-04-01 11:01:47,2025-04-01 17:31:47,Saigang,Mandalay
19.452,96.576,10.0,3.3,ml,,,,,,th_13301_202504010847,2025-04-01T08:47:31.000Z,"Keykadaw, Kayin State, Myanmar (Burma)",Myanmar,MM,Asia,earthquake,1743498842,1743497251,0,,"19.45,96.58",2025-04-01 08:47:31,2025-04-01 15:17:31,Kayin,Nay Pyi Taw
19.139,96.533,10.0,3.0,ml,,,,,,th_13299_202504010657,2025-04-01T06:57:32.000Z,"Alegyaung Auk, Kayin State, Myanmar (Burma)",Myanmar,MM,Asia,earthquake,1743496316,1743490652,0,,"19.14,96.53",2025-04-01 06:57:32,2025-04-01 13:27:32,Kayin,Taungoo
19.622,96.302,10.0,3.6,ml,,,,,,th_13297_202504010638,2025-04-01T08:35:46.000Z,"Thitchazeik, နေပြည်တော် ပြည်တောင်စုနယ်မြေ, Myanmar (Burma)",Myanmar,MM,Asia,earthquake,1743496084,1743489534,0,,"19.62,96.30",2025-04-01 06:38:54,2025-04-01 13:08:54,Mandalay,Nay Pyi Taw
19.086,96.263,10.0,2.6,ml,,,,,,th_13296_202504010539,2025-04-01T05:39:28.000Z,"Kyun Kone, Bago Region, Myanmar (Burma)",Myanmar,MM,Asia,earthquake,1743495955,1743485968,0,,"19.09,96.26",2025-04-01 05:39:28,2025-04-01 12:09:28,Bago,Taungoo
19.789,97.932,3.0,2.4,ml,,,,,,th_13295_202504010523,2025-04-01T05:23:11.000Z,"Homein, Shan, Myanmar (Burma)",Myanmar,MM,Asia,earthquake,1743495830,1743484991,0,,"19.79,97.93",2025-04-01 05:23:11,2025-04-01 11:53:11,Shan,Loikaw
20.642,96.003,10.0,3.7,ml,,,,,,th_13294_202504010513,2025-04-01T08:35:46.000Z,"Pyawbwe, Mandalay Region, Myanmar (Burma)",Myanmar,MM,Asia,earthquake,1743495728,1743484413,0,,"20.64,96.00",2025-04-01 05:13:33,2025-04-01 11:43:33,Mandalay,Meiktila
18.073,96.543,10.0,3.1,ml,,,,,,th_13293_202504010333,2025-04-01T03:33:49.000Z,"Hpa Do, Bago Region, Myanmar (Burma)",Myanmar,MM,Asia,earthquake,1743495460,1743478429,0,,"18.07,96.54",2025-04-01 03:33:49,2025-04-01 10:03:49,Bago,Bago
18.934,96.519,10.0,2.3,ml,,,,,,th_13291_202504010148,2025-04-01T01:48:37.000Z,"Taungoo, Bago Region, Myanmar (Burma)",Myanmar,MM,Asia,earthquake,1743472989,1743472117,0,,"18.93,96.52",2025-04-01 01:48:37,2025-04-01 08:18:37,Bago,Taungoo
20.023,97.934,4.0,2.1,ml,,,,,,th_13289_202504010102,2025-04-01T01:02:41.000Z,"Wan Kongpao, Shan, Myanmar (Burma)",Myanmar,MM,Asia,earthquake,1743469786,1743469361,0,,"20.02,97.93",2025-04-01 01:02:41,2025-04-01 07:32:41,Shan,Loikaw
20.141,98.09,4.0,2.2,ml,,,,,,th_13288_202504010037,2025-04-01T00:37:49.000Z,"Üng-yao, Shan, Myanmar (Burma)",Myanmar,MM,Asia,earthquake,1743468857,1743467869,0,,"20.14,98.09",2025-04-01 00:37:49,2025-04-01 07:07:49,Shan,Loikaw
19.475,96.368,10.0,2.0,ml,,,,,,th_14156_202504302226,2025-04-30T22:26:44.000Z,"Thitkyem, Naypyidaw Union Territory, Myanmar (Burma)",Myanmar,MM,Asia,earthquake,1746052932,1746052004,0,,"19.48,96.37",2025-04-30 22:26:44,2025-05-01 04:56:44,Mandalay,Nay Pyi Taw
19.735,98.52,2.0,2.4,ml,,,,,,th_14154_202504302203,2025-04-30T22:03:14.000Z,"Wan Hsenlong, Shan, Myanmar (Burma)",Myanmar,MM,Asia,earthquake,1746051193,1746050594,0,,"19.74,98.52",2025-04-30 22:03:14,2025-05-01 04:33:14,Shan,Loikaw
20.145,96.597,10.0,2.1,ml,,,,,,th_14153_202504302154,2025-04-30T21:54:09.000Z,"Lonpar Anauk, Shan, Myanmar (Burma)",Myanmar,MM,Asia,earthquake,1746050990,1746050049,0,,"20.15,96.60",2025-04-30 21:54:09,2025-05-01 04:24:09,Shan,Inle Lake
20.735,96.356,10.0,2.6,ml,,,,,,th_14152_202504302000,2025-04-30T20:00:37.000Z,"Yin Mar Bin, Mandalay Region, Myanmar (Burma)",Myanmar,MM,Asia,earthquake,1746043930,1746043237,0,,"20.74,96.36",2025-04-30 20:00:37,2025-05-01 02:30:37,Mandalay,Meiktila
19.662,96.62,10.0,2.6,ml,,,,,,th_14151_202504301946,2025-04-30T19:46:02.000Z,"Lawu, Shan, Myanmar (Burma)",Myanmar,MM,Asia,earthquake,1746043021,1746042362,0,,"19.66,96.62",2025-04-30 19:46:02,2025-05-01 02:16:02,Shan,Nay Pyi Taw
18.512,96.545,10.0,2.2,ml,,,,,,th_14150_202504301942,2025-04-30T19:42:29.000Z,"Oakphyat, Bago Region, Myanmar (Burma)",Myanmar,MM,Asia,earthquake,1746042518,1746042149,0,,"18.51,96.55",2025-04-30 19:42:29,2025-05-01 02:12:29,Bago,Taungoo
18.57,96.338,10.0,2.3,ml,,,,,,th_14149_202504301907,2025-04-30T19:07:57.000Z,"Thewa, Bago Region, Myanmar (Burma)",Myanmar,MM,Asia,earthquake,1746040492,1746040077,0,,"18.57,96.34",2025-04-30 19:07:57,2025-05-01 01:37:57,Bago,Taungoo
20.015,97.859,10.0,1.9,ml,,,,,,th_14147_202504301754,2025-04-30T17:54:35.000Z,"Wan Kongpao, Shan, Myanmar (Burma)",Myanmar,MM,Asia,earthquake,1746036595,1746035675,0,,"20.02,97.86",2025-04-30 17:54:35,2025-05-01 00:24:35,Shan,Loikaw
20.096,98.089,6.0,2.7,ml,,,,,,th_14146_202504301748,2025-04-30T17:48:32.000Z,"Üng-yao, Shan, Myanmar (Burma)",Myanmar,MM,Asia,earthquake,1746035609,1746035312,0,,"20.10,98.09",2025-04-30 17:48:32,2025-05-01 00:18:32,Shan,Loikaw
18.79,97.547,5.0,1.4,ml,,,,,,th_14145_202504301731,2025-04-30T17:31:13.000Z,"Loi Mun, Kayah State, Myanmar (Burma)",Myanmar,MM,Asia,earthquake,1746034800,1746034273,0,,"18.79,97.55",2025-04-30 17:31:13,2025-05-01 00:01:13,Kayah,Loikaw
22.057,96.327,8.0,3.6,ml,,,,,,th_14144_202504301525,2025-04-30T15:35:37.000Z,"Pyin Oo Lwin, Mandalay Region, Myanmar (Burma)",Myanmar,MM,Asia,earthquake,1746027051,1746026700,0,,"22.06,96.33",2025-04-30 15:25:00,2025-04-30 21:55:00,Mandalay,Pyin Oo Lwin
19.041,96.436,10.0,2.1,ml,,,,,,th_14143_202504301432,2025-04-30T14:32:16.000Z,"Kaytumati, Bago Region, Myanmar (Burma)",Myanmar,MM,Asia,earthquake,1746024179,1746023536,0,,"19.04,96.44",2025-04-30 14:32:16,2025-04-30 21:02:16,Bago,Taungoo
21.697,96.375,10.0,2.8,ml,,,,,,th_14142_202504301423,2025-04-30T14:23:34.000Z,"Gwebin, Mandalay Region, Myanmar (Burma)",Myanmar,MM,Asia,earthquake,1746023491,1746023014,0,,"21.70,96.38",2025-04-30 14:23:34,2025-04-30 20:53:34,Mandalay,Pyin Oo Lwin
21.795,96.361,16.0,4.0,ml,,,,,,ems_202504_1802192,2025-04-30T12:42:42.000Z,"Thon-Daung-Ywa-Ma, Mandalay Region, Myanmar (Burma)",Myanmar,MM,Asia,earthquake,1746016971,1746016458,0,,"21.80,96.36",2025-04-30 12:34:18,2025-04-30 19:04:18,Mandalay,Pyin Oo Lwin
19.099,97.465,4.0,1.5,ml,,,,,,th_14140_202504301215,2025-04-30T12:15:29.000Z,"Ho-hwè-ko-sa-pa, Kayah State, Myanmar (Burma)",Myanmar,MM,Asia,earthquake,1746016243,1746015329,0,,"19.10,97.47",2025-04-30 12:15:29,2025-04-30 18:45:29,Kayah,Loikaw
19.056,96.414,10.0,2.9,ml,,,,,,th_14138_202504300943,2025-04-30T09:43:21.000Z,"Kaytumati, Bago Region, Myanmar (Burma)",Myanmar,MM,Asia,earthquake,1746006486,1746006201,0,,"19.06,96.41",2025-04-30 09:43:21,2025-04-30 16:13:21,Bago,Taungoo
18.444,96.518,10.0,2.7,ml,,,,,,th_14139_202504300909,2025-04-30T09:09:17.000Z,"Phyu, Bago Region, Myanmar (Burma)",Myanmar,MM,Asia,earthquake,1746006533,1746004157,0,,"18.44,96.52",2025-04-30 09:09:17,2025-04-30 15:39:17,Bago,Taungoo
19.118,96.407,10.0,2.7,ml,,,,,,th_14137_202504300805,2025-04-30T08:05:47.000Z,"Kyun Kone, Bago Region, Myanmar (Burma)",Myanmar,MM,Asia,earthquake,1746003463,1746000347,0,,"19.12,96.41",2025-04-30 08:05:47,2025-04-30 14:35:47,Bago,Taungoo
18.622,96.617,10.0,2.5,ml,,,,,,th_14136_202504300517,2025-04-30T05:17:06.000Z,"Kyaungbintha, Bago Region, Myanmar (Burma)",Myanmar,MM,Asia,earthquake,1745990502,1745990226,0,,"18.62,96.62",2025-04-30 05:17:06,2025-04-30 11:47:06,Bago,Taungoo
20.043,97.887,4.0,2.2,ml,,,,,,th_14135_202504300445,2025-04-30T04:45:25.000Z,"Wan Kongpao, Shan, Myanmar (Burma)",Myanmar,MM,Asia,earthquake,1745989364,1745988325,0,,"20.04,97.89",2025-04-30 04:45:25,2025-04-30 11:15:25,Shan,Loikaw
19.97,97.866,4.0,3.3,ml,,,,,,th_14134_202504300438,2025-04-30T04:38:40.000Z,"Ta Öngmu, Shan, Myanmar (Burma)",Myanmar,MM,Asia,earthquake,1745988461,1745987920,0,,"19.97,97.87",2025-04-30 04:38:40,2025-04-30 11:08:40,Shan,Loikaw
20.045,97.867,10.0,2.7,ml,,,,,,th_14133_202504300349,2025-04-30T03:49:46.000Z,"Wan Kongpao, Shan, Myanmar (Burma)",Myanmar,MM,Asia,earthquake,1745985279,1745984986,0,,"20.05,97.87",2025-04-30 03:49:46,2025-04-30 10:19:46,Shan,Loikaw
19.956,97.95,4.0,1.9,ml,,,,,,th_14132_202504300015,2025-04-30T00:15:59.000Z,"Ta Ho-pong, Shan, Myanmar (Burma)",Myanmar,MM,Asia,earthquake,1745973905,1745972159,0,,"19.96,97.95",2025-04-30 00:15:59,2025-04-30 06:45:59,Shan,Loikaw
20.718,97.882,4.0,2.2,ml,,,,,,th_14131_202504292341,2025-04-29T23:41:15.000Z,"Hai Hpak, Shan, Myanmar (Burma)",Myanmar,MM,Asia,earthquake,1745971362,1745970075,0,,"20.72,97.88",2025-04-29 23:41:15,2025-04-30 06:11:15,Shan,Taunggyi
20.992,98.545,4.0,2.8,ml,,,,,,th_14130_202504292339,2025-04-29T23:39:22.000Z,"Wan Hpai, Shan, Myanmar (Burma)",Myanmar,MM,Asia,earthquake,1745971306,1745969962,0,,"20.99,98.55",2025-04-29 23:39:22,2025-04-30 06:09:22,Shan,Kengtung
19.158,96.482,10.0,2.8,ml,,,,,,th_14129_202504292216,2025-04-29T22:16:57.000Z,"Karenchaung, Bago Region, Myanmar (Burma)",Myanmar,MM,Asia,earthquake,1745965332,1745965017,1,,"19.16,96.48",2025-04-29 22:16:57,2025-04-30 04:46:57,Bago,Taungoo
19.882,96.345,10.0,2.5,ml,,,,,,th_14128_202504292101,2025-04-29T21:01:34.000Z,"Yebyaungbyan, Naypyidaw Union Territory, Myanmar (Burma)",Myanmar,MM,Asia,earthquake,1745960832,1745960494,0,,"19.88,96.35",2025-04-29 21:01:34,2025-04-30 03:31:34,Mandalay,Nay Pyi Taw
19.03,96.244,10.0,2.3,ml,,,,,,th_14125_202504291845,2025-04-29T18:45:57.000Z,"Kyun Kone, Bago Region, Myanmar (Burma)",Myanmar,MM,Asia,earthquake,1745953073,1745952357,0,,"19.03,96.24",2025-04-29 18:45:57,2025-04-30 01:15:57,Bago,Taungoo
20.028,96.224,10.0,2.5,ml,,,,,,th_14124_202504291810,2025-04-29T18:10:24.000Z,"Shwemyo, Naypyidaw Union Territory, Myanmar (Burma)",Myanmar,MM,Asia,earthquake,1745950524,1745950224,0,,"20.03,96.22",2025-04-29 18:10:24,2025-04-30 00:40:24,Mandalay,Nay Pyi Taw
20.055,96.297,10.0,2.5,ml,,,,,,th_14123_202504291630,2025-04-29T16:30:49.000Z,"Kintha, Naypyidaw Union Territory, Myanmar (Burma)",Myanmar,MM,Asia,earthquake,1745944687,1745944249,0,,"20.06,96.30",2025-04-29 16:30:49,2025-04-29 23:00:49,Mandalay,Nay Pyi Taw
19.55,96.239,10.0,2.5,ml,,,,,,th_14122_202504291600,2025-04-29T16:00:36.000Z,"Kyar Inn, Naypyidaw Union Territory, Myanmar (Burma)",Myanmar,MM,Asia,earthquake,1745942877,1745942436,0,,"19.55,96.24",2025-04-29 16:00:36,2025-04-29 22:30:36,Mandalay,Nay Pyi Taw
20.113,97.969,1.0,1.6,ml,,,,,,th_14121_202504291458,2025-04-29T14:58:25.000Z,"Wan Hwè-ning, Shan, Myanmar (Burma)",Myanmar,MM,Asia,earthquake,1745939196,1745938705,0,,"20.11,97.97",2025-04-29 14:58:25,2025-04-29 21:28:25,Shan,Loikaw
20.539,98.15,10.0,2.2,ml,,,,,,th_14120_202504291357,2025-04-29T13:57:51.000Z,"Wan Tüngmong, Shan, Myanmar (Burma)",Myanmar,MM,Asia,earthquake,1745935461,1745935071,0,,"20.54,98.15",2025-04-29 13:57:51,2025-04-29 20:27:51,Shan,Taunggyi
19.188,96.332,10.0,2.3,ml,,,,,,th_14117_202504290916,2025-04-29T09:16:44.000Z,"Yedashe, Bago Region, Myanmar (Burma)",Myanmar,MM,Asia,earthquake,1745919019,1745918204,0,,"19.19,96.33",2025-04-29 09:16:44,2025-04-29 15:46:44,Bago,Taungoo
22.476,96.17,10.0,3.2,ml,,,,,,th_14119_202504290855,2025-04-29T08:55:34.000Z,"Nyaung Woon, Mandalay Region, Myanmar (Burma)",Myanmar,MM,Asia,earthquake,1745919578,1745916934,0,,"22.48,96.17",2025-04-29 08:55:34,2025-04-29 15:25:34,Mandalay,Shwebo
17.476,95.993,10.0,2.3,ml,,,,,,th_14118_202504290853,2025-04-29T08:53:33.000Z,"Kinpadi, Yangon Region, Myanmar (Burma)",Myanmar,MM,Asia,earthquake,1745919510,1745916813,0,,"17.48,95.99",2025-04-29 08:53:33,2025-04-29 15:23:33,Yangon,Bago
19.236,96.521,10.0,2.5,ml,,,,,,th_14115_202504290817,2025-04-29T08:17:32.000Z,"Pebo, Kayin State, Myanmar (Burma)",Myanmar,MM,Asia,earthquake,1745915878,1745914652,0,,"19.24,96.52",2025-04-29 08:17:32,2025-04-29 14:47:32,Kayin,Taungoo
22.085,96.563,10.0,3.2,ml,,,,,,th_14114_202504290726,2025-04-29T07:26:12.000Z,"Myainggyi, Mandalay Region, Myanmar (Burma)",Myanmar,MM,Asia,earthquake,1745912278,1745911572,0,,"22.09,96.56",2025-04-29 07:26:12,2025-04-29 13:56:12,Mandalay,Pyin Oo Lwin
19.549,96.329,10.0,2.6,ml,,,,,,th_14113_202504290316,2025-04-29T03:16:54.000Z,"Kyauk-o, နေပြည်တော် ပြည်တောင်စုနယ်မြေ, Myanmar (Burma)",Myanmar,MM,Asia,earthquake,1745897314,1745896614,0,,"19.55,96.33",2025-04-29 03:16:54,2025-04-29 09:46:54,Mandalay,Nay Pyi Taw
20.044,98.006,5.0,1.8,ml,,,,,,th_14112_202504282312,2025-04-28T23:12:19.000Z,"Wan Konlang, Shan, Myanmar (Burma)",Myanmar,MM,Asia,earthquake,1745882527,1745881939,0,,"20.04,98.01",2025-04-28 23:12:19,2025-04-29 05:42:19,Shan,Loikaw
19.342,96.582,10.0,2.3,ml,,,,,,th_14111_202504282224,2025-04-28T22:24:06.000Z,"Keykadaw, Kayin State, Myanmar (Burma)",Myanmar,MM,Asia,earthquake,1745879896,1745879046,0,,"19.34,96.58",2025-04-28 22:24:06,2025-04-29 04:54:06,Kayin,Taungoo
20.34,96.506,10.0,2.6,ml,,,,,,th_14110_202504282125,2025-04-28T21:25:22.000Z,"Nyaungchin-myauk, Shan, Myanmar (Burma)",Myanmar,MM,Asia,earthquake,1745876321,1745875522,0,,"20.34,96.51",2025-04-28 21:25:22,2025-04-29 03:55:22,Shan,Inle Lake
18.111,97.662,1.0,2.1,ml,,,,,,th_14109_202504282048,2025-04-28T20:48:46.000Z,"Aulawsaukhi, Kayin State, Myanmar (Burma)",Myanmar,MM,Asia,earthquake,1745874335,1745873326,0,,"18.11,97.66",2025-04-28 20:48:46,2025-04-29 03:18:46,Kayin,Hpa-An
20.098,97.943,10.0,2.0,ml,,,,,,th_14108_202504281716,2025-04-28T17:16:29.000Z,"Wan Hwè-ning, Shan, Myanmar (Burma)",Myanmar,MM,Asia,earthquake,1745860890,1745860589,0,,"20.10,97.94",2025-04-28 17:16:29,2025-04-28 23:46:29,Shan,Loikaw
21.839,96.478,10.0,2.7,ml,,,,,,th_14107_202504281659,2025-04-28T16:59:01.000Z,"Lema, Mandalay Region, Myanmar (Burma)",Myanmar,MM,Asia,earthquake,1745860124,1745859541,0,,"21.84,96.48",2025-04-28 16:59:01,2025-04-28 23:29:01,Mandalay,Pyin Oo Lwin
18.768,96.516,10.0,2.0,ml,,,,,,th_14105_202504281559,2025-04-28T15:59:51.000Z,"Bomari, Bago Region, Myanmar (Burma)",Myanmar,MM,Asia,earthquake,1745856508,1745855991,0,,"18.77,96.52",2025-04-28 15:59:51,2025-04-28 22:29:51,Bago,Taungoo
22.358,97.842,10.0,3.5,ml,,,,,,th_14104_202504281548,2025-04-28T16:00:33.000Z,"Lenti, Shan, Myanmar (Burma)",Myanmar,MM,Asia,earthquake,1745856018,1745855316,0,,"22.36,97.84",2025-04-28 15:48:36,2025-04-28 22:18:36,Shan,Hsipaw
19.65,96.446,10.0,2.7,ml,,,,,,th_14103_202504281252,2025-04-28T12:52:01.000Z,"Koywa, Naypyidaw Union Territory, Myanmar (Burma)",Myanmar,MM,Asia,earthquake,1745845110,1745844721,0,,"19.65,96.45",2025-04-28 12:52:01,2025-04-28 19:22:01,Mandalay,Nay Pyi Taw
19.524,96.069,10.0,2.5,ml,,,,,,th_14102_202504280920,2025-04-28T09:20:28.000Z,"Kontha, Naypyidaw Union Territory, Myanmar (Burma)",Myanmar,MM,Asia,earthquake,1745832692,1745832028,0,,"19.52,96.07",2025-04-28 09:20:28,2025-04-28 15:50:28,Mandalay,Naypyidaw
19.981,97.869,10.0,2.2,ml,,,,,,th_14101_202504280650,2025-04-28T06:50:39.000Z,"Ta Öngmu, Shan, Myanmar (Burma)",Myanmar,MM,Asia,earthquake,1745823388,1745823039,0,,"19.98,97.87",2025-04-28 06:50:39,2025-04-28 13:20:39,Shan,Loikaw
19.951,96.359,10.0,2.7,ml,,,,,,th_14100_202504280544,2025-04-28T05:44:31.000Z,"Thalaing, Naypyidaw Union Territory, Myanmar (Burma)",Myanmar,MM,Asia,earthquake,1745819508,1745819071,0,,"19.95,96.36",2025-04-28 05:44:31,2025-04-28 12:14:31,Mandalay,Nay Pyi Taw
19.4054,96.075,10.0,4.4,mb,,,,,,in_YllqdThkeXU1QXZyVWNNeThXY3UzUT09,2025-04-28T06:49:35.000Z,"Yae Ni, Bago Region, Myanmar (Burma)",Myanmar,MM,Asia,earthquake,1745804437,1745803680,1,,"19.24,96.23",2025-04-28 01:28:00,2025-04-28 07:58:00,Bago,Naypyidaw
19.957,96.529,10.0,2.5,ml,,,,,,th_14096_202504272032,2025-04-27T20:32:20.000Z,"Taunggya, Shan, Myanmar (Burma)",Myanmar,MM,Asia,earthquake,1745787467,1745785940,0,,"19.96,96.53",2025-04-27 20:32:20,2025-04-28 03:02:20,Shan,Nay Pyi Taw
18.631,96.475,10.0,2.8,ml,,,,,,th_14095_202504271843,2025-04-27T18:43:04.000Z,"Kan Ka Lay, ပဲခူးတိုင်းဒေသကြီး, Myanmar (Burma)",Myanmar,MM,Asia,earthquake,1745781542,1745779384,0,,"18.63,96.48",2025-04-27 18:43:04,2025-04-28 01:13:04,Bago,Taungoo
21.537,98.51,10.0,3.4,ml,,,,,,th_14094_202504271704,2025-04-27T17:04:11.000Z,"Wan Hpakha, Shan, Myanmar (Burma)",Myanmar,MM,Asia,earthquake,1745774245,1745773451,0,,"21.54,98.51",2025-04-27 17:04:11,2025-04-27 23:34:11,Shan,Kengtung
21.861,96.236,10.0,4.4,ml,,,,,,in_YUUxeDlKU0duaENMNnM2eGdwOE9lZz09,2025-04-27T16:14:39.000Z,"Mandalay, Mandalay Region, Myanmar (Burma)",Myanmar,MM,Asia,earthquake,1745770093,1745769326,1,,"21.99,96.10",2025-04-27 15:55:26,2025-04-27 22:25:26,Mandalay,Mandalay
19.72,96.347,10.0,2.6,ml,,,,,,th_14092_202504271432,2025-04-27T14:32:06.000Z,"Ziyaing, နေပြည်တော် ပြည်တောင်စုနယ်မြေ, Myanmar (Burma)",Myanmar,MM,Asia,earthquake,1745764634,1745764326,0,,"19.72,96.35",2025-04-27 14:32:06,2025-04-27 21:02:06,Mandalay,Nay Pyi Taw
19.665,96.381,10.0,2.3,ml,,,,,,th_14091_202504271257,2025-04-27T12:57:14.000Z,"Mayandaung Auk, Naypyidaw Union Territory, Myanmar (Burma)",Myanmar,MM,Asia,earthquake,1745758998,1745758634,1,,"19.67,96.38",2025-04-27 12:57:14,2025-04-27 19:27:14,Mandalay,Nay Pyi Taw
21.648,96.623,10.0,3.0,ml,,,,,,th_14090_202504270756,2025-04-27T07:56:54.000Z,"Zayitke, Mandalay Region, Myanmar (Burma)",Myanmar,MM,Asia,earthquake,1745742199,1745740614,0,,"21.65,96.62",2025-04-27 07:56:54,2025-04-27 14:26:54,Mandalay,Pyin Oo Lwin
19.295,96.409,10.0,2.5,ml,,,,,,th_14089_202504270701,2025-04-27T07:01:08.000Z,"Sibaing, Bago Region, Myanmar (Burma)",Myanmar,MM,Asia,earthquake,1745738201,1745737268,0,,"19.30,96.41",2025-04-27 07:01:08,2025-04-27 13:31:08,Bago,Taungoo
18.777,96.546,10.0,2.3,ml,,,,,,th_14088_202504270449,2025-04-27T04:49:31.000Z,"Bomari, Bago Region, Myanmar (Burma)",Myanmar,MM,Asia,earthquake,1745730511,1745729371,0,,"18.78,96.55",2025-04-27 04:49:31,2025-04-27 11:19:31,Bago,Taungoo
17.318,96.063,10.0,2.9,ml,,,,,,th_14086_202504262252,2025-04-26T22:52:41.000Z,"Taungtat, Yangon Region, Myanmar (Burma)",Myanmar,MM,Asia,earthquake,1745708824,1745707961,0,,"17.32,96.06",2025-04-26 22:52:41,2025-04-27 05:22:41,Yangon,Bago
21.562,96.103,10.0,2.9,ml,,,,,,th_14085_202504262138,2025-04-26T21:38:14.000Z,"Sa Mar, Mandalay Region, Myanmar (Burma)",Myanmar,MM,Asia,earthquake,1745704279,1745703494,0,,"21.56,96.10",2025-04-26 21:38:14,2025-04-27 04:08:14,Mandalay,Sagaing
21.562,96.345,10.0,3.2,ml,,,,,,th_14084_202504262008,2025-04-26T20:08:11.000Z,"Chaungzon, Mandalay Region, Myanmar (Burma)",Myanmar,MM,Asia,earthquake,1745704196,1745698091,0,,"21.56,96.35",2025-04-26 20:08:11,2025-04-27 02:38:11,Mandalay,Sagaing
20.831,96.406,10.0,2.4,ml,,,,,,th_14083_202504261940,2025-04-26T19:40:15.000Z,"Pyinyaung, Mandalay Region, Myanmar (Burma)",Myanmar,MM,Asia,earthquake,1745697330,1745696415,0,,"20.83,96.41",2025-04-26 19:40:15,2025-04-27 02:10:15,Mandalay,Meiktila
19.832,98.034,10.0,1.7,ml,,,,,,th_14082_202504261843,2025-04-26T18:43:37.000Z,"Loikwang, Shan, Myanmar (Burma)",Myanmar,MM,Asia,earthquake,1745693475,1745693017,1,,"19.83,98.03",2025-04-26 18:43:37,2025-04-27 01:13:37,Shan,Loikaw
19.917,97.991,1.0,1.7,ml,,,,,,th_14081_202504261819,2025-04-26T18:19:46.000Z,"Ta Ho-pong, Shan, Myanmar (Burma)",Myanmar,MM,Asia,earthquake,1745692186,1745691586,1,,"19.92,97.99",2025-04-26 18:19:46,2025-04-27 00:49:46,Shan,Loikaw
19.163,96.511,10.0,2.5,ml,,,,,,th_14080_202504261805,2025-04-26T18:05:29.000Z,"Karenchaung, Bago Region, Myanmar (Burma)",Myanmar,MM,Asia,earthquake,1745691154,1745690729,0,,"19.16,96.51",2025-04-26 18:05:29,2025-04-27 00:35:29,Bago,Taungoo
19.083,96.354,10.0,2.1,ml,,,,,,th_14076_202504261449,2025-04-26T14:49:49.000Z,"Kyun Kone, Bago Region, Myanmar (Burma)",Myanmar,MM,Asia,earthquake,1745679429,1745678989,1,,"19.08,96.35",2025-04-26 14:49:49,2025-04-26 21:19:49,Bago,Taungoo
21.495,96.28,10.0,4.0,ml,,,,,,ems_202504_1800294,2025-04-26T14:35:34.000Z,"Thanywa, Mandalay Region, Myanmar (Burma)",Myanmar,MM,Asia,earthquake,1745678146,1745677407,0,,"21.50,96.28",2025-04-26 14:23:27,2025-04-26 20:53:27,Mandalay,Sagaing
22.14,96.521,10.0,2.8,ml,,,,,,th_14074_202504261239,2025-04-26T12:39:50.000Z,"Nawng Thahkaw, Mandalay Region, Myanmar (Burma)",Myanmar,MM,Asia,earthquake,1745672004,1745671190,0,,"22.14,96.52",2025-04-26 12:39:50,2025-04-26 19:09:50,Mandalay,Pyin Oo Lwin
20.884,97.97,10.0,2.6,ml,,,,,,th_14073_202504261233,2025-04-26T12:33:27.000Z,"Wan Kang, Shan, Myanmar (Burma)",Myanmar,MM,Asia,earthquake,1745671446,1745670807,0,,"20.88,97.97",2025-04-26 12:33:27,2025-04-26 19:03:27,Shan,Taunggyi
18.161,96.276,10.0,2.5,ml,,,,,,th_14072_202504261101,2025-04-26T11:01:07.000Z,"Atet Bandayaw, Bago Region, Myanmar (Burma)",Myanmar,MM,Asia,earthquake,1745665676,1745665267,0,,"18.16,96.28",2025-04-26 11:01:07,2025-04-26 17:31:07,Bago,Taungoo
20.005,98.021,10.0,2.1,ml,,,,,,th_14070_202504260922,2025-04-26T09:23:27.000Z,"Amegon, Bago Region, Myanmar (Burma)",Myanmar,MM,Asia,earthquake,1745659861,1745659407,1,,"18.60,96.50",2025-04-26 09:23:27,2025-04-26 15:53:27,Shan,Loikaw
19.197,96.497,10.0,3.0,ml,,,,,,th_14069_202504260904,2025-04-26T09:04:54.000Z,"Karenchaung, Bago Region, Myanmar (Burma)",Myanmar,MM,Asia,earthquake,1745658764,1745658294,0,,"19.20,96.50",2025-04-26 09:04:54,2025-04-26 15:34:54,Bago,Taungoo
19.977,98.044,10.0,1.9,ml,,,,,,th_14068_202504260722,2025-04-26T07:22:13.000Z,"Wan Konlang, Shan, Myanmar (Burma)",Myanmar,MM,Asia,earthquake,1745652605,1745652133,0,,"19.98,98.04",2025-04-26 07:22:13,2025-04-26 13:52:13,Shan,Loikaw
18.011,96.605,10.0,2.4,ml,,,,,,th_14067_202504260643,2025-04-26T06:43:17.000Z,"Hpa Do, Bago Region, Myanmar (Burma)",Myanmar,MM,Asia,earthquake,1745650371,1745649797,0,,"18.01,96.61",2025-04-26 06:43:17,2025-04-26 13:13:17,Bago,Bago
21.896,96.584,10.0,3.0,ml,,,,,,th_14065_202504260310,2025-04-26T03:10:13.000Z,"Baw, Mandalay Region, Myanmar (Burma)",Myanmar,MM,Asia,earthquake,1745638316,1745637013,0,,"21.90,96.58",2025-04-26 03:10:13,2025-04-26 09:40:13,Mandalay,Pyin Oo Lwin
21.615,96.289,10.0,3.3,ml,,,,,,th_14064_202504260110,2025-04-26T01:10:46.000Z,"Kado, Mandalay Region, Myanmar (Burma)",Myanmar,MM,Asia,earthquake,1745630603,1745629846,0,,"21.62,96.29",2025-04-26 01:10:46,2025-04-26 07:40:46,Mandalay,Sagaing
18.547,96.509,10.0,2.3,ml,,,,,,th_14063_202504252138,2025-04-25T21:38:21.000Z,"Amegon, Bago Region, Myanmar (Burma)",Myanmar,MM,Asia,earthquake,1745617495,1745617101,0,,"18.55,96.51",2025-04-25 21:38:21,2025-04-26 04:08:21,Bago,Taungoo
21.086,96.519,10.0,2.7,ml,,,,,,th_14062_202504252100,2025-04-25T21:00:04.000Z,"Myaing, Shan, Myanmar (Burma)",Myanmar,MM,Asia,earthquake,1745616160,1745614804,0,,"21.09,96.52",2025-04-25 21:00:04,2025-04-26 03:30:04,Shan,Taunggyi
18.968,96.385,10.0,2.8,ml,,,,,,th_14059_202504251933,2025-04-25T19:33:23.000Z,"Kaytumati, Bago Region, Myanmar (Burma)",Myanmar,MM,Asia,earthquake,1745610029,1745609603,0,,"18.97,96.39",2025-04-25 19:33:23,2025-04-26 02:03:23,Bago,Taungoo
18.977,96.437,10.0,2.2,ml,,,,,,th_14060_202504251931,2025-04-25T19:31:18.000Z,"Bago Region, Myanmar (Burma)",Myanmar,MM,Asia,earthquake,1745610411,1745609478,0,,"18.98,96.44",2025-04-25 19:31:18,2025-04-26 02:01:18,Bago,Taungoo
20.4,98.112,10.0,2.6,ml,,,,,,th_14058_202504251912,2025-04-25T19:12:06.000Z,"Hangna, Shan, Myanmar (Burma)",Myanmar,MM,Asia,earthquake,1745608637,1745608326,0,,"20.40,98.11",2025-04-25 19:12:06,2025-04-26 01:42:06,Shan,Taunggyi
18.553,96.485,10.0,2.3,ml,,,,,,th_14057_202504251858,2025-04-25T18:58:33.000Z,"Amegon, Bago Region, Myanmar (Burma)",Myanmar,MM,Asia,earthquake,1745608104,1745607513,0,,"18.55,96.49",2025-04-25 18:58:33,2025-04-26 01:28:33,Bago,Taungoo
22.188,96.373,10.0,3.1,ml,,,,,,th_14056_202504251852,2025-04-25T18:52:48.000Z,"Daw-wa-kyaung, Mandalay Region, Myanmar (Burma)",Myanmar,MM,Asia,earthquake,1745607702,1745607168,0,,"22.19,96.37",2025-04-25 18:52:48,2025-04-26 01:22:48,Mandalay,Pyin Oo Lwin
19.128,96.636,10.0,2.0,ml,,,,,,th_14055_202504251722,2025-04-25T17:22:34.000Z,"Than Daung Gyi, Kayin State, Myanmar (Burma)",Myanmar,MM,Asia,earthquake,1745605570,1745601754,0,,"19.13,96.64",2025-04-25 17:22:34,2025-04-25 23:52:34,Kayin,Taungoo
19.18,96.501,10.0,2.0,ml,,,,,,th_14054_202504251713,2025-04-25T17:13:30.000Z,"Karenchaung, Bago Region, Myanmar (Burma)",Myanmar,MM,Asia,earthquake,1745605051,1745601210,0,,"19.18,96.50",2025-04-25 17:13:30,2025-04-25 23:43:30,Bago,Taungoo
19.076,96.429,10.0,3.6,ml,,,,,,th_14052_202504251647,2025-04-25T16:56:53.000Z,"Kyun Kone, Bago Region, Myanmar (Burma)",Myanmar,MM,Asia,earthquake,1745599998,1745599670,0,,"19.08,96.43",2025-04-25 16:47:50,2025-04-25 23:17:50,Bago,Taungoo
20.197,98.373,10.0,2.6,ml,,,,,,th_14051_202504251620,2025-04-25T16:20:02.000Z,"Wan Kyawng, Shan, Myanmar (Burma)",Myanmar,MM,Asia,earthquake,1745598326,1745598002,0,,"20.20,98.37",2025-04-25 16:20:02,2025-04-25 22:50:02,Shan,Loikaw
20.22,98.467,1.0,2.1,ml,,,,,,th_14050_202504251535,2025-04-25T15:35:23.000Z,"Wan Hpa, Shan, Myanmar (Burma)",Myanmar,MM,Asia,earthquake,1745595715,1745595323,0,,"20.22,98.47",2025-04-25 15:35:23,2025-04-25 22:05:23,Shan,Loikaw
19.107,96.282,10.0,3.0,ml,,,,,,th_14047_202504251349,2025-04-25T13:49:58.000Z,"Kyun Kone, Bago Region, Myanmar (Burma)",Myanmar,MM,Asia,earthquake,1745589484,1745588998,0,,"19.11,96.28",2025-04-25 13:49:58,2025-04-25 20:19:58,Bago,Taungoo
18.628,96.395,10.0,3.2,ml,,,,,,th_14046_202504251348,2025-04-25T13:48:19.000Z,"Nyaung Chay Htauk, Bago Region, Myanmar (Burma)",Myanmar,MM,Asia,earthquake,1745589244,1745588899,0,,"18.63,96.40",2025-04-25 13:48:19,2025-04-25 20:18:19,Bago,Taungoo
18.844,96.552,10.0,2.0,ml,,,,,,th_14045_202504251344,2025-04-25T13:44:18.000Z,"Htantabin, Bago Region, Myanmar (Burma)",Myanmar,MM,Asia,earthquake,1745589128,1745588658,0,,"18.84,96.55",2025-04-25 13:44:18,2025-04-25 20:14:18,Bago,Taungoo
18.393,96.592,10.0,2.2,ml,,,,,,th_14043_202504251009,2025-04-25T10:09:50.000Z,"Buyagon, Bago Region, Myanmar (Burma)",Myanmar,MM,Asia,earthquake,1745577654,1745575790,0,,"18.39,96.59",2025-04-25 10:09:50,2025-04-25 16:39:50,Bago,Taungoo
20.722,97.602,4.0,2.0,ml,,,,,,th_14042_202504250953,2025-04-25T09:53:49.000Z,"Nammang, Shan, Myanmar (Burma)",Myanmar,MM,Asia,earthquake,1745575427,1745574829,0,,"20.72,97.60",2025-04-25 09:53:49,2025-04-25 16:23:49,Shan,Taunggyi
20.002,96.319,10.0,2.4,ml,,,,,,th_14041_202504250931,2025-04-25T09:31:03.000Z,"Thalaing, Naypyidaw Union Territory, Myanmar (Burma)",Myanmar,MM,Asia,earthquake,1745573845,1745573463,0,,"20.00,96.32",2025-04-25 09:31:03,2025-04-25 16:01:03,Mandalay,Nay Pyi Taw
18.697,96.533,10.0,2.0,ml,,,,,,th_14040_202504250856,2025-04-25T08:56:01.000Z,"Zayatkyi, Bago Region, Myanmar (Burma)",Myanmar,MM,Asia,earthquake,1745571756,1745571361,0,,"18.70,96.53",2025-04-25 08:56:01,2025-04-25 15:26:01,Bago,Taungoo
21.618,96.492,10.0,3.5,ml,,,,,,th_14038_202504250729,2025-04-25T07:42:38.000Z,"Gwebin, Mandalay Region, Myanmar (Burma)",Myanmar,MM,Asia,earthquake,1745566549,1745566166,0,,"21.62,96.49",2025-04-25 07:29:26,2025-04-25 13:59:26,Mandalay,Pyin Oo Lwin
19.354,96.345,10.0,2.3,ml,,,,,,th_14037_202504250551,2025-04-25T05:51:25.000Z,"Thagaya, Bago Region, Myanmar (Burma)",Myanmar,MM,Asia,earthquake,1745560672,1745560285,0,,"19.35,96.35",2025-04-25 05:51:25,2025-04-25 12:21:25,Bago,Taungoo
19.383,96.937,4.0,2.0,ml,,,,,,th_14036_202504250525,2025-04-25T05:25:54.000Z,"Hoyar, Kayah State, Myanmar (Burma)",Myanmar,MM,Asia,earthquake,1745560220,1745558754,0,,"19.38,96.94",2025-04-25 05:25:54,2025-04-25 11:55:54,Kayah,Loikaw
18.214,96.617,10.0,2.3,ml,,,,,,th_14034_202504250048,2025-04-25T00:48:32.000Z,"Penwegon, Bago Region, Myanmar (Burma)",Myanmar,MM,Asia,earthquake,1745542455,1745542112,0,,"18.21,96.62",2025-04-25 00:48:32,2025-04-25 07:18:32,Bago,Taungoo
20.762,96.424,10.0,2.7,ml,,,,,,th_14033_202504242153,2025-04-24T21:53:01.000Z,"Pyingyaung, Mandalay Region, Myanmar (Burma)",Myanmar,MM,Asia,earthquake,1745532412,1745531581,0,,"20.76,96.42",2025-04-24 21:53:01,2025-04-25 04:23:01,Mandalay,Inle Lake
21.576,96.646,10.0,3.0,ml,,,,,,th_14032_202504242148,2025-04-24T21:48:15.000Z,"Mezaliywa, Shan, Myanmar (Burma)",Myanmar,MM,Asia,earthquake,1745531951,1745531295,0,,"21.58,96.65",2025-04-24 21:48:15,2025-04-25 04:18:15,Shan,Pyin Oo Lwin
19.495,96.346,10.0,2.4,ml,,,,,,th_14031_202504242035,2025-04-24T20:35:40.000Z,"Thitkyem, Naypyidaw Union Territory, Myanmar (Burma)",Myanmar,MM,Asia,earthquake,1745527690,1745526940,0,,"19.50,96.35",2025-04-24 20:35:40,2025-04-25 03:05:40,Mandalay,Nay Pyi Taw
19.74,96.959,10.0,2.1,ml,,,,,,th_14030_202504242010,2025-04-24T20:10:21.000Z,"Engla, Shan, Myanmar (Burma)",Myanmar,MM,Asia,earthquake,1745525833,1745525421,0,,"19.74,96.96",2025-04-24 20:10:21,2025-04-25 02:40:21,Shan,Loikaw
20.351,98.264,10.0,2.1,ml,,,,,,th_14029_202504241823,2025-04-24T18:23:15.000Z,"Na-law, Shan, Myanmar (Burma)",Myanmar,MM,Asia,earthquake,1745519354,1745518995,1,,"20.35,98.26",2025-04-24 18:23:15,2025-04-25 00:53:15,Shan,Loikaw
20.672,96.146,10.0,3.2,ml,,,,,,th_14028_202504241745,2025-04-24T17:45:29.000Z,"Shanywa, Mandalay Region, Myanmar (Burma)",Myanmar,MM,Asia,earthquake,1745517101,1745516729,0,,"20.67,96.15",2025-04-24 17:45:29,2025-04-25 00:15:29,Mandalay,Meiktila
21.468,96.026,10.0,2.9,ml,,,,,,th_14027_202504241643,2025-04-24T16:43:58.000Z,"Da Ye Gaung, Mandalay Region, Myanmar (Burma)",Myanmar,MM,Asia,earthquake,1745513601,1745513038,0,,"21.47,96.03",2025-04-24 16:43:58,2025-04-24 23:13:58,Mandalay,Sagaing
18.76,96.666,10.0,2.9,ml,,,,,,th_14026_202504241532,2025-04-24T15:32:20.000Z,"Alesengyaung, Kayin State, Myanmar (Burma)",Myanmar,MM,Asia,earthquake,1745509526,1745508740,0,,"18.76,96.67",2025-04-24 15:32:20,2025-04-24 22:02:20,Kayin,Taungoo
20.754,96.379,10.0,2.9,ml,,,,,,th_14023_202504241239,2025-04-24T12:39:34.000Z,"Pyingyaung, Mandalay Region, Myanmar (Burma)",Myanmar,MM,Asia,earthquake,1745498728,1745498374,0,,"20.75,96.38",2025-04-24 12:39:34,2025-04-24 19:09:34,Mandalay,Meiktila
18.09,96.884,10.0,2.6,ml,,,,,,th_14022_202504240352,2025-04-24T03:52:30.000Z,"Minlan Tazeik, Bago Region, Myanmar (Burma)",Myanmar,MM,Asia,earthquake,1745467543,1745466750,0,,"18.09,96.88",2025-04-24 03:52:30,2025-04-24 10:22:30,Bago,Bago
19.329,96.313,10.0,2.6,ml,,,,,,th_14021_202504240316,2025-04-24T03:16:53.000Z,"Thagaya, Bago Region, Myanmar (Burma)",Myanmar,MM,Asia,earthquake,1745465066,1745464613,0,,"19.33,96.31",2025-04-24 03:16:53,2025-04-24 09:46:53,Bago,Taungoo
23.73,93.65,24.0,3.2,ml,,,,,,in_TStxcGZMYW02SUZLU2JRWkF3aDFZZz09,2025-04-23T21:00:31.000Z,"Tuikhiang, Chin State, Myanmar (Burma)",Myanmar,MM,Asia,earthquake,1745441849,1745441071,0,,"23.73,93.65",2025-04-23 20:44:31,2025-04-24 03:14:31,Chin,Kalay
23.43,93.52,69.0,3.6,ml,,,,,,in_WjVncnNxcGJJd295YmNJU0VPOFdGQT09,2025-04-23T20:14:34.000Z,"Mual Nuam (A), Chin State, Myanmar (Burma)",Myanmar,MM,Asia,earthquake,1745438932,1745438037,0,,"23.43,93.52",2025-04-23 19:53:57,2025-04-24 02:23:57,Chin,Kalay
19.159,96.229,10.0,3.1,ml,,,,,,th_14019_202504231913,2025-04-23T19:13:52.000Z,"Baungdok, Bago Region, Myanmar (Burma)",Myanmar,MM,Asia,earthquake,1745436093,1745435632,0,,"19.16,96.23",2025-04-23 19:13:52,2025-04-24 01:43:52,Bago,Taungoo
19.377,96.333,10.0,2.2,ml,,,,,,th_14018_202504231842,2025-04-23T18:42:02.000Z,"Wayonle, Bago Region, Myanmar (Burma)",Myanmar,MM,Asia,earthquake,1745434775,1745433722,0,,"19.38,96.33",2025-04-23 18:42:02,2025-04-24 01:12:02,Bago,Nay Pyi Taw
17.979,97.649,1.0,1.4,ml,,,,,,th_14017_202504231839,2025-04-23T18:39:26.000Z,"Bwado, Kayin State, Myanmar (Burma)",Myanmar,MM,Asia,earthquake,1745434341,1745433566,0,,"17.98,97.65",2025-04-23 18:39:26,2025-04-24 01:09:26,Kayin,Hpa-An
21.786,96.333,11.0,3.1,ml,,,,,,th_14016_202504231744,2025-04-23T17:44:54.000Z,"Thon-Daung-Ywa-Ma, Mandalay Region, Myanmar (Burma)",Myanmar,MM,Asia,earthquake,1745430820,1745430294,0,,"21.79,96.33",2025-04-23 17:44:54,2025-04-24 00:14:54,Mandalay,Pyin Oo Lwin
20.136,96.232,10.0,2.9,ml,,,,,,th_14015_202504231332,2025-04-23T13:32:06.000Z,"Tatkon, Naypyidaw Union Territory, Myanmar (Burma)",Myanmar,MM,Asia,earthquake,1745415537,1745415126,0,,"20.14,96.23",2025-04-23 13:32:06,2025-04-23 20:02:06,Mandalay,Nay Pyi Taw
18.209,97.135,10.0,2.2,ml,,,,,,th_14014_202504231228,2025-04-23T12:28:24.000Z,"Tedodita Sakan, Kayin State, Myanmar (Burma)",Myanmar,MM,Asia,earthquake,1745411555,1745411304,0,,"18.21,97.14",2025-04-23 12:28:24,2025-04-23 18:58:24,Kayin,Taungoo
19.805,95.785,10.0,3.5,ml,,,,,,th_14013_202504231119,2025-04-23T11:35:36.000Z,"Kalama, Magway Region, Myanmar (Burma)",Myanmar,MM,Asia,earthquake,1745407917,1745407141,0,,"19.81,95.79",2025-04-23 11:19:01,2025-04-23 17:49:01,Magway,Naypyidaw
21.724,96.411,13.0,3.5,ml,,,,,,th_14010_202504230532,2025-04-23T05:42:39.000Z,"Gwebin, Mandalay Region, Myanmar (Burma)",Myanmar,MM,Asia,earthquake,1745386661,1745386372,0,,"21.72,96.41",2025-04-23 05:32:52,2025-04-23 12:02:52,Mandalay,Pyin Oo Lwin
21.614,96.695,10.0,3.3,ml,,,,,,th_14008_202504222323,2025-04-22T23:23:23.000Z,"Shan, Myanmar (Burma)",Myanmar,MM,Asia,earthquake,1745365251,1745364203,0,,"21.61,96.70",2025-04-22 23:23:23,2025-04-23 05:53:23,Shan,Pyin Oo Lwin
20.086,97.914,10.0,2.4,ml,,,,,,th_14007_202504222135,2025-04-22T21:35:31.000Z,"Wan Kongpao, Shan, Myanmar (Burma)",Myanmar,MM,Asia,earthquake,1745358164,1745357731,0,,"20.09,97.91",2025-04-22 21:35:31,2025-04-23 04:05:31,Shan,Loikaw
19.27,96.311,10.0,2.3,ml,,,,,,th_14006_202504222114,2025-04-22T21:14:02.000Z,"Swar, Bago Region, Myanmar (Burma)",Myanmar,MM,Asia,earthquake,1745357410,1745356442,0,,"19.27,96.31",2025-04-22 21:14:02,2025-04-23 03:44:02,Bago,Taungoo
19.393,96.604,10.0,2.1,ml,,,,,,th_14005_202504221906,2025-04-22T19:06:24.000Z,"Keykadaw, Kayin State, Myanmar (Burma)",Myanmar,MM,Asia,earthquake,1745349217,1745348784,0,,"19.39,96.60",2025-04-22 19:06:24,2025-04-23 01:36:24,Kayin,Taungoo
19.319,96.502,10.0,2.9,ml,,,,,,th_14003_202504221755,2025-04-22T17:55:34.000Z,"Kyauktaga Auk, Kayin State, Myanmar (Burma)",Myanmar,MM,Asia,earthquake,1745344976,1745344534,0,,"19.32,96.50",2025-04-22 17:55:34,2025-04-23 00:25:34,Kayin,Taungoo
19.626,97.765,1.0,2.0,ml,,,,,,th_14002_202504221742,2025-04-22T17:42:30.000Z,"Daw Pawtu, Kayah State, Myanmar (Burma)",Myanmar,MM,Asia,earthquake,1745344146,1745343750,0,,"19.63,97.77",2025-04-22 17:42:30,2025-04-23 00:12:30,Kayah,Loikaw
21.892,96.436,10.0,3.3,ml,,,,,,th_14001_202504221724,2025-04-22T17:24:38.000Z,"Anesakhan, Mandalay Region, Myanmar (Burma)",Myanmar,MM,Asia,earthquake,1745343593,1745342678,0,,"21.89,96.44",2025-04-22 17:24:38,2025-04-22 23:54:38,Mandalay,Pyin Oo Lwin
19.193,97.433,1.0,2.4,ml,,,,,,th_14000_202504221700,2025-04-22T17:00:32.000Z,"Hawhkom, Kayah State, Myanmar (Burma)",Myanmar,MM,Asia,earthquake,1745341684,1745341232,0,,"19.19,97.43",2025-04-22 17:00:32,2025-04-22 23:30:32,Kayah,Loikaw
19.77,97.901,1.0,2.0,ml,,,,,,th_13999_202504221627,2025-04-22T16:27:13.000Z,"Homein, Shan, Myanmar (Burma)",Myanmar,MM,Asia,earthquake,1745339593,1745339233,0,,"19.77,97.90",2025-04-22 16:27:13,2025-04-22 22:57:13,Shan,Loikaw
23.46,93.99,10.0,4.0,ml,,,,,,in_cGlPQ1JpdEN5SnRlNENnelBBRFB4dz09,2025-04-22T15:42:30.000Z,"Monglang, Chin State, Myanmar (Burma)",Myanmar,MM,Asia,earthquake,1745336419,1745335741,0,,"23.46,93.99",2025-04-22 15:29:01,2025-04-22 21:59:01,Chin,Kalay
19.644,96.431,10.0,2.9,ml,,,,,,th_13998_202504221449,2025-04-22T14:49:58.000Z,"Mayandaung Atet, Naypyidaw Union Territory, Myanmar (Burma)",Myanmar,MM,Asia,earthquake,1745334666,1745333398,1,,"19.64,96.43",2025-04-22 14:49:58,2025-04-22 21:19:58,Mandalay,Nay Pyi Taw
20.152,97.921,10.0,1.7,ml,,,,,,th_13997_202504221436,2025-04-22T14:36:38.000Z,"Wan Hwè-ning, Shan, Myanmar (Burma)",Myanmar,MM,Asia,earthquake,1745333167,1745332598,0,,"20.15,97.92",2025-04-22 14:36:38,2025-04-22 21:06:38,Shan,Loikaw
20.823,97.457,10.0,4.2,ml,,,,,,ems_202504_1798063,2025-04-22T13:35:51.000Z,"Mong Pawn, Shan, Myanmar (Burma)",Myanmar,MM,Asia,earthquake,1745328997,1745327710,0,,"20.82,97.46",2025-04-22 13:15:10,2025-04-22 19:45:10,Shan,Taunggyi
19.8,98.558,1.0,1.8,ml,,,,,,th_13995_202504221212,2025-04-22T12:12:31.000Z,"Mone Hta, Shan, Myanmar (Burma)",Myanmar,MM,Asia,earthquake,1745324356,1745323951,0,,"19.80,98.56",2025-04-22 12:12:31,2025-04-22 18:42:31,Shan,Loikaw
20.121,97.936,10.0,2.1,ml,,,,,,th_13994_202504221105,2025-04-22T11:05:13.000Z,"Wan Hwè-ning, Shan, Myanmar (Burma)",Myanmar,MM,Asia,earthquake,1745320254,1745319913,0,,"20.12,97.94",2025-04-22 11:05:13,2025-04-22 17:35:13,Shan,Loikaw
21.104,99.719,10.0,2.8,ml,,,,,,th_13993_202504221041,2025-04-22T10:41:25.000Z,"Loi Pang Koi, Shan, Myanmar (Burma)",Myanmar,MM,Asia,earthquake,1745319316,1745318485,0,,"21.10,99.72",2025-04-22 10:41:25,2025-04-22 17:11:25,Shan,Kengtung
19.806,98.007,10.0,2.1,ml,,,,,,th_13992_202504221013,2025-04-22T10:13:39.000Z,"Homein, Shan, Myanmar (Burma)",Myanmar,MM,Asia,earthquake,1745317758,1745316819,0,,"19.81,98.01",2025-04-22 10:13:39,2025-04-22 16:43:39,Shan,Loikaw
19.567,96.287,10.0,3.0,ml,,,,,,th_13991_202504221000,2025-04-22T10:00:49.000Z,"Bogadaw, နေပြည်တော် ပြည်တောင်စုနယ်မြေ, Myanmar (Burma)",Myanmar,MM,Asia,earthquake,1745316397,1745316049,0,,"19.57,96.29",2025-04-22 10:00:49,2025-04-22 16:30:49,Mandalay,Nay Pyi Taw
19.963,96.266,10.0,2.4,ml,,,,,,th_13990_202504220635,2025-04-22T06:35:45.000Z,"Tegon, Naypyidaw Union Territory, Myanmar (Burma)",Myanmar,MM,Asia,earthquake,1745304776,1745303745,0,,"19.96,96.27",2025-04-22 06:35:45,2025-04-22 13:05:45,Mandalay,Nay Pyi Taw
21.92,96.278,10.0,3.6,ml,,,,,,th_13988_202504220609,2025-04-22T06:28:49.000Z,"Thon-Daung-Ywa-Ma, Mandalay Region, Myanmar (Burma)",Myanmar,MM,Asia,earthquake,1745302891,1745302186,0,,"21.92,96.28",2025-04-22 06:09:46,2025-04-22 12:39:46,Mandalay,Mandalay
19.143,96.534,10.0,2.5,ml,,,,,,th_13989_202504220606,2025-04-22T06:06:55.000Z,"Alegyaung Auk, Kayin State, Myanmar (Burma)",Myanmar,MM,Asia,earthquake,1745303165,1745302015,1,,"19.14,96.53",2025-04-22 06:06:55,2025-04-22 12:36:55,Kayin,Taungoo
19.395,96.333,10.0,2.5,ml,,,,,,th_13987_202504220342,2025-04-22T03:42:07.000Z,"Wayonle, Bago Region, Myanmar (Burma)",Myanmar,MM,Asia,earthquake,1745294188,1745293327,0,,"19.40,96.33",2025-04-22 03:42:07,2025-04-22 10:12:07,Bago,Nay Pyi Taw
19.091,96.391,10.0,2.7,ml,,,,,,th_13986_202504220154,2025-04-22T01:54:55.000Z,"Kyun Kone, Bago Region, Myanmar (Burma)",Myanmar,MM,Asia,earthquake,1745287217,1745286895,0,,"19.09,96.39",2025-04-22 01:54:55,2025-04-22 08:24:55,Bago,Taungoo
19.66,96.332,10.0,2.3,ml,,,,,,th_13985_202504220123,2025-04-22T01:23:03.000Z,"Kutoeseit, Naypyidaw Union Territory, Myanmar (Burma)",Myanmar,MM,Asia,earthquake,1745285312,1745284983,0,,"19.66,96.33",2025-04-22 01:23:03,2025-04-22 07:53:03,Mandalay,Nay Pyi Taw
18.987,96.447,10.0,2.3,ml,,,,,,th_13984_202504212213,2025-04-21T22:13:11.000Z,"Taungoo, Bago Region, Myanmar (Burma)",Myanmar,MM,Asia,earthquake,1745274172,1745273591,0,,"18.99,96.45",2025-04-21 22:13:11,2025-04-22 04:43:11,Bago,Taungoo
19.419,96.348,10.0,2.4,ml,,,,,,th_13983_202504212156,2025-04-21T21:56:16.000Z,"Wayonle, Bago Region, Myanmar (Burma)",Myanmar,MM,Asia,earthquake,1745273043,1745272576,0,,"19.42,96.35",2025-04-21 21:56:16,2025-04-22 04:26:16,Bago,Nay Pyi Taw
18.311,96.802,10.0,2.0,ml,,,,,,th_13982_202504212125,2025-04-21T21:25:40.000Z,"Kyaukkyi, Bago Region, Myanmar (Burma)",Myanmar,MM,Asia,earthquake,1745271307,1745270740,0,,"18.31,96.80",2025-04-21 21:25:40,2025-04-22 03:55:40,Bago,Taungoo
21.921,96.373,10.0,3.4,ml,,,,,,th_13981_202504212104,2025-04-21T21:04:45.000Z,"Anesakhan, Mandalay Region, Myanmar (Burma)",Myanmar,MM,Asia,earthquake,1745270382,1745269485,0,,"21.92,96.37",2025-04-21 21:04:45,2025-04-22 03:34:45,Mandalay,Pyin Oo Lwin
19.967,98.028,10.0,1.8,ml,,,,,,th_13980_202504212041,2025-04-21T20:41:15.000Z,"Ta Ho-pong, Shan, Myanmar (Burma)",Myanmar,MM,Asia,earthquake,1745268488,1745268075,0,,"19.97,98.03",2025-04-21 20:41:15,2025-04-22 03:11:15,Shan,Loikaw
19.437,96.419,10.0,2.6,ml,,,,,,th_13979_202504212019,2025-04-21T20:19:03.000Z,"Wayonle, Bago Region, Myanmar (Burma)",Myanmar,MM,Asia,earthquake,1745267098,1745266743,0,,"19.44,96.42",2025-04-21 20:19:03,2025-04-22 02:49:03,Bago,Nay Pyi Taw
19.972,97.99,10.0,1.5,ml,,,,,,th_13978_202504211913,2025-04-21T19:13:21.000Z,"Ta Ho-pong, Shan, Myanmar (Burma)",Myanmar,MM,Asia,earthquake,1745264155,1745262801,0,,"19.97,97.99",2025-04-21 19:13:21,2025-04-22 01:43:21,Shan,Loikaw
16.463,98.64,3.0,1.8,ml,,,,,,th_13977_202504211909,2025-04-21T19:09:57.000Z,"Thabawtboe, Kayin State, Myanmar (Burma)",Myanmar,MM,Asia,earthquake,1745263464,1745262597,0,,"16.46,98.64",2025-04-21 19:09:57,2025-04-22 01:39:57,Kayin,Mawlamyine
21.053,99.83,1.0,1.9,ml,,,,,,th_13976_202504211900,2025-04-21T19:00:53.000Z,"Yangka, Shan, Myanmar (Burma)",Myanmar,MM,Asia,earthquake,1745262512,1745262053,0,,"21.05,99.83",2025-04-21 19:00:53,2025-04-22 01:30:53,Shan,Kengtung
19.938,97.991,1.0,3.3,ml,,,,,,th_13975_202504211854,2025-04-21T18:54:39.000Z,"Ta Ho-pong, Shan, Myanmar (Burma)",Myanmar,MM,Asia,earthquake,1745262138,1745261679,1,,"19.94,97.99",2025-04-21 18:54:39,2025-04-22 01:24:39,Shan,Loikaw
21.905,98.077,10.0,2.6,ml,,,,,,th_13974_202504211740,2025-04-21T17:40:41.000Z,"Wan Hai, Shan, Myanmar (Burma)",Myanmar,MM,Asia,earthquake,1745257723,1745257241,0,,"21.91,98.08",2025-04-21 17:40:41,2025-04-22 00:10:41,Shan,Hsipaw
19.938,98.015,10.0,1.7,ml,,,,,,th_13973_202504211736,2025-04-21T17:36:12.000Z,"Ta Ho-pong, Shan, Myanmar (Burma)",Myanmar,MM,Asia,earthquake,1745257390,1745256972,0,,"19.94,98.02",2025-04-21 17:36:12,2025-04-22 00:06:12,Shan,Loikaw
21.293,98.446,10.0,2.4,ml,,,,,,th_13972_202504211723,2025-04-21T17:23:03.000Z,"Kunhing, Shan, Myanmar (Burma)",Myanmar,MM,Asia,earthquake,1745257118,1745256183,0,,"21.29,98.45",2025-04-21 17:23:03,2025-04-21 23:53:03,Shan,Kengtung
21.678,96.446,10.0,3.3,ml,,,,,,th_13971_202504211433,2025-04-21T14:33:02.000Z,"Gwebin, Mandalay Region, Myanmar (Burma)",Myanmar,MM,Asia,earthquake,1745246393,1745245982,0,,"21.68,96.45",2025-04-21 14:33:02,2025-04-21 21:03:02,Mandalay,Pyin Oo Lwin
21.378,96.24,10.0,3.8,ml,,,,,,th_13970_202504211045,2025-04-21T10:56:52.000Z,"Ywarkhainggyi, Mandalay Region, Myanmar (Burma)",Myanmar,MM,Asia,earthquake,1745232777,1745232348,0,,"21.38,96.24",2025-04-21 10:45:48,2025-04-21 17:15:48,Mandalay,Sagaing
20.011,97.89,10.0,2.0,ml,,,,,,th_13967_202504210848,2025-04-21T08:48:15.000Z,"Wan Kongpao, Shan, Myanmar (Burma)",Myanmar,MM,Asia,earthquake,1745225931,1745225295,0,,"20.01,97.89",2025-04-21 08:48:15,2025-04-21 15:18:15,Shan,Loikaw
21.908,98.102,10.0,3.0,ml,,,,,,th_13966_202504210834,2025-04-21T08:34:00.000Z,"Wan Hai, Shan, Myanmar (Burma)",Myanmar,MM,Asia,earthquake,1745225135,1745224440,0,,"21.91,98.10",2025-04-21 08:34:00,2025-04-21 15:04:00,Shan,Hsipaw
22.099,98.017,10.0,3.0,ml,,,,,,th_13965_202504210821,2025-04-21T08:21:53.000Z,"Man Kat, Shan, Myanmar (Burma)",Myanmar,MM,Asia,earthquake,1745224751,1745223713,0,,"22.10,98.02",2025-04-21 08:21:53,2025-04-21 14:51:53,Shan,Hsipaw
22.067,98.126,10.0,3.2,ml,,,,,,th_13964_202504210816,2025-04-21T08:16:36.000Z,"Kawnglang, Shan, Myanmar (Burma)",Myanmar,MM,Asia,earthquake,1745224298,1745223396,0,,"22.07,98.13",2025-04-21 08:16:36,2025-04-21 14:46:36,Shan,Lashio
22.049,98.096,10.0,3.1,ml,,,,,,th_13963_202504210812,2025-04-21T08:12:30.000Z,"Kawnglang, Shan, Myanmar (Burma)",Myanmar,MM,Asia,earthquake,1745224255,1745223150,0,,"22.05,98.10",2025-04-21 08:12:30,2025-04-21 14:42:30,Shan,Hsipaw
22.008,98.085,10.0,3.1,ml,,,,,,th_13962_202504210805,2025-04-21T08:05:54.000Z,"Keng Lon, Shan, Myanmar (Burma)",Myanmar,MM,Asia,earthquake,1745224211,1745222754,0,,"22.01,98.09",2025-04-21 08:05:54,2025-04-21 14:35:54,Shan,Hsipaw
20.33,96.174,10.0,2.9,ml,,,,,,th_13961_202504210649,2025-04-21T06:49:50.000Z,"Inbingyi, Mandalay Region, Myanmar (Burma)",Myanmar,MM,Asia,earthquake,1745219711,1745218190,0,,"20.33,96.17",2025-04-21 06:49:50,2025-04-21 13:19:50,Mandalay,Nay Pyi Taw
22.081,96.465,10.0,3.9,ml,,,,,,th_13960_202504210458,2025-04-21T05:21:37.000Z,"Pyin Oo Lwin, Mandalay Region, Myanmar (Burma)",Myanmar,MM,Asia,earthquake,1745212811,1745211496,0,,"22.08,96.47",2025-04-21 04:58:16,2025-04-21 11:28:16,Mandalay,Pyin Oo Lwin
19.214,97.524,2.0,1.7,ml,,,,,,th_13956_202504202149,2025-04-20T21:49:04.000Z,"Ywarthit, Kayah State, Myanmar (Burma)",Myanmar,MM,Asia,earthquake,1745186713,1745185744,0,,"19.21,97.52",2025-04-20 21:49:04,2025-04-21 04:19:04,Kayah,Loikaw
19.061,96.452,10.0,4.3,ml,,,,,,in_OXRGL1ppK1h3UUtlUGcxSnFPdWZWUT09,2025-04-20T21:28:37.000Z,"Kaytumati, Bago Region, Myanmar (Burma)",Myanmar,MM,Asia,earthquake,1745184337,1745183870,0,,"19.26,96.38",2025-04-20 21:17:50,2025-04-21 03:47:50,Bago,Taungoo
22.167,96.246,10.0,3.2,ml,,,,,,th_13953_202504201911,2025-04-20T19:11:52.000Z,"Aungthapye, Mandalay Region, Myanmar (Burma)",Myanmar,MM,Asia,earthquake,1745177916,1745176312,0,,"22.17,96.25",2025-04-20 19:11:52,2025-04-21 01:41:52,Mandalay,Pyin Oo Lwin
19.97,97.636,6.0,2.7,ml,,,,,,th_13951_202504201902,2025-04-20T19:02:08.000Z,"Wan Panglu, Shan, Myanmar (Burma)",Myanmar,MM,Asia,earthquake,1745176068,1745175728,0,,"19.97,97.64",2025-04-20 19:02:08,2025-04-21 01:32:08,Shan,Loikaw
19.913,97.946,10.0,2.3,ml,,,,,,th_13950_202504201820,2025-04-20T18:20:28.000Z,"Ta Ho-pong, Shan, Myanmar (Burma)",Myanmar,MM,Asia,earthquake,1745173616,1745173228,0,,"19.91,97.95",2025-04-20 18:20:28,2025-04-21 00:50:28,Shan,Loikaw
19.915,97.765,10.0,2.1,ml,,,,,,th_13949_202504201738,2025-04-20T17:38:27.000Z,"Wan Hwè-ya-yung, Shan, Myanmar (Burma)",Myanmar,MM,Asia,earthquake,1745170974,1745170707,0,,"19.92,97.77",2025-04-20 17:38:27,2025-04-21 00:08:27,Shan,Loikaw
19.369,96.183,10.0,2.3,ml,,,,,,th_13948_202504201459,2025-04-20T14:59:33.000Z,"Myohla, Bago Region, Myanmar (Burma)",Myanmar,MM,Asia,earthquake,1745161462,1745161173,0,,"19.37,96.18",2025-04-20 14:59:33,2025-04-20 21:29:33,Bago,Nay Pyi Taw
19.023,96.41,10.0,2.6,ml,,,,,,th_13947_202504201335,2025-04-20T13:35:24.000Z,"Kaytumati, Bago Region, Myanmar (Burma)",Myanmar,MM,Asia,earthquake,1745156403,1745156124,0,,"19.02,96.41",2025-04-20 13:35:24,2025-04-20 20:05:24,Bago,Taungoo
19.725,98.534,1.0,1.9,ml,,,,,,th_13946_202504201241,2025-04-20T12:41:34.000Z,"Wan Hsenlong, Shan, Myanmar (Burma)",Myanmar,MM,Asia,earthquake,1745153538,1745152894,0,,"19.73,98.53",2025-04-20 12:41:34,2025-04-20 19:11:34,Shan,Loikaw
19.967,96.256,10.0,2.9,ml,,,,,,th_13945_202504201109,2025-04-20T11:09:04.000Z,"Tegon, Naypyidaw Union Territory, Myanmar (Burma)",Myanmar,MM,Asia,earthquake,1745147674,1745147344,0,,"19.97,96.26",2025-04-20 11:09:04,2025-04-20 17:39:04,Mandalay,Nay Pyi Taw
19.258,96.513,110.0,2.4,ml,,,,,,th_13944_202504201050,2025-04-20T10:50:32.000Z,"Pebo, Kayin State, Myanmar (Burma)",Myanmar,MM,Asia,earthquake,1745146671,1745146232,0,,"19.26,96.51",2025-04-20 10:50:32,2025-04-20 17:20:32,Kayin,Taungoo
18.749,96.344,10.0,2.1,ml,,,,,,th_13943_202504201016,2025-04-20T10:16:56.000Z,"Bon Chaung, Bago Region, Myanmar (Burma)",Myanmar,MM,Asia,earthquake,1745144787,1745144216,0,,"18.75,96.34",2025-04-20 10:16:56,2025-04-20 16:46:56,Bago,Taungoo
18.94,96.309,10.0,2.8,ml,,,,,,th_13942_202504200713,2025-04-20T07:13:52.000Z,"Kanbaukkyi, Bago Region, Myanmar (Burma)",Myanmar,MM,Asia,earthquake,1745133564,1745133232,0,,"18.94,96.31",2025-04-20 07:13:52,2025-04-20 13:43:52,Bago,Taungoo
21.516,96.224,10.0,3.9,ml,,,,,,th_13941_202504200701,2025-04-20T07:07:52.000Z,"Thanywa, Mandalay Region, Myanmar (Burma)",Myanmar,MM,Asia,earthquake,1745132836,1745132500,0,,"21.52,96.22",2025-04-20 07:01:40,2025-04-20 13:31:40,Mandalay,Sagaing
19.896,97.828,45.0,2.1,ml,,,,,,th_13940_202504200542,2025-04-20T05:42:45.000Z,"Ta Öngmu, Shan, Myanmar (Burma)",Myanmar,MM,Asia,earthquake,1745128023,1745127765,0,,"19.90,97.83",2025-04-20 05:42:45,2025-04-20 12:12:45,Shan,Loikaw
18.956,96.487,10.0,2.7,ml,,,,,,th_13939_202504200246,2025-04-20T02:46:29.000Z,"Taungoo, Bago Region, Myanmar (Burma)",Myanmar,MM,Asia,earthquake,1745117626,1745117189,0,,"18.96,96.49",2025-04-20 02:46:29,2025-04-20 09:16:29,Bago,Taungoo
20.018,96.304,10.0,2.6,ml,,,,,,th_13938_202504200135,2025-04-20T01:35:29.000Z,"Setkon, Naypyidaw Union Territory, Myanmar (Burma)",Myanmar,MM,Asia,earthquake,1745113911,1745112929,0,,"20.02,96.30",2025-04-20 01:35:29,2025-04-20 08:05:29,Mandalay,Nay Pyi Taw
19.727,98.428,2.0,1.9,ml,,,,,,th_13936_202504200028,2025-04-20T00:28:12.000Z,"Wan Hsenlong, Shan, Myanmar (Burma)",Myanmar,MM,Asia,earthquake,1745109528,1745108892,0,,"19.73,98.43",2025-04-20 00:28:12,2025-04-20 06:58:12,Shan,Loikaw
19.742,96.363,10.0,2.4,ml,,,,,,th_13935_202504200021,2025-04-20T00:21:30.000Z,"Teinpyaung Auk, Naypyidaw Union Territory, Myanmar (Burma)",Myanmar,MM,Asia,earthquake,1745108999,1745108490,0,,"19.74,96.36",2025-04-20 00:21:30,2025-04-20 06:51:30,Mandalay,Nay Pyi Taw
21.569,96.343,10.0,3.0,ml,,,,,,th_13933_202504192214,2025-04-19T22:14:55.000Z,"Chaungzon, Mandalay Region, Myanmar (Burma)",Myanmar,MM,Asia,earthquake,1745101972,1745100895,0,,"21.57,96.34",2025-04-19 22:14:55,2025-04-20 04:44:55,Mandalay,Sagaing
21.307,99.578,10.0,2.1,ml,,,,,,th_13931_202504192200,2025-04-19T22:00:23.000Z,"Keng Tung, Shan, Myanmar (Burma)",Myanmar,MM,Asia,earthquake,1745101187,1745100023,0,,"21.31,99.58",2025-04-19 22:00:23,2025-04-20 04:30:23,Shan,Kengtung
19.401,96.527,10.0,2.0,ml,,,,,,th_13930_202504192102,2025-04-19T21:02:50.000Z,"Amayadaung, Kayin State, Myanmar (Burma)",Myanmar,MM,Asia,earthquake,1745097245,1745096570,0,,"19.40,96.53",2025-04-19 21:02:50,2025-04-20 03:32:50,Kayin,Taungoo
21.732,96.118,10.0,3.3,ml,,,,,,th_13927_202504191841,2025-04-19T18:41:28.000Z,"Sintgaing, Mandalay Region, Myanmar (Burma)",Myanmar,MM,Asia,earthquake,1745088615,1745088088,0,,"21.73,96.12",2025-04-19 18:41:28,2025-04-20 01:11:28,Mandalay,Sagaing
21.785,96.414,10.0,3.0,ml,,,,,,th_13926_202504191819,2025-04-19T18:19:16.000Z,"Shwegyaung, Mandalay Region, Myanmar (Burma)",Myanmar,MM,Asia,earthquake,1745087332,1745086756,0,,"21.79,96.41",2025-04-19 18:19:16,2025-04-20 00:49:16,Mandalay,Pyin Oo Lwin
20.212,96.56,10.0,2.4,ml,,,,,,th_13924_202504191648,2025-04-19T16:48:26.000Z,"Lonpar Anauk, Shan, Myanmar (Burma)",Myanmar,MM,Asia,earthquake,1745081796,1745081306,0,,"20.21,96.56",2025-04-19 16:48:26,2025-04-19 23:18:26,Shan,Inle Lake
20.693,96.24,10.0,3.4,ml,,,,,,th_13923_202504191622,2025-04-19T16:22:04.000Z,"Payangazu, Mandalay Region, Myanmar (Burma)",Myanmar,MM,Asia,earthquake,1745080675,1745079724,0,,"20.69,96.24",2025-04-19 16:22:04,2025-04-19 22:52:04,Mandalay,Meiktila
20.249,98.949,3.0,2.0,ml,,,,,,th_13921_202504191535,2025-04-19T15:35:09.000Z,"Mongton, Shan, Myanmar (Burma)",Myanmar,MM,Asia,earthquake,1745077493,1745076909,0,,"20.25,98.95",2025-04-19 15:35:09,2025-04-19 22:05:09,Shan,Kengtung
21.841,96.218,10.0,2.9,ml,,,,,,th_13920_202504191525,2025-04-19T15:25:44.000Z,"Ohn Chaw, Mandalay Region, Myanmar (Burma)",Myanmar,MM,Asia,earthquake,1745077020,1745076344,0,,"21.84,96.22",2025-04-19 15:25:44,2025-04-19 21:55:44,Mandalay,Mandalay
20.445,96.616,10.0,2.5,ml,,,,,,th_13919_202504191450,2025-04-19T14:50:09.000Z,"Alawngbauk, Shan, Myanmar (Burma)",Myanmar,MM,Asia,earthquake,1745075622,1745074209,0,,"20.45,96.62",2025-04-19 14:50:09,2025-04-19 21:20:09,Shan,Inle Lake
19.783,96.552,10.0,2.4,ml,,,,,,th_13918_202504191425,2025-04-19T14:25:32.000Z,"Saungdaung Anauk, Naypyidaw Union Territory, Myanmar (Burma)",Myanmar,MM,Asia,earthquake,1745073145,1745072732,0,,"19.78,96.55",2025-04-19 14:25:32,2025-04-19 20:55:32,Mandalay,Nay Pyi Taw
19.271,96.581,10.0,2.1,ml,,,,,,th_13917_202504191351,2025-04-19T13:51:01.000Z,"Kyemin Ale, Kayin State, Myanmar (Burma)",Myanmar,MM,Asia,earthquake,1745071035,1745070661,0,,"19.27,96.58",2025-04-19 13:51:01,2025-04-19 20:21:01,Kayin,Taungoo
22.008,96.606,10.0,2.7,ml,,,,,,th_13916_202504191220,2025-04-19T12:20:53.000Z,"Thinkadon, Mandalay Region, Myanmar (Burma)",Myanmar,MM,Asia,earthquake,1745066102,1745065253,0,,"22.01,96.61",2025-04-19 12:20:53,2025-04-19 18:50:53,Mandalay,Pyin Oo Lwin
20.166,98.153,4.0,2.1,ml,,,,,,th_13915_202504191216,2025-04-19T12:16:26.000Z,"Üng-yao, Shan, Myanmar (Burma)",Myanmar,MM,Asia,earthquake,1745065447,1745064986,0,,"20.17,98.15",2025-04-19 12:16:26,2025-04-19 18:46:26,Shan,Loikaw
18.609,96.554,10.0,2.5,ml,,,,,,th_13914_202504191153,2025-04-19T11:53:35.000Z,"Oakphyat, Bago Region, Myanmar (Burma)",Myanmar,MM,Asia,earthquake,1745064638,1745063615,0,,"18.61,96.55",2025-04-19 11:53:35,2025-04-19 18:23:35,Bago,Taungoo
18.547,96.591,10.0,4.1,ml,,,,,,ems_202504_1796810,2025-04-19T12:00:37.000Z,"Oakphyat, Bago Region, Myanmar (Burma)",Myanmar,MM,Asia,earthquake,1745064052,1745063425,0,,"18.55,96.59",2025-04-19 11:50:25,2025-04-19 18:20:25,Bago,Taungoo
20.461,98.33,10.0,2.2,ml,,,,,,th_13912_202504191031,2025-04-19T10:31:09.000Z,"Wan Namhok, Shan, Myanmar (Burma)",Myanmar,MM,Asia,earthquake,1745059067,1745058669,0,,"20.46,98.33",2025-04-19 10:31:09,2025-04-19 17:01:09,Shan,Taunggyi
20.144,98.035,10.0,1.9,ml,,,,,,th_13910_202504191010,2025-04-19T10:10:34.000Z,"Wan Hwè-ning, Shan, Myanmar (Burma)",Myanmar,MM,Asia,earthquake,1745058045,1745057434,0,,"20.14,98.04",2025-04-19 10:10:34,2025-04-19 16:40:34,Shan,Loikaw
19.94,97.942,23.0,1.8,ml,,,,,,th_13911_202504190944,2025-04-19T09:44:19.000Z,"Ta Ho-pong, Shan, Myanmar (Burma)",Myanmar,MM,Asia,earthquake,1745058059,1745055859,0,,"19.94,97.94",2025-04-19 09:44:19,2025-04-19 16:14:19,Shan,Loikaw
19.8,98.393,3.0,2.0,ml,,,,,,th_13909_202504190749,2025-04-19T07:49:07.000Z,"Wan Punglong, Shan, Myanmar (Burma)",Myanmar,MM,Asia,earthquake,1745049431,1745048947,0,,"19.80,98.39",2025-04-19 07:49:07,2025-04-19 14:19:07,Shan,Loikaw
18.992,96.795,10.0,2.2,ml,,,,,,th_13908_202504190712,2025-04-19T07:12:43.000Z,"Bahèdo, Kayin State, Myanmar (Burma)",Myanmar,MM,Asia,earthquake,1745047439,1745046763,0,,"18.99,96.80",2025-04-19 07:12:43,2025-04-19 13:42:43,Kayin,Taungoo
20.088,97.893,10.0,2.0,ml,,,,,,th_13906_202504190149,2025-04-19T01:49:40.000Z,"Wan Kongpao, Shan, Myanmar (Burma)",Myanmar,MM,Asia,earthquake,1745028404,1745027380,0,,"20.09,97.89",2025-04-19 01:49:40,2025-04-19 08:19:40,Shan,Loikaw
21.087,96.195,10.0,4.2,ml,,,,,,ems_202504_1796651,2025-04-19T01:28:41.000Z,"Thabyethar, Mandalay Region, Myanmar (Burma)",Myanmar,MM,Asia,earthquake,1745026133,1745025609,0,,"21.09,96.20",2025-04-19 01:20:09,2025-04-19 07:50:09,Mandalay,Meiktila
19.083,96.549,10.0,2.7,ml,,,,,,th_13904_202504182125,2025-04-18T21:25:36.000Z,"Kayin State, Myanmar (Burma)",Myanmar,MM,Asia,earthquake,1745012965,1745011536,1,,"19.08,96.55",2025-04-18 21:25:36,2025-04-19 03:55:36,Kayin,Taungoo
21.152,96.415,10.0,2.9,ml,,,,,,th_13903_202504182123,2025-04-18T21:23:19.000Z,"Ywangan, Shan, Myanmar (Burma)",Myanmar,MM,Asia,earthquake,1745012916,1745011399,0,,"21.15,96.42",2025-04-18 21:23:19,2025-04-19 03:53:19,Shan,Meiktila
15.423,96.705,10.0,2.6,ml,,,,,,th_13902_202504182046,2025-04-18T20:46:25.000Z,Myanmar (Burma),Near South Coast of Myanmar,MM,Asia,earthquake,1745010237,1745009185,0,,"15.42,96.71",2025-04-18 20:46:25,2025-04-19 03:16:25,,Mawlamyine
19.953,96.38,10.0,2.6,ml,,,,,,th_13901_202504182039,2025-04-18T20:39:55.000Z,"Thalaing, Naypyidaw Union Territory, Myanmar (Burma)",Myanmar,MM,Asia,earthquake,1745009275,1745008795,0,,"19.95,96.38",2025-04-18 20:39:55,2025-04-19 03:09:55,Mandalay,Nay Pyi Taw
19.04,96.591,10.0,2.3,ml,,,,,,th_13900_202504182030,2025-04-18T20:30:55.000Z,"Thandaung, Kayin State, Myanmar (Burma)",Myanmar,MM,Asia,earthquake,1745008787,1745008255,0,,"19.04,96.59",2025-04-18 20:30:55,2025-04-19 03:00:55,Kayin,Taungoo
20.4174,96.1335,10.0,4.2,ml,,,,,,in_WkNRUHNwYjlhM3RVSG4yRlFRWEh0Zz09,2025-04-19T15:27:46.000Z,"Yamethin, Mandalay Region, Myanmar (Burma)",Myanmar,MM,Asia,earthquake,1744999946,1744999282,0,,"20.51,96.12",2025-04-18 18:01:22,2025-04-19 00:31:22,Mandalay,Meiktila
19.332,96.419,10.0,4.4,ml,,,,,,ems_202504_1796536,2025-04-18T17:42:36.000Z,"Sibaing, Bago Region, Myanmar (Burma)",Myanmar,MM,Asia,earthquake,1744998171,1744997646,0,,"19.33,96.42",2025-04-18 17:34:06,2025-04-19 00:04:06,Bago,Taungoo
19.25,96.397,10.0,2.2,ml,,,,,,th_13897_202504181703,2025-04-18T17:03:25.000Z,"Sibaing, Bago Region, Myanmar (Burma)",Myanmar,MM,Asia,earthquake,1744996929,1744995805,0,,"19.25,96.40",2025-04-18 17:03:25,2025-04-18 23:33:25,Bago,Taungoo
21.76,96.236,10.0,2.8,ml,,,,,,th_13895_202504181526,2025-04-18T15:26:33.000Z,"Daunggyigwe, Mandalay Region, Myanmar (Burma)",Myanmar,MM,Asia,earthquake,1744990760,1744989993,0,,"21.76,96.24",2025-04-18 15:26:33,2025-04-18 21:56:33,Mandalay,Mandalay
18.956,97.675,1.0,1.7,ml,,,,,,th_13896_202504181510,2025-04-18T15:10:29.000Z,"Kayah State, Myanmar (Burma)",Myanmar,MM,Asia,earthquake,1744991328,1744989029,0,,"18.96,97.68",2025-04-18 15:10:29,2025-04-18 21:40:29,Kayah,Loikaw
21.806,96.411,10.0,3.6,ml,,,,,,th_13894_202504181326,2025-04-18T13:42:34.000Z,"Shwegyaung, Mandalay Region, Myanmar (Burma)",Myanmar,MM,Asia,earthquake,1744983378,1744982794,0,,"21.81,96.41",2025-04-18 13:26:34,2025-04-18 19:56:34,Mandalay,Pyin Oo Lwin
19.709,98.485,10.0,2.0,ml,,,,,,th_13893_202504181323,2025-04-18T13:23:18.000Z,"Wan Hsenlong, Shan, Myanmar (Burma)",Myanmar,MM,Asia,earthquake,1744983019,1744982598,1,,"19.71,98.49",2025-04-18 13:23:18,2025-04-18 19:53:18,Shan,Loikaw
20.103,96.48,10.0,3.7,ml,,,,,,th_13892_202504181239,2025-04-18T12:49:37.000Z,"Tatkon, Shan, Myanmar (Burma)",Myanmar,MM,Asia,earthquake,1744980532,1744979952,0,,"20.10,96.48",2025-04-18 12:39:12,2025-04-18 19:09:12,Shan,Nay Pyi Taw
20.352,96.417,10.0,3.5,ml,,,,,,th_13891_202504180940,2025-04-18T10:28:38.000Z,"Htongyidaung, Mandalay Region, Myanmar (Burma)",Myanmar,MM,Asia,earthquake,1744969706,1744969235,0,,"20.35,96.42",2025-04-18 09:40:35,2025-04-18 16:10:35,Mandalay,Inle Lake
17.465,96.281,10.0,2.9,ml,,,,,,th_13890_202504180852,2025-04-18T08:52:39.000Z,"Htan Taw Gyi, Bago Region, Myanmar (Burma)",Myanmar,MM,Asia,earthquake,1744966951,1744966359,0,,"17.47,96.28",2025-04-18 08:52:39,2025-04-18 15:22:39,Bago,Bago
18.773,96.578,10.0,3.9,ml,,,,,,th_13888_202504180230,2025-04-18T02:42:55.000Z,"Alesengyaung, Kayin State, Myanmar (Burma)",Myanmar,MM,Asia,earthquake,1744943789,1744943435,0,,"18.77,96.58",2025-04-18 02:30:35,2025-04-18 09:00:35,Kayin,Taungoo
20.462,96.289,10.0,3.2,ml,,,,,,th_13887_202504180123,2025-04-18T01:23:29.000Z,"Bwetywa, Mandalay Region, Myanmar (Burma)",Myanmar,MM,Asia,earthquake,1744940489,1744939409,0,,"20.46,96.29",2025-04-18 01:23:29,2025-04-18 07:53:29,Mandalay,Meiktila
21.148,99.311,10.0,2.7,ml,,,,,,th_13885_202504180015,2025-04-18T00:15:00.000Z,"Mawnkak, Shan, Myanmar (Burma)",Myanmar,MM,Asia,earthquake,1744935758,1744935300,0,,"21.15,99.31",2025-04-18 00:15:00,2025-04-18 06:45:00,Shan,Kengtung
22.6973,96.0694,10.0,4.1,ml,,,,,,in_WjZIWUwreldxTUtPRGQzaHB4cjMrQT09,2025-04-18T02:52:40.000Z,"KyiTaukPauk, Mandalay Region, Myanmar (Burma)",Myanmar,MM,Asia,earthquake,1744925862,1744925263,0,,"22.51,96.07",2025-04-17 21:27:43,2025-04-18 03:57:43,Mandalay,Shwebo
21.103,99.257,1.0,3.0,ml,,,,,,th_13883_202504172017,2025-04-17T20:17:20.000Z,"Wan Pong, Shan, Myanmar (Burma)",Myanmar,MM,Asia,earthquake,1744921513,1744921040,0,,"21.10,99.26",2025-04-17 20:17:20,2025-04-18 02:47:20,Shan,Kengtung
20.285,98.239,1.0,2.1,ml,,,,,,th_13882_202504171838,2025-04-17T18:38:55.000Z,"Na-law, Shan, Myanmar (Burma)",Myanmar,MM,Asia,earthquake,1744915486,1744915135,0,,"20.29,98.24",2025-04-17 18:38:55,2025-04-18 01:08:55,Shan,Loikaw
19.795,97.727,5.0,1.8,ml,,,,,,th_13880_202504171748,2025-04-17T17:48:10.000Z,"Ta-hsopteng, Shan, Myanmar (Burma)",Myanmar,MM,Asia,earthquake,1744912459,1744912090,0,,"19.80,97.73",2025-04-17 17:48:10,2025-04-18 00:18:10,Shan,Loikaw
19.71,98.494,1.0,1.4,ml,,,,,,th_13879_202504171744,2025-04-17T17:44:07.000Z,"Wan Hsenlong, Shan, Myanmar (Burma)",Myanmar,MM,Asia,earthquake,1744912345,1744911847,0,,"19.71,98.49",2025-04-17 17:44:07,2025-04-18 00:14:07,Shan,Loikaw
18.185,96.377,10.0,2.0,ml,,,,,,th_13878_202504171634,2025-04-17T16:34:26.000Z,"Zalokkyi, Bago Region, Myanmar (Burma)",Myanmar,MM,Asia,earthquake,1744908729,1744907666,0,,"18.19,96.38",2025-04-17 16:34:26,2025-04-17 23:04:26,Bago,Taungoo
17.345,96.031,10.0,3.1,ml,,,,,,th_13877_202504171352,2025-04-17T13:52:14.000Z,"Taik Kyi, Yangon Region, Myanmar (Burma)",Myanmar,MM,Asia,earthquake,1744898388,1744897934,0,,"17.35,96.03",2025-04-17 13:52:14,2025-04-17 20:22:14,Yangon,Bago
19.014,96.407,10.0,2.9,ml,,,,,,th_13876_202504171205,2025-04-17T12:05:41.000Z,"Kaytumati, Bago Region, Myanmar (Burma)",Myanmar,MM,Asia,earthquake,1744891836,1744891541,0,,"19.01,96.41",2025-04-17 12:05:41,2025-04-17 18:35:41,Bago,Taungoo
19.303,96.288,10.0,2.7,ml,,,,,,th_13875_202504171157,2025-04-17T11:57:42.000Z,"Thagaya, Bago Region, Myanmar (Burma)",Myanmar,MM,Asia,earthquake,1744891486,1744891062,0,,"19.30,96.29",2025-04-17 11:57:42,2025-04-17 18:27:42,Bago,Taungoo
19.032,96.529,10.0,2.8,ml,,,,,,th_13874_202504171109,2025-04-17T11:09:56.000Z,"Kanbin, Bago Region, Myanmar (Burma)",Myanmar,MM,Asia,earthquake,1744888714,1744888196,0,,"19.03,96.53",2025-04-17 11:09:56,2025-04-17 17:39:56,Bago,Taungoo
18.958,96.567,10.0,2.5,ml,,,,,,th_13873_202504170744,2025-04-17T07:44:26.000Z,"Taungoo, Bago Region, Myanmar (Burma)",Myanmar,MM,Asia,earthquake,1744876342,1744875866,0,,"18.96,96.57",2025-04-17 07:44:26,2025-04-17 14:14:26,Bago,Taungoo
22.1019,96.1062,10.0,4.5,mb,51.0,67.0,1.421,0.51,us,in_aXl5VFY0eWFuOGNnQnpJQ2hXRWJ3UT09,2025-04-17T17:12:51.780Z,"Mandalay, Burma (Myanmar)","14km N of Mandalay, Burma (Myanmar)",MM,Asia,earthquake,1744871962,1744871554,1,,"21.95,96.10",2025-04-17 06:32:34,2025-04-17 13:02:34,Mandalay,Mandalay
22.611,96.27,9.0,3.7,ml,,,,,,th_13871_202504170454,2025-04-17T05:07:43.000Z,"Shan, Myanmar (Burma)",Myanmar,MM,Asia,earthquake,1744866060,1744865695,0,,"22.61,96.27",2025-04-17 04:54:55,2025-04-17 11:24:55,Shan,Mogok
21.644,99.066,1.0,3.0,ml,,,,,,th_13870_202504170430,2025-04-17T04:30:06.000Z,"Wan Kawnhawng, Shan, Myanmar (Burma)",Myanmar,MM,Asia,earthquake,1744864511,1744864206,0,,"21.64,99.07",2025-04-17 04:30:06,2025-04-17 11:00:06,Shan,Kengtung
19.68,97.706,5.0,2.4,ml,,,,,,th_13869_202504170158,2025-04-17T01:58:00.000Z,"Kiu-neng, Shan, Myanmar (Burma)",Myanmar,MM,Asia,earthquake,1744855470,1744855080,0,,"19.68,97.71",2025-04-17 01:58:00,2025-04-17 08:28:00,Shan,Loikaw
18.999,96.464,10.0,2.5,ml,,,,,,th_13868_202504170036,2025-04-17T00:36:43.000Z,"Kaytumati, Bago Region, Myanmar (Burma)",Myanmar,MM,Asia,earthquake,1744851625,1744850203,0,,"19.00,96.46",2025-04-17 00:36:43,2025-04-17 07:06:43,Bago,Taungoo
22.298,96.269,10.0,3.2,ml,,,,,,th_13867_202504170033,2025-04-17T00:33:39.000Z,"Sedaw, Mandalay Region, Myanmar (Burma)",Myanmar,MM,Asia,earthquake,1744851577,1744850019,0,,"22.30,96.27",2025-04-17 00:33:39,2025-04-17 07:03:39,Mandalay,Pyin Oo Lwin
21.215,96.344,10.0,2.8,ml,,,,,,th_13866_202504170018,2025-04-17T00:18:31.000Z,"Kanze, Mandalay Region, Myanmar (Burma)",Myanmar,MM,Asia,earthquake,1744850082,1744849111,0,,"21.22,96.34",2025-04-17 00:18:31,2025-04-17 06:48:31,Mandalay,Meiktila
18.693,96.402,10.0,2.6,ml,,,,,,th_13865_202504162354,2025-04-16T23:54:02.000Z,"Kywebwe, Bago Region, Myanmar (Burma)",Myanmar,MM,Asia,earthquake,1744848256,1744847642,0,,"18.69,96.40",2025-04-16 23:54:02,2025-04-17 06:24:02,Bago,Taungoo
21.787,96.428,8.0,3.4,ml,,,,,,th_13864_202504162339,2025-04-16T23:39:02.000Z,"Shwegyaung, Mandalay Region, Myanmar (Burma)",Myanmar,MM,Asia,earthquake,1744847393,1744846742,0,,"21.79,96.43",2025-04-16 23:39:02,2025-04-17 06:09:02,Mandalay,Pyin Oo Lwin
18.613,96.51,10.0,3.0,ml,,,,,,th_13863_202504162331,2025-04-16T23:31:56.000Z,"Kan Ka Lay, ပဲခူးတိုင်းဒေသကြီး, Myanmar (Burma)",Myanmar,MM,Asia,earthquake,1744846805,1744846316,0,,"18.61,96.51",2025-04-16 23:31:56,2025-04-17 06:01:56,Bago,Taungoo
19.667,96.203,10.0,3.5,ml,,,,,,th_13862_202504162301,2025-04-16T23:14:36.000Z,"Zaungchan, နေပြည်တော် ပြည်တောင်စုနယ်မြေ, Myanmar (Burma)",Myanmar,MM,Asia,earthquake,1744845019,1744844508,0,,"19.67,96.20",2025-04-16 23:01:48,2025-04-17 05:31:48,Mandalay,Nay Pyi Taw
19.185,96.368,10.0,2.9,ml,,,,,,th_13860_202504162153,2025-04-16T21:53:06.000Z,"Yedashe, Bago Region, Myanmar (Burma)",Myanmar,MM,Asia,earthquake,1744840779,1744840386,0,,"19.19,96.37",2025-04-16 21:53:06,2025-04-17 04:23:06,Bago,Taungoo
19.068,96.338,10.0,3.3,ml,,,,,,th_13859_202504162133,2025-04-16T21:33:20.000Z,"Kyun Kone, Bago Region, Myanmar (Burma)",Myanmar,MM,Asia,earthquake,1744839627,1744839200,0,,"19.07,96.34",2025-04-16 21:33:20,2025-04-17 04:03:20,Bago,Taungoo
19.089,96.548,10.0,2.2,ml,,,,,,th_13858_202504162030,2025-04-16T20:30:33.000Z,"Kayin State, Myanmar (Burma)",Myanmar,MM,Asia,earthquake,1744835954,1744835433,1,,"19.09,96.55",2025-04-16 20:30:33,2025-04-17 03:00:33,Kayin,Taungoo
19.712,95.845,10.0,2.6,ml,,,,,,th_13856_202504161732,2025-04-16T17:32:11.000Z,"Thayetchaung, Naypyidaw Union Territory, Myanmar (Burma)",Myanmar,MM,Asia,earthquake,1744825119,1744824731,0,,"19.71,95.85",2025-04-16 17:32:11,2025-04-17 00:02:11,Mandalay,Naypyidaw
17.053,95.983,10.0,2.6,ml,,,,,,th_13855_202504161717,2025-04-16T17:17:10.000Z,"Htantabin, Yangon Region, Myanmar (Burma)",Myanmar,MM,Asia,earthquake,1744824535,1744823830,0,,"17.05,95.98",2025-04-16 17:17:10,2025-04-16 23:47:10,Yangon,Yangon
19.054,97.469,2.0,1.6,ml,,,,,,th_13854_202504161705,2025-04-16T17:05:09.000Z,"Ho-hwè-ko-sa-pa, Kayah State, Myanmar (Burma)",Myanmar,MM,Asia,earthquake,1744823437,1744823109,0,,"19.05,97.47",2025-04-16 17:05:09,2025-04-16 23:35:09,Kayah,Loikaw
19.153,96.394,10.0,2.3,ml,,,,,,th_13853_202504161605,2025-04-16T16:05:28.000Z,"Yedashe, Bago Region, Myanmar (Burma)",Myanmar,MM,Asia,earthquake,1744823392,1744819528,0,,"19.15,96.39",2025-04-16 16:05:28,2025-04-16 22:35:28,Bago,Taungoo
18.881,96.284,10.0,2.4,ml,,,,,,th_13852_202504161600,2025-04-16T16:00:46.000Z,"Letpangon, Bago Region, Myanmar (Burma)",Myanmar,MM,Asia,earthquake,1744819494,1744819246,0,,"18.88,96.28",2025-04-16 16:00:46,2025-04-16 22:30:46,Bago,Taungoo
18.757,96.5,10.0,2.4,ml,,,,,,th_13851_202504161323,2025-04-16T13:23:51.000Z,"Bomari, Bago Region, Myanmar (Burma)",Myanmar,MM,Asia,earthquake,1744810203,1744809831,0,,"18.76,96.50",2025-04-16 13:23:51,2025-04-16 19:53:51,Bago,Taungoo
20.158,96.152,10.0,4.1,ml,,,,,,ems_202504_1795523,2025-04-16T10:35:55.000Z,"Tatkon, Naypyidaw Union Territory, Myanmar (Burma)",Myanmar,MM,Asia,earthquake,1744799778,1744799266,0,,"20.16,96.15",2025-04-16 10:27:46,2025-04-16 16:57:46,Mandalay,Nay Pyi Taw
19.596,96.378,10.0,2.4,ml,,,,,,th_13849_202504160850,2025-04-16T08:50:39.000Z,"Seikuhudaung, Naypyidaw Union Territory, Myanmar (Burma)",Myanmar,MM,Asia,earthquake,1744794245,1744793439,0,,"19.60,96.38",2025-04-16 08:50:39,2025-04-16 15:20:39,Mandalay,Nay Pyi Taw
18.421,96.732,10.0,2.4,ml,,,,,,th_13848_202504160707,2025-04-16T07:07:15.000Z,"Kyaungbya, Bago Region, Myanmar (Burma)",Myanmar,MM,Asia,earthquake,1744788710,1744787235,0,,"18.42,96.73",2025-04-16 07:07:15,2025-04-16 13:37:15,Bago,Taungoo
18.659,96.499,10.0,2.8,ml,,,,,,th_13847_202504160700,2025-04-16T07:00:13.000Z,"Zayatkyi, Bago Region, Myanmar (Burma)",Myanmar,MM,Asia,earthquake,1744787075,1744786813,0,,"18.66,96.50",2025-04-16 07:00:13,2025-04-16 13:30:13,Bago,Taungoo
22.141,96.394,10.0,3.2,ml,,,,,,th_13846_202504160622,2025-04-16T06:22:18.000Z,"Khai-aw, Mandalay Region, Myanmar (Burma)",Myanmar,MM,Asia,earthquake,1744785288,1744784538,0,,"22.14,96.39",2025-04-16 06:22:18,2025-04-16 12:52:18,Mandalay,Pyin Oo Lwin
19.341,96.296,10.0,2.7,ml,,,,,,th_13845_202504160526,2025-04-16T05:26:09.000Z,"Thagaya, Bago Region, Myanmar (Burma)",Myanmar,MM,Asia,earthquake,1744782463,1744781169,0,,"19.34,96.30",2025-04-16 05:26:09,2025-04-16 11:56:09,Bago,Taungoo
21.14,96.11,10.0,3.7,ml,,,,,,in_TTBNQlpSQnQxajVyeEpOcFJSMGs5UT09,2025-04-16T04:46:24.000Z,"Donekone, Mandalay Region, Myanmar (Burma)",Myanmar,MM,Asia,earthquake,1744779559,1744778784,0,,"21.14,96.11",2025-04-16 04:46:24,2025-04-16 11:16:24,Mandalay,Meiktila
19.324,96.26,10.0,2.6,ml,,,,,,th_13843_202504160434,2025-04-16T04:34:15.000Z,"Thagaya, Bago Region, Myanmar (Burma)",Myanmar,MM,Asia,earthquake,1744778628,1744778055,0,,"19.32,96.26",2025-04-16 04:34:15,2025-04-16 11:04:15,Bago,Taungoo
18.961,96.594,10.0,2.2,ml,,,,,,th_13842_202504160412,2025-04-16T04:12:03.000Z,"Oo Shit Kone, Kayin State, Myanmar (Burma)",Myanmar,MM,Asia,earthquake,1744777087,1744776723,0,,"18.96,96.59",2025-04-16 04:12:03,2025-04-16 10:42:03,Kayin,Taungoo
19.263,96.396,10.0,2.2,ml,,,,,,th_13840_202504160227,2025-04-16T02:27:51.000Z,"Sibaing, Bago Region, Myanmar (Burma)",Myanmar,MM,Asia,earthquake,1744772337,1744770471,0,,"19.26,96.40",2025-04-16 02:27:51,2025-04-16 08:57:51,Bago,Taungoo
19.978,96.165,10.0,2.3,ml,,,,,,th_13841_202504160222,2025-04-16T02:22:59.000Z,"Pazunzeik, Naypyidaw Union Territory, Myanmar (Burma)",Myanmar,MM,Asia,earthquake,1744772871,1744770179,0,,"19.98,96.17",2025-04-16 02:22:59,2025-04-16 08:52:59,Mandalay,Nay Pyi Taw
18.758,96.454,10.0,3.3,ml,,,,,,th_13839_202504160124,2025-04-16T01:24:46.000Z,"Bomari, Bago Region, Myanmar (Burma)",Myanmar,MM,Asia,earthquake,1744767084,1744766686,0,,"18.76,96.45",2025-04-16 01:24:46,2025-04-16 07:54:46,Bago,Taungoo
19.975,96.32,10.0,2.5,ml,,,,,,th_13838_202504160112,2025-04-16T01:12:58.000Z,"Thalaing, Naypyidaw Union Territory, Myanmar (Burma)",Myanmar,MM,Asia,earthquake,1744766416,1744765978,0,,"19.98,96.32",2025-04-16 01:12:58,2025-04-16 07:42:58,Mandalay,Nay Pyi Taw
19.657,97.779,10.0,2.1,ml,,,,,,th_13836_202504152257,2025-04-15T22:57:25.000Z,"Daw Pawtu, Kayah State, Myanmar (Burma)",Myanmar,MM,Asia,earthquake,1744758702,1744757845,0,,"19.66,97.78",2025-04-15 22:57:25,2025-04-16 05:27:25,Kayah,Loikaw
20.161,98.13,10.0,2.0,ml,,,,,,th_13835_202504152248,2025-04-15T22:48:27.000Z,"Üng-yao, Shan, Myanmar (Burma)",Myanmar,MM,Asia,earthquake,1744758644,1744757307,0,,"20.16,98.13",2025-04-15 22:48:27,2025-04-16 05:18:27,Shan,Loikaw
19.238,96.245,10.0,2.3,ml,,,,,,th_13834_202504152144,2025-04-15T21:44:13.000Z,"Baungdok, Bago Region, Myanmar (Burma)",Myanmar,MM,Asia,earthquake,1744754216,1744753453,0,,"19.24,96.25",2025-04-15 21:44:13,2025-04-16 04:14:13,Bago,Taungoo
18.598,96.397,10.0,2.7,ml,,,,,,th_13833_202504152128,2025-04-15T21:28:48.000Z,"Nyaung Chay Htauk, Bago Region, Myanmar (Burma)",Myanmar,MM,Asia,earthquake,1744753078,1744752528,0,,"18.60,96.40",2025-04-15 21:28:48,2025-04-16 03:58:48,Bago,Taungoo
19.585,97.727,10.0,1.9,ml,,,,,,th_13832_202504152048,2025-04-15T20:48:47.000Z,"Daw Pawtu, Kayah State, Myanmar (Burma)",Myanmar,MM,Asia,earthquake,1744750697,1744750127,0,,"19.59,97.73",2025-04-15 20:48:47,2025-04-16 03:18:47,Kayah,Loikaw
18.923,96.349,10.0,3.7,ml,,,,,,th_13830_202504151911,2025-04-15T19:56:37.000Z,"Kanbaukkyi, Bago Region, Myanmar (Burma)",Myanmar,MM,Asia,earthquake,1744744630,1744744318,0,,"18.92,96.35",2025-04-15 19:11:58,2025-04-16 01:41:58,Bago,Taungoo
19.674,97.584,3.0,2.7,ml,,,,,,th_13829_202504151909,2025-04-15T19:09:12.000Z,"Shadaw, Kayah State, Myanmar (Burma)",Myanmar,MM,Asia,earthquake,1744744443,1744744152,0,,"19.67,97.58",2025-04-15 19:09:12,2025-04-16 01:39:12,Kayah,Loikaw
15.431,96.075,10.0,3.4,ml,,,,,,th_13828_202504151839,2025-04-15T18:39:55.000Z,Myanmar (Burma),Myanmar,MM,Asia,earthquake,1744742865,1744742395,0,,"15.43,96.08",2025-04-15 18:39:55,2025-04-16 01:09:55,,Yangon
19.85,97.942,8.0,1.6,ml,,,,,,th_13827_202504151825,2025-04-15T18:25:52.000Z,"Pang Tae Waet, Shan, Myanmar (Burma)",Myanmar,MM,Asia,earthquake,1744742684,1744741552,0,,"19.85,97.94",2025-04-15 18:25:52,2025-04-16 00:55:52,Shan,Loikaw
18.604,96.442,15.0,4.1,ml,,,,,,ems_202504_1795258,2025-04-15T17:35:35.000Z,"Kan Ka Lay, ပဲခူးတိုင်းဒေသကြီး, Myanmar (Burma)",Myanmar,MM,Asia,earthquake,1744738544,1744737861,0,,"18.60,96.44",2025-04-15 17:24:21,2025-04-15 23:54:21,Bago,Taungoo
18.794,96.383,10.0,2.3,ml,,,,,,th_13825_202504151611,2025-04-15T16:11:57.000Z,"Oktwin, Bago Region, Myanmar (Burma)",Myanmar,MM,Asia,earthquake,1744733934,1744733517,0,,"18.79,96.38",2025-04-15 16:11:57,2025-04-15 22:41:57,Bago,Taungoo
19.63,97.829,2.0,1.7,ml,,,,,,th_13824_202504151540,2025-04-15T15:40:23.000Z,"Daw Pawtu, Kayah State, Myanmar (Burma)",Myanmar,MM,Asia,earthquake,1744732620,1744731623,0,,"19.63,97.83",2025-04-15 15:40:23,2025-04-15 22:10:23,Kayah,Loikaw
21.771,96.432,10.0,2.9,ml,,,,,,th_13822_202504151428,2025-04-15T14:28:27.000Z,"Shwegyaung, Mandalay Region, Myanmar (Burma)",Myanmar,MM,Asia,earthquake,1744728648,1744727307,0,,"21.77,96.43",2025-04-15 14:28:27,2025-04-15 20:58:27,Mandalay,Pyin Oo Lwin
19.889,97.912,1.0,1.8,ml,,,,,,th_13821_202504151039,2025-04-15T10:39:30.000Z,"Ta Ho-pong, Shan, Myanmar (Burma)",Myanmar,MM,Asia,earthquake,1744713906,1744713570,0,,"19.89,97.91",2025-04-15 10:39:30,2025-04-15 17:09:30,Shan,Loikaw
15.567,95.739,4.0,3.3,ml,,,,,,th_13820_202504150958,2025-04-15T09:58:24.000Z,Myanmar (Burma),Near South Coast of Myanmar,MM,Asia,earthquake,1744711479,1744711104,0,,"15.57,95.74",2025-04-15 09:58:24,2025-04-15 16:28:24,,Yangon
18.854,96.332,25.0,2.4,ml,,,,,,th_13819_202504150943,2025-04-15T09:43:11.000Z,"Letpangon, Bago Region, Myanmar (Burma)",Myanmar,MM,Asia,earthquake,1744710539,1744710191,0,,"18.85,96.33",2025-04-15 09:43:11,2025-04-15 16:13:11,Bago,Taungoo
17.849,96.305,15.0,2.5,ml,,,,,,th_13818_202504150938,2025-04-15T09:38:59.000Z,"Dawe, Bago Region, Myanmar (Burma)",Myanmar,MM,Asia,earthquake,1744710452,1744709939,0,,"17.85,96.31",2025-04-15 09:38:59,2025-04-15 16:08:59,Bago,Bago
20.161,96.305,17.0,4.0,ml,,,,,,ems_202504_1795139,2025-04-15T09:21:35.000Z,"Kyatpye, Naypyidaw Union Territory, Myanmar (Burma)",Myanmar,MM,Asia,earthquake,1744708911,1744708578,0,,"20.16,96.31",2025-04-15 09:16:18,2025-04-15 15:46:18,Mandalay,Nay Pyi Taw
21.732,96.092,10.0,3.0,ml,,,,,,th_13816_202504150826,2025-04-15T08:26:34.000Z,"Sintgaing, Mandalay Region, Myanmar (Burma)",Myanmar,MM,Asia,earthquake,1744709605,1744705594,0,,"21.73,96.09",2025-04-15 08:26:34,2025-04-15 14:56:34,Mandalay,Sagaing
19.306,96.387,10.0,2.2,ml,,,,,,th_13815_202504150804,2025-04-15T08:04:14.000Z,"Sibaing, Bago Region, Myanmar (Burma)",Myanmar,MM,Asia,earthquake,1744709627,1744704254,0,,"19.31,96.39",2025-04-15 08:04:14,2025-04-15 14:34:14,Bago,Taungoo
15.745,95.905,10.0,3.7,ml,,,,,,ems_202504_1795133,2025-04-15T08:56:36.000Z,Myanmar (Burma),Near South Coast Of Myanmar,MM,Asia,earthquake,1744707404,1744702544,0,,"15.75,95.91",2025-04-15 07:35:44,2025-04-15 14:05:44,,Yangon
19.876,97.926,1.0,1.9,ml,,,,,,th_13813_202504150636,2025-04-15T06:36:22.000Z,"Ta Ho-pong, Shan, Myanmar (Burma)",Myanmar,MM,Asia,earthquake,1744709635,1744698982,0,,"19.88,97.93",2025-04-15 06:36:22,2025-04-15 13:06:22,Shan,Loikaw
15.281,96.68,10.0,2.8,ml,,,,,,th_13811_202504150603,2025-04-15T06:03:27.000Z,Myanmar (Burma),Near South Coast of Myanmar,MM,Asia,earthquake,1744709641,1744697007,0,,"15.28,96.68",2025-04-15 06:03:27,2025-04-15 12:33:27,,Mawlamyine
21.853,96.365,10.0,3.7,ml,,,,,,ems_202504_1795134,2025-04-15T08:56:36.000Z,"Pyin Sar, Mandalay Region, Myanmar (Burma)",Myanmar,MM,Asia,earthquake,1744707431,1744686307,0,,"21.85,96.37",2025-04-15 03:05:07,2025-04-15 09:35:07,Mandalay,Pyin Oo Lwin
18.653,96.44,10.0,2.3,ml,,,,,,th_13808_202504142320,2025-04-14T23:20:07.000Z,"Nyaung Chay Htauk, Bago Region, Myanmar (Burma)",Myanmar,MM,Asia,earthquake,1744709653,1744672807,0,,"18.65,96.44",2025-04-14 23:20:07,2025-04-15 05:50:07,Bago,Taungoo
18.916,96.489,10.0,2.1,ml,,,,,,th_13807_202504142117,2025-04-14T21:17:01.000Z,"Taungoo, Bago Region, Myanmar (Burma)",Myanmar,MM,Asia,earthquake,1744709659,1744665421,0,,"18.92,96.49",2025-04-14 21:17:01,2025-04-15 03:47:01,Bago,Taungoo
19.384,96.323,10.0,2.2,ml,,,,,,th_13806_202504142104,2025-04-14T21:04:25.000Z,"Wayonle, Bago Region, Myanmar (Burma)",Myanmar,MM,Asia,earthquake,1744709666,1744664665,0,,"19.38,96.32",2025-04-14 21:04:25,2025-04-15 03:34:25,Bago,Nay Pyi Taw
22.068,96.303,10.0,3.1,ml,,,,,,th_13805_202504142042,2025-04-14T20:42:53.000Z,"Pyin Oo Lwin, Mandalay Region, Myanmar (Burma)",Myanmar,MM,Asia,earthquake,1744709671,1744663373,0,,"22.07,96.30",2025-04-14 20:42:53,2025-04-15 03:12:53,Mandalay,Pyin Oo Lwin
21.978,96.322,10.0,3.8,ml,,,,,,ems_202504_1794932,2025-04-14T20:08:19.000Z,"Anesakhan, Mandalay Region, Myanmar (Burma)",Myanmar,MM,Asia,earthquake,1744661315,1744659971,0,,"21.98,96.32",2025-04-14 19:46:11,2025-04-15 02:16:11,Mandalay,Pyin Oo Lwin
19.882,96.204,10.0,2.7,ml,,,,,,th_13803_202504141911,2025-04-14T19:11:08.000Z,"Kyidaunggan, Naypyidaw Union Territory, Myanmar (Burma)",Myanmar,MM,Asia,earthquake,1744709672,1744657868,0,,"19.88,96.20",2025-04-14 19:11:08,2025-04-15 01:41:08,Mandalay,Nay Pyi Taw
18.697,96.676,10.0,2.0,ml,,,,,,th_13802_202504141850,2025-04-14T18:50:32.000Z,"Alesengyaung, Kayin State, Myanmar (Burma)",Myanmar,MM,Asia,earthquake,1744709682,1744656632,0,,"18.70,96.68",2025-04-14 18:50:32,2025-04-15 01:20:32,Kayin,Taungoo
19.82,96.313,10.0,2.3,ml,,,,,,th_13801_202504141848,2025-04-14T18:48:20.000Z,"Naypyidaw Union Territory, Myanmar (Burma)",Myanmar,MM,Asia,earthquake,1744709687,1744656500,0,,"19.82,96.31",2025-04-14 18:48:20,2025-04-15 01:18:20,Mandalay,Nay Pyi Taw
21.769,96.354,10.0,3.5,ml,,,,,,ems_202504_1794902,2025-04-14T18:57:20.000Z,"Hngetkyithaik, Mandalay Region, Myanmar (Burma)",Myanmar,MM,Asia,earthquake,1744657058,1744655932,0,,"21.77,96.35",2025-04-14 18:38:52,2025-04-15 01:08:52,Mandalay,Pyin Oo Lwin
19.843,97.983,10.0,1.5,ml,,,,,,th_13799_202504141830,2025-04-14T18:30:54.000Z,"Pang Tae Waet, Shan, Myanmar (Burma)",Myanmar,MM,Asia,earthquake,1744709695,1744655454,0,,"19.84,97.98",2025-04-14 18:30:54,2025-04-15 01:00:54,Shan,Loikaw
19.731,97.697,10.0,1.7,ml,,,,,,th_13798_202504141815,2025-04-14T18:15:47.000Z,"Ta-hsopteng, Shan, Myanmar (Burma)",Myanmar,MM,Asia,earthquake,1744709701,1744654547,0,,"19.73,97.70",2025-04-14 18:15:47,2025-04-15 00:45:47,Shan,Loikaw
19.999,98.033,10.0,2.5,ml,,,,,,th_13793_202504141649,2025-04-14T16:49:01.000Z,"Wan Konlang, Shan, Myanmar (Burma)",Myanmar,MM,Asia,earthquake,1744649760,1744649341,0,,"20.00,98.03",2025-04-14 16:49:01,2025-04-14 23:19:01,Shan,Loikaw
19.032,96.357,10.0,2.0,ml,,,,,,th_13792_202504141442,2025-04-14T14:42:04.000Z,"Kyungon, Bago Region, Myanmar (Burma)",Myanmar,MM,Asia,earthquake,1744648554,1744641724,0,,"19.03,96.36",2025-04-14 14:42:04,2025-04-14 21:12:04,Bago,Taungoo
18.723,96.733,10.0,1.9,ml,,,,,,th_13791_202504141406,2025-04-14T14:06:28.000Z,"Alesengyaung, Kayin State, Myanmar (Burma)",Myanmar,MM,Asia,earthquake,1744648437,1744639588,0,,"18.72,96.73",2025-04-14 14:06:28,2025-04-14 20:36:28,Kayin,Taungoo
19.235,96.354,10.0,2.0,ml,,,,,,th_13790_202504141322,2025-04-14T13:22:29.000Z,"Aunggyantha, Bago Region, Myanmar (Burma)",Myanmar,MM,Asia,earthquake,1744648312,1744636949,0,,"19.24,96.35",2025-04-14 13:22:29,2025-04-14 19:52:29,Bago,Taungoo
21.01,98.506,10.0,2.3,ml,,,,,,th_13789_202504141313,2025-04-14T13:13:41.000Z,"Wan Hpai, Shan, Myanmar (Burma)",Myanmar,MM,Asia,earthquake,1744648039,1744636421,0,,"21.01,98.51",2025-04-14 13:13:41,2025-04-14 19:43:41,Shan,Kengtung
26.03,95.48,10.0,3.4,ml,,,,,,in_TkZieGREcGp1bWZUL1BqVHI1aEsrUT09,2025-04-14T13:07:49.000Z,"Hintiu, Sagaing Region, Myanmar (Burma)",Myanmar,MM,Asia,earthquake,1744635816,1744635304,0,,"26.03,95.48",2025-04-14 12:55:04,2025-04-14 19:25:04,Saigang,Myitkyina
19.441,97.534,10.0,1.8,ml,,,,,,th_13787_202504141235,2025-04-14T12:35:51.000Z,"Kayah State, Myanmar (Burma)",Myanmar,MM,Asia,earthquake,1744648047,1744634151,1,,"19.44,97.53",2025-04-14 12:35:51,2025-04-14 19:05:51,Kayah,Loikaw
17.62,96.295,10.0,2.2,ml,,,,,,th_13786_202504141228,2025-04-14T12:28:36.000Z,"Zaungdu, Bago Region, Myanmar (Burma)",Myanmar,MM,Asia,earthquake,1744648052,1744633716,0,,"17.62,96.30",2025-04-14 12:28:36,2025-04-14 18:58:36,Bago,Bago
19.386,96.296,10.0,3.1,ml,,,,,,th_13785_202504141220,2025-04-14T12:20:56.000Z,"Myohla, Bago Region, Myanmar (Burma)",Myanmar,MM,Asia,earthquake,1744648058,1744633256,0,,"19.39,96.30",2025-04-14 12:20:56,2025-04-14 18:50:56,Bago,Nay Pyi Taw
17.405,96.341,10.0,2.2,ml,,,,,,th_13784_202504141210,2025-04-14T12:10:52.000Z,"Kyun Oo, Bago Region, Myanmar (Burma)",Myanmar,MM,Asia,earthquake,1744648058,1744632652,0,,"17.41,96.34",2025-04-14 12:10:52,2025-04-14 18:40:52,Bago,Bago
19.677,97.751,10.0,2.4,ml,,,,,,th_13783_202504141133,2025-04-14T11:33:43.000Z,"Kiu-neng, Shan, Myanmar (Burma)",Myanmar,MM,Asia,earthquake,1744648064,1744630423,0,,"19.68,97.75",2025-04-14 11:33:43,2025-04-14 18:03:43,Shan,Loikaw
18.29,96.584,10.0,2.3,ml,,,,,,th_13782_202504141127,2025-04-14T11:27:23.000Z,"Ingone, Bago Region, Myanmar (Burma)",Myanmar,MM,Asia,earthquake,1744648070,1744630043,0,,"18.29,96.58",2025-04-14 11:27:23,2025-04-14 17:57:23,Bago,Taungoo
19.998,96.843,10.0,2.1,ml,,,,,,th_13781_202504141110,2025-04-14T11:10:11.000Z,"Peinnegon, Shan, Myanmar (Burma)",Myanmar,MM,Asia,earthquake,1744648076,1744629011,0,,"20.00,96.84",2025-04-14 11:10:11,2025-04-14 17:40:11,Shan,Loikaw
19.264,96.716,10.0,2.5,ml,,,,,,th_13780_202504141107,2025-04-14T11:07:18.000Z,"Kalekho Atet, Kayin State, Myanmar (Burma)",Myanmar,MM,Asia,earthquake,1744648082,1744628838,0,,"19.26,96.72",2025-04-14 11:07:18,2025-04-14 17:37:18,Kayin,Taungoo
19.124,97.219,10.0,1.7,ml,,,,,,th_13779_202504140942,2025-04-14T09:42:24.000Z,"Bi-hku, Kayah State, Myanmar (Burma)",Myanmar,MM,Asia,earthquake,1744648092,1744623744,0,,"19.12,97.22",2025-04-14 09:42:24,2025-04-14 16:12:24,Kayah,Loikaw
21.067,96.378,10.0,2.9,ml,,,,,,th_13778_202504140854,2025-04-14T08:54:28.000Z,"Patchaung, Shan, Myanmar (Burma)",Myanmar,MM,Asia,earthquake,1744648098,1744620868,0,,"21.07,96.38",2025-04-14 08:54:28,2025-04-14 15:24:28,Shan,Meiktila
21.781,96.346,10.0,3.2,ml,,,,,,th_13777_202504140836,2025-04-14T08:36:35.000Z,"Hngetkyithaik, Mandalay Region, Myanmar (Burma)",Myanmar,MM,Asia,earthquake,1744648109,1744619795,0,,"21.78,96.35",2025-04-14 08:36:35,2025-04-14 15:06:35,Mandalay,Pyin Oo Lwin
19.832,98.034,10.0,1.7,ml,,,,,,th_13776_202504140814,2025-04-14T08:14:31.000Z,"Loikwang, Shan, Myanmar (Burma)",Myanmar,MM,Asia,earthquake,1744648109,1744618471,0,,"19.83,98.03",2025-04-14 08:14:31,2025-04-14 14:44:31,Shan,Loikaw
18.083,96.577,10.0,1.9,ml,,,,,,th_13775_202504140806,2025-04-14T08:06:05.000Z,"Hpa Do, Bago Region, Myanmar (Burma)",Myanmar,MM,Asia,earthquake,1744648116,1744617965,0,,"18.08,96.58",2025-04-14 08:06:05,2025-04-14 14:36:05,Bago,Bago
18.564,96.38,10.0,2.2,ml,,,,,,th_13772_202504140539,2025-04-14T05:39:20.000Z,"Zeyawaddy, Bago Region, Myanmar (Burma)",Myanmar,MM,Asia,earthquake,1744609661,1744609160,0,,"18.56,96.38",2025-04-14 05:39:20,2025-04-14 12:09:20,Bago,Taungoo
18.908,96.763,10.0,2.0,ml,,,,,,th_13773_202504140534,2025-04-14T05:34:21.000Z,"ဘောဂလိမြို့, ကရင်ပြည်နယ်, Myanmar (Burma)",Myanmar,MM,Asia,earthquake,1744609791,1744608861,0,,"18.91,96.76",2025-04-14 05:34:21,2025-04-14 12:04:21,Kayin,Taungoo
23.4,94.07,103.0,4.1,ml,,,,,,in_SDY3ajdGYmFsUzJhUGk1RW9vUVhidz09,2025-04-14T04:49:32.000Z,"Thayagon, Sagaing Region, Myanmar (Burma)",Myanmar,MM,Asia,earthquake,1744605908,1744605407,0,,"23.40,94.07",2025-04-14 04:36:47,2025-04-14 11:06:47,Saigang,Kalay
18.57,96.855,10.0,2.0,ml,,,,,,th_13770_202504140408,2025-04-14T04:08:44.000Z,"Kanekiywa, Bago Region, Myanmar (Burma)",Myanmar,MM,Asia,earthquake,1744608060,1744603724,0,,"18.57,96.86",2025-04-14 04:08:44,2025-04-14 10:38:44,Bago,Taungoo
19.096,97.629,10.0,2.4,ml,,,,,,th_13769_202504140345,2025-04-14T03:45:20.000Z,"Ywarthit, Kayah State, Myanmar (Burma)",Myanmar,MM,Asia,earthquake,1744603162,1744602320,0,,"19.10,97.63",2025-04-14 03:45:20,2025-04-14 10:15:20,Kayah,Loikaw
18.62,96.506,10.0,2.1,ml,,,,,,th_13768_202504140323,2025-04-14T03:23:39.000Z,"Zayatkyi, Bago Region, Myanmar (Burma)",Myanmar,MM,Asia,earthquake,1744601912,1744601019,0,,"18.62,96.51",2025-04-14 03:23:39,2025-04-14 09:53:39,Bago,Taungoo
18.117,96.642,10.0,4.2,ml,,,,,,ems_202504_1794607,2025-04-14T03:42:35.000Z,"Babugon, Bago Region, Myanmar (Burma)",Myanmar,MM,Asia,earthquake,1744602169,1744595649,0,,"18.12,96.64",2025-04-14 01:54:09,2025-04-14 08:24:09,Bago,Bago
19.498,97.782,10.0,2.0,ml,,,,,,th_13766_202504140137,2025-04-14T01:37:19.000Z,"Hwè-yao, Kayah State, Myanmar (Burma)",Myanmar,MM,Asia,earthquake,1744595523,1744594639,0,,"19.50,97.78",2025-04-14 01:37:19,2025-04-14 08:07:19,Kayah,Loikaw
19.657,95.791,10.0,3.4,ml,,,,,,th_13765_202504140038,2025-04-14T00:38:03.000Z,"Dalangyun, Naypyidaw Union Territory, Myanmar (Burma)",Myanmar,MM,Asia,earthquake,1744591911,1744591083,0,,"19.66,95.79",2025-04-14 00:38:03,2025-04-14 07:08:03,Mandalay,Naypyidaw
18.984,96.454,10.0,2.1,ml,,,,,,th_13764_202504132042,2025-04-13T20:42:34.000Z,"Taungoo, Bago Region, Myanmar (Burma)",Myanmar,MM,Asia,earthquake,1744577791,1744576954,0,,"18.98,96.45",2025-04-13 20:42:34,2025-04-14 03:12:34,Bago,Taungoo
19.8327,95.516,6.9,4.7,mwr,,,,,,in_d0NkU2N1WVJOY2l0QVp4Q1hqNi9CUT09,2025-04-14T08:09:53.000Z,"Sat Thwar, Magway Region, Myanmar (Burma)",Myanmar,MM,Asia,earthquake,1744575138,1744574550,0,,"19.78,95.49",2025-04-13 20:02:30,2025-04-14 02:32:30,Magway,Naypyidaw
19.905,98.017,10.0,2.1,ml,,,,,,th_13762_202504131856,2025-04-13T18:56:21.000Z,"Ta Ho-pong, Shan, Myanmar (Burma)",Myanmar,MM,Asia,earthquake,1744571196,1744570581,1,,"19.91,98.02",2025-04-13 18:56:21,2025-04-14 01:26:21,Shan,Loikaw
19.929,96.298,10.0,2.2,ml,,,,,,th_13761_202504131820,2025-04-13T18:20:51.000Z,"Kyauklaing, Naypyidaw Union Territory, Myanmar (Burma)",Myanmar,MM,Asia,earthquake,1744570094,1744568451,0,,"19.93,96.30",2025-04-13 18:20:51,2025-04-14 00:50:51,Mandalay,Nay Pyi Taw
18.714,96.43,10.0,3.3,ml,,,,,,th_13760_202504131722,2025-04-13T17:22:50.000Z,"Kywebwe, Bago Region, Myanmar (Burma)",Myanmar,MM,Asia,earthquake,1744565548,1744564970,0,,"18.71,96.43",2025-04-13 17:22:50,2025-04-13 23:52:50,Bago,Taungoo
19.922,98.001,3.0,3.9,ml,,,,,,th_13758_202504131646,2025-04-13T16:56:34.000Z,"Ta Ho-pong, Shan, Myanmar (Burma)",Myanmar,MM,Asia,earthquake,1744563328,1744562811,0,,"19.92,98.00",2025-04-13 16:46:51,2025-04-13 23:16:51,Shan,Loikaw
19.846,98.04,10.0,2.1,ml,,,,,,th_13757_202504131625,2025-04-13T16:25:38.000Z,"Loikwang, Shan, Myanmar (Burma)",Myanmar,MM,Asia,earthquake,1744562138,1744561538,0,,"19.85,98.04",2025-04-13 16:25:38,2025-04-13 22:55:38,Shan,Loikaw
19.978,98.005,10.0,2.0,ml,,,,,,th_13756_202504131611,2025-04-13T16:11:36.000Z,"Ta Ho-pong, Shan, Myanmar (Burma)",Myanmar,MM,Asia,earthquake,1744561156,1744560696,0,,"19.98,98.01",2025-04-13 16:11:36,2025-04-13 22:41:36,Shan,Loikaw
19.936,97.988,10.0,3.4,ml,,,,,,th_13755_202504131602,2025-04-13T16:02:44.000Z,"Ta Ho-pong, Shan, Myanmar (Burma)",Myanmar,MM,Asia,earthquake,1744560561,1744560164,0,,"19.94,97.99",2025-04-13 16:02:44,2025-04-13 22:32:44,Shan,Loikaw
19.579,97.856,10.0,2.3,ml,,,,,,th_13754_202504131552,2025-04-13T15:52:19.000Z,"Daw Pawtu, Kayah State, Myanmar (Burma)",Myanmar,MM,Asia,earthquake,1744559888,1744559539,0,,"19.58,97.86",2025-04-13 15:52:19,2025-04-13 22:22:19,Kayah,Loikaw
20.093,96.375,10.0,2.8,ml,,,,,,th_13753_202504131546,2025-04-13T15:46:12.000Z,"Kyatpye, Naypyidaw Union Territory, Myanmar (Burma)",Myanmar,MM,Asia,earthquake,1744559693,1744559172,0,,"20.09,96.38",2025-04-13 15:46:12,2025-04-13 22:16:12,Mandalay,Nay Pyi Taw
20.995,96.225,10.0,3.4,ml,,,,,,th_13752_202504131425,2025-04-13T14:25:45.000Z,"Pothanaing, Mandalay Region, Myanmar (Burma)",Myanmar,MM,Asia,earthquake,1744554761,1744554345,0,,"21.00,96.23",2025-04-13 14:25:45,2025-04-13 20:55:45,Mandalay,Meiktila
17.348,97.752,10.0,2.7,ml,,,,,,th_13751_202504131329,2025-04-13T13:29:57.000Z,"Kamawlechaung, Kayin State, Myanmar (Burma)",Myanmar,MM,Asia,earthquake,1744551447,1744550997,0,,"17.35,97.75",2025-04-13 13:29:57,2025-04-13 19:59:57,Kayin,Hpa-An
17.595,95.937,10.0,2.6,ml,,,,,,th_13750_202504131308,2025-04-13T13:08:03.000Z,"Konbawzu, Yangon Region, Myanmar (Burma)",Myanmar,MM,Asia,earthquake,1744550200,1744549683,0,,"17.60,95.94",2025-04-13 13:08:03,2025-04-13 19:38:03,Yangon,Bago
21.849,96.378,10.0,3.0,ml,,,,,,th_13749_202504131239,2025-04-13T12:39:49.000Z,"Pyin Sar, Mandalay Region, Myanmar (Burma)",Myanmar,MM,Asia,earthquake,1744548646,1744547989,0,,"21.85,96.38",2025-04-13 12:39:49,2025-04-13 19:09:49,Mandalay,Pyin Oo Lwin
21.82,96.526,10.0,3.4,ml,,,,,,th_13747_202504131007,2025-04-13T10:07:02.000Z,"Lema, Mandalay Region, Myanmar (Burma)",Myanmar,MM,Asia,earthquake,1744539439,1744538822,0,,"21.82,96.53",2025-04-13 10:07:02,2025-04-13 16:37:02,Mandalay,Pyin Oo Lwin
19.549,97.576,10.0,1.7,ml,,,,,,th_13746_202504130950,2025-04-13T09:50:04.000Z,"Shadaw, Kayah State, Myanmar (Burma)",Myanmar,MM,Asia,earthquake,1744538416,1744537804,0,,"19.55,97.58",2025-04-13 09:50:04,2025-04-13 16:20:04,Kayah,Loikaw
19.746,96.131,10.0,3.4,ml,,,,,,th_13745_202504130516,2025-04-13T05:16:46.000Z,"Naypyidaw, Naypyidaw Union Territory, Myanmar (Burma)",Myanmar,MM,Asia,earthquake,1744521798,1744521406,0,,"19.75,96.13",2025-04-13 05:16:46,2025-04-13 11:46:46,Mandalay,Nay Pyi Taw
21.694,96.358,10.0,3.0,ml,,,,,,th_13744_202504130337,2025-04-13T03:37:29.000Z,"Gwebin, Mandalay Region, Myanmar (Burma)",Myanmar,MM,Asia,earthquake,1744516321,1744515449,0,,"21.69,96.36",2025-04-13 03:37:29,2025-04-13 10:07:29,Mandalay,Pyin Oo Lwin
19.191,96.258,10.0,2.7,ml,,,,,,th_13743_202504130254,2025-04-13T02:54:15.000Z,"Baungdok, Bago Region, Myanmar (Burma)",Myanmar,MM,Asia,earthquake,1744513217,1744512855,0,,"19.19,96.26",2025-04-13 02:54:15,2025-04-13 09:24:15,Bago,Taungoo
21.1538,96.0055,7.673,5.5,mb,93.0,52.0,1.018,0.6,us,gfz2025heoc,2025-04-15T23:30:15.214Z,,"34km NNE of Meiktila, Burma (Myanmar)",MM,Asia,earthquake,1744511547,1744511097,1,,"21.26,96.12",2025-04-13 02:24:57,2025-04-13 08:54:57,Mandalay,Meiktila
18.759,96.647,10.0,2.9,ml,,,,,,th_13740_202504130027,2025-04-13T00:27:55.000Z,"Alesengyaung, Kayin State, Myanmar (Burma)",Myanmar,MM,Asia,earthquake,1744504464,1744504075,0,,"18.76,96.65",2025-04-13 00:27:55,2025-04-13 06:57:55,Kayin,Taungoo
18.651,96.708,10.0,2.8,ml,,,,,,th_13739_202504130013,2025-04-13T00:13:09.000Z,"Awa-ein, Kayin State, Myanmar (Burma)",Myanmar,MM,Asia,earthquake,1744503522,1744503189,0,,"18.65,96.71",2025-04-13 00:13:09,2025-04-13 06:43:09,Kayin,Taungoo
20.329,96.524,10.0,2.2,ml,,,,,,th_13738_202504122311,2025-04-12T23:11:15.000Z,"Nyaungchin-myauk, Shan, Myanmar (Burma)",Myanmar,MM,Asia,earthquake,1744501004,1744499475,0,,"20.33,96.52",2025-04-12 23:11:15,2025-04-13 05:41:15,Shan,Inle Lake
20.883,99.919,10.0,2.4,ml,,,,,,th_13737_202504122250,2025-04-12T22:50:11.000Z,"Monghpyak, Shan, Myanmar (Burma)",Myanmar,MM,Asia,earthquake,1744498573,1744498211,0,,"20.88,99.92",2025-04-12 22:50:11,2025-04-13 05:20:11,Shan,Kengtung
20.947,99.497,10.0,2.1,ml,,,,,,th_13736_202504122229,2025-04-12T22:29:54.000Z,"Wan Menglu, Shan, Myanmar (Burma)",Myanmar,MM,Asia,earthquake,1744498331,1744496994,0,,"20.95,99.50",2025-04-12 22:29:54,2025-04-13 04:59:54,Shan,Kengtung
19.408,96.335,10.0,2.3,ml,,,,,,th_13735_202504122228,2025-04-12T22:28:48.000Z,"Wayonle, Bago Region, Myanmar (Burma)",Myanmar,MM,Asia,earthquake,1744498045,1744496928,0,,"19.41,96.34",2025-04-12 22:28:48,2025-04-13 04:58:48,Bago,Nay Pyi Taw
21.907,96.699,10.0,2.9,ml,,,,,,th_13734_202504122201,2025-04-12T22:01:03.000Z,"Pazunseik, Mandalay Region, Myanmar (Burma)",Myanmar,MM,Asia,earthquake,1744497187,1744495263,0,,"21.91,96.70",2025-04-12 22:01:03,2025-04-13 04:31:03,Mandalay,Pyin Oo Lwin
21.862,98.329,10.0,2.8,ml,,,,,,th_13733_202504122023,2025-04-12T20:23:41.000Z,"Mong Hsu, Shan, Myanmar (Burma)",Myanmar,MM,Asia,earthquake,1744490182,1744489421,0,,"21.86,98.33",2025-04-12 20:23:41,2025-04-13 02:53:41,Shan,Lashio
19.539,97.832,6.0,1.9,ml,,,,,,th_13732_202504121951,2025-04-12T19:51:23.000Z,"Daw Pawtu, Kayah State, Myanmar (Burma)",Myanmar,MM,Asia,earthquake,1744489602,1744487483,0,,"19.54,97.83",2025-04-12 19:51:23,2025-04-13 02:21:23,Kayah,Loikaw
20.068,96.331,10.0,2.7,ml,,,,,,th_13731_202504121926,2025-04-12T19:26:11.000Z,"Kintha, Naypyidaw Union Territory, Myanmar (Burma)",Myanmar,MM,Asia,earthquake,1744486534,1744485971,0,,"20.07,96.33",2025-04-12 19:26:11,2025-04-13 01:56:11,Mandalay,Nay Pyi Taw
18.924,96.435,10.0,2.1,ml,,,,,,th_13730_202504121855,2025-04-12T18:55:32.000Z,"Taungoo, Bago Region, Myanmar (Burma)",Myanmar,MM,Asia,earthquake,1744484946,1744484132,0,,"18.92,96.44",2025-04-12 18:55:32,2025-04-13 01:25:32,Bago,Taungoo
19.923,96.29,10.0,2.7,ml,,,,,,th_13729_202504121655,2025-04-12T16:55:13.000Z,"Shanywa (deserted), Naypyidaw Union Territory, Myanmar (Burma)",Myanmar,MM,Asia,earthquake,1744477253,1744476913,0,,"19.92,96.29",2025-04-12 16:55:13,2025-04-12 23:25:13,Mandalay,Nay Pyi Taw
18.166,96.247,10.0,3.0,ml,,,,,,th_13728_202504121553,2025-04-12T15:53:51.000Z,"Atet Bandayaw, Bago Region, Myanmar (Burma)",Myanmar,MM,Asia,earthquake,1744474077,1744473231,0,,"18.17,96.25",2025-04-12 15:53:51,2025-04-12 22:23:51,Bago,Taungoo
21.702,96.473,10.0,3.2,ml,,,,,,th_13726_202504121512,2025-04-12T15:12:47.000Z,"Gwebin, Mandalay Region, Myanmar (Burma)",Myanmar,MM,Asia,earthquake,1744471916,1744470767,0,,"21.70,96.47",2025-04-12 15:12:47,2025-04-12 21:42:47,Mandalay,Pyin Oo Lwin
18.77,96.506,10.0,3.3,ml,,,,,,th_13725_202504121447,2025-04-12T14:47:14.000Z,"Taungoo, Bago Region, Myanmar (Burma)",Myanmar,MM,Asia,earthquake,1744470369,1744469234,0,,"18.77,96.51",2025-04-12 14:47:14,2025-04-12 21:17:14,Bago,Taungoo
21.707,96.255,10.0,3.3,ml,,,,,,th_13727_202504121441,2025-04-12T14:41:22.000Z,"Kado, Mandalay Region, Myanmar (Burma)",Myanmar,MM,Asia,earthquake,1744472324,1744468882,0,,"21.71,96.26",2025-04-12 14:41:22,2025-04-12 21:11:22,Mandalay,Sagaing
22.218,96.435,10.0,3.6,ml,,,,,,th_13723_202504121413,2025-04-12T14:42:36.000Z,"Kyauk Me Lay, Mandalay Region, Myanmar (Burma)",Myanmar,MM,Asia,earthquake,1744468477,1744467212,0,,"22.22,96.44",2025-04-12 14:13:32,2025-04-12 20:43:32,Mandalay,Pyin Oo Lwin
22.053,96.02,10.0,4.0,ml,,,,,,ems_202504_1793955,2025-04-12T11:35:33.000Z,"Min Kun, Sagaing Region, Myanmar (Burma)",Myanmar,MM,Asia,earthquake,1744457756,1744456516,0,,"22.05,96.02",2025-04-12 11:15:16,2025-04-12 17:45:16,Saigang,Mandalay
20.69,96.397,10.0,3.4,ml,,,,,,th_13720_202504121100,2025-04-12T11:00:16.000Z,"Lawywa, Mandalay Region, Myanmar (Burma)",Myanmar,MM,Asia,earthquake,1744456571,1744455616,0,,"20.69,96.40",2025-04-12 11:00:16,2025-04-12 17:30:16,Mandalay,Inle Lake
21.738,96.12,10.0,4.2,ml,,,,,,ems_202504_1793950,2025-04-12T10:56:37.000Z,"Sintgaing, Mandalay Region, Myanmar (Burma)",Myanmar,MM,Asia,earthquake,1744455421,1744454002,0,,"21.74,96.12",2025-04-12 10:33:22,2025-04-12 17:03:22,Mandalay,Sagaing
18.746,96.492,10.0,2.2,ml,,,,,,th_13722_202504120945,2025-04-12T09:45:26.000Z,"Bomari, Bago Region, Myanmar (Burma)",Myanmar,MM,Asia,earthquake,1744458168,1744451126,0,,"18.75,96.49",2025-04-12 09:45:26,2025-04-12 16:15:26,Bago,Taungoo
23.0,94.35,45.0,3.5,ml,,,,,,in_bWNNc29EWVNQbFNSUnExYVVIejlKZz09,2025-04-12T09:49:31.000Z,"Tamaung, Sagaing Region, Myanmar (Burma)",Myanmar,MM,Asia,earthquake,1744451132,1744449642,0,,"23.00,94.35",2025-04-12 09:20:42,2025-04-12 15:50:42,Saigang,Kalay
18.071,96.571,10.0,3.6,ml,,,,,,th_13718_202504120838,2025-04-12T08:49:36.000Z,"Hpa Do, Bago Region, Myanmar (Burma)",Myanmar,MM,Asia,earthquake,1744447541,1744447111,0,,"18.07,96.57",2025-04-12 08:38:31,2025-04-12 15:08:31,Bago,Bago
19.21,96.9,10.0,2.3,ml,,,,,,th_13717_202504120743,2025-04-12T07:43:16.000Z,"Domusaw, Kayah State, Myanmar (Burma)",Myanmar,MM,Asia,earthquake,1744446172,1744443796,0,,"19.21,96.90",2025-04-12 07:43:16,2025-04-12 14:13:16,Kayah,Taungoo
19.795,96.2,10.0,3.1,ml,,,,,,th_13716_202504120559,2025-04-12T05:59:46.000Z,"Begon, Naypyidaw Union Territory, Myanmar (Burma)",Myanmar,MM,Asia,earthquake,1744438149,1744437586,0,,"19.80,96.20",2025-04-12 05:59:46,2025-04-12 12:29:46,Mandalay,Nay Pyi Taw
19.81,96.33,10.0,3.1,ml,,,,,,th_13714_202504120518,2025-04-12T05:18:00.000Z,"Yezin, Naypyidaw Union Territory, Myanmar (Burma)",Myanmar,MM,Asia,earthquake,1744435570,1744435080,0,,"19.81,96.33",2025-04-12 05:18:00,2025-04-12 11:48:00,Mandalay,Nay Pyi Taw
19.45,96.363,10.0,2.3,ml,,,,,,th_13713_202504120142,2025-04-12T01:42:11.000Z,"Wayonle, Bago Region, Myanmar (Burma)",Myanmar,MM,Asia,earthquake,1744423514,1744422131,0,,"19.45,96.36",2025-04-12 01:42:11,2025-04-12 08:12:11,Bago,Nay Pyi Taw
18.682,96.507,10.0,3.7,ml,,,,,,th_13712_202504120019,2025-04-12T00:28:30.000Z,"Zayatkyi, Bago Region, Myanmar (Burma)",Myanmar,MM,Asia,earthquake,1744417630,1744417178,0,,"18.68,96.51",2025-04-12 00:19:38,2025-04-12 06:49:38,Bago,Taungoo
19.116,96.61,10.0,2.5,ml,,,,,,th_13709_202504112227,2025-04-11T22:27:45.000Z,"Alegyaung Auk, Kayin State, Myanmar (Burma)",Myanmar,MM,Asia,earthquake,1744410851,1744410465,0,,"19.12,96.61",2025-04-11 22:27:45,2025-04-12 04:57:45,Kayin,Taungoo
19.237,96.598,10.0,2.1,ml,,,,,,th_13710_202504112215,2025-04-11T22:15:47.000Z,"Leiktho, Kayin State, Myanmar (Burma)",Myanmar,MM,Asia,earthquake,1744411125,1744409747,0,,"19.24,96.60",2025-04-11 22:15:47,2025-04-12 04:45:47,Kayin,Taungoo
20.068,96.123,10.0,4.6,ml,,,,,,in_ZXJRczJoSldQYzFWcGNzUDY0UWYvUT09,2025-04-12T07:11:20.000Z,"Thangedaung, Naypyidaw Union Territory, Myanmar (Burma)",Myanmar,MM,Asia,earthquake,1744381675,1744381050,0,,"20.12,96.11",2025-04-11 14:17:30,2025-04-11 20:47:30,Mandalay,Nay Pyi Taw
22.499,96.36,10.0,3.7,ml,,,,,,th_13706_202504111233,2025-04-11T12:56:41.000Z,"Lok Laung, Shan, Myanmar (Burma)",Myanmar,MM,Asia,earthquake,1744375667,1744374823,0,,"22.50,96.36",2025-04-11 12:33:43,2025-04-11 19:03:43,Shan,Mogok
21.881,96.731,10.0,3.2,ml,,,,,,th_13705_202504111108,2025-04-11T11:08:37.000Z,"Kontha, Mandalay Region, Myanmar (Burma)",Myanmar,MM,Asia,earthquake,1744370383,1744369717,0,,"21.88,96.73",2025-04-11 11:08:37,2025-04-11 17:38:37,Mandalay,Pyin Oo Lwin
19.832,96.127,10.0,4.5,ml,,,,,,ems_202504_1793541,2025-04-11T11:21:38.000Z,"Naypyidaw, Naypyidaw Union Territory, Myanmar (Burma)",Myanmar,MM,Asia,earthquake,1744376435,1744361348,0,,"19.83,96.13",2025-04-11 08:49:08,2025-04-11 15:19:08,Mandalay,Nay Pyi Taw
18.965,96.423,10.0,2.6,ml,,,,,,th_13702_202504110730,2025-04-11T07:30:38.000Z,"Taungoo, Bago Region, Myanmar (Burma)",Myanmar,MM,Asia,earthquake,1744357598,1744356638,0,,"18.97,96.42",2025-04-11 07:30:38,2025-04-11 14:00:38,Bago,Taungoo
18.989,96.6,10.0,2.4,ml,,,,,,th_13701_202504110554,2025-04-11T05:54:54.000Z,"Oo Shit Kone, Kayin State, Myanmar (Burma)",Myanmar,MM,Asia,earthquake,1744351188,1744350894,0,,"18.99,96.60",2025-04-11 05:54:54,2025-04-11 12:24:54,Kayin,Taungoo
16.392,97.298,10.0,2.7,ml,,,,,,th_13700_202504110548,2025-04-11T05:48:44.000Z,"Ahlat, Mon State, Myanmar (Burma)",Near South Coast of Myanmar,MM,Asia,earthquake,1744351034,1744350524,0,,"16.39,97.30",2025-04-11 05:48:44,2025-04-11 12:18:44,,Mawlamyine
18.873,96.791,10.0,2.9,ml,,,,,,th_13698_202504110534,2025-04-11T05:34:55.000Z,"ဘောဂလိမြို့, ကရင်ပြည်နယ်, Myanmar (Burma)",Myanmar,MM,Asia,earthquake,1744350293,1744349695,0,,"18.87,96.79",2025-04-11 05:34:55,2025-04-11 12:04:55,Kayin,Taungoo
20.91,95.71,10.0,4.5,ml,,,,,,in_ejdHcVJURk9IVTNGK3JxeTY2UDZJUT09,2025-04-11T05:14:32.000Z,"Yae Cho, Mandalay Region, Myanmar (Burma)",Myanmar,MM,Asia,earthquake,1744348066,1744347539,0,,"20.91,95.71",2025-04-11 04:58:59,2025-04-11 11:28:59,Mandalay,Meiktila
20.9379,95.9769,10.0,4.8,mb,43.0,91.0,3.391,0.8,us,in_MThXL3VsVEVzVGpYZFhIcXRhT252QT09,2025-04-11T14:00:13.134Z,"Meiktila, Burma (Myanmar)","14km ENE of Meiktila, Burma (Myanmar)",MM,Asia,earthquake,1744346301,1744345768,0,,"20.79,95.87",2025-04-11 04:29:28,2025-04-11 10:59:28,Mandalay,Meiktila
19.981,96.55,10.0,2.4,ml,,,,,,th_13699_202504110355,2025-04-11T03:55:01.000Z,"Paunglaung, Shan, Myanmar (Burma)",Myanmar,MM,Asia,earthquake,1744350452,1744343701,0,,"19.98,96.55",2025-04-11 03:55:01,2025-04-11 10:25:01,Shan,Nay Pyi Taw
20.421,98.353,3.0,2.0,ml,,,,,,th_13695_202504110346,2025-04-11T03:46:17.000Z,"Hwè-hawn, Shan, Myanmar (Burma)",Myanmar,MM,Asia,earthquake,1744345379,1744343177,0,,"20.42,98.35",2025-04-11 03:46:17,2025-04-11 10:16:17,Shan,Taunggyi
20.002,98.074,2.0,2.1,ml,,,,,,th_13694_202504110344,2025-04-11T03:44:21.000Z,"Wan Konlang, Shan, Myanmar (Burma)",Myanmar,MM,Asia,earthquake,1744343477,1744343061,0,,"20.00,98.07",2025-04-11 03:44:21,2025-04-11 10:14:21,Shan,Loikaw
18.34,95.89,10.0,4.6,ml,,,,,,in_bWxubmcxL1lpNWRKRWUwOURMM2dLdz09,2025-04-11T02:49:30.000Z,"Tebinlu, Bago Region, Myanmar (Burma)",Myanmar,MM,Asia,earthquake,1744339501,1744338734,0,,"18.34,95.89",2025-04-11 02:32:14,2025-04-11 09:02:14,Bago,Taungoo
20.512,96.31,10.0,3.5,ml,,,,,,th_13692_202504110213,2025-04-11T02:28:36.000Z,"Nankwe, Mandalay Region, Myanmar (Burma)",Myanmar,MM,Asia,earthquake,1744338282,1744337600,0,,"20.51,96.31",2025-04-11 02:13:20,2025-04-11 08:43:20,Mandalay,Meiktila
18.732,96.634,10.0,3.2,ml,,,,,,th_13691_202504110011,2025-04-11T00:11:13.000Z,"Alesengyaung, Kayin State, Myanmar (Burma)",Myanmar,MM,Asia,earthquake,1744330893,1744330273,0,,"18.73,96.63",2025-04-11 00:11:13,2025-04-11 06:41:13,Kayin,Taungoo
21.49,96.335,10.0,3.2,ml,,,,,,th_13690_202504102354,2025-04-10T23:54:10.000Z,"Thanywa, Mandalay Region, Myanmar (Burma)",Myanmar,MM,Asia,earthquake,1744329950,1744329250,0,,"21.49,96.34",2025-04-10 23:54:10,2025-04-11 06:24:10,Mandalay,Sagaing
19.296,96.208,10.0,3.0,ml,,,,,,th_13689_202504102329,2025-04-10T23:29:35.000Z,"Yae Pyar Aye, Bago Region, Myanmar (Burma)",Myanmar,MM,Asia,earthquake,1744328518,1744327775,0,,"19.30,96.21",2025-04-10 23:29:35,2025-04-11 05:59:35,Bago,Taungoo
19.026,96.45,10.0,2.6,ml,,,,,,th_13688_202504102226,2025-04-10T22:26:20.000Z,"Kaytumati, Bago Region, Myanmar (Burma)",Myanmar,MM,Asia,earthquake,1744324742,1744323980,0,,"19.03,96.45",2025-04-10 22:26:20,2025-04-11 04:56:20,Bago,Taungoo
21.75,96.396,10.0,3.3,ml,,,,,,th_13687_202504102201,2025-04-10T22:01:21.000Z,"Gwebin, Mandalay Region, Myanmar (Burma)",Myanmar,MM,Asia,earthquake,1744323601,1744322481,0,,"21.75,96.40",2025-04-10 22:01:21,2025-04-11 04:31:21,Mandalay,Pyin Oo Lwin
21.706,96.317,10.0,2.9,ml,,,,,,th_13685_202504102058,2025-04-10T20:58:49.000Z,"Hngetkyithaik, Mandalay Region, Myanmar (Burma)",Myanmar,MM,Asia,earthquake,1744319340,1744318729,0,,"21.71,96.32",2025-04-10 20:58:49,2025-04-11 03:28:49,Mandalay,Mandalay
19.299,96.853,10.0,2.3,ml,,,,,,th_13684_202504102051,2025-04-10T20:51:38.000Z,"Hoyar, Kayah State, Myanmar (Burma)",Myanmar,MM,Asia,earthquake,1744318844,1744318298,0,,"19.30,96.85",2025-04-10 20:51:38,2025-04-11 03:21:38,Kayah,Loikaw
21.314,96.255,10.0,3.2,ml,,,,,,th_13683_202504101938,2025-04-10T19:38:12.000Z,"Ywarkhainggyi, Mandalay Region, Myanmar (Burma)",Myanmar,MM,Asia,earthquake,1744314299,1744313892,0,,"21.31,96.26",2025-04-10 19:38:12,2025-04-11 02:08:12,Mandalay,Meiktila
19.078,97.633,10.0,1.6,ml,,,,,,th_13682_202504101926,2025-04-10T19:26:53.000Z,"Punghsa-sè, Kayah State, Myanmar (Burma)",Myanmar,MM,Asia,earthquake,1744313642,1744313213,0,,"19.08,97.63",2025-04-10 19:26:53,2025-04-11 01:56:53,Kayah,Loikaw
21.786,96.34,10.0,3.1,ml,,,,,,th_13680_202504101714,2025-04-10T17:14:06.000Z,"Thon-Daung-Ywa-Ma, Mandalay Region, Myanmar (Burma)",Myanmar,MM,Asia,earthquake,1744305704,1744305246,0,,"21.79,96.34",2025-04-10 17:14:06,2025-04-10 23:44:06,Mandalay,Pyin Oo Lwin
19.087,96.353,10.0,2.8,ml,,,,,,th_13679_202504101708,2025-04-10T17:08:18.000Z,"Kyun Kone, Bago Region, Myanmar (Burma)",Myanmar,MM,Asia,earthquake,1744305262,1744304898,0,,"19.09,96.35",2025-04-10 17:08:18,2025-04-10 23:38:18,Bago,Taungoo
21.7193,95.9475,10.0,3.9,mb,10.0,117.0,1.088,1.16,us,in_cDg3NmRKL0ozOUVKaDdxSG5aUjd0Zz09,2025-04-10T18:14:11.036Z,"Sintgaing, Mandalay Region, Myanmar (Burma)","17km S of Sagaing, Burma (Myanmar)",MM,Asia,earthquake,1744303025,1744301878,1,,"22.02,95.71",2025-04-10 16:17:58,2025-04-10 22:47:58,Mandalay,Sagaing
20.438,98.345,10.0,2.0,ml,,,,,,th_13677_202504101544,2025-04-10T15:44:50.000Z,"Hwè-hawn, Shan, Myanmar (Burma)",Myanmar,MM,Asia,earthquake,1744300414,1744299890,0,,"20.44,98.35",2025-04-10 15:44:50,2025-04-10 22:14:50,Shan,Taunggyi
18.205,96.457,10.0,2.1,ml,,,,,,th_13675_202504101512,2025-04-10T15:12:46.000Z,"Zalokkyi, Bago Region, Myanmar (Burma)",Myanmar,MM,Asia,earthquake,1744298656,1744297966,0,,"18.21,96.46",2025-04-10 15:12:46,2025-04-10 21:42:46,Bago,Taungoo
19.526,97.667,10.0,3.1,ml,,,,,,th_13674_202504101445,2025-04-10T14:45:53.000Z,"Mè-hsa-tè, Kayah State, Myanmar (Burma)",Myanmar,MM,Asia,earthquake,1744296911,1744296353,0,,"19.53,97.67",2025-04-10 14:45:53,2025-04-10 21:15:53,Kayah,Loikaw
20.025,97.88,10.0,1.8,ml,,,,,,th_13673_202504101242,2025-04-10T12:42:24.000Z,"Wan Kongpao, Shan, Myanmar (Burma)",Myanmar,MM,Asia,earthquake,1744289386,1744288944,0,,"20.03,97.88",2025-04-10 12:42:24,2025-04-10 19:12:24,Shan,Loikaw
19.214,96.357,10.0,3.2,ml,,,,,,th_13672_202504101153,2025-04-10T11:53:23.000Z,"Aunggyantha, Bago Region, Myanmar (Burma)",Myanmar,MM,Asia,earthquake,1744286430,1744286003,0,,"19.21,96.36",2025-04-10 11:53:23,2025-04-10 18:23:23,Bago,Taungoo
19.561,96.498,10.0,2.7,ml,,,,,,th_13670_202504101045,2025-04-10T10:45:34.000Z,"Taungmyint Ywama, Naypyidaw Union Territory, Myanmar (Burma)",Myanmar,MM,Asia,earthquake,1744282287,1744281934,0,,"19.56,96.50",2025-04-10 10:45:34,2025-04-10 17:15:34,Mandalay,Nay Pyi Taw
20.025,98.422,1.0,2.1,ml,,,,,,th_13668_202504100915,2025-04-10T09:15:13.000Z,"Wan Umlong, Shan, Myanmar (Burma)",Myanmar,MM,Asia,earthquake,1744277038,1744276513,0,,"20.03,98.42",2025-04-10 09:15:13,2025-04-10 15:45:13,Shan,Loikaw
18.822,96.51,10.0,2.6,ml,,,,,,th_13667_202504100658,2025-04-10T06:58:26.000Z,"Tabye, Bago Region, Myanmar (Burma)",Myanmar,MM,Asia,earthquake,1744271801,1744268306,0,,"18.82,96.51",2025-04-10 06:58:26,2025-04-10 13:28:26,Bago,Taungoo
19.234,96.304,10.0,2.6,ml,,,,,,th_13664_202504100600,2025-04-10T06:01:12.000Z,"Swar, Bago Region, Myanmar (Burma)",Myanmar,MM,Asia,earthquake,1744265162,1744264872,0,,"20.01,98.04",2025-04-10 06:01:12,2025-04-10 12:31:12,Bago,Taungoo
19.201,96.308,10.0,3.0,ml,,,,,,th_13663_202504100326,2025-04-10T03:26:11.000Z,"Pidaukkhin, Bago Region, Myanmar (Burma)",Myanmar,MM,Asia,earthquake,1744255958,1744255571,0,,"19.20,96.31",2025-04-10 03:26:11,2025-04-10 09:56:11,Bago,Taungoo
18.956,96.464,10.0,3.9,ml,,,,,,th_13662_202504100253,2025-04-10T03:07:35.000Z,"Taungoo, Bago Region, Myanmar (Burma)",Myanmar,MM,Asia,earthquake,1744254169,1744253633,0,,"18.96,96.46",2025-04-10 02:53:53,2025-04-10 09:23:53,Bago,Taungoo
19.625,96.251,10.0,3.1,ml,,,,,,th_13661_202504100157,2025-04-10T01:57:08.000Z,"Aye Lar, Mandalay Region, Myanmar (Burma)",Myanmar,MM,Asia,earthquake,1744250716,1744250228,0,,"19.63,96.25",2025-04-10 01:57:08,2025-04-10 08:27:08,Mandalay,Nay Pyi Taw
20.307,96.135,10.0,3.3,ml,,,,,,th_13659_202504092315,2025-04-09T23:15:49.000Z,"Inbingyi, Mandalay Region, Myanmar (Burma)",Myanmar,MM,Asia,earthquake,1744240853,1744240549,0,,"20.31,96.14",2025-04-09 23:15:49,2025-04-10 05:45:49,Mandalay,Nay Pyi Taw
20.175,96.378,10.0,2.8,ml,,,,,,th_13658_202504092130,2025-04-09T21:30:22.000Z,"Kyatpye, Naypyidaw Union Territory, Myanmar (Burma)",Myanmar,MM,Asia,earthquake,1744234564,1744234222,0,,"20.18,96.38",2025-04-09 21:30:22,2025-04-10 04:00:22,Mandalay,Nay Pyi Taw
19.065,96.648,10.0,2.7,ml,,,,,,th_13656_202504091919,2025-04-09T19:19:08.000Z,"Than Daung Gyi, Kayin State, Myanmar (Burma)",Myanmar,MM,Asia,earthquake,1744226743,1744226348,0,,"19.07,96.65",2025-04-09 19:19:08,2025-04-10 01:49:08,Kayin,Taungoo
18.69,96.639,10.0,2.3,ml,,,,,,th_13655_202504091858,2025-04-09T18:58:41.000Z,"Alesengyaung, Kayin State, Myanmar (Burma)",Myanmar,MM,Asia,earthquake,1744225558,1744225121,0,,"18.69,96.64",2025-04-09 18:58:41,2025-04-10 01:28:41,Kayin,Taungoo
18.765,96.473,10.0,2.6,ml,,,,,,th_13654_202504091758,2025-04-09T17:58:38.000Z,"Bomari, Bago Region, Myanmar (Burma)",Myanmar,MM,Asia,earthquake,1744221942,1744221518,0,,"18.77,96.47",2025-04-09 17:58:38,2025-04-10 00:28:38,Bago,Taungoo
18.653,96.517,10.0,2.2,ml,,,,,,th_13653_202504091744,2025-04-09T17:44:30.000Z,"Zayatkyi, Bago Region, Myanmar (Burma)",Myanmar,MM,Asia,earthquake,1744221463,1744220670,0,,"18.65,96.52",2025-04-09 17:44:30,2025-04-10 00:14:30,Bago,Taungoo
22.614,96.1,10.0,3.5,ml,,,,,,th_13652_202504091725,2025-04-09T17:49:33.000Z,"Nat Taung, Mandalay Region, Myanmar (Burma)",Myanmar,MM,Asia,earthquake,1744220560,1744219535,0,,"22.61,96.10",2025-04-09 17:25:35,2025-04-09 23:55:35,Mandalay,Shwebo
19.531,96.217,10.0,2.4,ml,,,,,,th_13651_202504091722,2025-04-09T17:22:59.000Z,"Tedaung, နေပြည်တော် ပြည်တောင်စုနယ်မြေ, Myanmar (Burma)",Myanmar,MM,Asia,earthquake,1744220007,1744219379,0,,"19.53,96.22",2025-04-09 17:22:59,2025-04-09 23:52:59,Mandalay,Nay Pyi Taw
22.46,94.3,33.0,3.6,ml,,,,,,in_T1o3QWladW9NdGREMERUU1cvblE2Zz09,2025-04-09T18:28:52.000Z,"Sawnkyun, Chin State, Myanmar (Burma)",Myanmar,MM,Asia,earthquake,1744219489,1744218931,1,,"22.10,93.96",2025-04-09 17:15:31,2025-04-09 23:45:31,Saigang,Kalay
20.153,98.19,10.0,1.7,ml,,,,,,th_13649_202504091714,2025-04-09T17:14:19.000Z,"Hkonglong, Shan, Myanmar (Burma)",Myanmar,MM,Asia,earthquake,1744219476,1744218859,0,,"20.15,98.19",2025-04-09 17:14:19,2025-04-09 23:44:19,Shan,Loikaw
21.6834,96.0221,10.0,3.5,ml,6.0,317.0,1.312,0.65,us,ems_202504_1792859,2025-04-09T16:53:54.684Z,"Nan Nin (North), Mandalay Region, Myanmar (Burma)","14km NW of Kyaukse, Burma (Myanmar)",MM,Asia,earthquake,1744214890,1744214360,0,,"21.85,96.24",2025-04-09 15:59:20,2025-04-09 22:29:20,Mandalay,Sagaing
21.936,96.42,7.0,3.0,ml,,,,,,th_13647_202504091552,2025-04-09T15:52:55.000Z,"Anesakhan, Mandalay Region, Myanmar (Burma)",Myanmar,MM,Asia,earthquake,1744217115,1744213975,0,,"21.94,96.42",2025-04-09 15:52:55,2025-04-09 22:22:55,Mandalay,Pyin Oo Lwin
19.973,96.253,10.0,2.4,ml,,,,,,th_13646_202504091503,2025-04-09T15:03:07.000Z,"Tegon, Naypyidaw Union Territory, Myanmar (Burma)",Myanmar,MM,Asia,earthquake,1744217137,1744210987,1,,"19.97,96.25",2025-04-09 15:03:07,2025-04-09 21:33:07,Mandalay,Nay Pyi Taw
21.4447,95.9352,10.0,3.6,ml,5.0,195.0,0.979,0.36,us,ems_202504_1792842,2025-04-09T16:04:58.121Z,"Nyaung Wun, Mandalay Region, Myanmar (Burma)","27km SW of Kyaukse, Burma (Myanmar)",MM,Asia,earthquake,1744210191,1744209617,0,,"21.83,96.35",2025-04-09 14:40:17,2025-04-09 21:10:17,Mandalay,Sagaing
18.235,96.168,10.0,2.3,ml,,,,,,th_13644_202504091433,2025-04-09T14:33:47.000Z,"Thitkyi, Bago Region, Myanmar (Burma)",Myanmar,MM,Asia,earthquake,1744217153,1744209227,1,,"18.24,96.17",2025-04-09 14:33:47,2025-04-09 21:03:47,Bago,Taungoo
18.582,96.616,10.0,2.8,ml,,,,,,th_13642_202504091313,2025-04-09T13:13:51.000Z,"Mon, Bago Region, Myanmar (Burma)",Myanmar,MM,Asia,earthquake,1744204859,1744204431,0,,"18.58,96.62",2025-04-09 13:13:51,2025-04-09 19:43:51,Bago,Taungoo
19.145,96.453,10.0,3.2,ml,,,,,,th_13641_202504091245,2025-04-09T12:45:06.000Z,"Karenchaung, Bago Region, Myanmar (Burma)",Myanmar,MM,Asia,earthquake,1744203139,1744202706,0,,"19.15,96.45",2025-04-09 12:45:06,2025-04-09 19:15:06,Bago,Taungoo
19.172,96.215,10.0,2.8,ml,,,,,,th_13640_202504091200,2025-04-09T12:00:35.000Z,"Baungdok, Bago Region, Myanmar (Burma)",Myanmar,MM,Asia,earthquake,1744200490,1744200035,0,,"19.17,96.22",2025-04-09 12:00:35,2025-04-09 18:30:35,Bago,Taungoo
18.486,96.629,10.0,2.7,ml,,,,,,th_13639_202504090909,2025-04-09T09:09:28.000Z,"Mebok, Bago Region, Myanmar (Burma)",Myanmar,MM,Asia,earthquake,1744190384,1744189768,0,,"18.49,96.63",2025-04-09 09:09:28,2025-04-09 15:39:28,Bago,Taungoo
22.518,96.207,10.0,4.0,ml,,,,,,ems_202504_1792768,2025-04-09T08:56:55.000Z,"Hnonae, Mandalay Region, Myanmar (Burma)",Myanmar,MM,Asia,earthquake,1744189030,1744188441,0,,"22.52,96.21",2025-04-09 08:47:21,2025-04-09 15:17:21,Mandalay,Shwebo
19.334,96.488,10.0,2.7,ml,,,,,,th_13635_202504090817,2025-04-09T08:17:45.000Z,"Kyauktaga Auk, Kayin State, Myanmar (Burma)",Myanmar,MM,Asia,earthquake,1744187153,1744186665,0,,"19.33,96.49",2025-04-09 08:17:45,2025-04-09 14:47:45,Kayin,Taungoo
22.7797,95.9266,10.0,4.7,mb,,,,,,in_YWcxc0JEQk9lTVlTTm94YlJwZHhMUT09,2025-04-09T08:47:33.000Z,"Gyenbinsho, Sagaing Region, Myanmar (Burma)",Myanmar,MM,Asia,earthquake,1744186371,1744185497,0,,"22.76,95.62",2025-04-09 07:58:17,2025-04-09 14:28:17,Saigang,Shwebo
19.731,98.445,1.0,2.0,ml,,,,,,th_13632_202504090612,2025-04-09T06:12:41.000Z,"Wan Hsenlong, Shan, Myanmar (Burma)",Myanmar,MM,Asia,earthquake,1744180669,1744179161,0,,"19.73,98.45",2025-04-09 06:12:41,2025-04-09 12:42:41,Shan,Loikaw
19.699,98.473,1.0,2.9,ml,,,,,,th_13631_202504090603,2025-04-09T06:03:41.000Z,"Wan Hsenlong, Shan, Myanmar (Burma)",Myanmar,MM,Asia,earthquake,1744179027,1744178621,1,,"19.70,98.47",2025-04-09 06:03:41,2025-04-09 12:33:41,Shan,Loikaw
19.349,96.267,10.0,2.7,ml,,,,,,th_13630_202504090518,2025-04-09T05:18:32.000Z,"Thagaya, Bago Region, Myanmar (Burma)",Myanmar,MM,Asia,earthquake,1744176258,1744175912,0,,"19.35,96.27",2025-04-09 05:18:32,2025-04-09 11:48:32,Bago,Nay Pyi Taw
19.633,96.445,10.0,2.3,ml,,,,,,th_13628_202504082349,2025-04-08T23:49:06.000Z,"Koywa, Naypyidaw Union Territory, Myanmar (Burma)",Myanmar,MM,Asia,earthquake,1744157493,1744156146,0,,"19.63,96.45",2025-04-08 23:49:06,2025-04-09 06:19:06,Mandalay,Nay Pyi Taw
19.956,97.972,1.0,2.2,ml,,,,,,th_13627_202504082309,2025-04-08T23:09:53.000Z,"Ta Ho-pong, Shan, Myanmar (Burma)",Myanmar,MM,Asia,earthquake,1744154349,1744153793,0,,"19.96,97.97",2025-04-08 23:09:53,2025-04-09 05:39:53,Shan,Loikaw
19.621,96.259,10.0,2.5,ml,,,,,,th_13626_202504082235,2025-04-08T22:35:12.000Z,"Aye Lar, Mandalay Region, Myanmar (Burma)",Myanmar,MM,Asia,earthquake,1744151994,1744151712,0,,"19.62,96.26",2025-04-08 22:35:12,2025-04-09 05:05:12,Mandalay,Nay Pyi Taw
21.281,96.257,10.0,3.6,ml,,,,,,th_13625_202504082221,2025-04-08T22:35:47.000Z,"Ywarkhainggyi, Mandalay Region, Myanmar (Burma)",Myanmar,MM,Asia,earthquake,1744151509,1744150908,0,,"21.28,96.26",2025-04-08 22:21:48,2025-04-09 04:51:48,Mandalay,Meiktila
19.318,96.329,10.0,2.4,ml,,,,,,th_13624_202504082140,2025-04-08T21:40:52.000Z,"Thagaya, Bago Region, Myanmar (Burma)",Myanmar,MM,Asia,earthquake,1744149663,1744148452,0,,"19.32,96.33",2025-04-08 21:40:52,2025-04-09 04:10:52,Bago,Taungoo
19.155,96.478,10.0,1.9,ml,,,,,,th_13622_202504082122,2025-04-08T21:22:14.000Z,"Karenchaung, Bago Region, Myanmar (Burma)",Myanmar,MM,Asia,earthquake,1744147962,1744147334,0,,"19.16,96.48",2025-04-08 21:22:14,2025-04-09 03:52:14,Bago,Taungoo
18.622,96.588,10.0,2.1,ml,,,,,,th_13621_202504082055,2025-04-08T20:55:52.000Z,"Kyaungbintha, Bago Region, Myanmar (Burma)",Myanmar,MM,Asia,earthquake,1744146061,1744145752,0,,"18.62,96.59",2025-04-08 20:55:52,2025-04-09 03:25:52,Bago,Taungoo
19.778,98.437,2.0,2.3,ml,,,,,,th_13620_202504082049,2025-04-08T20:49:07.000Z,"Wan Punglong, Shan, Myanmar (Burma)",Myanmar,MM,Asia,earthquake,1744145802,1744145347,0,,"19.78,98.44",2025-04-08 20:49:07,2025-04-09 03:19:07,Shan,Loikaw
19.272,96.434,10.0,2.5,ml,,,,,,th_13619_202504082019,2025-04-08T20:19:31.000Z,"Sibaing, Bago Region, Myanmar (Burma)",Myanmar,MM,Asia,earthquake,1744144073,1744143571,0,,"19.27,96.43",2025-04-08 20:19:31,2025-04-09 02:49:31,Bago,Taungoo
21.691,96.33,10.0,3.0,ml,,,,,,th_13618_202504081916,2025-04-08T19:16:47.000Z,"Gwebin, Mandalay Region, Myanmar (Burma)",Myanmar,MM,Asia,earthquake,1744140336,1744139807,1,,"21.69,96.33",2025-04-08 19:16:47,2025-04-09 01:46:47,Mandalay,Mandalay
18.899,96.534,10.0,2.6,ml,,,,,,th_13617_202504081851,2025-04-08T18:51:12.000Z,"Dothaung, Bago Region, Myanmar (Burma)",Myanmar,MM,Asia,earthquake,1744138602,1744138272,0,,"18.90,96.53",2025-04-08 18:51:12,2025-04-09 01:21:12,Bago,Taungoo
20.591,98.373,10.0,2.3,ml,,,,,,th_13616_202504081844,2025-04-08T18:44:46.000Z,"Wan Kengh Kam, Shan, Myanmar (Burma)",Myanmar,MM,Asia,earthquake,1744138215,1744137886,1,,"20.59,98.37",2025-04-08 18:44:46,2025-04-09 01:14:46,Shan,Taunggyi
22.114,96.028,10.0,3.3,ml,,,,,,th_13615_202504081704,2025-04-08T17:04:12.000Z,"Tha Phan Dauk, Mandalay Region, Myanmar (Burma)",Myanmar,MM,Asia,earthquake,1744132324,1744131852,0,,"22.11,96.03",2025-04-08 17:04:12,2025-04-08 23:34:12,Mandalay,Mandalay
19.775,96.458,10.0,3.0,ml,,,,,,th_13614_202504081537,2025-04-08T15:37:04.000Z,"Saungdaung Anauk, Naypyidaw Union Territory, Myanmar (Burma)",Myanmar,MM,Asia,earthquake,1744127212,1744126624,0,,"19.78,96.46",2025-04-08 15:37:04,2025-04-08 22:07:04,Mandalay,Nay Pyi Taw
22.244,96.485,10.0,3.2,ml,,,,,,th_13612_202504081320,2025-04-08T13:20:14.000Z,"Nga Bin, Shan, Myanmar (Burma)",Myanmar,MM,Asia,earthquake,1744118981,1744118414,0,,"22.24,96.49",2025-04-08 13:20:14,2025-04-08 19:50:14,Shan,Pyin Oo Lwin
20.588,96.422,10.0,2.8,ml,,,,,,th_13611_202504081303,2025-04-08T13:03:05.000Z,"Pinnwe, Mandalay Region, Myanmar (Burma)",Myanmar,MM,Asia,earthquake,1744117934,1744117385,0,,"20.59,96.42",2025-04-08 13:03:05,2025-04-08 19:33:05,Mandalay,Inle Lake
18.639,97.432,3.0,2.0,ml,,,,,,th_13609_202504081236,2025-04-08T12:36:42.000Z,"Mei Se Nan, Kayah State, Myanmar (Burma)",Myanmar,MM,Asia,earthquake,1744116266,1744115802,0,,"18.64,97.43",2025-04-08 12:36:42,2025-04-08 19:06:42,Kayah,Taungoo
18.629,97.411,10.0,2.3,ml,,,,,,th_13608_202504081209,2025-04-08T12:09:42.000Z,"Mei Se Nan, Kayah State, Myanmar (Burma)",Myanmar,MM,Asia,earthquake,1744114641,1744114182,0,,"18.63,97.41",2025-04-08 12:09:42,2025-04-08 18:39:42,Kayah,Taungoo
18.794,96.685,10.0,2.7,ml,,,,,,th_13610_202504081126,2025-04-08T11:26:41.000Z,"Alesengyaung, Kayin State, Myanmar (Burma)",Myanmar,MM,Asia,earthquake,1744116360,1744111601,0,,"18.79,96.69",2025-04-08 11:26:41,2025-04-08 17:56:41,Kayin,Taungoo
18.718,96.275,10.0,3.9,ml,,,,,,th_13605_202504081035,2025-04-08T10:42:47.000Z,"Bon Chaung, Bago Region, Myanmar (Burma)",Myanmar,MM,Asia,earthquake,1744108894,1744108512,0,,"18.72,96.28",2025-04-08 10:35:12,2025-04-08 17:05:12,Bago,Taungoo
21.617,95.884,10.0,3.1,ml,,,,,,th_13606_202504081023,2025-04-08T10:23:43.000Z,"Buyauk, Mandalay Region, Myanmar (Burma)",Myanmar,MM,Asia,earthquake,1744108942,1744107823,0,,"21.62,95.88",2025-04-08 10:23:43,2025-04-08 16:53:43,Mandalay,Sagaing
20.061,96.418,10.0,3.2,ml,,,,,,th_13603_202504080819,2025-04-08T08:19:21.000Z,"Kyatpye, Naypyidaw Union Territory, Myanmar (Burma)",Myanmar,MM,Asia,earthquake,1744100724,1744100361,0,,"20.06,96.42",2025-04-08 08:19:21,2025-04-08 14:49:21,Mandalay,Nay Pyi Taw
21.44,96.543,10.0,3.2,ml,,,,,,th_13602_202504080628,2025-04-08T06:28:18.000Z,"Mezaliywa, Shan, Myanmar (Burma)",Myanmar,MM,Asia,earthquake,1744096488,1744093698,0,,"21.44,96.54",2025-04-08 06:28:18,2025-04-08 12:58:18,Shan,Pyin Oo Lwin
21.991,96.311,10.0,3.5,ml,,,,,,th_13601_202504080612,2025-04-08T06:28:37.000Z,"Anesakhan, Mandalay Region, Myanmar (Burma)",Myanmar,MM,Asia,earthquake,1744093317,1744092761,0,,"21.99,96.31",2025-04-08 06:12:41,2025-04-08 12:42:41,Mandalay,Pyin Oo Lwin
22.061,96.185,10.0,4.3,ml,,,,,,in_VFBvMXQvY21EVTRzL0xYMHhITXhIUT09,2025-04-08T05:35:50.000Z,"Yetaw, Mandalay Region, Myanmar (Burma)",Myanmar,MM,Asia,earthquake,1744090209,1744089546,1,,"22.45,96.01",2025-04-08 05:19:06,2025-04-08 11:49:06,Mandalay,Mandalay
18.059,96.485,10.0,2.8,ml,,,,,,th_13599_202504080248,2025-04-08T02:48:36.000Z,"Myo Chaung, Bago Region, Myanmar (Burma)",Myanmar,MM,Asia,earthquake,1744081173,1744080516,0,,"18.06,96.49",2025-04-08 02:48:36,2025-04-08 09:18:36,Bago,Bago
18.175,96.416,10.0,2.4,ml,,,,,,th_13597_202504080226,2025-04-08T02:26:04.000Z,"Zalokkyi, Bago Region, Myanmar (Burma)",Myanmar,MM,Asia,earthquake,1744079477,1744079164,0,,"18.18,96.42",2025-04-08 02:26:04,2025-04-08 08:56:04,Bago,Taungoo
19.606,96.579,10.0,2.4,ml,,,,,,th_13595_202504080154,2025-04-08T01:54:51.000Z,"Shan, Myanmar (Burma)",Myanmar,MM,Asia,earthquake,1744078432,1744077291,0,,"19.61,96.58",2025-04-08 01:54:51,2025-04-08 08:24:51,Shan,Nay Pyi Taw
19.289,97.593,1.0,2.1,ml,,,,,,th_13594_202504080126,2025-04-08T01:26:23.000Z,"Kayah State, Myanmar (Burma)",Myanmar,MM,Asia,earthquake,1744078376,1744075583,0,,"19.29,97.59",2025-04-08 01:26:23,2025-04-08 07:56:23,Kayah,Loikaw
19.938,97.729,3.0,2.4,ml,,,,,,th_13593_202504080107,2025-04-08T01:07:11.000Z,"Shan, Myanmar (Burma)",Myanmar,MM,Asia,earthquake,1744077172,1744074431,0,,"19.94,97.73",2025-04-08 01:07:11,2025-04-08 07:37:11,Shan,Loikaw
19.671,96.239,10.0,2.5,ml,,,,,,th_13592_202504080057,2025-04-08T00:57:59.000Z,"Sainggaungyo, Naypyidaw Union Territory, Myanmar (Burma)",Myanmar,MM,Asia,earthquake,1744076614,1744073879,0,,"19.67,96.24",2025-04-08 00:57:59,2025-04-08 07:27:59,Mandalay,Nay Pyi Taw
19.21,96.456,10.0,2.3,ml,,,,,,th_13590_202504080030,2025-04-08T00:30:20.000Z,"Hnawpin, Bago Region, Myanmar (Burma)",Myanmar,MM,Asia,earthquake,1744074554,1744072220,0,,"19.21,96.46",2025-04-08 00:30:20,2025-04-08 07:00:20,Bago,Taungoo
20.138,96.378,10.0,2.7,ml,,,,,,th_13588_202504072314,2025-04-07T23:14:05.000Z,"Kyatpye, Naypyidaw Union Territory, Myanmar (Burma)",Myanmar,MM,Asia,earthquake,1744068608,1744067645,0,,"20.14,96.38",2025-04-07 23:14:05,2025-04-08 05:44:05,Mandalay,Nay Pyi Taw
18.535,96.561,10.0,2.4,ml,,,,,,th_13587_202504072212,2025-04-07T22:12:38.000Z,"Oakphyat, Bago Region, Myanmar (Burma)",Myanmar,MM,Asia,earthquake,1744065222,1744063958,0,,"18.54,96.56",2025-04-07 22:12:38,2025-04-08 04:42:38,Bago,Taungoo
20.621,96.491,10.0,4.3,ml,,,,,,in_VDc2Z1k1OFU2cHFjdHN2bnU3V3QwZz09,2025-04-07T22:07:36.000Z,"Kwelgan, Mandalay Region, Myanmar (Burma)",Myanmar,MM,Asia,earthquake,1744063185,1744062511,1,,"21.04,96.14",2025-04-07 21:48:31,2025-04-08 04:18:31,Shan,Inle Lake
18.784,96.43,10.0,2.8,ml,,,,,,th_13581_202504071846,2025-04-07T18:46:41.000Z,"Oktwin, Bago Region, Myanmar (Burma)",Myanmar,MM,Asia,earthquake,1744052371,1744051601,0,,"18.78,96.43",2025-04-07 18:46:41,2025-04-08 01:16:41,Bago,Taungoo
20.332,96.092,10.0,2.9,ml,,,,,,th_13579_202504071622,2025-04-07T16:22:12.000Z,"Myohla, Mandalay Region, Myanmar (Burma)",Myanmar,MM,Asia,earthquake,1744043521,1744042932,0,,"20.33,96.09",2025-04-07 16:22:12,2025-04-07 22:52:12,Mandalay,Naypyidaw
20.263,96.07,10.0,2.3,ml,,,,,,th_13577_202504071518,2025-04-07T15:18:08.000Z,"Letpan, Naypyidaw Union Territory, Myanmar (Burma)",Myanmar,MM,Asia,earthquake,1744040358,1744039088,0,,"20.26,96.07",2025-04-07 15:18:08,2025-04-07 21:48:08,Mandalay,Naypyidaw
21.939,96.349,10.0,3.4,ml,,,,,,th_13576_202504071350,2025-04-07T13:50:05.000Z,"Anesakhan, Mandalay Region, Myanmar (Burma)",Myanmar,MM,Asia,earthquake,1744034505,1744033805,0,,"21.94,96.35",2025-04-07 13:50:05,2025-04-07 20:20:05,Mandalay,Pyin Oo Lwin
18.868,96.574,10.0,2.4,ml,,,,,,th_13575_202504071227,2025-04-07T12:27:41.000Z,"Kyauk-o-bya, Bago Region, Myanmar (Burma)",Myanmar,MM,Asia,earthquake,1744029751,1744028861,0,,"18.87,96.57",2025-04-07 12:27:41,2025-04-07 18:57:41,Bago,Taungoo
18.056,96.525,10.0,2.2,ml,,,,,,th_13557_202504070741,2025-04-07T07:41:54.000Z,"Hpa Do, Bago Region, Myanmar (Burma)",Myanmar,MM,Asia,earthquake,1744012379,1744011714,0,,"18.06,96.53",2025-04-07 07:41:54,2025-04-07 14:11:54,Bago,Bago
19.745,98.507,3.0,1.7,ml,,,,,,th_13554_202504070705,2025-04-07T07:05:05.000Z,"Wan Hsenlong, Shan, Myanmar (Burma)",Myanmar,MM,Asia,earthquake,1744010226,1744009505,1,,"19.75,98.51",2025-04-07 07:05:05,2025-04-07 13:35:05,Shan,Loikaw
19.096,96.398,10.0,2.7,ml,,,,,,th_13552_202504070546,2025-04-07T05:46:59.000Z,"Kyun Kone, Bago Region, Myanmar (Burma)",Myanmar,MM,Asia,earthquake,1744005692,1744004819,0,,"19.10,96.40",2025-04-07 05:46:59,2025-04-07 12:16:59,Bago,Taungoo
18.836,96.482,10.0,3.7,ml,,,,,,th_13550_202504070540,2025-04-07T05:49:36.000Z,"Htantabin, Bago Region, Myanmar (Burma)",Myanmar,MM,Asia,earthquake,1744004853,1744004439,0,,"18.84,96.48",2025-04-07 05:40:39,2025-04-07 12:10:39,Bago,Taungoo
19.746,98.495,2.0,2.0,ml,,,,,,th_13553_202504070539,2025-04-07T05:39:35.000Z,"Wan Hsenlong, Shan, Myanmar (Burma)",Myanmar,MM,Asia,earthquake,1744007378,1744004375,0,,"19.75,98.50",2025-04-07 05:39:35,2025-04-07 12:09:35,Shan,Loikaw
21.826,96.423,10.0,3.2,ml,,,,,,th_13551_202504070510,2025-04-07T05:10:14.000Z,"Shwegyaung, Mandalay Region, Myanmar (Burma)",Myanmar,MM,Asia,earthquake,1744005403,1744002614,0,,"21.83,96.42",2025-04-07 05:10:14,2025-04-07 11:40:14,Mandalay,Pyin Oo Lwin
19.733,98.433,1.0,3.0,ml,,,,,,th_13545_202504070437,2025-04-07T04:37:12.000Z,"Wan Hsenlong, Shan, Myanmar (Burma)",Myanmar,MM,Asia,earthquake,1744001343,1744000632,0,,"19.73,98.43",2025-04-07 04:37:12,2025-04-07 11:07:12,Shan,Loikaw
19.706,98.463,1.0,2.4,ml,,,,,,th_13543_202504070332,2025-04-07T03:32:08.000Z,"Wan Hsenlong, Shan, Myanmar (Burma)",Myanmar,MM,Asia,earthquake,1743998313,1743996728,0,,"19.71,98.46",2025-04-07 03:32:08,2025-04-07 10:02:08,Shan,Loikaw
19.718,98.468,10.0,3.0,ml,,,,,,th_13541_202504070330,2025-04-07T03:30:16.000Z,"Wan Hsenlong, Shan, Myanmar (Burma)",Myanmar,MM,Asia,earthquake,1743997308,1743996616,0,,"19.72,98.47",2025-04-07 03:30:16,2025-04-07 10:00:16,Shan,Loikaw
18.829,96.399,10.0,3.0,ml,,,,,,th_13540_202504070314,2025-04-07T03:14:47.000Z,"Oktwin, Bago Region, Myanmar (Burma)",Myanmar,MM,Asia,earthquake,1743996756,1743995687,0,,"18.83,96.40",2025-04-07 03:14:47,2025-04-07 09:44:47,Bago,Taungoo
19.804,96.447,10.0,2.8,ml,,,,,,th_13539_202504070244,2025-04-07T02:44:04.000Z,"Kwedugyi, Naypyidaw Union Territory, Myanmar (Burma)",Myanmar,MM,Asia,earthquake,1743995890,1743993844,0,,"19.80,96.45",2025-04-07 02:44:04,2025-04-07 09:14:04,Mandalay,Nay Pyi Taw
19.921,96.416,10.0,3.1,ml,,,,,,th_13537_202504070141,2025-04-07T01:41:58.000Z,"Yebyaungbyan, Naypyidaw Union Territory, Myanmar (Burma)",Myanmar,MM,Asia,earthquake,1743992849,1743990118,0,,"19.92,96.42",2025-04-07 01:41:58,2025-04-07 08:11:58,Mandalay,Nay Pyi Taw
19.656,96.46,10.0,2.9,ml,,,,,,th_13533_202504070037,2025-04-07T00:37:29.000Z,"Koywa, Naypyidaw Union Territory, Myanmar (Burma)",Myanmar,MM,Asia,earthquake,1743986647,1743986249,0,,"19.66,96.46",2025-04-07 00:37:29,2025-04-07 07:07:29,Mandalay,Nay Pyi Taw
19.236,96.324,10.0,3.54,ml,,,,,,gfz2025gtjg,2025-04-06T23:28:37.000Z,"Swar, Bago Region, Myanmar (Burma)",Myanmar,MM,Asia,earthquake,1744102502,1743982117,0,,"19.24,96.32",2025-04-06 23:28:37,2025-04-07 05:58:37,Bago,Taungoo
19.714,98.481,4.0,3.8,ml,,,,,,th_13525_202504062224,2025-04-06T22:35:36.000Z,"Wan Hsenlong, Shan, Myanmar (Burma)",Myanmar,MM,Asia,earthquake,1743978626,1743978275,1,,"19.71,98.48",2025-04-06 22:24:35,2025-04-07 04:54:35,Shan,Loikaw
19.917,98.079,6.0,2.8,ml,,,,,,th_13524_202504062218,2025-04-06T22:18:45.000Z,"Wan Nawnghsem, Shan, Myanmar (Burma)",Myanmar,MM,Asia,earthquake,1743978444,1743977925,0,,"19.92,98.08",2025-04-06 22:18:45,2025-04-07 04:48:45,Shan,Loikaw
19.705,98.47,5.0,3.5,ml,,,,,,th_13520_202504062132,2025-04-06T21:49:35.000Z,"Wan Hsenlong, Shan, Myanmar (Burma)",Myanmar,MM,Asia,earthquake,1743975753,1743975154,0,,"19.71,98.47",2025-04-06 21:32:34,2025-04-07 04:02:34,Shan,Loikaw
19.697,98.447,1.0,3.5,ml,,,,,,th_13518_202504062120,2025-04-06T21:42:34.000Z,"Wan Hsenlong, Shan, Myanmar (Burma)",Myanmar,MM,Asia,earthquake,1743975499,1743974446,0,,"19.70,98.45",2025-04-06 21:20:46,2025-04-07 03:50:46,Shan,Loikaw
19.711,98.482,1.0,3.7,ml,,,,,,th_13515_202504062110,2025-04-06T21:21:36.000Z,"Wan Hsenlong, Shan, Myanmar (Burma)",Myanmar,MM,Asia,earthquake,1743974167,1743973803,0,,"19.71,98.48",2025-04-06 21:10:03,2025-04-07 03:40:03,Shan,Loikaw
21.27,96.952,10.0,3.3,ml,,,,,,th_13514_202504062017,2025-04-06T20:17:51.000Z,"Lawksawk, Shan, Myanmar (Burma)",Myanmar,MM,Asia,earthquake,1743971152,1743970671,0,,"21.27,96.95",2025-04-06 20:17:51,2025-04-07 02:47:51,Shan,Taunggyi
19.38,96.392,10.0,2.7,ml,,,,,,th_13513_202504061857,2025-04-06T18:57:56.000Z,"Wayonle, Bago Region, Myanmar (Burma)",Myanmar,MM,Asia,earthquake,1743966290,1743965876,0,,"19.38,96.39",2025-04-06 18:57:56,2025-04-07 01:27:56,Bago,Taungoo
19.318,96.046,1.0,2.7,ml,,,,,,th_13512_202504061818,2025-04-06T18:18:25.000Z,"Banbwebin, Bago Region, Myanmar (Burma)",Myanmar,MM,Asia,earthquake,1743964072,1743963505,0,,"19.32,96.05",2025-04-06 18:18:25,2025-04-07 00:48:25,Bago,Naypyidaw
19.43,96.182,10.0,2.7,ml,,,,,,th_13511_202504061735,2025-04-06T17:35:47.000Z,"Myohla, Bago Region, Myanmar (Burma)",Myanmar,MM,Asia,earthquake,1743962121,1743960947,0,,"19.43,96.18",2025-04-06 17:35:47,2025-04-07 00:05:47,Bago,Nay Pyi Taw
20.163,96.13,10.0,4.4,ml,,,,,,ems_202504_1791792,2025-04-06T17:21:33.000Z,"Kyaungywa, Naypyidaw Union Territory, Myanmar (Burma)",Myanmar,MM,Asia,earthquake,1743960108,1743959456,0,,"20.16,96.13",2025-04-06 17:10:56,2025-04-06 23:40:56,Mandalay,Nay Pyi Taw
17.413,97.619,10.0,2.1,ml,,,,,,th_13509_202504061442,2025-04-06T14:42:32.000Z,"Chenanlan, Kayin State, Myanmar (Burma)",Myanmar,MM,Asia,earthquake,1743950993,1743950552,0,,"17.41,97.62",2025-04-06 14:42:32,2025-04-06 21:12:32,Kayin,Hpa-An
18.133,96.485,5.0,2.4,ml,,,,,,th_13508_202504061328,2025-04-06T13:28:25.000Z,"Myo Chaung, Bago Region, Myanmar (Burma)",Myanmar,MM,Asia,earthquake,1743946534,1743946105,0,,"18.13,96.49",2025-04-06 13:28:25,2025-04-06 19:58:25,Bago,Bago
21.727,96.322,16.0,3.5,ml,,,,,,th_13507_202504061255,2025-04-06T13:07:44.000Z,"Hngetkyithaik, Mandalay Region, Myanmar (Burma)",Myanmar,MM,Asia,earthquake,1743944550,1743944147,0,,"21.73,96.32",2025-04-06 12:55:47,2025-04-06 19:25:47,Mandalay,Mandalay
19.088,96.446,10.0,3.5,ml,,,,,,th_13506_202504061141,2025-04-06T11:49:44.000Z,"Kyun Kone, Bago Region, Myanmar (Burma)",Myanmar,MM,Asia,earthquake,1743939993,1743939671,0,,"19.09,96.45",2025-04-06 11:41:11,2025-04-06 18:11:11,Bago,Taungoo
19.467,96.321,7.0,3.5,ml,,,,,,th_13504_202504060904,2025-04-06T09:14:51.000Z,"Yae Ni, Bago Region, Myanmar (Burma)",Myanmar,MM,Asia,earthquake,1743930741,1743930265,0,,"19.47,96.32",2025-04-06 09:04:25,2025-04-06 15:34:25,Bago,Nay Pyi Taw
20.876,96.45,10.0,3.0,ml,,,,,,th_13503_202504060822,2025-04-06T08:22:37.000Z,"Pyinyaung, Mandalay Region, Myanmar (Burma)",Myanmar,MM,Asia,earthquake,1743929285,1743927757,0,,"20.88,96.45",2025-04-06 08:22:37,2025-04-06 14:52:37,Mandalay,Inle Lake
17.983,96.456,10.0,2.6,ml,,,,,,th_13502_202504060726,2025-04-06T07:26:41.000Z,"Baingda, Bago Region, Myanmar (Burma)",Myanmar,MM,Asia,earthquake,1743925152,1743924401,0,,"17.98,96.46",2025-04-06 07:26:41,2025-04-06 13:56:41,Bago,Bago
20.897,96.235,7.0,3.8,ml,,,,,,th_13501_202504060538,2025-04-06T05:49:35.000Z,"In Tine Thar, Mandalay Region, Myanmar (Burma)",Myanmar,MM,Asia,earthquake,1743918236,1743917893,0,,"20.90,96.24",2025-04-06 05:38:13,2025-04-06 12:08:13,Mandalay,Meiktila
19.832,96.288,13.0,4.0,ml,,,,,,ems_202504_1791598,2025-04-06T03:28:36.000Z,"Yezin, Naypyidaw Union Territory, Myanmar (Burma)",Myanmar,MM,Asia,earthquake,1743910135,1743909435,0,,"19.83,96.29",2025-04-06 03:17:15,2025-04-06 09:47:15,Mandalay,Nay Pyi Taw
19.271,96.523,10.0,2.4,ml,,,,,,th_13498_202504060053,2025-04-06T00:53:25.000Z,"Pebo, Kayin State, Myanmar (Burma)",Myanmar,MM,Asia,earthquake,1743902128,1743900805,0,,"19.27,96.52",2025-04-06 00:53:25,2025-04-06 07:23:25,Kayin,Taungoo
18.856,96.739,10.0,3.5,ml,,,,,,th_13497_202504060049,2025-04-06T01:07:34.000Z,"Kolu, Kayin State, Myanmar (Burma)",Myanmar,MM,Asia,earthquake,1743901426,1743900563,0,,"18.86,96.74",2025-04-06 00:49:23,2025-04-06 07:19:23,Kayin,Taungoo
20.307,98.257,4.0,2.4,ml,,,,,,th_13495_202504060024,2025-04-06T00:24:14.000Z,"Na-law, Shan, Myanmar (Burma)",Myanmar,MM,Asia,earthquake,1743899652,1743899054,0,,"20.31,98.26",2025-04-06 00:24:14,2025-04-06 06:54:14,Shan,Loikaw
17.593,97.771,1.0,2.4,ml,,,,,,th_13496_202504060018,2025-04-06T00:18:02.000Z,"Bawnawle, Kayin State, Myanmar (Burma)",Myanmar,MM,Asia,earthquake,1743899932,1743898682,0,,"17.59,97.77",2025-04-06 00:18:02,2025-04-06 06:48:02,Kayin,Hpa-An
19.738,98.511,1.0,1.7,ml,,,,,,th_13494_202504060015,2025-04-06T00:15:48.000Z,"Wan Hsenlong, Shan, Myanmar (Burma)",Myanmar,MM,Asia,earthquake,1743899247,1743898548,0,,"19.74,98.51",2025-04-06 00:15:48,2025-04-06 06:45:48,Shan,Loikaw
20.632,96.014,10.0,2.9,ml,,,,,,th_13493_202504052358,2025-04-05T23:58:31.000Z,"Pyawbwe, Mandalay Region, Myanmar (Burma)",Myanmar,MM,Asia,earthquake,1743898062,1743897511,0,,"20.63,96.01",2025-04-05 23:58:31,2025-04-06 06:28:31,Mandalay,Meiktila
19.75,98.527,1.0,1.8,ml,,,,,,th_13491_202504052324,2025-04-05T23:24:35.000Z,"Wan Hsenlong, Shan, Myanmar (Burma)",Myanmar,MM,Asia,earthquake,1743896355,1743895475,0,,"19.75,98.53",2025-04-05 23:24:35,2025-04-06 05:54:35,Shan,Loikaw
18.849,96.317,10.0,2.2,ml,,,,,,th_13490_202504052200,2025-04-05T22:00:25.000Z,"Letpangon, Bago Region, Myanmar (Burma)",Myanmar,MM,Asia,earthquake,1743890819,1743890425,0,,"18.85,96.32",2025-04-05 22:00:25,2025-04-06 04:30:25,Bago,Taungoo
18.947,96.713,10.0,2.4,ml,,,,,,th_13489_202504052119,2025-04-05T21:19:10.000Z,"Baw Ga Li, Kayin State, Myanmar (Burma)",Myanmar,MM,Asia,earthquake,1743888958,1743887950,0,,"18.95,96.71",2025-04-05 21:19:10,2025-04-06 03:49:10,Kayin,Taungoo
19.261,96.383,10.0,2.1,ml,,,,,,th_13488_202504052106,2025-04-05T21:06:37.000Z,"Sibaing, Bago Region, Myanmar (Burma)",Myanmar,MM,Asia,earthquake,1743887878,1743887197,0,,"19.26,96.38",2025-04-05 21:06:37,2025-04-06 03:36:37,Bago,Taungoo
20.757,96.395,10.0,2.9,ml,,,,,,th_13487_202504052056,2025-04-05T20:56:19.000Z,"Pyingyaung, Mandalay Region, Myanmar (Burma)",Myanmar,MM,Asia,earthquake,1743887010,1743886579,0,,"20.76,96.40",2025-04-05 20:56:19,2025-04-06 03:26:19,Mandalay,Inle Lake
18.775,96.52,10.0,2.0,ml,,,,,,th_13486_202504052052,2025-04-05T20:52:46.000Z,"Bomari, Bago Region, Myanmar (Burma)",Myanmar,MM,Asia,earthquake,1743886724,1743886366,0,,"18.78,96.52",2025-04-05 20:52:46,2025-04-06 03:22:46,Bago,Taungoo
19.379,96.254,10.0,2.2,ml,,,,,,th_13485_202504052034,2025-04-05T20:34:45.000Z,"Myohla, Bago Region, Myanmar (Burma)",Myanmar,MM,Asia,earthquake,1743886052,1743885285,0,,"19.38,96.25",2025-04-05 20:34:45,2025-04-06 03:04:45,Bago,Nay Pyi Taw
17.732,97.494,3.0,2.3,ml,,,,,,th_13484_202504052000,2025-04-05T20:00:17.000Z,"Dawmwe, Kayin State, Myanmar (Burma)",Myanmar,MM,Asia,earthquake,1743883743,1743883217,0,,"17.73,97.49",2025-04-05 20:00:17,2025-04-06 02:30:17,Kayin,Hpa-An
19.521,96.608,15.0,2.6,ml,,,,,,th_13483_202504051933,2025-04-05T19:33:38.000Z,"Alegyaung Auk, Naypyidaw Union Territory, Myanmar (Burma)",Myanmar,MM,Asia,earthquake,1743882555,1743881618,0,,"19.52,96.61",2025-04-05 19:33:38,2025-04-06 02:03:38,Mandalay,Nay Pyi Taw
19.067,96.882,1.0,2.8,ml,,,,,,th_13482_202504051930,2025-04-05T19:30:21.000Z,"Shoko, Kayin State, Myanmar (Burma)",Myanmar,MM,Asia,earthquake,1743882516,1743881421,0,,"19.07,96.88",2025-04-05 19:30:21,2025-04-06 02:00:21,Kayin,Taungoo
18.787,96.387,10.0,2.3,ml,,,,,,th_13481_202504051843,2025-04-05T18:43:01.000Z,"Oktwin, Bago Region, Myanmar (Burma)",Myanmar,MM,Asia,earthquake,1743879702,1743878581,0,,"18.79,96.39",2025-04-05 18:43:01,2025-04-06 01:13:01,Bago,Taungoo
20.033,97.209,5.0,2.5,ml,,,,,,th_13480_202504051833,2025-04-05T18:33:29.000Z,"Maibaung, Shan, Myanmar (Burma)",Myanmar,MM,Asia,earthquake,1743879664,1743878009,0,,"20.03,97.21",2025-04-05 18:33:29,2025-04-06 01:03:29,Shan,Loikaw
19.113,96.458,5.0,2.3,ml,,,,,,th_13479_202504051814,2025-04-05T18:14:04.000Z,"Karenchaung, Bago Region, Myanmar (Burma)",Myanmar,MM,Asia,earthquake,1743877233,1743876844,0,,"19.11,96.46",2025-04-05 18:14:04,2025-04-06 00:44:04,Bago,Taungoo
19.724,98.486,2.0,2.4,ml,,,,,,th_13478_202504051708,2025-04-05T17:08:58.000Z,"Wan Hsenlong, Shan, Myanmar (Burma)",Myanmar,MM,Asia,earthquake,1743873738,1743872938,0,,"19.72,98.49",2025-04-05 17:08:58,2025-04-05 23:38:58,Shan,Loikaw
22.01,96.396,10.0,2.9,ml,,,,,,th_13476_202504051609,2025-04-05T16:09:48.000Z,"Anesakhan, Mandalay Region, Myanmar (Burma)",Myanmar,MM,Asia,earthquake,1743870131,1743869388,0,,"22.01,96.40",2025-04-05 16:09:48,2025-04-05 22:39:48,Mandalay,Pyin Oo Lwin
19.097,96.392,10.0,2.6,ml,,,,,,th_13475_202504051540,2025-04-05T15:40:07.000Z,"Kyun Kone, Bago Region, Myanmar (Burma)",Myanmar,MM,Asia,earthquake,1743868028,1743867607,0,,"19.10,96.39",2025-04-05 15:40:07,2025-04-05 22:10:07,Bago,Taungoo
18.343,96.4,10.0,2.1,ml,,,,,,th_13474_202504051518,2025-04-05T15:18:23.000Z,"Nyaung Pin Thar, Bago Region, Myanmar (Burma)",Myanmar,MM,Asia,earthquake,1743867751,1743866303,0,,"18.34,96.40",2025-04-05 15:18:23,2025-04-05 21:48:23,Bago,Taungoo
19.625,96.402,10.0,2.7,ml,,,,,,th_13473_202504051510,2025-04-05T15:10:50.000Z,"Seikuhudaung, Naypyidaw Union Territory, Myanmar (Burma)",Myanmar,MM,Asia,earthquake,1743867239,1743865850,0,,"19.63,96.40",2025-04-05 15:10:50,2025-04-05 21:40:50,Mandalay,Nay Pyi Taw
18.837,96.945,1.0,2.5,ml,,,,,,th_13472_202504051445,2025-04-05T14:45:24.000Z,"Hoki, Kayin State, Myanmar (Burma)",Myanmar,MM,Asia,earthquake,1743864977,1743864324,0,,"18.84,96.95",2025-04-05 14:45:24,2025-04-05 21:15:24,Kayin,Taungoo
19.577,96.473,10.0,4.3,ml,,,,,,ems_202504_1791396,2025-04-05T14:07:35.000Z,"Seikuhudaung, Naypyidaw Union Territory, Myanmar (Burma)",Myanmar,MM,Asia,earthquake,1743862073,1743861258,0,,"19.58,96.47",2025-04-05 13:54:18,2025-04-05 20:24:18,Mandalay,Nay Pyi Taw
19.611,96.302,10.0,2.5,ml,,,,,,th_13469_202504051352,2025-04-05T13:52:54.000Z,"Thitchazeik, နေပြည်တော် ပြည်တောင်စုနယ်မြေ, Myanmar (Burma)",Myanmar,MM,Asia,earthquake,1743863368,1743861174,0,,"19.61,96.30",2025-04-05 13:52:54,2025-04-05 20:22:54,Mandalay,Nay Pyi Taw
21.697,96.231,10.0,2.7,ml,,,,,,th_13471_202504051348,2025-04-05T13:48:28.000Z,"Kado, Mandalay Region, Myanmar (Burma)",Myanmar,MM,Asia,earthquake,1743864654,1743860908,0,,"21.70,96.23",2025-04-05 13:48:28,2025-04-05 20:18:28,Mandalay,Sagaing
19.329,96.529,10.0,2.0,ml,,,,,,th_13470_202504051345,2025-04-05T13:45:27.000Z,"Amayadaung, Kayin State, Myanmar (Burma)",Myanmar,MM,Asia,earthquake,1743863924,1743860727,0,,"19.33,96.53",2025-04-05 13:45:27,2025-04-05 20:15:27,Kayin,Taungoo
19.458,96.152,10.0,2.8,ml,,,,,,th_13466_202504051342,2025-04-05T13:42:18.000Z,"Minye, Naypyidaw Union Territory, Myanmar (Burma)",Myanmar,MM,Asia,earthquake,1743861611,1743860538,0,,"19.46,96.15",2025-04-05 13:42:18,2025-04-05 20:12:18,Mandalay,Nay Pyi Taw
20.096,97.985,2.0,3.4,ml,,,,,,th_13465_202504051339,2025-04-05T13:39:35.000Z,"Wan Hwè-ning, Shan, Myanmar (Burma)",Myanmar,MM,Asia,earthquake,1743860729,1743860375,0,,"20.10,97.99",2025-04-05 13:39:35,2025-04-05 20:09:35,Shan,Loikaw
19.974,96.252,10.0,2.4,ml,,,,,,th_13468_202504051332,2025-04-05T13:32:52.000Z,"Tegon, Naypyidaw Union Territory, Myanmar (Burma)",Myanmar,MM,Asia,earthquake,1743862126,1743859972,0,,"19.97,96.25",2025-04-05 13:32:52,2025-04-05 20:02:52,Mandalay,Nay Pyi Taw
18.787,96.468,10.0,2.1,ml,,,,,,th_13464_202504051158,2025-04-05T11:58:03.000Z,"Bomari, Bago Region, Myanmar (Burma)",Myanmar,MM,Asia,earthquake,1743856141,1743854283,0,,"18.79,96.47",2025-04-05 11:58:03,2025-04-05 18:28:03,Bago,Taungoo
21.328,96.069,10.0,3.2,ml,,,,,,th_13463_202504051128,2025-04-05T11:28:30.000Z,"Shweku, Mandalay Region, Myanmar (Burma)",Myanmar,MM,Asia,earthquake,1743852967,1743852510,0,,"21.33,96.07",2025-04-05 11:28:30,2025-04-05 17:58:30,Mandalay,Meiktila
19.079,96.349,10.0,2.6,ml,,,,,,th_13462_202504051112,2025-04-05T11:12:47.000Z,"Kyun Kone, Bago Region, Myanmar (Burma)",Myanmar,MM,Asia,earthquake,1743852089,1743851567,0,,"19.08,96.35",2025-04-05 11:12:47,2025-04-05 17:42:47,Bago,Taungoo
21.418,97.935,10.0,2.9,ml,,,,,,th_13461_202504051105,2025-04-05T11:05:19.000Z,"Wan Pang, Shan, Myanmar (Burma)",Myanmar,MM,Asia,earthquake,1743851957,1743851119,0,,"21.42,97.94",2025-04-05 11:05:19,2025-04-05 17:35:19,Shan,Taunggyi
19.267,96.55,10.0,3.2,ml,,,,,,th_13459_202504050944,2025-04-05T09:44:06.000Z,"Pebo, Kayin State, Myanmar (Burma)",Myanmar,MM,Asia,earthquake,1743846740,1743846246,0,,"19.27,96.55",2025-04-05 09:44:06,2025-04-05 16:14:06,Kayin,Taungoo
19.011,96.426,10.0,3.2,ml,,,,,,th_13458_202504050935,2025-04-05T09:35:40.000Z,"Kaytumati, Bago Region, Myanmar (Burma)",Myanmar,MM,Asia,earthquake,1743846254,1743845740,0,,"19.01,96.43",2025-04-05 09:35:40,2025-04-05 16:05:40,Bago,Taungoo
20.755,96.077,10.0,3.9,ml,,,,,,th_13457_202504050933,2025-04-05T09:42:35.000Z,"Nyaungyan, Mandalay Region, Myanmar (Burma)",Myanmar,MM,Asia,earthquake,1743846051,1743845587,0,,"20.76,96.08",2025-04-05 09:33:07,2025-04-05 16:03:07,Mandalay,Meiktila
19.11,96.61,10.0,2.3,ml,,,,,,th_13456_202504050924,2025-04-05T09:24:30.000Z,"Than Daung Gyi, Kayin State, Myanmar (Burma)",Myanmar,MM,Asia,earthquake,1743845770,1743845070,0,,"19.11,96.61",2025-04-05 09:24:30,2025-04-05 15:54:30,Kayin,Taungoo
19.736,98.488,2.0,1.9,ml,,,,,,th_13455_202504050909,2025-04-05T09:09:20.000Z,"Wan Hsenlong, Shan, Myanmar (Burma)",Myanmar,MM,Asia,earthquake,1743844813,1743844160,0,,"19.74,98.49",2025-04-05 09:09:20,2025-04-05 15:39:20,Shan,Loikaw
20.386,96.038,10.0,2.9,ml,,,,,,th_13454_202504050847,2025-04-05T08:47:56.000Z,"Myohla, Mandalay Region, Myanmar (Burma)",Myanmar,MM,Asia,earthquake,1743844069,1743842876,0,,"20.39,96.04",2025-04-05 08:47:56,2025-04-05 15:17:56,Mandalay,Meiktila
18.332,96.638,10.0,2.5,ml,,,,,,th_13453_202504050819,2025-04-05T08:19:08.000Z,"Myabago, Bago Region, Myanmar (Burma)",Myanmar,MM,Asia,earthquake,1743842275,1743841148,0,,"18.33,96.64",2025-04-05 08:19:08,2025-04-05 14:49:08,Bago,Taungoo
21.807,96.302,10.0,3.7,ml,,,,,,th_13452_202504050742,2025-04-05T07:56:35.000Z,"Thon-Daung-Ywa-Ma, Mandalay Region, Myanmar (Burma)",Myanmar,MM,Asia,earthquake,1743839748,1743838964,0,,"21.81,96.30",2025-04-05 07:42:44,2025-04-05 14:12:44,Mandalay,Mandalay
20.892,96.299,10.0,3.1,ml,,,,,,th_13451_202504050728,2025-04-05T07:28:56.000Z,"Pothanaing, Mandalay Region, Myanmar (Burma)",Myanmar,MM,Asia,earthquake,1743838739,1743838136,0,,"20.89,96.30",2025-04-05 07:28:56,2025-04-05 13:58:56,Mandalay,Meiktila
19.632,96.221,10.0,2.3,ml,,,,,,th_13450_202504050713,2025-04-05T07:13:13.000Z,"(Yelegwe), Naypyidaw Union Territory, Myanmar (Burma)",Myanmar,MM,Asia,earthquake,1743838192,1743837193,0,,"19.63,96.22",2025-04-05 07:13:13,2025-04-05 13:43:13,Mandalay,Nay Pyi Taw
18.689,96.39,10.0,4.1,ml,,,,,,ems_202504_1791277,2025-04-05T06:49:33.000Z,"Bago Region, Myanmar (Burma)",Myanmar,MM,Asia,earthquake,1743835791,1743835184,0,,"18.69,96.39",2025-04-05 06:39:44,2025-04-05 13:09:44,Bago,Taungoo
22.338,96.33,10.0,3.3,ml,,,,,,th_13448_202504050550,2025-04-05T05:50:08.000Z,"Sedaw, Mandalay Region, Myanmar (Burma)",Myanmar,MM,Asia,earthquake,1743834174,1743832208,0,,"22.34,96.33",2025-04-05 05:50:08,2025-04-05 12:20:08,Mandalay,Pyin Oo Lwin
19.404,96.453,10.0,2.6,ml,,,,,,th_13447_202504050507,2025-04-05T05:07:02.000Z,"Amayadaung, Kayin State, Myanmar (Burma)",Myanmar,MM,Asia,earthquake,1743830183,1743829622,0,,"19.40,96.45",2025-04-05 05:07:02,2025-04-05 11:37:02,Kayin,Taungoo
19.739,96.465,10.0,2.8,ml,,,,,,th_13446_202504050444,2025-04-05T04:44:43.000Z,"Saungdaung Anauk, Naypyidaw Union Territory, Myanmar (Burma)",Myanmar,MM,Asia,earthquake,1743828764,1743828283,0,,"19.74,96.47",2025-04-05 04:44:43,2025-04-05 11:14:43,Mandalay,Nay Pyi Taw
20.024,96.523,10.0,3.1,ml,,,,,,th_13445_202504050411,2025-04-05T04:11:30.000Z,"Banyin, Shan, Myanmar (Burma)",Myanmar,MM,Asia,earthquake,1743827434,1743826290,0,,"20.02,96.52",2025-04-05 04:11:30,2025-04-05 10:41:30,Shan,Nay Pyi Taw
25.13,95.13,130.0,3.9,ml,,,,,,in_YWF4UXpoODV3VE95SERDeE5ZM29FUT09,2025-04-05T03:14:33.000Z,"Tonmalaw, Sagaing Region, Myanmar (Burma)",Myanmar,MM,Asia,earthquake,1743822841,1743822205,0,,"25.13,95.13",2025-04-05 03:03:25,2025-04-05 09:33:25,Saigang,Myitkyina
19.689,97.906,3.0,1.7,ml,,,,,,th_13444_202504050219,2025-04-05T02:19:14.000Z,"Kiu-neng, Shan, Myanmar (Burma)",Myanmar,MM,Asia,earthquake,1743824011,1743819554,0,,"19.69,97.91",2025-04-05 02:19:14,2025-04-05 08:49:14,Shan,Loikaw
19.714,96.504,10.0,2.4,ml,,,,,,th_13442_202504050139,2025-04-05T01:39:49.000Z,"Saungdaung Anauk, Naypyidaw Union Territory, Myanmar (Burma)",Myanmar,MM,Asia,earthquake,1743818647,1743817189,0,,"19.71,96.50",2025-04-05 01:39:49,2025-04-05 08:09:49,Mandalay,Nay Pyi Taw
19.491,96.588,10.0,2.4,ml,,,,,,th_13443_202504050135,2025-04-05T01:35:06.000Z,"Alegyaung Auk, Naypyidaw Union Territory, Myanmar (Burma)",Myanmar,MM,Asia,earthquake,1743819550,1743816906,0,,"19.49,96.59",2025-04-05 01:35:06,2025-04-05 08:05:06,Mandalay,Nay Pyi Taw
21.671,96.271,10.0,3.8,ml,,,,,,th_13441_202504050108,2025-04-05T01:56:35.000Z,"Kado, Mandalay Region, Myanmar (Burma)",Myanmar,MM,Asia,earthquake,1743817772,1743815314,0,,"21.67,96.27",2025-04-05 01:08:34,2025-04-05 07:38:34,Mandalay,Sagaing
22.13,96.317,10.0,3.4,ml,,,,,,th_13440_202504042359,2025-04-04T23:59:05.000Z,"Daw-wa-kyaung, Mandalay Region, Myanmar (Burma)",Myanmar,MM,Asia,earthquake,1743811765,1743811145,0,,"22.13,96.32",2025-04-04 23:59:05,2025-04-05 06:29:05,Mandalay,Pyin Oo Lwin
18.27,96.531,10.0,2.5,ml,,,,,,th_13439_202504042308,2025-04-04T23:08:36.000Z,"Penwegon, Bago Region, Myanmar (Burma)",Myanmar,MM,Asia,earthquake,1743808652,1743808116,0,,"18.27,96.53",2025-04-04 23:08:36,2025-04-05 05:38:36,Bago,Taungoo
18.749,96.302,10.0,2.4,ml,,,,,,th_13437_202504042242,2025-04-04T22:42:04.000Z,"Bon Chaung, Bago Region, Myanmar (Burma)",Myanmar,MM,Asia,earthquake,1743807057,1743806524,0,,"18.75,96.30",2025-04-04 22:42:04,2025-04-05 05:12:04,Bago,Taungoo
19.74,96.422,10.0,2.8,ml,,,,,,th_13436_202504041929,2025-04-04T19:29:09.000Z,"Yitpyak, Naypyidaw Union Territory, Myanmar (Burma)",Myanmar,MM,Asia,earthquake,1743795390,1743794949,0,,"19.74,96.42",2025-04-04 19:29:09,2025-04-05 01:59:09,Mandalay,Nay Pyi Taw
21.5934,96.0619,10.0,4.8,mb,110.0,49.0,1.135,0.62,us,in_WGVyUURJUFh1T2lvNXdlcHUrWmp0dz09,2025-04-08T21:20:18.683Z,"Kyaukse, Burma (Myanmar)","7km W of Kyaukse, Burma (Myanmar)",MM,Asia,earthquake,1743780957,1743780324,0,,"21.54,96.03",2025-04-04 15:25:24,2025-04-04 21:55:24,Mandalay,Sagaing
19.642,96.433,10.0,2.5,ml,,,,,,th_13434_202504041504,2025-04-04T15:04:15.000Z,"Mayandaung Atet, Naypyidaw Union Territory, Myanmar (Burma)",Myanmar,MM,Asia,earthquake,1743780139,1743779055,0,,"19.64,96.43",2025-04-04 15:04:15,2025-04-04 21:34:15,Mandalay,Nay Pyi Taw
19.036,96.626,10.0,2.3,ml,,,,,,th_13433_202504041439,2025-04-04T14:39:25.000Z,"Thandaung, Kayin State, Myanmar (Burma)",Myanmar,MM,Asia,earthquake,1743778835,1743777565,0,,"19.04,96.63",2025-04-04 14:39:25,2025-04-04 21:09:25,Kayin,Taungoo
19.954,96.49,10.0,2.9,ml,,,,,,th_13432_202504041341,2025-04-04T13:41:20.000Z,"Taunggya, Shan, Myanmar (Burma)",Myanmar,MM,Asia,earthquake,1743774519,1743774080,0,,"19.95,96.49",2025-04-04 13:41:20,2025-04-04 20:11:20,Shan,Nay Pyi Taw
19.846,98.072,1.0,1.9,ml,,,,,,th_13431_202504041330,2025-04-04T13:30:12.000Z,"Loikwang, Shan, Myanmar (Burma)",Myanmar,MM,Asia,earthquake,1743773982,1743773412,0,,"19.85,98.07",2025-04-04 13:30:12,2025-04-04 20:00:12,Shan,Loikaw
19.948,96.388,10.0,2.6,ml,,,,,,th_13429_202504041243,2025-04-04T12:43:57.000Z,"Thalaing, Naypyidaw Union Territory, Myanmar (Burma)",Myanmar,MM,Asia,earthquake,1743771501,1743770637,0,,"19.95,96.39",2025-04-04 12:43:57,2025-04-04 19:13:57,Mandalay,Nay Pyi Taw
20.239,98.279,1.0,2.1,ml,,,,,,th_13430_202504041226,2025-04-04T12:26:58.000Z,"Wan Kyawng, Shan, Myanmar (Burma)",Myanmar,MM,Asia,earthquake,1743771550,1743769618,0,,"20.24,98.28",2025-04-04 12:26:58,2025-04-04 18:56:58,Shan,Loikaw
20.107,97.822,1.0,2.5,ml,,,,,,th_13428_202504041219,2025-04-04T12:19:27.000Z,"Wan Kongpao, Shan, Myanmar (Burma)",Myanmar,MM,Asia,earthquake,1743769544,1743769167,0,,"20.11,97.82",2025-04-04 12:19:27,2025-04-04 18:49:27,Shan,Loikaw
20.887,96.122,10.0,3.0,ml,,,,,,th_13427_202504041133,2025-04-04T11:33:29.000Z,"Thazi, Mandalay Region, Myanmar (Burma)",Myanmar,MM,Asia,earthquake,1743767158,1743766409,0,,"20.89,96.12",2025-04-04 11:33:29,2025-04-04 18:03:29,Mandalay,Meiktila
19.66,96.342,10.0,3.3,ml,,,,,,th_13426_202504041106,2025-04-04T11:06:38.000Z,"Mayandaung Auk, Naypyidaw Union Territory, Myanmar (Burma)",Myanmar,MM,Asia,earthquake,1743765317,1743764798,0,,"19.66,96.34",2025-04-04 11:06:38,2025-04-04 17:36:38,Mandalay,Nay Pyi Taw
19.297,96.545,10.0,2.8,ml,,,,,,th_13425_202504041048,2025-04-04T10:48:49.000Z,"Kyemin Ale, Kayin State, Myanmar (Burma)",Myanmar,MM,Asia,earthquake,1743764206,1743763729,0,,"19.30,96.55",2025-04-04 10:48:49,2025-04-04 17:18:49,Kayin,Taungoo
22.064,96.372,10.0,3.7,ml,,,,,,th_13424_202504041019,2025-04-04T10:35:32.000Z,"Pyin Oo Lwin, Mandalay Region, Myanmar (Burma)",Myanmar,MM,Asia,earthquake,1743762659,1743761941,0,,"22.06,96.37",2025-04-04 10:19:01,2025-04-04 16:49:01,Mandalay,Pyin Oo Lwin
18.799,97.562,10.0,2.2,ml,,,,,,th_13423_202504040938,2025-04-04T09:38:19.000Z,"Loi Mun, Kayah State, Myanmar (Burma)",Myanmar,MM,Asia,earthquake,1743760425,1743759499,0,,"18.80,97.56",2025-04-04 09:38:19,2025-04-04 16:08:19,Kayah,Loikaw
18.003,96.302,10.0,3.8,ml,,,,,,ems_202504_1790876,2025-04-04T06:14:35.000Z,"Kocha Te, Bago Region, Myanmar (Burma)",Myanmar,MM,Asia,earthquake,1743747291,1743746636,0,,"18.00,96.30",2025-04-04 06:03:56,2025-04-04 12:33:56,Bago,Bago
19.071,96.408,10.0,3.3,ml,,,,,,th_13417_202504040535,2025-04-04T05:35:33.000Z,"Kyun Kone, Bago Region, Myanmar (Burma)",Myanmar,MM,Asia,earthquake,1743745366,1743744933,0,,"19.07,96.41",2025-04-04 05:35:33,2025-04-04 12:05:33,Bago,Taungoo
18.657,96.323,10.0,2.7,ml,,,,,,th_13415_202504040259,2025-04-04T02:59:06.000Z,"Bon Chaung, Bago Region, Myanmar (Burma)",Myanmar,MM,Asia,earthquake,1743737579,1743735546,0,,"18.66,96.32",2025-04-04 02:59:06,2025-04-04 09:29:06,Bago,Taungoo
22.431,97.965,10.0,3.3,ml,,,,,,th_13416_202504040257,2025-04-04T02:57:00.000Z,"Mongyai, Shan, Myanmar (Burma)",Myanmar,MM,Asia,earthquake,1743737637,1743735420,0,,"22.43,97.97",2025-04-04 02:57:00,2025-04-04 09:27:00,Shan,Lashio
21.956,96.61,10.0,3.7,ml,,,,,,th_13413_202504040126,2025-04-04T01:42:39.000Z,"Thinkadon, Mandalay Region, Myanmar (Burma)",Myanmar,MM,Asia,earthquake,1743730643,1743729987,0,,"21.96,96.61",2025-04-04 01:26:27,2025-04-04 07:56:27,Mandalay,Pyin Oo Lwin
19.023,96.49,10.0,2.9,ml,,,,,,th_13412_202504040049,2025-04-04T00:49:31.000Z,"Kaytumati, Bago Region, Myanmar (Burma)",Myanmar,MM,Asia,earthquake,1743728153,1743727771,0,,"19.02,96.49",2025-04-04 00:49:31,2025-04-04 07:19:31,Bago,Taungoo
17.479,96.13,10.0,3.4,ml,,,,,,th_13411_202504040029,2025-04-04T00:29:56.000Z,"Onhnebin, Yangon Region, Myanmar (Burma)",Myanmar,MM,Asia,earthquake,1743727034,1743726596,0,,"17.48,96.13",2025-04-04 00:29:56,2025-04-04 06:59:56,Yangon,Bago
18.104,95.992,10.0,2.6,ml,,,,,,th_13410_202504040000,2025-04-04T00:00:47.000Z,"Shana Te, Bago Region, Myanmar (Burma)",Myanmar,MM,Asia,earthquake,1743725171,1743724847,0,,"18.10,95.99",2025-04-04 00:00:47,2025-04-04 06:30:47,Bago,Bago
19.916,97.992,5.0,2.0,ml,,,,,,th_13409_202504032354,2025-04-03T23:54:22.000Z,"Ta Ho-pong, Shan, Myanmar (Burma)",Myanmar,MM,Asia,earthquake,1743725041,1743724462,0,,"19.92,97.99",2025-04-03 23:54:22,2025-04-04 06:24:22,Shan,Loikaw
20.915,96.313,10.0,3.0,ml,,,,,,th_13408_202504032335,2025-04-03T23:35:16.000Z,"Pothanaing, Mandalay Region, Myanmar (Burma)",Myanmar,MM,Asia,earthquake,1743723717,1743723316,0,,"20.92,96.31",2025-04-03 23:35:16,2025-04-04 06:05:16,Mandalay,Meiktila
19.703,98.477,1.0,2.4,ml,,,,,,th_13407_202504032243,2025-04-03T22:43:03.000Z,"Wan Hsenlong, Shan, Myanmar (Burma)",Myanmar,MM,Asia,earthquake,1743720472,1743720183,0,,"19.70,98.48",2025-04-03 22:43:03,2025-04-04 05:13:03,Shan,Loikaw
22.659,98.746,5.0,3.7,ml,,,,,,th_13405_202504032129,2025-04-03T21:42:38.000Z,"Kalaunghpar, Shan, Myanmar (Burma)",Myanmar,MM,Asia,earthquake,1743716154,1743715743,0,,"22.66,98.75",2025-04-03 21:29:03,2025-04-04 03:59:03,Shan,Lashio
19.845,97.84,10.0,3.1,ml,,,,,,th_13404_202504031949,2025-04-03T19:49:26.000Z,"Wan Hwè-ya-yung, Shan, Myanmar (Burma)",Myanmar,MM,Asia,earthquake,1743710454,1743709766,0,,"19.85,97.84",2025-04-03 19:49:26,2025-04-04 02:19:26,Shan,Loikaw
17.424,95.988,10.0,3.3,ml,,,,,,th_13403_202504031944,2025-04-03T19:44:26.000Z,"Kyatchaung, Yangon Region, Myanmar (Burma)",Myanmar,MM,Asia,earthquake,1743710069,1743709466,0,,"17.42,95.99",2025-04-03 19:44:26,2025-04-04 02:14:26,Yangon,Bago
21.791,96.44,10.0,3.3,ml,,,,,,th_13398_202504031824,2025-04-03T18:24:40.000Z,"Shwegyaung, Mandalay Region, Myanmar (Burma)",Myanmar,MM,Asia,earthquake,1743705159,1743704680,0,,"21.79,96.44",2025-04-03 18:24:40,2025-04-04 00:54:40,Mandalay,Pyin Oo Lwin
19.06,96.513,10.0,3.4,ml,,,,,,th_13397_202504031817,2025-04-03T18:17:33.000Z,"Kanbin, Bago Region, Myanmar (Burma)",Myanmar,MM,Asia,earthquake,1743704702,1743704253,0,,"19.06,96.51",2025-04-03 18:17:33,2025-04-04 00:47:33,Bago,Taungoo
19.647,97.821,10.0,2.0,ml,,,,,,th_13394_202504031758,2025-04-03T17:58:01.000Z,"Daw Pawtu, Kayah State, Myanmar (Burma)",Myanmar,MM,Asia,earthquake,1743703596,1743703081,1,,"19.65,97.82",2025-04-03 17:58:01,2025-04-04 00:28:01,Kayah,Loikaw
19.793,96.179,10.0,3.4,ml,,,,,,th_13393_202504031731,2025-04-03T17:31:57.000Z,"Ywadaw, Naypyidaw Union Territory, Myanmar (Burma)",Myanmar,MM,Asia,earthquake,1743701956,1743701517,0,,"19.79,96.18",2025-04-03 17:31:57,2025-04-04 00:01:57,Mandalay,Nay Pyi Taw
17.366,94.984,10.0,3.4,ml,,,,,,th_13392_202504031558,2025-04-03T15:58:41.000Z,"Aingzauk, Ayeyarwady, Myanmar (Burma)",Myanmar,MM,Asia,earthquake,1743697337,1743695921,0,,"17.37,94.98",2025-04-03 15:58:41,2025-04-03 22:28:41,Ayeyarwady,Pathein
21.431,96.043,10.0,4.2,ml,,,,,,ems_202504_1790603,2025-04-03T15:14:36.000Z,"Wat Htein, Mandalay Region, Myanmar (Burma)",Myanmar,MM,Asia,earthquake,1743693287,1743692400,0,,"21.43,96.04",2025-04-03 15:00:00,2025-04-03 21:30:00,Mandalay,Sagaing
18.938,96.322,10.0,2.8,ml,,,,,,th_13390_202504031330,2025-04-03T13:30:46.000Z,"Kanbaukkyi, Bago Region, Myanmar (Burma)",Myanmar,MM,Asia,earthquake,1743687421,1743687046,0,,"18.94,96.32",2025-04-03 13:30:46,2025-04-03 20:00:46,Bago,Taungoo
21.615,96.241,10.0,4.3,ml,,,,,,ems_202504_1790540,2025-04-03T12:49:38.000Z,"Kyaukse, Mandalay Region, Myanmar (Burma)",Myanmar,MM,Asia,earthquake,1743684587,1743683834,0,,"21.62,96.24",2025-04-03 12:37:14,2025-04-03 19:07:14,Mandalay,Sagaing
20.882,96.217,10.0,3.0,ml,,,,,,th_13388_202504031131,2025-04-03T11:31:44.000Z,"In Tine Thar, Mandalay Region, Myanmar (Burma)",Myanmar,MM,Asia,earthquake,1743680378,1743679904,0,,"20.88,96.22",2025-04-03 11:31:44,2025-04-03 18:01:44,Mandalay,Meiktila
20.09,96.229,10.0,3.0,ml,,,,,,th_13387_202504031118,2025-04-03T11:18:11.000Z,"Kyathe-aing, Naypyidaw Union Territory, Myanmar (Burma)",Myanmar,MM,Asia,earthquake,1743679679,1743679091,0,,"20.09,96.23",2025-04-03 11:18:11,2025-04-03 17:48:11,Mandalay,Nay Pyi Taw
18.61,96.417,10.0,2.6,ml,,,,,,th_13386_202504030934,2025-04-03T09:34:21.000Z,"Nyaung Chay Htauk, Bago Region, Myanmar (Burma)",Myanmar,MM,Asia,earthquake,1743673895,1743672861,0,,"18.61,96.42",2025-04-03 09:34:21,2025-04-03 16:04:21,Bago,Taungoo
22.452,96.352,10.0,3.8,ml,,,,,,th_13385_202504030835,2025-04-03T08:56:36.000Z,"Lok Laung, Shan, Myanmar (Burma)",Myanmar,MM,Asia,earthquake,1743670217,1743669320,0,,"22.45,96.35",2025-04-03 08:35:20,2025-04-03 15:05:20,Shan,Pyin Oo Lwin
18.429,96.665,10.0,3.4,ml,,,,,,th_13382_202504030530,2025-04-03T05:30:31.000Z,"Mebok, Bago Region, Myanmar (Burma)",Myanmar,MM,Asia,earthquake,1743658607,1743658231,0,,"18.43,96.67",2025-04-03 05:30:31,2025-04-03 12:00:31,Bago,Taungoo
19.89,97.769,5.0,2.3,ml,,,,,,th_13381_202504030457,2025-04-03T04:57:52.000Z,"Wan Hwè-ya-yung, Shan, Myanmar (Burma)",Myanmar,MM,Asia,earthquake,1743656967,1743656272,0,,"19.89,97.77",2025-04-03 04:57:52,2025-04-03 11:27:52,Shan,Loikaw
19.004,96.285,10.0,3.2,ml,,,,,,th_13380_202504030412,2025-04-03T04:12:18.000Z,"Kyun Kone, Bago Region, Myanmar (Burma)",Myanmar,MM,Asia,earthquake,1743653895,1743653538,0,,"19.00,96.29",2025-04-03 04:12:18,2025-04-03 10:42:18,Bago,Taungoo
19.288,97.382,10.0,2.6,ml,,,,,,th_13379_202504030404,2025-04-03T04:04:29.000Z,"Dawngaykhu, Kayah State, Myanmar (Burma)",Myanmar,MM,Asia,earthquake,1743653500,1743653069,0,,"19.29,97.38",2025-04-03 04:04:29,2025-04-03 10:34:29,Kayah,Loikaw
18.925,96.42,10.0,3.0,ml,,,,,,th_13378_202504030332,2025-04-03T03:32:46.000Z,"Taungoo, Bago Region, Myanmar (Burma)",Myanmar,MM,Asia,earthquake,1743651730,1743651166,0,,"18.93,96.42",2025-04-03 03:32:46,2025-04-03 10:02:46,Bago,Taungoo
21.272,96.679,5.0,3.5,ml,,,,,,th_13375_202504030138,2025-04-03T01:56:36.000Z,"Kawngpo, Shan, Myanmar (Burma)",Myanmar,MM,Asia,earthquake,1743645040,1743644294,0,,"21.27,96.68",2025-04-03 01:38:14,2025-04-03 08:08:14,Shan,Taunggyi
22.237,96.383,10.0,3.9,ml,,,,,,th_13374_202504030125,2025-04-03T01:42:36.000Z,"Kyauk Me Lay, Mandalay Region, Myanmar (Burma)",Myanmar,MM,Asia,earthquake,1743644151,1743643554,0,,"22.24,96.38",2025-04-03 01:25:54,2025-04-03 07:55:54,Mandalay,Pyin Oo Lwin
21.9814,95.5228,10.0,3.8,ml,7.0,184.0,3.846,0.46,us,th_13373_202504022313,2025-04-05T01:57:41.606Z,,"42km ESE of Monywa, Burma (Myanmar)",MM,Asia,earthquake,1743636384,1743635596,1,,"21.65,96.42",2025-04-02 23:13:16,2025-04-03 05:43:16,Saigang,Monywa
18.74,96.49,10.0,3.3,ml,,,,,,th_13372_202504022245,2025-04-02T22:45:14.000Z,"Bomari, Bago Region, Myanmar (Burma)",Myanmar,MM,Asia,earthquake,1743634497,1743633914,0,,"18.74,96.49",2025-04-02 22:45:14,2025-04-03 05:15:14,Bago,Taungoo
19.708,96.436,10.0,3.2,ml,,,,,,th_13371_202504021956,2025-04-02T19:56:42.000Z,"Salu, Naypyidaw Union Territory, Myanmar (Burma)",Myanmar,MM,Asia,earthquake,1743624184,1743623802,0,,"19.71,96.44",2025-04-02 19:56:42,2025-04-03 02:26:42,Mandalay,Nay Pyi Taw
19.41,96.435,10.0,2.5,ml,,,,,,th_13370_202504021913,2025-04-02T19:13:40.000Z,"Amayadaung, Kayin State, Myanmar (Burma)",Myanmar,MM,Asia,earthquake,1743622055,1743621220,0,,"19.41,96.44",2025-04-02 19:13:40,2025-04-03 01:43:40,Kayin,Nay Pyi Taw
19.877,97.885,1.0,1.9,ml,,,,,,th_13369_202504021859,2025-04-02T18:59:03.000Z,"Ta Öngmu, Shan, Myanmar (Burma)",Myanmar,MM,Asia,earthquake,1743622016,1743620343,0,,"19.88,97.89",2025-04-02 18:59:03,2025-04-03 01:29:03,Shan,Loikaw
15.533,95.857,10.0,3.8,ml,,,,,,th_13368_202504021849,2025-04-02T19:00:34.000Z,Myanmar (Burma),Myanmar,MM,Asia,earthquake,1743620355,1743619776,0,,"15.53,95.86",2025-04-02 18:49:36,2025-04-03 01:19:36,,Yangon
21.588,99.172,10.0,2.5,ml,,,,,,th_13367_202504021831,2025-04-02T18:31:23.000Z,"Wan Pangsung, Shan, Myanmar (Burma)",Myanmar,MM,Asia,earthquake,1743619379,1743618683,0,,"21.59,99.17",2025-04-02 18:31:23,2025-04-03 01:01:23,Shan,Kengtung
19.973,97.811,1.0,1.8,ml,,,,,,th_13366_202504021823,2025-04-02T18:23:00.000Z,"Ta Öngmu, Shan, Myanmar (Burma)",Myanmar,MM,Asia,earthquake,1743618685,1743618180,0,,"19.97,97.81",2025-04-02 18:23:00,2025-04-03 00:53:00,Shan,Loikaw
19.607,96.49,10.0,2.4,ml,,,,,,th_13364_202504021743,2025-04-02T17:43:45.000Z,"Koywa, Naypyidaw Union Territory, Myanmar (Burma)",Myanmar,MM,Asia,earthquake,1743616829,1743615825,0,,"19.61,96.49",2025-04-02 17:43:45,2025-04-03 00:13:45,Mandalay,Nay Pyi Taw
21.861,96.273,10.0,2.9,ml,,,,,,th_13363_202504021739,2025-04-02T17:39:28.000Z,"21st Mile, Mandalay Region, Myanmar (Burma)",Myanmar,MM,Asia,earthquake,1743616234,1743615568,0,,"21.86,96.27",2025-04-02 17:39:28,2025-04-03 00:09:28,Mandalay,Mandalay
21.703,96.22,10.0,3.0,ml,,,,,,th_13362_202504021729,2025-04-02T17:29:02.000Z,"Kado, Mandalay Region, Myanmar (Burma)",Myanmar,MM,Asia,earthquake,1743615590,1743614942,0,,"21.70,96.22",2025-04-02 17:29:02,2025-04-02 23:59:02,Mandalay,Sagaing
20.904,96.317,10.0,3.5,ml,,,,,,th_13361_202504021701,2025-04-02T17:21:34.000Z,"Pothanaing, Mandalay Region, Myanmar (Burma)",Myanmar,MM,Asia,earthquake,1743614099,1743613264,0,,"20.90,96.32",2025-04-02 17:01:04,2025-04-02 23:31:04,Mandalay,Meiktila
15.5086,95.6372,10.0,5.0,mww,98.0,64.0,4.313,0.67,us,gfz2025glni,2025-04-04T02:55:06.914Z,,"86km S of Pyapon, Burma (Myanmar)",MM,Asia,earthquake,1743611946,1743611232,1,,"15.56,95.75",2025-04-02 16:27:12,2025-04-02 22:57:12,,Yangon
18.95,96.36,10.0,2.5,ml,,,,,,th_13359_202504021549,2025-04-02T15:49:03.000Z,"Kanbaukkyi, Bago Region, Myanmar (Burma)",Myanmar,MM,Asia,earthquake,1743609940,1743608943,0,,"18.95,96.36",2025-04-02 15:49:03,2025-04-02 22:19:03,Bago,Taungoo
18.82,96.504,10.0,3.3,ml,,,,,,th_13358_202504021541,2025-04-02T15:41:31.000Z,"Tabye, Bago Region, Myanmar (Burma)",Myanmar,MM,Asia,earthquake,1743609285,1743608491,0,,"18.82,96.50",2025-04-02 15:41:31,2025-04-02 22:11:31,Bago,Taungoo
21.903,96.404,10.0,3.7,ml,,,,,,th_13357_202504021454,2025-04-02T15:07:38.000Z,"Anesakhan, Mandalay Region, Myanmar (Burma)",Myanmar,MM,Asia,earthquake,1743606406,1743605688,0,,"21.90,96.40",2025-04-02 14:54:48,2025-04-02 21:24:48,Mandalay,Pyin Oo Lwin
20.598,96.499,10.0,2.9,ml,,,,,,th_13356_202504021444,2025-04-02T14:44:29.000Z,"Pinnwe, Mandalay Region, Myanmar (Burma)",Myanmar,MM,Asia,earthquake,1743605530,1743605069,0,,"20.60,96.50",2025-04-02 14:44:29,2025-04-02 21:14:29,Mandalay,Inle Lake
20.574,96.441,15.0,2.9,ml,,,,,,th_13354_202504021353,2025-04-02T13:53:53.000Z,"Pinnwe, Mandalay Region, Myanmar (Burma)",Myanmar,MM,Asia,earthquake,1743602581,1743602033,0,,"20.57,96.44",2025-04-02 13:53:53,2025-04-02 20:23:53,Mandalay,Inle Lake
20.751,96.401,10.0,3.6,ml,,,,,,th_13353_202504021136,2025-04-02T11:56:38.000Z,"Pyingyaung, Mandalay Region, Myanmar (Burma)",Myanmar,MM,Asia,earthquake,1743594201,1743593764,0,,"20.75,96.40",2025-04-02 11:36:04,2025-04-02 18:06:04,Mandalay,Inle Lake
20.9046,96.0656,10.0,4.7,mb,48.0,73.0,0.916,0.68,us,in_Nmp1Q0lzemFxSnE3TUhnMHZFMytzQT09,2025-04-02T18:32:08.790Z,"Shanywa, Mandalay Region, Myanmar (Burma)","21km E of Meiktila, Burma (Myanmar)",MM,Asia,earthquake,1743591235,1743590706,1,,"20.70,96.06",2025-04-02 10:45:06,2025-04-02 17:15:06,Mandalay,Meiktila
22.64,95.98,10.0,3.6,ml,,,,,,in_OG8wRUNCdGRobFpEbHZwRTE5VUNtdz09,2025-04-02T09:47:07.000Z,"Letkhokpin, Mandalay Region, Myanmar (Burma)",Myanmar,MM,Asia,earthquake,1743587797,1743587227,0,,"22.64,95.98",2025-04-02 09:47:07,2025-04-02 16:17:07,Mandalay,Shwebo
18.101,96.648,10.0,2.5,ml,,,,,,th_13349_202504020921,2025-04-02T09:21:16.000Z,"Babugon, Bago Region, Myanmar (Burma)",Myanmar,MM,Asia,earthquake,1743586785,1743585676,0,,"18.10,96.65",2025-04-02 09:21:16,2025-04-02 15:51:16,Bago,Bago
21.839,96.325,10.0,3.6,ml,,,,,,th_13348_202504020833,2025-04-02T08:56:41.000Z,"Thon-Daung-Ywa-Ma, Mandalay Region, Myanmar (Burma)",Myanmar,MM,Asia,earthquake,1743584156,1743582789,0,,"21.84,96.33",2025-04-02 08:33:09,2025-04-02 15:03:09,Mandalay,Pyin Oo Lwin
20.05,97.904,1.0,2.8,ml,,,,,,th_13347_202504020713,2025-04-02T07:13:10.000Z,"Wan Kongpao, Shan, Myanmar (Burma)",Myanmar,MM,Asia,earthquake,1743578388,1743577990,0,,"20.05,97.90",2025-04-02 07:13:10,2025-04-02 13:43:10,Shan,Loikaw
21.894,96.712,10.0,4.0,ml,,,,,,ems_202504_1790026,2025-04-02T07:07:42.000Z,"Pazunseik, Mandalay Region, Myanmar (Burma)",Myanmar,MM,Asia,earthquake,1743577672,1743576473,0,,"21.89,96.71",2025-04-02 06:47:53,2025-04-02 13:17:53,Mandalay,Pyin Oo Lwin
21.938,96.698,6.0,3.9,ml,,,,,,th_13345_202504020637,2025-04-02T06:56:41.000Z,"Pazunseik, Mandalay Region, Myanmar (Burma)",Myanmar,MM,Asia,earthquake,1743576755,1743575820,0,,"21.94,96.70",2025-04-02 06:37:00,2025-04-02 13:07:00,Mandalay,Pyin Oo Lwin
21.71,96.326,10.0,3.6,ml,,,,,,th_13344_202504020418,2025-04-02T04:28:54.000Z,"Hngetkyithaik, Mandalay Region, Myanmar (Burma)",Myanmar,MM,Asia,earthquake,1743567983,1743567535,0,,"21.71,96.33",2025-04-02 04:18:55,2025-04-02 10:48:55,Mandalay,Mandalay
23.669,95.97,10.0,4.4,ml,,,,,,in_TjlsNXAzYzJuUjhxSVVJU2RNM0N4QT09,2025-04-02T10:30:56.000Z,"Tawma, Sagaing Region, Myanmar (Burma)",Myanmar,MM,Asia,earthquake,1743566257,1743565632,0,,"23.72,96.01",2025-04-02 03:47:12,2025-04-02 10:17:12,Saigang,Mogok
19.091,96.406,10.0,3.1,ml,,,,,,th_13341_202504020259,2025-04-02T02:59:01.000Z,"Kyun Kone, Bago Region, Myanmar (Burma)",Myanmar,MM,Asia,earthquake,1743563299,1743562741,0,,"19.09,96.41",2025-04-02 02:59:01,2025-04-02 09:29:01,Bago,Taungoo
20.751,96.36,8.0,3.0,ml,,,,,,th_13340_202504020219,2025-04-02T02:19:00.000Z,"Yin Mar Bin, Mandalay Region, Myanmar (Burma)",Myanmar,MM,Asia,earthquake,1743561427,1743560340,0,,"20.75,96.36",2025-04-02 02:19:00,2025-04-02 08:49:00,Mandalay,Meiktila
22.721,96.926,10.0,3.6,ml,,,,,,th_13335_202504012255,2025-04-01T23:35:43.000Z,"Mánweng, Shan, Myanmar (Burma)",Myanmar,MM,Asia,earthquake,1743550278,1743548130,0,,"22.72,96.93",2025-04-01 22:55:30,2025-04-02 05:25:30,Shan,Hsipaw
19.652,96.413,10.0,2.8,ml,,,,,,th_13334_202504012209,2025-04-01T22:09:24.000Z,"Mayandaung Atet, Naypyidaw Union Territory, Myanmar (Burma)",Myanmar,MM,Asia,earthquake,1743546670,1743545364,0,,"19.65,96.41",2025-04-01 22:09:24,2025-04-02 04:39:24,Mandalay,Nay Pyi Taw
20.964,96.322,10.0,3.4,ml,,,,,,th_13333_202504012118,2025-04-01T21:18:07.000Z,"Patchaung, Shan, Myanmar (Burma)",Myanmar,MM,Asia,earthquake,1743542842,1743542287,0,,"20.96,96.32",2025-04-01 21:18:07,2025-04-02 03:48:07,Shan,Meiktila
20.806,96.294,10.0,3.5,ml,,,,,,th_13332_202504012059,2025-04-01T21:14:42.000Z,"Yin Mar Bin, Mandalay Region, Myanmar (Burma)",Myanmar,MM,Asia,earthquake,1743541928,1743541181,0,,"20.81,96.29",2025-04-01 20:59:41,2025-04-02 03:29:41,Mandalay,Meiktila
19.325,96.52,10.0,2.7,ml,,,,,,th_13331_202504012051,2025-04-01T20:51:35.000Z,"Kyauktaga Auk, Kayin State, Myanmar (Burma)",Myanmar,MM,Asia,earthquake,1743541866,1743540695,0,,"19.33,96.52",2025-04-01 20:51:35,2025-04-02 03:21:35,Kayin,Taungoo
18.669,96.611,10.0,2.6,ml,,,,,,th_13330_202504012037,2025-04-01T20:37:17.000Z,"Kyaungbintha, Bago Region, Myanmar (Burma)",Myanmar,MM,Asia,earthquake,1743540339,1743539837,0,,"18.67,96.61",2025-04-01 20:37:17,2025-04-02 03:07:17,Bago,Taungoo
22.178,96.286,10.0,3.7,ml,,,,,,th_13328_202504011926,2025-04-01T19:42:51.000Z,"Daw-wa-kyaung, Mandalay Region, Myanmar (Burma)",Myanmar,MM,Asia,earthquake,1743536303,1743535584,0,,"22.18,96.29",2025-04-01 19:26:24,2025-04-02 01:56:24,Mandalay,Pyin Oo Lwin
19.156,96.34,10.0,2.4,ml,,,,,,th_13326_202504011834,2025-04-01T18:34:59.000Z,"Yedashe, Bago Region, Myanmar (Burma)",Myanmar,MM,Asia,earthquake,1743533268,1743532499,0,,"19.16,96.34",2025-04-01 18:34:59,2025-04-02 01:04:59,Bago,Taungoo
20.671,98.711,13.0,2.4,ml,,,,,,th_13325_202504011816,2025-04-01T18:16:45.000Z,"Kang Nai, Shan, Myanmar (Burma)",Myanmar,MM,Asia,earthquake,1743532962,1743531405,0,,"20.67,98.71",2025-04-01 18:16:45,2025-04-02 00:46:45,Shan,Kengtung
19.816,97.848,1.0,2.2,ml,,,,,,th_13324_202504011815,2025-04-01T18:15:29.000Z,"Wan Hwè-ya-yung, Shan, Myanmar (Burma)",Myanmar,MM,Asia,earthquake,1743532178,1743531329,0,,"19.82,97.85",2025-04-01 18:15:29,2025-04-02 00:45:29,Shan,Loikaw
19.204,96.467,10.0,2.8,ml,,,,,,th_13323_202504011739,2025-04-01T17:39:59.000Z,"Karenchaung, Bago Region, Myanmar (Burma)",Myanmar,MM,Asia,earthquake,1743529957,1743529199,0,,"19.20,96.47",2025-04-01 17:39:59,2025-04-02 00:09:59,Bago,Taungoo
21.122,99.877,10.0,2.4,ml,,,,,,th_13322_202504011705,2025-04-01T17:05:37.000Z,"Yangka, Shan, Myanmar (Burma)",Myanmar,MM,Asia,earthquake,1743527956,1743527137,1,,"21.12,99.88",2025-04-01 17:05:37,2025-04-01 23:35:37,Shan,Kengtung
24.67,94.92,17.0,3.5,ml,,,,,,in_VlhUWXRvNVlKb01rTnNVUTVtSDNyUT09,2025-04-01T17:14:38.000Z,"Mong Tawng, Sagaing Region, Myanmar (Burma)",Myanmar,MM,Asia,earthquake,1743527385,1743526888,0,,"24.67,94.92",2025-04-01 17:01:28,2025-04-01 23:31:28,Saigang,Kalay
19.897,97.972,1.0,1.8,ml,,,,,,th_13321_202504011648,2025-04-01T16:48:05.000Z,"Ta Ho-pong, Shan, Myanmar (Burma)",Myanmar,MM,Asia,earthquake,1743526577,1743526085,0,,"19.90,97.97",2025-04-01 16:48:05,2025-04-01 23:18:05,Shan,Loikaw
20.0827,96.0863,3.223,4.8,mb,108.0,55.0,1.12,0.69,us,in_UFNIWmcvSXRySS94NG1YZEJKWGpjUT09,2025-04-02T09:23:04.729Z,,"37km N of Nay Pyi Taw, Burma (Myanmar)",MM,Asia,earthquake,1743521722,1743521260,0,,"20.07,96.13",2025-04-01 15:27:40,2025-04-01 21:57:40,Mandalay,Naypyidaw
21.855,96.471,10.0,3.2,ml,,,,,,th_13317_202504011512,2025-04-01T15:12:57.000Z,"Lema, Mandalay Region, Myanmar (Burma)",Myanmar,MM,Asia,earthquake,1743521019,1743520377,0,,"21.86,96.47",2025-04-01 15:12:57,2025-04-01 21:42:57,Mandalay,Pyin Oo Lwin
19.193,96.376,10.0,2.2,ml,,,,,,th_13316_202504011510,2025-04-01T15:10:24.000Z,"Hnawpin, Bago Region, Myanmar (Burma)",Myanmar,MM,Asia,earthquake,1743520977,1743520224,0,,"19.19,96.38",2025-04-01 15:10:24,2025-04-01 21:40:24,Bago,Taungoo
18.695,96.549,10.0,2.4,ml,,,,,,th_13315_202504011452,2025-04-01T14:52:57.000Z,"Zayatkyi, Bago Region, Myanmar (Burma)",Myanmar,MM,Asia,earthquake,1743519696,1743519177,0,,"18.70,96.55",2025-04-01 14:52:57,2025-04-01 21:22:57,Bago,Taungoo
19.135,96.564,10.0,2.9,ml,,,,,,th_13313_202504011436,2025-04-01T14:37:18.000Z,"Kyemin Ale, Kayin State, Myanmar (Burma)",Myanmar,MM,Asia,earthquake,1743518949,1743518238,1,,"19.30,96.56",2025-04-01 14:37:18,2025-04-01 21:07:18,Kayin,Taungoo
18.847,96.582,10.0,2.4,ml,,,,,,th_13312_202504011424,2025-04-01T14:24:26.000Z,"Kyauk-o-bya, Bago Region, Myanmar (Burma)",Myanmar,MM,Asia,earthquake,1743518225,1743517466,0,,"18.85,96.58",2025-04-01 14:24:26,2025-04-01 20:54:26,Bago,Taungoo
19.036,96.239,10.0,3.3,ml,,,,,,th_13311_202504011352,2025-04-01T13:52:42.000Z,"Kyun Kone, Bago Region, Myanmar (Burma)",Myanmar,MM,Asia,earthquake,1743516275,1743515562,0,,"19.04,96.24",2025-04-01 13:52:42,2025-04-01 20:22:42,Bago,Taungoo
19.882,97.961,3.0,3.8,ml,,,,,,th_13310_202504011340,2025-04-01T13:49:40.000Z,"Ta Ho-pong, Shan, Myanmar (Burma)",Myanmar,MM,Asia,earthquake,1743515309,1743514854,0,,"19.88,97.96",2025-04-01 13:40:54,2025-04-01 20:10:54,Shan,Loikaw
20.119,96.369,10.0,3.6,ml,,,,,,th_13309_202504011325,2025-04-01T13:35:40.000Z,"Kyatpye, Naypyidaw Union Territory, Myanmar (Burma)",Myanmar,MM,Asia,earthquake,1743514266,1743513906,0,,"20.12,96.37",2025-04-01 13:25:06,2025-04-01 19:55:06,Mandalay,Nay Pyi Taw
19.73,96.35,10.0,2.5,ml,,,,,,th_13307_202504011242,2025-04-01T12:42:43.000Z,"Ziyaing, နေပြည်တော် ပြည်တောင်စုနယ်မြေ, Myanmar (Burma)",Myanmar,MM,Asia,earthquake,1743511822,1743511363,0,,"19.73,96.35",2025-04-01 12:42:43,2025-04-01 19:12:43,Mandalay,Nay Pyi Taw
19.15,96.467,10.0,2.8,ml,,,,,,th_13306_202504011223,2025-04-01T12:23:03.000Z,"Karenchaung, Bago Region, Myanmar (Burma)",Myanmar,MM,Asia,earthquake,1743510650,1743510183,0,,"19.15,96.47",2025-04-01 12:23:03,2025-04-01 18:53:03,Bago,Taungoo
19.066,96.655,10.0,2.1,ml,,,,,,th_13305_202504011211,2025-04-01T12:11:23.000Z,"Than Daung Gyi, Kayin State, Myanmar (Burma)",Myanmar,MM,Asia,earthquake,1743510314,1743509483,0,,"19.07,96.66",2025-04-01 12:11:23,2025-04-01 18:41:23,Kayin,Taungoo
22.05,95.9514,10.0,5.0,mb,68.0,68.0,1.278,0.7,us,in_a1RuSmQ0ZnRuTGs1bGtNTUM1V0lhdz09,2025-04-02T18:16:59.229Z,"Mandalay, Burma (Myanmar)","15km WNW of Mandalay, Burma (Myanmar)",MM,Asia,earthquake,1743505679,1743505307,1,,"21.94,95.97",2025-04-01 11:01:47,2025-04-01 17:31:47,Saigang,Mandalay
19.452,96.576,10.0,3.3,ml,,,,,,th_13301_202504010847,2025-04-01T08:47:31.000Z,"Keykadaw, Kayin State, Myanmar (Burma)",Myanmar,MM,Asia,earthquake,1743498842,1743497251,0,,"19.45,96.58",2025-04-01 08:47:31,2025-04-01 15:17:31,Kayin,Nay Pyi Taw
19.139,96.533,10.0,3.0,ml,,,,,,th_13299_202504010657,2025-04-01T06:57:32.000Z,"Alegyaung Auk, Kayin State, Myanmar (Burma)",Myanmar,MM,Asia,earthquake,1743496316,1743490652,0,,"19.14,96.53",2025-04-01 06:57:32,2025-04-01 13:27:32,Kayin,Taungoo
19.622,96.302,10.0,3.6,ml,,,,,,th_13297_202504010638,2025-04-01T08:35:46.000Z,"Thitchazeik, နေပြည်တော် ပြည်တောင်စုနယ်မြေ, Myanmar (Burma)",Myanmar,MM,Asia,earthquake,1743496084,1743489534,0,,"19.62,96.30",2025-04-01 06:38:54,2025-04-01 13:08:54,Mandalay,Nay Pyi Taw
19.086,96.263,10.0,2.6,ml,,,,,,th_13296_202504010539,2025-04-01T05:39:28.000Z,"Kyun Kone, Bago Region, Myanmar (Burma)",Myanmar,MM,Asia,earthquake,1743495955,1743485968,0,,"19.09,96.26",2025-04-01 05:39:28,2025-04-01 12:09:28,Bago,Taungoo
19.789,97.932,3.0,2.4,ml,,,,,,th_13295_202504010523,2025-04-01T05:23:11.000Z,"Homein, Shan, Myanmar (Burma)",Myanmar,MM,Asia,earthquake,1743495830,1743484991,0,,"19.79,97.93",2025-04-01 05:23:11,2025-04-01 11:53:11,Shan,Loikaw
20.642,96.003,10.0,3.7,ml,,,,,,th_13294_202504010513,2025-04-01T08:35:46.000Z,"Pyawbwe, Mandalay Region, Myanmar (Burma)",Myanmar,MM,Asia,earthquake,1743495728,1743484413,0,,"20.64,96.00",2025-04-01 05:13:33,2025-04-01 11:43:33,Mandalay,Meiktila
18.073,96.543,10.0,3.1,ml,,,,,,th_13293_202504010333,2025-04-01T03:33:49.000Z,"Hpa Do, Bago Region, Myanmar (Burma)",Myanmar,MM,Asia,earthquake,1743495460,1743478429,0,,"18.07,96.54",2025-04-01 03:33:49,2025-04-01 10:03:49,Bago,Bago
18.934,96.519,10.0,2.3,ml,,,,,,th_13291_202504010148,2025-04-01T01:48:37.000Z,"Taungoo, Bago Region, Myanmar (Burma)",Myanmar,MM,Asia,earthquake,1743472989,1743472117,0,,"18.93,96.52",2025-04-01 01:48:37,2025-04-01 08:18:37,Bago,Taungoo
20.023,97.934,4.0,2.1,ml,,,,,,th_13289_202504010102,2025-04-01T01:02:41.000Z,"Wan Kongpao, Shan, Myanmar (Burma)",Myanmar,MM,Asia,earthquake,1743469786,1743469361,0,,"20.02,97.93",2025-04-01 01:02:41,2025-04-01 07:32:41,Shan,Loikaw
20.141,98.09,4.0,2.2,ml,,,,,,th_13288_202504010037,2025-04-01T00:37:49.000Z,"Üng-yao, Shan, Myanmar (Burma)",Myanmar,MM,Asia,earthquake,1743468857,1743467869,0,,"20.14,98.09",2025-04-01 00:37:49,2025-04-01 07:07:49,Shan,Loikaw
